{
"type": "FeatureCollection",
"name": "central_source_line",
"crs": { "type": "name", "properties": { "name": "urn:ogc:def:crs:OGC:1.3:CRS84" } },
"features": [
{ "type": "Feature", "properties": { "Line": 212, "begin": 2121180.5, "end": 2122108.5 }, "geometry": { "type": "MultiLineString", "coordinates": [ [ [ 111.964674095664222, -7.233953976745965 ], [ 111.964675055884072, -7.234406205878135 ], [ 111.964676016165541, -7.234858435001221 ], [ 111.964676976508613, -7.235310664115225 ], [ 111.964677936913318, -7.235762893220143 ], [ 111.964678897379642, -7.236215122315979 ], [ 111.964679857907569, -7.236667351402728 ], [ 111.964680818497129, -7.237119580480392 ], [ 111.964681779148322, -7.237571809548969 ], [ 111.964682739861118, -7.238024038608461 ], [ 111.964683700635547, -7.238476267658862 ], [ 111.964684661471594, -7.238928496700178 ], [ 111.964685622369259, -7.239380725732403 ], [ 111.964686583328543, -7.23983295475554 ], [ 111.964687544349445, -7.240285183769586 ], [ 111.96468850543198, -7.240737412774545 ], [ 111.964689466576118, -7.241189641770409 ], [ 111.964690427781903, -7.241641870757188 ], [ 111.964691389049293, -7.242094099734871 ], [ 111.964692350378328, -7.242546328703458 ], [ 111.964693311768968, -7.242998557662959 ], [ 111.964694273221241, -7.243450786613362 ], [ 111.964695234735132, -7.24390301555467 ], [ 111.964696196310655, -7.244355244486885 ], [ 111.964697157947782, -7.244807473410003 ], [ 111.964698119646556, -7.245259702324028 ], [ 111.964699081406962, -7.245711931228957 ], [ 111.964700043228973, -7.246164160124788 ], [ 111.964701005112616, -7.246616389011519 ], [ 111.964701967057891, -7.247068617889157 ], [ 111.964702929064785, -7.247520846757691 ], [ 111.964703891133325, -7.247973075617129 ], [ 111.96470485326347, -7.248425304467468 ], [ 111.964705815455247, -7.248877533308703 ], [ 111.964706777708656, -7.249329762140841 ], [ 111.964707740023698, -7.249781990963875 ], [ 111.964708702400372, -7.250234219777809 ], [ 111.964709664838665, -7.250686448582639 ], [ 111.96471062733859, -7.251138677378368 ], [ 111.964711589900134, -7.251590906164989 ], [ 111.964712552523324, -7.25204313494251 ], [ 111.964713515208132, -7.252495363710926 ], [ 111.964714477954587, -7.252947592470236 ], [ 111.96471544076266, -7.253399821220439 ], [ 111.964716403632352, -7.253852049961538 ], [ 111.96471736656369, -7.254304278693527 ], [ 111.964718329556661, -7.254756507416411 ], [ 111.964719292611264, -7.255208736130188 ], [ 111.964720255727499, -7.255660964834854 ], [ 111.964721218905368, -7.25611319353041 ], [ 111.964722182144854, -7.25656542221686 ], [ 111.964723145445987, -7.257017650894195 ], [ 111.964724108808738, -7.257469879562422 ], [ 111.964725072233151, -7.257922108221538 ], [ 111.964726035719181, -7.258374336871539 ], [ 111.964726999266844, -7.258826565512432 ], [ 111.96472796287614, -7.259278794144211 ], [ 111.964728926547082, -7.259731022766872 ], [ 111.964729890279656, -7.260183251380422 ], [ 111.964730854073863, -7.260635479984859 ], [ 111.964731817929703, -7.261087708580178 ], [ 111.964732781847175, -7.261539937166384 ], [ 111.964733745826294, -7.261992165743471 ], [ 111.964734709867045, -7.26244439431144 ], [ 111.964735673969443, -7.262896622870294 ], [ 111.964736638133459, -7.26334885142003 ], [ 111.964737602359122, -7.263801079960645 ], [ 111.964738566646417, -7.264253308492142 ], [ 111.964739530995359, -7.26470553701452 ], [ 111.964740495405948, -7.26515776552778 ], [ 111.964741459878155, -7.265609994031914 ], [ 111.964742424412009, -7.266062222526928 ], [ 111.964743389007509, -7.266514451012824 ], [ 111.964744353664642, -7.266966679489593 ], [ 111.964745318383407, -7.267418907957242 ], [ 111.964746283163819, -7.267871136415765 ], [ 111.964747248005892, -7.268323364865165 ], [ 111.964748212909583, -7.268775593305441 ], [ 111.964749177874921, -7.269227821736592 ], [ 111.964750142901906, -7.269680050158615 ], [ 111.964751107990523, -7.270132278571515 ], [ 111.964752073140787, -7.270584506975283 ], [ 111.964753038352697, -7.271036735369926 ], [ 111.96475400362624, -7.271488963755441 ], [ 111.964754968961429, -7.271941192131828 ], [ 111.964755934358266, -7.272393420499084 ], [ 111.964756899816734, -7.272845648857215 ], [ 111.964757865336878, -7.273297877206211 ], [ 111.964758830918626, -7.273750105546076 ], [ 111.964759796562035, -7.274202333876813 ], [ 111.964760762267105, -7.274654562198416 ], [ 111.964761728033807, -7.275106790510887 ], [ 111.964762693862141, -7.275559018814223 ], [ 111.964763659752137, -7.276011247108427 ], [ 111.964764625703779, -7.276463475393496 ], [ 111.964765591717068, -7.276915703669434 ], [ 111.964766557792004, -7.277367931936232 ], [ 111.964767523928572, -7.277820160193896 ], [ 111.964768490126801, -7.278272388442424 ], [ 111.964769456386676, -7.278724616681816 ], [ 111.964770422708199, -7.279176844912067 ], [ 111.964771389091368, -7.279629073133183 ], [ 111.964772355536184, -7.28008130134516 ], [ 111.96477332204266, -7.280533529547997 ], [ 111.964774288610769, -7.280985757741695 ], [ 111.964775255240539, -7.281437985926252 ], [ 111.964776221931956, -7.281890214101666 ], [ 111.964777188685019, -7.282342442267943 ], [ 111.964778155499744, -7.282794670425077 ], [ 111.9647791223761, -7.283246898573066 ], [ 111.964780089314132, -7.283699126711914 ], [ 111.964781056313797, -7.284151354841618 ], [ 111.964782023375122, -7.284603582962179 ], [ 111.96478299049808, -7.285055811073592 ], [ 111.964783957682712, -7.285508039175865 ], [ 111.964784924928992, -7.285960267268987 ], [ 111.964785892236918, -7.286412495352965 ], [ 111.964786859606505, -7.286864723427796 ], [ 111.964787827037739, -7.287316951493477 ], [ 111.964788794530634, -7.287769179550011 ], [ 111.964789762085175, -7.288221407597398 ], [ 111.964790729701363, -7.288673635635635 ], [ 111.964791697379226, -7.289125863664723 ], [ 111.964792665118722, -7.289578091684661 ], [ 111.964793632919893, -7.290030319695446 ], [ 111.96479460078271, -7.290482547697082 ], [ 111.964795568707189, -7.290934775689566 ], [ 111.964796536693314, -7.291387003672894 ], [ 111.964797504741114, -7.291839231647072 ], [ 111.964798472850546, -7.292291459612096 ], [ 111.964799441021654, -7.292743687567967 ], [ 111.964800409254408, -7.29319591551468 ], [ 111.964801377548824, -7.29364814345224 ], [ 111.9648023459049, -7.294100371380645 ], [ 111.964803314322623, -7.294552599299891 ], [ 111.964804282802021, -7.295004827209984 ], [ 111.964805251343066, -7.295457055110911 ], [ 111.964806219945785, -7.295909283002688 ], [ 111.964807188610138, -7.296361510885303 ], [ 111.964808157336179, -7.296813738758759 ], [ 111.964809126123853, -7.297265966623058 ], [ 111.964810094973203, -7.297718194478194 ], [ 111.964811063884213, -7.29817042232417 ], [ 111.964812032856884, -7.298622650160985 ], [ 111.964813001891216, -7.299074877988637 ], [ 111.964813970987208, -7.299527105807127 ], [ 111.964814940144862, -7.299979333616455 ], [ 111.964815909364177, -7.30043156141662 ], [ 111.964816878645152, -7.30088378920762 ], [ 111.964817847987788, -7.301336016989453 ], [ 111.9648188173921, -7.301788244762124 ], [ 111.964819786858072, -7.302240472525626 ], [ 111.964820756385706, -7.302692700279966 ], [ 111.964821725975, -7.303144928025132 ], [ 111.964822695625969, -7.303597155761135 ], [ 111.964823665338585, -7.304049383487971 ], [ 111.964824635112876, -7.304501611205639 ], [ 111.964825604948828, -7.304953838914132 ], [ 111.964826574846455, -7.305406066613459 ], [ 111.964827544805729, -7.305858294303616 ], [ 111.964828514826678, -7.306310521984602 ], [ 111.964829484909302, -7.306762749656418 ], [ 111.964830455053601, -7.307214977319059 ], [ 111.964831425259547, -7.30766720497253 ], [ 111.964832395527168, -7.308119432616826 ], [ 111.96483336585645, -7.308571660251949 ], [ 111.964834336247421, -7.309023887877899 ], [ 111.964835306700024, -7.309476115494673 ], [ 111.964836277214332, -7.309928343102273 ], [ 111.964837247790285, -7.310380570700695 ], [ 111.964838218427914, -7.310832798289945 ], [ 111.964839189127218, -7.311285025870013 ], [ 111.964840159888183, -7.311737253440905 ], [ 111.964841130710823, -7.312189481002618 ], [ 111.964842101595139, -7.312641708555155 ], [ 111.964843072541115, -7.31309393609851 ], [ 111.964844043548766, -7.313546163632688 ], [ 111.964845014618092, -7.313998391157685 ], [ 111.964845985749093, -7.314450618673502 ], [ 111.964846956941756, -7.314902846180133 ], [ 111.964847928196093, -7.315355073677587 ], [ 111.964848899512106, -7.315807301165857 ], [ 111.964849870889793, -7.316259528644942 ], [ 111.964850842329142, -7.316711756114845 ], [ 111.96485181383018, -7.317163983575566 ], [ 111.964852785392893, -7.3176162110271 ], [ 111.964853757017266, -7.318068438469448 ], [ 111.96485472870333, -7.318520665902612 ], [ 111.964855700451039, -7.318972893326587 ], [ 111.964856672260439, -7.319425120741376 ], [ 111.964857644131527, -7.319877348146979 ], [ 111.964858616064291, -7.320329575543393 ], [ 111.964859588058701, -7.320781802930618 ], [ 111.964860560114815, -7.321234030308655 ], [ 111.964861532232604, -7.321686257677501 ], [ 111.964862504412068, -7.322138485037158 ], [ 111.964863476653193, -7.322590712387624 ], [ 111.964864448956007, -7.323042939728898 ], [ 111.964865421320511, -7.323495167060978 ], [ 111.964866393746675, -7.323947394383869 ], [ 111.964867366234529, -7.324399621697566 ], [ 111.964868338784058, -7.324851849002068 ], [ 111.964869311395262, -7.325304076297377 ], [ 111.964870284068141, -7.325756303583492 ], [ 111.964871256802695, -7.32620853086041 ], [ 111.964872229598953, -7.326660758128131 ], [ 111.964873202456872, -7.327112985386659 ], [ 111.96487417537648, -7.327565212635988 ], [ 111.964875148357763, -7.32801743987612 ], [ 111.964876121400735, -7.328469667107053 ], [ 111.964877094505383, -7.32892189432879 ], [ 111.964878067671705, -7.329374121541325 ], [ 111.964879040899717, -7.329826348744662 ], [ 111.964880014189418, -7.330278575938799 ], [ 111.964880987540795, -7.330730803123732 ], [ 111.964881960953846, -7.331183030299468 ], [ 111.964882934428587, -7.331635257465997 ], [ 111.964883907965017, -7.332087484623328 ], [ 111.964884881563123, -7.332539711771457 ], [ 111.964885855222917, -7.332991938910376 ], [ 111.964886828944401, -7.333444166040096 ], [ 111.964887802727574, -7.333896393160609 ], [ 111.964888776572408, -7.334348620271919 ], [ 111.964889750478946, -7.334800847374018 ], [ 111.964890724447173, -7.335253074466917 ], [ 111.964891698477075, -7.335705301550606 ], [ 111.964892672568666, -7.336157528625086 ], [ 111.964893646721947, -7.33660975569036 ], [ 111.964894620936917, -7.337061982746426 ], [ 111.964895595213562, -7.337514209793283 ], [ 111.964896569551911, -7.337966436830927 ], [ 111.964897543951935, -7.338418663859365 ], [ 111.964898518413648, -7.338870890878588 ] ] ] } },
{ "type": "Feature", "properties": { "Line": 213, "begin": 2131180.5, "end": 2132288.5 }, "geometry": { "type": "MultiLineString", "coordinates": [ [ [ 111.896119190068219, -7.261002224764478 ], [ 111.896572079938878, -7.261001330499309 ], [ 111.897024969752238, -7.261000435782444 ], [ 111.897477859508314, -7.260999540613888 ], [ 111.897930749207035, -7.26099864499364 ], [ 111.898383638848387, -7.260997748921701 ], [ 111.898836528432327, -7.26099685239807 ], [ 111.899289417958869, -7.260995955422747 ], [ 111.899742307427928, -7.260995057995734 ], [ 111.900195196839519, -7.260994160117027 ], [ 111.900648086193584, -7.260993261786632 ], [ 111.90110097549011, -7.260992363004545 ], [ 111.901553864729081, -7.26099146377077 ], [ 111.902006753910428, -7.260990564085303 ], [ 111.902459643034149, -7.260989663948147 ], [ 111.902912532100217, -7.2609887633593 ], [ 111.903365421108589, -7.260987862318768 ], [ 111.903818310059251, -7.260986960826545 ], [ 111.904271198952173, -7.260986058882634 ], [ 111.904724087787315, -7.260985156487036 ], [ 111.905176976564647, -7.260984253639746 ], [ 111.905629865284155, -7.26098335034077 ], [ 111.906082753945796, -7.260982446590109 ], [ 111.906535642549542, -7.260981542387761 ], [ 111.906988531095394, -7.260980637733723 ], [ 111.907441419583265, -7.260979732628002 ], [ 111.907894308013184, -7.260978827070591 ], [ 111.908347196385094, -7.2609779210615 ], [ 111.908800084698953, -7.260977014600718 ], [ 111.909252972954761, -7.260976107688252 ], [ 111.909705861152474, -7.260975200324101 ], [ 111.910158749292052, -7.260974292508267 ], [ 111.910611637373492, -7.260973384240748 ], [ 111.911064525396768, -7.260972475521543 ], [ 111.911517413361807, -7.260971566350654 ], [ 111.911970301268624, -7.260970656728083 ], [ 111.912423189117163, -7.260969746653826 ], [ 111.912876076907423, -7.260968836127889 ], [ 111.913328964639348, -7.260967925150268 ], [ 111.913781852312937, -7.260967013720965 ], [ 111.914234739928119, -7.260966101839982 ], [ 111.914687627484895, -7.260965189507312 ], [ 111.91514051498325, -7.260964276722962 ], [ 111.915593402423113, -7.26096336348693 ], [ 111.916046289804498, -7.260962449799219 ], [ 111.916499177127335, -7.260961535659827 ], [ 111.916952064391637, -7.260960621068755 ], [ 111.917404951597348, -7.260959706026 ], [ 111.917857838744439, -7.260958790531565 ], [ 111.918310725832896, -7.260957874585451 ], [ 111.918763612862676, -7.260956958187659 ], [ 111.919216499833766, -7.260956041338189 ], [ 111.919669386746108, -7.260955124037039 ], [ 111.920122273599702, -7.260954206284209 ], [ 111.92057516039452, -7.260953288079703 ], [ 111.921028047130505, -7.260952369423517 ], [ 111.921480933807658, -7.260951450315654 ], [ 111.921933820425934, -7.260950530756112 ], [ 111.922386706985307, -7.260949610744896 ], [ 111.922839593485733, -7.260948690282002 ], [ 111.923292479927213, -7.260947769367429 ], [ 111.923745366309703, -7.260946848001183 ], [ 111.924198252633175, -7.26094592618326 ], [ 111.924651138897602, -7.260945003913663 ], [ 111.925104025102954, -7.260944081192387 ], [ 111.925556911249188, -7.260943158019438 ], [ 111.926009797336292, -7.260942234394815 ], [ 111.926462683364235, -7.260941310318516 ], [ 111.926915569332991, -7.260940385790541 ], [ 111.927368455242515, -7.260939460810894 ], [ 111.927821341092809, -7.260938535379575 ], [ 111.928274226883815, -7.260937609496581 ], [ 111.928727112615505, -7.260936683161916 ], [ 111.929179998287864, -7.260935756375574 ], [ 111.929632883900851, -7.26093482913756 ], [ 111.930085769454465, -7.260933901447875 ], [ 111.930538654948634, -7.26093297330652 ], [ 111.93099154038336, -7.260932044713493 ], [ 111.931444425758613, -7.260931115668792 ], [ 111.931897311074337, -7.260930186172422 ], [ 111.932350196330532, -7.260929256224378 ], [ 111.932803081527155, -7.260928325824666 ], [ 111.933255966664177, -7.260927394973284 ], [ 111.933708851741585, -7.260926463670232 ], [ 111.934161736759336, -7.26092553191551 ], [ 111.934614621717415, -7.26092459970912 ], [ 111.935067506615752, -7.260923667051057 ], [ 111.935520391454361, -7.260922733941327 ], [ 111.935973276233213, -7.260921800379932 ], [ 111.936426160952252, -7.260920866366868 ], [ 111.936879045611462, -7.260919931902132 ], [ 111.937331930210831, -7.260918996985732 ], [ 111.937784814750287, -7.260918061617662 ], [ 111.938237699229845, -7.260917125797927 ], [ 111.938690583649461, -7.260916189526524 ], [ 111.939143468009092, -7.260915252803456 ], [ 111.93959635230874, -7.260914315628722 ], [ 111.940049236548333, -7.260913378002318 ], [ 111.940502120727885, -7.260912439924253 ], [ 111.940955004847339, -7.260911501394521 ], [ 111.941407888906681, -7.260910562413123 ], [ 111.941860772905883, -7.260909622980063 ], [ 111.942313656844888, -7.260908683095338 ], [ 111.942766540723696, -7.260907742758945 ], [ 111.943219424542292, -7.260906801970893 ], [ 111.943672308300606, -7.260905860731175 ], [ 111.944125191998637, -7.260904919039796 ], [ 111.944578075636343, -7.260903976896751 ], [ 111.945030959213696, -7.260903034302047 ], [ 111.945483842730681, -7.260902091255677 ], [ 111.945936726187256, -7.260901147757646 ], [ 111.946389609583392, -7.260900203807954 ], [ 111.946842492919075, -7.260899259406601 ], [ 111.947295376194248, -7.260898314553587 ], [ 111.947748259408911, -7.260897369248912 ], [ 111.948201142563008, -7.260896423492573 ], [ 111.948654025656552, -7.260895477284576 ], [ 111.949106908689458, -7.260894530624919 ], [ 111.949559791661741, -7.260893583513603 ], [ 111.950012674573344, -7.260892635950625 ], [ 111.950465557424266, -7.260891687935991 ], [ 111.950918440214465, -7.260890739469699 ], [ 111.951371322943899, -7.260889790551746 ], [ 111.951824205612553, -7.260888841182134 ], [ 111.952277088220399, -7.260887891360866 ], [ 111.952729970767393, -7.260886941087941 ], [ 111.953182853253537, -7.260885990363353 ], [ 111.953635735678759, -7.260885039187116 ], [ 111.954088618043073, -7.260884087559218 ], [ 111.954541500346423, -7.260883135479664 ], [ 111.954994382588794, -7.260882182948455 ], [ 111.955447264770143, -7.260881229965587 ], [ 111.955900146890443, -7.260880276531067 ], [ 111.956353028949692, -7.260879322644889 ], [ 111.956805910947821, -7.260878368307057 ], [ 111.957258792884829, -7.260877413517569 ], [ 111.957711674760688, -7.260876458276428 ], [ 111.95816455657534, -7.260875502583635 ], [ 111.958617438328787, -7.260874546439186 ], [ 111.959070320020984, -7.260873589843084 ], [ 111.959523201651905, -7.260872632795326 ], [ 111.959976083221534, -7.260871675295918 ], [ 111.960428964729815, -7.260870717344855 ], [ 111.960881846176747, -7.260869758942142 ], [ 111.961334727562274, -7.260868800087776 ], [ 111.961787608886397, -7.260867840781761 ], [ 111.962240490149071, -7.26086688102409 ], [ 111.962693371350255, -7.260865920814772 ], [ 111.963146252489935, -7.260864960153802 ], [ 111.963599133568096, -7.260863999041179 ], [ 111.964052014584681, -7.260863037476911 ], [ 111.964504895539676, -7.260862075460988 ], [ 111.964957776433053, -7.260861112993416 ], [ 111.965410657264783, -7.260860150074195 ], [ 111.965863538034824, -7.260859186703326 ], [ 111.966316418743162, -7.260858222880808 ], [ 111.966769299389767, -7.260857258606642 ], [ 111.967222179974598, -7.260856293880827 ], [ 111.967675060497641, -7.260855328703363 ], [ 111.968127940958851, -7.260854363074254 ], [ 111.968580821358216, -7.260853396993497 ], [ 111.969033701695693, -7.260852430461093 ], [ 111.969486581971267, -7.26085146347704 ], [ 111.969939462184897, -7.260850496041344 ], [ 111.970392342336552, -7.260849528154002 ], [ 111.97084522242622, -7.260848559815014 ], [ 111.971298102453844, -7.260847591024376 ], [ 111.971750982419437, -7.260846621782098 ], [ 111.972203862322928, -7.260845652088172 ], [ 111.972656742164304, -7.260844681942606 ], [ 111.973109621943564, -7.260843711345393 ], [ 111.973562501660624, -7.260842740296534 ], [ 111.974015381315496, -7.260841768796035 ], [ 111.974468260908139, -7.260840796843889 ], [ 111.974921140438525, -7.260839824440102 ], [ 111.975374019906624, -7.260838851584672 ], [ 111.975826899312395, -7.260837878277602 ], [ 111.976279778655837, -7.260836904518885 ], [ 111.976732657936907, -7.26083593030853 ], [ 111.977185537155563, -7.260834955646533 ], [ 111.977638416311791, -7.260833980532893 ], [ 111.978091295405576, -7.260833004967613 ], [ 111.978544174436848, -7.260832028950691 ], [ 111.978997053405607, -7.260831052482131 ], [ 111.979449932311823, -7.260830075561932 ], [ 111.979902811155455, -7.260829098190089 ], [ 111.980355689936502, -7.260828120366611 ], [ 111.980808568654908, -7.26082714209149 ], [ 111.981261447310629, -7.260826163364735 ], [ 111.981714325903681, -7.26082518418634 ], [ 111.982167204434006, -7.260824204556306 ], [ 111.98262008290159, -7.260823224474633 ], [ 111.983072961306391, -7.260822243941322 ], [ 111.983525839648379, -7.260821262956374 ], [ 111.983978717927542, -7.260820281519792 ], [ 111.984431596143821, -7.26081929963157 ], [ 111.984884474297218, -7.260818317291713 ], [ 111.985337352387688, -7.260817334500223 ], [ 111.985790230415205, -7.260816351257092 ], [ 111.986243108379753, -7.260815367562327 ], [ 111.986695986281276, -7.260814383415929 ], [ 111.987148864119774, -7.260813398817896 ], [ 111.987601741895205, -7.260812413768226 ], [ 111.988054619607524, -7.260811428266924 ], [ 111.988507497256734, -7.260810442313986 ], [ 111.988960374842776, -7.260809455909415 ], [ 111.989413252365637, -7.260808469053213 ], [ 111.989866129825288, -7.260807481745376 ], [ 111.9903190072217, -7.260806493985909 ], [ 111.990771884554846, -7.260805505774802 ], [ 111.991224761824682, -7.260804517112072 ], [ 111.991677639031209, -7.260803527997707 ], [ 111.992130516174356, -7.26080253843171 ], [ 111.992583393254122, -7.260801548414082 ], [ 111.99303627027048, -7.260800557944822 ], [ 111.9934891472234, -7.260799567023933 ], [ 111.99394202411284, -7.260798575651413 ], [ 111.994394900938786, -7.260797583827263 ], [ 111.994847777701182, -7.260796591551486 ], [ 111.99530065440004, -7.260795598824076 ], [ 111.995753531035305, -7.26079460564504 ], [ 111.996206407606934, -7.260793612014373 ], [ 111.996659284114941, -7.260792617932079 ], [ 111.997112160559254, -7.260791623398156 ], [ 111.997565036939889, -7.260790628412605 ], [ 111.998017913256774, -7.260789632975428 ], [ 111.998470789509895, -7.260788637086622 ], [ 111.998923665699223, -7.260787640746192 ], [ 111.999376541824745, -7.260786643954134 ], [ 111.999829417886417, -7.260785646710449 ], [ 112.000282293884197, -7.26078464901514 ], [ 112.000735169818086, -7.260783650868204 ], [ 112.001188045688025, -7.260782652269643 ], [ 112.001640921494015, -7.260781653219458 ], [ 112.002093797236, -7.260780653717647 ], [ 112.002546672913965, -7.260779653764214 ], [ 112.002999548527896, -7.260778653359152 ], [ 112.003452424077722, -7.26077765250247 ], [ 112.003905299563456, -7.260776651194164 ], [ 112.004358174985043, -7.260775649434235 ], [ 112.004811050342468, -7.260774647222682 ], [ 112.005263925635703, -7.260773644559507 ], [ 112.005716800864704, -7.260772641444712 ], [ 112.006169676029444, -7.260771637878294 ], [ 112.006622551129922, -7.260770633860252 ], [ 112.007075426166068, -7.260769629390591 ], [ 112.007528301137896, -7.260768624469309 ], [ 112.007981176045348, -7.260767619096408 ], [ 112.008434050888383, -7.260766613271884 ], [ 112.008886925667014, -7.260765606995741 ], [ 112.009339800381184, -7.260764600267978 ], [ 112.009792675030866, -7.260763593088596 ], [ 112.010245549616045, -7.260762585457595 ], [ 112.010698424136663, -7.260761577374975 ], [ 112.011151298592708, -7.260760568840737 ], [ 112.011604172984178, -7.260759559854883 ], [ 112.012057047311004, -7.260758550417409 ], [ 112.012509921573169, -7.260757540528315 ], [ 112.012962795770648, -7.260756530187606 ], [ 112.013415669903409, -7.260755519395281 ], [ 112.013868543971412, -7.26075450815134 ], [ 112.014321417974671, -7.26075349645578 ], [ 112.014774291913099, -7.260752484308608 ], [ 112.015227165786712, -7.260751471709816 ], [ 112.015680039595466, -7.260750458659411 ], [ 112.016132913339334, -7.260749445157392 ], [ 112.016585787018272, -7.260748431203759 ], [ 112.017038660632252, -7.260747416798508 ], [ 112.017491534181275, -7.260746401941645 ], [ 112.017944407665283, -7.26074538663317 ], [ 112.018397281084276, -7.260744370873079 ], [ 112.018850154438184, -7.260743354661376 ], [ 112.019303027727005, -7.260742337998059 ], [ 112.019755900950699, -7.260741320883131 ], [ 112.020208774109264, -7.26074030331659 ], [ 112.02066164720263, -7.260739285298438 ], [ 112.021114520230796, -7.260738266828676 ], [ 112.02156739319372, -7.2607372479073 ] ] ] } },
{ "type": "Feature", "properties": { "Line": 218, "begin": 2181180.5, "end": 2182024.5 }, "geometry": { "type": "MultiLineString", "coordinates": [ [ [ 111.991859053011339, -7.240226790424145 ], [ 111.99186004115316, -7.240679015744269 ], [ 111.991861029358347, -7.241131241055291 ], [ 111.9918620176269, -7.24158346635722 ], [ 111.991863005958805, -7.242035691650049 ], [ 111.991863994354063, -7.242487916933776 ], [ 111.991864982812686, -7.242940142208407 ], [ 111.991865971334676, -7.243392367473934 ], [ 111.991866959920003, -7.243844592730361 ], [ 111.991867948568697, -7.244296817977685 ], [ 111.991868937280771, -7.244749043215909 ], [ 111.991869926056182, -7.245201268445029 ], [ 111.99187091489496, -7.245653493665047 ], [ 111.991871903797104, -7.246105718875957 ], [ 111.991872892762601, -7.246557944077766 ], [ 111.991873881791463, -7.247010169270471 ], [ 111.991874870883692, -7.247462394454068 ], [ 111.991875860039272, -7.247914619628559 ], [ 111.991876849258233, -7.248366844793943 ], [ 111.991877838540546, -7.248819069950217 ], [ 111.991878827886225, -7.249271295097386 ], [ 111.991879817295256, -7.249723520235449 ], [ 111.991880806767668, -7.250175745364403 ], [ 111.991881796303431, -7.250627970484242 ], [ 111.991882785902561, -7.251080195594975 ], [ 111.991883775565043, -7.251532420696598 ], [ 111.991884765290919, -7.251984645789106 ], [ 111.991885755080133, -7.252436870872506 ], [ 111.991886744932728, -7.252889095946792 ], [ 111.991887734848689, -7.253341321011964 ], [ 111.991888724828002, -7.253793546068028 ], [ 111.991889714870695, -7.254245771114973 ], [ 111.991890704976768, -7.254697996152803 ], [ 111.99189169514618, -7.255150221181523 ], [ 111.991892685378971, -7.255602446201122 ], [ 111.991893675675129, -7.256054671211603 ], [ 111.991894666034653, -7.256506896212973 ], [ 111.991895656457544, -7.256959121205222 ], [ 111.991896646943815, -7.257411346188354 ], [ 111.991897637493452, -7.257863571162369 ], [ 111.991898628106455, -7.258315796127265 ], [ 111.991899618782824, -7.258768021083039 ], [ 111.991900609522574, -7.259220246029696 ], [ 111.991901600325676, -7.259672470967232 ], [ 111.991902591192158, -7.260124695895644 ], [ 111.991903582122006, -7.260576920814937 ], [ 111.991904573115235, -7.261029145725105 ], [ 111.99190556417183, -7.261481370626155 ], [ 111.991906555291791, -7.261933595518078 ], [ 111.991907546475133, -7.262385820400876 ], [ 111.991908537721841, -7.262838045274549 ], [ 111.991909529031929, -7.263290270139098 ], [ 111.991910520405384, -7.263742494994522 ], [ 111.991911511842218, -7.264194719840821 ], [ 111.991912503342419, -7.264646944677992 ], [ 111.991913494906001, -7.265099169506035 ], [ 111.991914486532949, -7.26555139432495 ], [ 111.991915478223277, -7.266003619134739 ], [ 111.991916469976971, -7.266455843935398 ], [ 111.99191746179406, -7.266908068726925 ], [ 111.991918453674501, -7.267360293509325 ], [ 111.991919445618336, -7.267812518282589 ], [ 111.991920437625538, -7.268264743046726 ], [ 111.99192142969612, -7.268716967801731 ], [ 111.991922421830083, -7.269169192547603 ], [ 111.991923414027411, -7.269621417284343 ], [ 111.991924406288135, -7.270073642011952 ], [ 111.99192539861221, -7.270525866730423 ], [ 111.99192639099968, -7.270978091439761 ], [ 111.99192738345053, -7.271430316139965 ], [ 111.991928375964747, -7.271882540831029 ], [ 111.991929368542358, -7.27233476551296 ], [ 111.991930361183336, -7.272786990185755 ], [ 111.991931353887693, -7.27323921484941 ], [ 111.991932346655446, -7.273691439503929 ], [ 111.99193333948655, -7.274143664149309 ], [ 111.991934332381064, -7.274595888785551 ], [ 111.991935325338943, -7.275048113412654 ], [ 111.991936318360217, -7.275500338030612 ], [ 111.991937311444858, -7.275952562639432 ], [ 111.991938304592892, -7.276404787239112 ], [ 111.991939297804294, -7.276857011829652 ], [ 111.991940291079089, -7.277309236411047 ], [ 111.991941284417251, -7.277761460983299 ], [ 111.991942277818822, -7.278213685546407 ], [ 111.991943271283759, -7.278665910100373 ], [ 111.991944264812091, -7.279118134645193 ], [ 111.991945258403788, -7.279570359180869 ], [ 111.991946252058881, -7.280022583707397 ], [ 111.991947245777354, -7.280474808224781 ], [ 111.991948239559221, -7.280927032733021 ], [ 111.991949233404469, -7.281379257232107 ], [ 111.991950227313112, -7.281831481722048 ], [ 111.99195122128512, -7.282283706202841 ], [ 111.991952215320524, -7.282735930674485 ], [ 111.991953209419322, -7.283188155136979 ], [ 111.991954203581486, -7.283640379590324 ], [ 111.991955197807059, -7.284092604034515 ], [ 111.991956192095998, -7.284544828469559 ], [ 111.991957186448346, -7.28499705289545 ], [ 111.991958180864074, -7.285449277312185 ], [ 111.991959175343183, -7.285901501719771 ], [ 111.991960169885687, -7.286353726118204 ], [ 111.991961164491585, -7.28680595050748 ], [ 111.991962159160863, -7.287258174887603 ], [ 111.991963153893536, -7.287710399258571 ], [ 111.99196414868959, -7.288162623620383 ], [ 111.991965143549052, -7.288614847973036 ], [ 111.991966138471895, -7.289067072316536 ], [ 111.991967133458118, -7.289519296650878 ], [ 111.99196812850775, -7.289971520976062 ], [ 111.991969123620763, -7.290423745292088 ], [ 111.991970118797155, -7.290875969598954 ], [ 111.991971114036971, -7.291328193896661 ], [ 111.991972109340153, -7.291780418185207 ], [ 111.991973104706744, -7.292232642464593 ], [ 111.99197410013673, -7.292684866734818 ], [ 111.991975095630082, -7.29313709099588 ], [ 111.991976091186856, -7.293589315247782 ], [ 111.991977086807012, -7.294041539490517 ], [ 111.991978082490562, -7.29449376372409 ], [ 111.991979078237506, -7.294945987948502 ], [ 111.991980074047845, -7.295398212163743 ], [ 111.991981069921579, -7.295850436369825 ], [ 111.991982065858707, -7.296302660566741 ], [ 111.991983061859244, -7.296754884754487 ], [ 111.991984057923162, -7.297207108933073 ], [ 111.991985054050474, -7.297659333102483 ], [ 111.991986050241195, -7.298111557262731 ], [ 111.991987046495311, -7.298563781413806 ], [ 111.991988042812821, -7.299016005555715 ], [ 111.991989039193726, -7.299468229688453 ], [ 111.99199003563804, -7.299920453812023 ], [ 111.991991032145748, -7.300372677926421 ], [ 111.991992028716837, -7.300824902031648 ], [ 111.991993025351348, -7.301277126127704 ], [ 111.991994022049255, -7.301729350214585 ], [ 111.991995018810542, -7.302181574292294 ], [ 111.991996015635252, -7.302633798360834 ], [ 111.991997012523342, -7.303086022420191 ], [ 111.991998009474855, -7.303538246470378 ], [ 111.991999006489749, -7.303990470511392 ], [ 111.992000003568052, -7.30444269454323 ], [ 111.992001000709749, -7.304894918565889 ], [ 111.992001997914869, -7.305347142579373 ], [ 111.99200299518337, -7.305799366583681 ], [ 111.992003992515279, -7.306251590578805 ], [ 111.992004989910583, -7.306703814564759 ], [ 111.992005987369311, -7.307156038541526 ], [ 111.992006984891432, -7.307608262509116 ], [ 111.992007982476963, -7.308060486467528 ], [ 111.992008980125888, -7.308512710416759 ], [ 111.992009977838208, -7.308964934356807 ], [ 111.992010975613937, -7.309417158287675 ], [ 111.992011973453074, -7.309869382209359 ], [ 111.992012971355635, -7.31032160612186 ], [ 111.99201396932159, -7.310773830025179 ], [ 111.99201496735094, -7.311226053919311 ], [ 111.992015965443699, -7.311678277804263 ], [ 111.992016963599866, -7.312130501680027 ], [ 111.992017961819442, -7.312582725546606 ], [ 111.992018960102428, -7.313034949403997 ], [ 111.992019958448822, -7.313487173252205 ], [ 111.99202095685861, -7.31393939709122 ], [ 111.992021955331822, -7.314391620921052 ], [ 111.992022953868442, -7.314843844741692 ], [ 111.992023952468443, -7.315296068553145 ], [ 111.992024951131881, -7.315748292355406 ], [ 111.992025949858728, -7.316200516148482 ], [ 111.99202694864897, -7.316652739932363 ], [ 111.992027947502635, -7.317104963707052 ], [ 111.992028946419708, -7.317557187472552 ], [ 111.992029945400191, -7.318009411228857 ], [ 111.992030944444082, -7.31846163497597 ], [ 111.992031943551382, -7.318913858713892 ], [ 111.992032942722091, -7.319366082442618 ], [ 111.992033941956223, -7.319818306162149 ], [ 111.992034941253749, -7.320270529872484 ], [ 111.992035940614713, -7.320722753573625 ], [ 111.992036940039071, -7.321174977265569 ], [ 111.992037939526838, -7.321627200948316 ], [ 111.992038939078029, -7.322079424621867 ], [ 111.992039938692642, -7.322531648286218 ], [ 111.99204093837065, -7.322983871941371 ], [ 111.992041938112081, -7.323436095587325 ], [ 111.992042937916921, -7.323888319224079 ], [ 111.992043937785198, -7.324340542851635 ], [ 111.992044937716869, -7.324792766469987 ], [ 111.992045937711964, -7.32524499007914 ], [ 111.992046937770453, -7.325697213679093 ], [ 111.99204793789238, -7.326149437269842 ], [ 111.992048938077716, -7.326601660851385 ], [ 111.992049938326474, -7.327053884423727 ], [ 111.992050938638656, -7.327506107986864 ], [ 111.992051939014246, -7.327958331540797 ], [ 111.992052939453245, -7.328410555085527 ], [ 111.992053939955667, -7.328862778621046 ], [ 111.992054940521513, -7.329315002147363 ], [ 111.992055941150781, -7.329767225664473 ], [ 111.992056941843472, -7.330219449172374 ], [ 111.992057942599558, -7.330671672671065 ], [ 111.992058943419082, -7.331123896160551 ], [ 111.992059944302014, -7.331576119640829 ], [ 111.992060945248383, -7.332028343111893 ], [ 111.992061946258161, -7.332480566573751 ], [ 111.992062947331362, -7.332932790026395 ], [ 111.992063948467987, -7.33338501346983 ], [ 111.992064949668034, -7.333837236904055 ], [ 111.992065950931504, -7.334289460329065 ], [ 111.992066952258384, -7.334741683744859 ], [ 111.9920679536487, -7.335193907151443 ], [ 111.992068955102425, -7.335646130548812 ] ] ] } },
{ "type": "Feature", "properties": { "Line": 202, "begin": 2021180.5, "end": 2022052.5 }, "geometry": { "type": "MultiLineString", "coordinates": [ [ [ 111.91940120668643, -7.240378903129921 ], [ 111.919402122667734, -7.240831138048915 ], [ 111.919403038707756, -7.241283372958828 ], [ 111.919403954806526, -7.241735607859663 ], [ 111.919404870964016, -7.242187842751414 ], [ 111.919405787180239, -7.242640077634086 ], [ 111.919406703455195, -7.243092312507678 ], [ 111.919407619788871, -7.243544547372186 ], [ 111.919408536181294, -7.243996782227612 ], [ 111.919409452632451, -7.244449017073953 ], [ 111.919410369142327, -7.24490125191121 ], [ 111.91941128571095, -7.245353486739383 ], [ 111.919412202338307, -7.245805721558469 ], [ 111.919413119024384, -7.246257956368471 ], [ 111.919414035769208, -7.24671019116939 ], [ 111.919414952572765, -7.247162425961219 ], [ 111.919415869435056, -7.24761466074396 ], [ 111.919416786356081, -7.248066895517614 ], [ 111.919417703335839, -7.248519130282179 ], [ 111.919418620374344, -7.248971365037656 ], [ 111.919419537471569, -7.249423599784043 ], [ 111.919420454627542, -7.249875834521343 ], [ 111.919421371842247, -7.250328069249546 ], [ 111.919422289115673, -7.250780303968664 ], [ 111.91942320644786, -7.251232538678687 ], [ 111.91942412383878, -7.251684773379619 ], [ 111.919425041288434, -7.252137008071452 ], [ 111.919425958796822, -7.2525892427542 ], [ 111.919426876363943, -7.25304147742785 ], [ 111.919427793989826, -7.253493712092407 ], [ 111.919428711674428, -7.253945946747869 ], [ 111.919429629417763, -7.254398181394235 ], [ 111.919430547219861, -7.254850416031506 ], [ 111.919431465080677, -7.255302650659679 ], [ 111.919432383000242, -7.255754885278755 ], [ 111.919433300978554, -7.25620711988873 ], [ 111.919434219015599, -7.256659354489609 ], [ 111.919435137111392, -7.257111589081389 ], [ 111.919436055265905, -7.25756382366407 ], [ 111.919436973479179, -7.258016058237653 ], [ 111.919437891751201, -7.258468292802132 ], [ 111.919438810081942, -7.258920527357511 ], [ 111.919439728471431, -7.25937276190379 ], [ 111.919440646919682, -7.259824996440965 ], [ 111.919441565426652, -7.260277230969034 ], [ 111.919442483992384, -7.260729465488003 ], [ 111.919443402616864, -7.261181699997867 ], [ 111.919444321300062, -7.261633934498628 ], [ 111.919445240042023, -7.262086168990283 ], [ 111.919446158842717, -7.262538403472833 ], [ 111.919447077702159, -7.262990637946276 ], [ 111.919447996620363, -7.263442872410613 ], [ 111.919448915597286, -7.263895106865841 ], [ 111.919449834632957, -7.264347341311963 ], [ 111.919450753727389, -7.264799575748977 ], [ 111.91945167288057, -7.265251810176879 ], [ 111.919452592092483, -7.265704044595674 ], [ 111.919453511363145, -7.266156279005361 ], [ 111.919454430692568, -7.266608513405934 ], [ 111.919455350080725, -7.267060747797394 ], [ 111.919456269527615, -7.267512982179745 ], [ 111.919457189033281, -7.267965216552983 ], [ 111.919458108597681, -7.268417450917111 ], [ 111.919459028220828, -7.268869685272122 ], [ 111.919459947902723, -7.269321919618021 ], [ 111.919460867643366, -7.269774153954804 ], [ 111.919461787442756, -7.270226388282476 ], [ 111.919462707300923, -7.270678622601027 ], [ 111.919463627217809, -7.271130856910466 ], [ 111.919464547193456, -7.271583091210787 ], [ 111.919465467227852, -7.272035325501989 ], [ 111.919466387320995, -7.272487559784071 ], [ 111.9194673074729, -7.27293979405704 ], [ 111.919468227683552, -7.273392028320887 ], [ 111.919469147952952, -7.273844262575617 ], [ 111.9194700682811, -7.274296496821226 ], [ 111.91947098866801, -7.274748731057713 ], [ 111.919471909113668, -7.275200965285076 ], [ 111.919472829618073, -7.275653199503323 ], [ 111.91947375018124, -7.276105433712446 ], [ 111.91947467080314, -7.276557667912445 ], [ 111.919475591483817, -7.277009902103321 ], [ 111.919476512223241, -7.277462136285075 ], [ 111.919477433021413, -7.277914370457701 ], [ 111.919478353878361, -7.278366604621205 ], [ 111.919479274794028, -7.278818838775583 ], [ 111.919480195768472, -7.279271072920833 ], [ 111.919481116801677, -7.279723307056958 ], [ 111.919482037893616, -7.280175541183954 ], [ 111.919482959044331, -7.280627775301822 ], [ 111.919483880253807, -7.281080009410566 ], [ 111.919484801522017, -7.281532243510177 ], [ 111.919485722849004, -7.28198447760066 ], [ 111.919486644234738, -7.282436711682013 ], [ 111.919487565679219, -7.282888945754235 ], [ 111.919488487182477, -7.283341179817324 ], [ 111.919489408744482, -7.283793413871282 ], [ 111.91949033036525, -7.284245647916109 ], [ 111.919491252044764, -7.284697881951804 ], [ 111.919492173783055, -7.285150115978365 ], [ 111.91949309558008, -7.28560234999579 ], [ 111.919494017435895, -7.286054584004082 ], [ 111.919494939350443, -7.286506818003241 ], [ 111.919495861323767, -7.286959051993262 ], [ 111.919496783355854, -7.287411285974146 ], [ 111.919497705446688, -7.287863519945894 ], [ 111.919498627596298, -7.288315753908506 ], [ 111.919499549804655, -7.288767987861981 ], [ 111.919500472071789, -7.289220221806317 ], [ 111.91950139439767, -7.289672455741512 ], [ 111.919502316782314, -7.290124689667569 ], [ 111.919503239225733, -7.290576923584487 ], [ 111.9195041617279, -7.29102915749226 ], [ 111.919505084288829, -7.291481391390893 ], [ 111.91950600690852, -7.291933625280389 ], [ 111.919506929586987, -7.292385859160739 ], [ 111.919507852324216, -7.292838093031946 ], [ 111.919508775120207, -7.293290326894015 ], [ 111.919509697974959, -7.293742560746934 ], [ 111.919510620888474, -7.29419479459071 ], [ 111.919511543860764, -7.294647028425342 ], [ 111.919512466891803, -7.295099262250828 ], [ 111.919513389981617, -7.295551496067166 ], [ 111.919514313130193, -7.29600372987436 ], [ 111.919515236337546, -7.296455963672406 ], [ 111.919516159603646, -7.296908197461303 ], [ 111.919517082928536, -7.297360431241054 ], [ 111.919518006312174, -7.297812665011652 ], [ 111.919518929754588, -7.298264898773104 ], [ 111.919519853255764, -7.298717132525407 ], [ 111.919520776815716, -7.299169366268554 ], [ 111.919521700434416, -7.299621600002555 ], [ 111.91952262411192, -7.300073833727404 ], [ 111.919523547848158, -7.3005260674431 ], [ 111.919524471643186, -7.300978301149642 ], [ 111.919525395496976, -7.301430534847032 ], [ 111.919526319409528, -7.301882768535267 ], [ 111.91952724338087, -7.302335002214347 ], [ 111.919528167410959, -7.302787235884274 ], [ 111.919529091499825, -7.303239469545044 ], [ 111.919530015647467, -7.303691703196658 ], [ 111.919530939853885, -7.304143936839115 ], [ 111.919531864119065, -7.304596170472416 ], [ 111.919532788443007, -7.305048404096558 ], [ 111.919533712825739, -7.305500637711542 ], [ 111.919534637267233, -7.30595287131737 ], [ 111.919535561767503, -7.306405104914035 ], [ 111.91953648632655, -7.306857338501541 ], [ 111.919537410944372, -7.307309572079884 ], [ 111.919538335620956, -7.307761805649068 ], [ 111.919539260356302, -7.308214039209092 ], [ 111.919540185150453, -7.308666272759954 ], [ 111.919541110003351, -7.309118506301651 ], [ 111.91954203491504, -7.309570739834184 ], [ 111.919542959885504, -7.310022973357553 ], [ 111.919543884914731, -7.310475206871761 ], [ 111.919544810002733, -7.310927440376802 ], [ 111.919545735149541, -7.311379673872674 ], [ 111.919546660355095, -7.311831907359385 ], [ 111.919547585619426, -7.312284140836927 ], [ 111.919548510942533, -7.312736374305302 ], [ 111.919549436324431, -7.313188607764509 ], [ 111.91955036176509, -7.313640841214551 ], [ 111.919551287264539, -7.31409307465542 ], [ 111.919552212822765, -7.314545308087119 ], [ 111.919553138439767, -7.31499754150965 ], [ 111.91955406411553, -7.315449774923009 ], [ 111.919554989850099, -7.315902008327201 ], [ 111.919555915643429, -7.31635424172222 ], [ 111.919556841495549, -7.316806475108062 ], [ 111.919557767406431, -7.317258708484736 ], [ 111.919558693376104, -7.317710941852235 ], [ 111.919559619404566, -7.318163175210559 ], [ 111.919560545491791, -7.318615408559709 ], [ 111.919561471637806, -7.319067641899689 ], [ 111.919562397842611, -7.319519875230485 ], [ 111.919563324106164, -7.319972108552109 ], [ 111.919564250428536, -7.32042434186456 ], [ 111.91956517680967, -7.320876575167828 ], [ 111.919566103249593, -7.321328808461921 ], [ 111.919567029748293, -7.321781041746838 ], [ 111.919567956305769, -7.322233275022571 ], [ 111.919568882922036, -7.322685508289128 ], [ 111.919569809597093, -7.323137741546502 ], [ 111.919570736330925, -7.323589974794698 ], [ 111.919571663123548, -7.324042208033711 ], [ 111.919572589974948, -7.324494441263544 ], [ 111.919573516885137, -7.324946674484194 ], [ 111.919574443854103, -7.325398907695663 ], [ 111.919575370881859, -7.325851140897949 ], [ 111.919576297968391, -7.326303374091049 ], [ 111.919577225113727, -7.326755607274964 ], [ 111.91957815231784, -7.327207840449695 ], [ 111.919579079580728, -7.327660073615243 ], [ 111.919580006902422, -7.3281123067716 ], [ 111.919580934282891, -7.328564539918775 ], [ 111.919581861722151, -7.329016773056757 ], [ 111.919582789220186, -7.329469006185558 ], [ 111.919583716777012, -7.329921239305167 ], [ 111.919584644392643, -7.330373472415588 ], [ 111.919585572067049, -7.330825705516818 ], [ 111.919586499800246, -7.33127793860886 ], [ 111.919587427592234, -7.331730171691712 ], [ 111.919588355443011, -7.332182404765369 ], [ 111.919589283352565, -7.332634637829841 ], [ 111.919590211320923, -7.333086870885113 ], [ 111.919591139348057, -7.3335391039312 ], [ 111.919592067433996, -7.333991336968088 ], [ 111.919592995578711, -7.334443569995784 ], [ 111.919593923782244, -7.334895803014284 ], [ 111.91959485204454, -7.335348036023591 ], [ 111.919595780365626, -7.335800269023702 ], [ 111.919596708745516, -7.336252502014617 ], [ 111.919597637184197, -7.336704734996336 ], [ 111.919598565681667, -7.337156967968858 ], [ 111.919599494237929, -7.337609200932182 ], [ 111.919600422852994, -7.338061433886308 ], [ 111.919601351526836, -7.338513666831233 ], [ 111.919602280259468, -7.33896589976696 ] ] ] } },
{ "type": "Feature", "properties": { "Line": 203, "begin": 2031180.5, "end": 2032384.5 }, "geometry": { "type": "MultiLineString", "coordinates": [ [ [ 111.889867909806497, -7.306238474454446 ], [ 111.890320845855413, -7.306237580924791 ], [ 111.890773781847429, -7.3062366869406 ], [ 111.891226717782502, -7.306235792501869 ], [ 111.891679653660617, -7.306234897608599 ], [ 111.892132589481733, -7.306234002260788 ], [ 111.892585525245835, -7.306233106458442 ], [ 111.89303846095288, -7.306232210201557 ], [ 111.893491396602855, -7.30623131349013 ], [ 111.893944332195716, -7.306230416324172 ], [ 111.894397267731435, -7.306229518703672 ], [ 111.894850203209998, -7.306228620628638 ], [ 111.895303138631348, -7.306227722099066 ], [ 111.895756073995486, -7.306226823114957 ], [ 111.896209009302368, -7.306225923676313 ], [ 111.896661944551965, -7.306225023783132 ], [ 111.897114879744265, -7.306224123435415 ], [ 111.89756781487921, -7.306223222633166 ], [ 111.8980207499568, -7.306222321376379 ], [ 111.898473684976977, -7.306221419665057 ], [ 111.898926619939743, -7.306220517499201 ], [ 111.899379554845027, -7.306219614878813 ], [ 111.899832489692855, -7.306218711803888 ], [ 111.900285424483158, -7.306217808274432 ], [ 111.900738359215907, -7.306216904290442 ], [ 111.901191293891102, -7.306215999851918 ], [ 111.901644228508687, -7.30621509495886 ], [ 111.902097163068646, -7.306214189611271 ], [ 111.902550097570952, -7.306213283809151 ], [ 111.903003032015562, -7.306212377552498 ], [ 111.903455966402447, -7.306211470841312 ], [ 111.903908900731608, -7.306210563675599 ], [ 111.904361835002987, -7.30620965605535 ], [ 111.904814769216557, -7.306208747980572 ], [ 111.905267703372303, -7.306207839451262 ], [ 111.905720637470182, -7.306206930467425 ], [ 111.90617357151018, -7.306206021029054 ], [ 111.906626505492255, -7.306205111136157 ], [ 111.907079439416364, -7.306204200788729 ], [ 111.907532373282521, -7.306203289986771 ], [ 111.907985307090669, -7.306202378730284 ], [ 111.908438240840766, -7.306201467019273 ], [ 111.908891174532812, -7.306200554853728 ], [ 111.909344108166778, -7.306199642233658 ], [ 111.909797041742607, -7.30619872915906 ], [ 111.910249975260285, -7.306197815629933 ], [ 111.91070290871977, -7.306196901646282 ], [ 111.911155842121076, -7.306195987208102 ], [ 111.911608775464117, -7.306195072315396 ], [ 111.912061708748922, -7.306194156968163 ], [ 111.912514641975406, -7.306193241166404 ], [ 111.912967575143583, -7.30619232491012 ], [ 111.913420508253395, -7.306191408199309 ], [ 111.913873441304844, -7.306190491033975 ], [ 111.914326374297858, -7.306189573414116 ], [ 111.91477930723245, -7.306188655339731 ], [ 111.915232240108566, -7.306187736810823 ], [ 111.915685172926189, -7.306186817827389 ], [ 111.916138105685278, -7.306185898389433 ], [ 111.916591038385818, -7.306184978496955 ], [ 111.917043971027766, -7.306184058149951 ], [ 111.917496903611109, -7.306183137348426 ], [ 111.917949836135804, -7.306182216092377 ], [ 111.918402768601823, -7.306181294381807 ], [ 111.918855701009164, -7.306180372216715 ], [ 111.919308633357758, -7.306179449597098 ], [ 111.919761565647605, -7.306178526522963 ], [ 111.920214497878646, -7.306177602994306 ], [ 111.920667430050898, -7.30617667901113 ], [ 111.921120362164274, -7.306175754573432 ], [ 111.921573294218803, -7.306174829681212 ], [ 111.922026226214413, -7.306173904334473 ], [ 111.922479158151091, -7.306172978533215 ], [ 111.922932090028823, -7.306172052277437 ], [ 111.923385021847551, -7.306171125567141 ], [ 111.923837953607261, -7.306170198402326 ], [ 111.924290885307926, -7.30616927078299 ], [ 111.92474381694953, -7.306168342709139 ], [ 111.925196748532016, -7.306167414180767 ], [ 111.925649680055358, -7.306166485197879 ], [ 111.926102611519553, -7.306165555760475 ], [ 111.926555542924547, -7.306164625868551 ], [ 111.927008474270323, -7.306163695522113 ], [ 111.927461405556855, -7.306162764721156 ], [ 111.927914336784099, -7.306161833465685 ], [ 111.928367267952027, -7.306160901755695 ], [ 111.928820199060624, -7.306159969591193 ], [ 111.929273130109863, -7.306159036972173 ], [ 111.929726061099714, -7.306158103898638 ], [ 111.930178992030122, -7.306157170370589 ], [ 111.930631922901085, -7.306156236388028 ], [ 111.931084853712576, -7.306155301950949 ], [ 111.931537784464538, -7.306154367059358 ], [ 111.931990715156971, -7.306153431713251 ], [ 111.932443645789846, -7.306152495912633 ], [ 111.932896576363106, -7.306151559657501 ], [ 111.933349506876752, -7.306150622947856 ], [ 111.933802437330741, -7.3061496857837 ], [ 111.934255367725044, -7.306148748165031 ], [ 111.934708298059633, -7.306147810091848 ], [ 111.935161228334479, -7.306146871564158 ], [ 111.935614158549555, -7.306145932581954 ], [ 111.936067088704831, -7.306144993145237 ], [ 111.93652001880028, -7.306144053254012 ], [ 111.936972948835873, -7.306143112908276 ], [ 111.937425878811581, -7.306142172108032 ], [ 111.937878808727362, -7.306141230853272 ], [ 111.938331738583202, -7.306140289144007 ], [ 111.938784668379085, -7.306139346980233 ], [ 111.939237598114943, -7.306138404361952 ], [ 111.939690527790788, -7.306137461289159 ], [ 111.940143457406563, -7.306136517761857 ], [ 111.940596386962241, -7.306135573780047 ], [ 111.941049316457821, -7.30613462934373 ], [ 111.941502245893247, -7.306133684452906 ], [ 111.94195517526849, -7.306132739107575 ], [ 111.942408104583521, -7.306131793307737 ], [ 111.942861033838341, -7.306130847053393 ], [ 111.943313963032878, -7.306129900344541 ], [ 111.943766892167133, -7.306128953181185 ], [ 111.944219821241063, -7.30612800556332 ], [ 111.944672750254639, -7.306127057490952 ], [ 111.945125679207848, -7.306126108964076 ], [ 111.945578608100647, -7.306125159982702 ], [ 111.946031536932992, -7.306124210546817 ], [ 111.946484465704899, -7.306123260656429 ], [ 111.946937394416295, -7.306122310311538 ], [ 111.947390323067182, -7.306121359512144 ], [ 111.947843251657503, -7.306120408258244 ], [ 111.948296180187242, -7.306119456549844 ], [ 111.948749108656372, -7.306118504386938 ], [ 111.949202037064865, -7.306117551769534 ], [ 111.949654965412691, -7.306116598697625 ], [ 111.950107893699823, -7.306115645171212 ], [ 111.950560821926231, -7.306114691190301 ], [ 111.951013750091889, -7.306113736754888 ], [ 111.951466678196738, -7.306112781864971 ], [ 111.951919606240793, -7.306111826520557 ], [ 111.952372534223997, -7.306110870721643 ], [ 111.95282546214635, -7.306109914468227 ], [ 111.953278390007782, -7.306108957760309 ], [ 111.953731317808305, -7.306108000597893 ], [ 111.95418424554785, -7.30610704298098 ], [ 111.95463717322643, -7.306106084909565 ], [ 111.955090100843975, -7.306105126383654 ], [ 111.955543028400484, -7.306104167403244 ], [ 111.955995955895929, -7.306103207968334 ], [ 111.956448883330253, -7.306102248078929 ], [ 111.956901810703457, -7.306101287735025 ], [ 111.957354738015511, -7.306100326936625 ], [ 111.957807665266358, -7.306099365683728 ], [ 111.958260592456, -7.306098403976334 ], [ 111.958713519584393, -7.306097441814443 ], [ 111.959166446651508, -7.306096479198056 ], [ 111.959619373657318, -7.306095516127176 ], [ 111.960072300601794, -7.306094552601799 ], [ 111.960525227484908, -7.306093588621928 ], [ 111.96097815430663, -7.306092624187559 ], [ 111.96143108106692, -7.306091659298697 ], [ 111.961884007765789, -7.306090693955345 ], [ 111.962336934403154, -7.306089728157493 ], [ 111.962789860979015, -7.30608876190515 ], [ 111.963242787493357, -7.306087795198312 ], [ 111.963695713946123, -7.306086828036982 ], [ 111.964148640337299, -7.306085860421161 ], [ 111.964601566666843, -7.306084892350849 ], [ 111.965054492934755, -7.306083923826042 ], [ 111.965507419140962, -7.306082954846745 ], [ 111.965960345285467, -7.306081985412956 ], [ 111.966413271368239, -7.306081015524674 ], [ 111.966866197389237, -7.306080045181903 ], [ 111.967319123348446, -7.306079074384642 ], [ 111.967772049245823, -7.30607810313289 ], [ 111.968224975081341, -7.306077131426648 ], [ 111.968677900854985, -7.306076159265914 ], [ 111.969130826566712, -7.306075186650694 ], [ 111.969583752216508, -7.306074213580985 ], [ 111.97003667780433, -7.306073240056786 ], [ 111.970489603330151, -7.306072266078099 ], [ 111.970942528793941, -7.306071291644924 ], [ 111.971395454195658, -7.306070316757259 ], [ 111.971848379535317, -7.306069341415108 ], [ 111.972301304812845, -7.30606836561847 ], [ 111.972754230028244, -7.306067389367345 ], [ 111.973207155181456, -7.306066412661735 ], [ 111.973660080272467, -7.306065435501638 ], [ 111.974113005301263, -7.306064457887055 ], [ 111.974565930267786, -7.306063479817984 ], [ 111.975018855172024, -7.306062501294429 ], [ 111.975471780013933, -7.30606152231639 ], [ 111.975924704793513, -7.306060542883865 ], [ 111.976377629510708, -7.306059562996857 ], [ 111.976830554165502, -7.306058582655361 ], [ 111.977283478757869, -7.306057601859385 ], [ 111.97773640328775, -7.306056620608925 ], [ 111.97818932775516, -7.306055638903981 ], [ 111.978642252160057, -7.306054656744555 ], [ 111.979095176502398, -7.306053674130643 ], [ 111.979548100782154, -7.306052691062252 ], [ 111.980001024999311, -7.306051707539377 ], [ 111.980453949153826, -7.306050723562024 ], [ 111.980906873245672, -7.306049739130186 ], [ 111.981359797274848, -7.306048754243868 ], [ 111.981812721241283, -7.306047768903068 ], [ 111.982265645144963, -7.30604678310779 ], [ 111.982718568985874, -7.306045796858029 ], [ 111.983171492763972, -7.306044810153791 ], [ 111.98362441647923, -7.306043822995069 ], [ 111.98407734013162, -7.306042835381874 ], [ 111.984530263721112, -7.306041847314193 ], [ 111.984983187247693, -7.306040858792039 ], [ 111.985436110711305, -7.306039869815406 ], [ 111.985889034111935, -7.306038880384292 ], [ 111.986341957449554, -7.3060378904987 ], [ 111.986794880724148, -7.306036900158634 ], [ 111.987247803935645, -7.306035909364089 ], [ 111.987700727084061, -7.306034918115067 ], [ 111.988153650169352, -7.30603392641157 ], [ 111.988606573191475, -7.306032934253596 ], [ 111.989059496150418, -7.306031941641145 ], [ 111.989512419046136, -7.306030948574218 ], [ 111.98996534187863, -7.306029955052817 ], [ 111.990418264647843, -7.306028961076941 ], [ 111.990871187353761, -7.306027966646591 ], [ 111.991324109996341, -7.306026971761766 ], [ 111.991777032575555, -7.306025976422467 ], [ 111.992229955091389, -7.306024980628693 ], [ 111.992682877543814, -7.306023984380447 ], [ 111.993135799932787, -7.306022987677728 ], [ 111.993588722258281, -7.306021990520535 ], [ 111.99404164452028, -7.30602099290887 ], [ 111.994494566718728, -7.306019994842736 ], [ 111.99494748885364, -7.306018996322124 ], [ 111.995400410924944, -7.306017997347046 ], [ 111.995853332932626, -7.306016997917492 ], [ 111.996306254876671, -7.306015998033471 ], [ 111.996759176757024, -7.306014997694978 ], [ 111.997212098573684, -7.306013996902016 ], [ 111.997665020326608, -7.306012995654583 ], [ 111.998117942015767, -7.306011993952678 ], [ 111.99857086364112, -7.306010991796306 ], [ 111.999023785202681, -7.306009989185465 ], [ 111.999476706700364, -7.306008986120153 ], [ 111.999929628134169, -7.306007982600375 ], [ 112.000382549504081, -7.306006978626127 ], [ 112.000835470810046, -7.306005974197414 ], [ 112.001288392052032, -7.306004969314231 ], [ 112.001741313230042, -7.306003963976581 ], [ 112.002194234344017, -7.306002958184465 ], [ 112.002647155393944, -7.306001951937882 ], [ 112.003100076379781, -7.306000945236833 ], [ 112.003552997301512, -7.305999938081317 ], [ 112.004005918159109, -7.305998930471335 ], [ 112.00445883895253, -7.305997922406888 ], [ 112.004911759681747, -7.305996913887979 ], [ 112.005364680346744, -7.305995904914603 ], [ 112.005817600947481, -7.305994895486762 ], [ 112.006270521483941, -7.305993885604458 ], [ 112.006723441956069, -7.305992875267689 ], [ 112.007176362363879, -7.305991864476458 ], [ 112.007629282707299, -7.305990853230764 ], [ 112.00808220298633, -7.305989841530605 ], [ 112.008535123200915, -7.305988829375987 ], [ 112.008988043351053, -7.305987816766902 ], [ 112.009440963436703, -7.305986803703358 ], [ 112.009893883457835, -7.305985790185353 ], [ 112.010346803414421, -7.305984776212886 ], [ 112.010799723306434, -7.305983761785957 ], [ 112.011252643133844, -7.30598274690457 ], [ 112.011705562896623, -7.305981731568721 ], [ 112.012158482594742, -7.305980715778412 ], [ 112.01261140222816, -7.305979699533645 ], [ 112.013064321796861, -7.305978682834417 ], [ 112.013517241300832, -7.30597766568073 ], [ 112.013970160740001, -7.305976648072583 ], [ 112.014423080114383, -7.305975630009979 ], [ 112.014875999423921, -7.305974611492917 ], [ 112.015328918668601, -7.305973592521397 ], [ 112.015781837848394, -7.305972573095421 ], [ 112.016234756963243, -7.305971553214984 ], [ 112.016687676013163, -7.305970532880094 ], [ 112.017140594998097, -7.305969512090746 ], [ 112.01759351391803, -7.305968490846943 ], [ 112.018046432772906, -7.305967469148683 ], [ 112.018499351562738, -7.305966446995966 ], [ 112.018952270287457, -7.305965424388797 ], [ 112.019405188947061, -7.30596440132717 ], [ 112.019858107541509, -7.305963377811091 ], [ 112.020311026070772, -7.305962353840555 ], [ 112.020763944534835, -7.305961329415568 ], [ 112.021216862933642, -7.305960304536127 ], [ 112.021669781267192, -7.30595927920223 ], [ 112.022122699535444, -7.305958253413883 ], [ 112.022575617738369, -7.305957227171081 ], [ 112.023028535875937, -7.305956200473829 ], [ 112.023481453948122, -7.305955173322121 ], [ 112.023934371954894, -7.305954145715964 ], [ 112.024387289896225, -7.305953117655357 ], [ 112.024840207772073, -7.305952089140295 ], [ 112.025293125582422, -7.305951060170786 ], [ 112.025746043327246, -7.305950030746825 ], [ 112.026198961006529, -7.305949000868414 ] ] ] } },
{ "type": "Feature", "properties": { "Line": 216, "begin": 2161180.5, "end": 2162092.5 }, "geometry": { "type": "MultiLineString", "coordinates": [ [ [ 111.982785273019559, -7.232558582104025 ], [ 111.982786251074543, -7.233010808818333 ], [ 111.982787229192311, -7.233463035523554 ], [ 111.982788207372835, -7.233915262219687 ], [ 111.982789185616141, -7.234367488906734 ], [ 111.982790163922232, -7.234819715584694 ], [ 111.982791142291092, -7.235271942253565 ], [ 111.982792120722721, -7.235724168913347 ], [ 111.982793099217147, -7.236176395564041 ], [ 111.982794077774329, -7.236628622205643 ], [ 111.982795056394295, -7.237080848838155 ], [ 111.98279603507703, -7.237533075461578 ], [ 111.982797013822548, -7.237985302075908 ], [ 111.98279799263085, -7.238437528681144 ], [ 111.982798971501921, -7.23888975527729 ], [ 111.982799950435776, -7.239341981864343 ], [ 111.9828009294324, -7.239794208442301 ], [ 111.982801908491808, -7.240246435011163 ], [ 111.982802887613985, -7.240698661570932 ], [ 111.98280386679896, -7.241150888121605 ], [ 111.982804846046704, -7.241603114663183 ], [ 111.982805825357232, -7.242055341195663 ], [ 111.982806804730529, -7.242507567719045 ], [ 111.98280778416661, -7.242959794233331 ], [ 111.982808763665489, -7.243412020738518 ], [ 111.982809743227122, -7.243864247234609 ], [ 111.982810722851553, -7.244316473721596 ], [ 111.982811702538768, -7.244768700199485 ], [ 111.982812682288753, -7.245220926668274 ], [ 111.98281366210152, -7.245673153127963 ], [ 111.982814641977086, -7.246125379578549 ], [ 111.982815621915421, -7.246577606020034 ], [ 111.982816601916554, -7.247029832452416 ], [ 111.982817581980456, -7.247482058875693 ], [ 111.982818562107141, -7.247934285289865 ], [ 111.98281954229661, -7.248386511694935 ], [ 111.982820522548877, -7.2488387380909 ], [ 111.982821502863914, -7.24929096447776 ], [ 111.982822483241748, -7.249743190855513 ], [ 111.982823463682351, -7.25019541722416 ], [ 111.982824444185766, -7.250647643583699 ], [ 111.982825424751937, -7.251099869934134 ], [ 111.982826405380919, -7.251552096275457 ], [ 111.982827386072671, -7.252004322607669 ], [ 111.982828366827221, -7.252456548930775 ], [ 111.982829347644554, -7.252908775244769 ], [ 111.982830328524656, -7.253361001549654 ], [ 111.982831309467571, -7.253813227845427 ], [ 111.982832290473254, -7.254265454132092 ], [ 111.98283327154175, -7.254717680409641 ], [ 111.98283425267303, -7.255169906678079 ], [ 111.982835233867078, -7.255622132937403 ], [ 111.982836215123925, -7.256074359187611 ], [ 111.982837196443569, -7.256526585428707 ], [ 111.982838177825997, -7.256978811660689 ], [ 111.982839159271222, -7.257431037883556 ], [ 111.982840140779231, -7.257883264097305 ], [ 111.982841122350024, -7.258335490301936 ], [ 111.982842103983629, -7.258787716497454 ], [ 111.982843085680003, -7.259239942683851 ], [ 111.982844067439189, -7.259692168861129 ], [ 111.982845049261158, -7.260144395029291 ], [ 111.982846031145911, -7.260596621188331 ], [ 111.982847013093462, -7.261048847338253 ], [ 111.98284799510381, -7.261501073479054 ], [ 111.982848977176957, -7.261953299610734 ], [ 111.982849959312887, -7.262405525733292 ], [ 111.9828509415116, -7.262857751846727 ], [ 111.98285192377314, -7.263309977951041 ], [ 111.982852906097449, -7.263762204046229 ], [ 111.982853888484556, -7.264214430132294 ], [ 111.98285487093446, -7.264666656209235 ], [ 111.982855853447148, -7.265118882277056 ], [ 111.982856836022648, -7.265571108335744 ], [ 111.982857818660946, -7.266023334385311 ], [ 111.982858801362028, -7.26647556042575 ], [ 111.982859784125921, -7.266927786457062 ], [ 111.982860766952612, -7.267380012479245 ], [ 111.982861749842087, -7.267832238492298 ], [ 111.982862732794359, -7.268284464496224 ], [ 111.982863715809444, -7.268736690491023 ], [ 111.982864698887312, -7.269188916476688 ], [ 111.982865682027978, -7.269641142453226 ], [ 111.982866665231455, -7.270093368420631 ], [ 111.982867648497731, -7.270545594378906 ], [ 111.982868631826804, -7.270997820328046 ], [ 111.982869615218661, -7.271450046268055 ], [ 111.98287059867333, -7.271902272198928 ], [ 111.98287158219081, -7.272354498120672 ], [ 111.982872565771075, -7.272806724033278 ], [ 111.982873549414151, -7.273258949936752 ], [ 111.982874533120011, -7.273711175831089 ], [ 111.982875516888697, -7.274163401716289 ], [ 111.982876500720167, -7.274615627592354 ], [ 111.982877484614463, -7.275067853459278 ], [ 111.982878468571542, -7.275520079317068 ], [ 111.982879452591419, -7.275972305165721 ], [ 111.982880436674108, -7.27642453100523 ], [ 111.982881420819595, -7.276876756835603 ], [ 111.982882405027894, -7.277328982656837 ], [ 111.982883389298991, -7.277781208468927 ], [ 111.982884373632899, -7.27823343427188 ], [ 111.982885358029606, -7.278685660065689 ], [ 111.982886342489124, -7.279137885850355 ], [ 111.98288732701144, -7.279590111625881 ], [ 111.982888311596568, -7.280042337392261 ], [ 111.982889296244494, -7.280494563149498 ], [ 111.982890280955218, -7.280946788897593 ], [ 111.982891265728767, -7.281399014636539 ], [ 111.982892250565115, -7.281851240366342 ], [ 111.982893235464289, -7.282303466086996 ], [ 111.982894220426246, -7.282755691798508 ], [ 111.982895205451015, -7.283207917500868 ], [ 111.982896190538597, -7.283660143194084 ], [ 111.982897175688976, -7.28411236887815 ], [ 111.982898160902181, -7.284564594553066 ], [ 111.982899146178184, -7.285016820218836 ], [ 111.982900131516999, -7.285469045875455 ], [ 111.982901116918626, -7.285921271522921 ], [ 111.982902102383065, -7.286373497161236 ], [ 111.982903087910316, -7.286825722790403 ], [ 111.982904073500364, -7.287277948410412 ], [ 111.982905059153239, -7.287730174021273 ], [ 111.982906044868926, -7.288182399622977 ], [ 111.982907030647411, -7.288634625215532 ], [ 111.982908016488707, -7.289086850798931 ], [ 111.98290900239283, -7.289539076373174 ], [ 111.982909988359751, -7.289991301938261 ], [ 111.982910974389483, -7.290443527494193 ], [ 111.982911960482042, -7.290895753040966 ], [ 111.982912946637398, -7.291347978578584 ], [ 111.982913932855595, -7.291800204107044 ], [ 111.982914919136576, -7.292252429626346 ], [ 111.982915905480382, -7.292704655136488 ], [ 111.982916891887001, -7.293156880637471 ], [ 111.982917878356446, -7.293609106129296 ], [ 111.982918864888703, -7.294061331611958 ], [ 111.982919851483771, -7.294513557085459 ], [ 111.982920838141652, -7.294965782549799 ], [ 111.982921824862359, -7.295418008004974 ], [ 111.982922811645878, -7.295870233450994 ], [ 111.982923798492209, -7.296322458887845 ], [ 111.982924785401352, -7.296774684315531 ], [ 111.982925772373321, -7.297226909734053 ], [ 111.982926759408116, -7.297679135143412 ], [ 111.982927746505709, -7.298131360543605 ], [ 111.982928733666142, -7.298583585934633 ], [ 111.982929720889388, -7.29903581131649 ], [ 111.982930708175431, -7.299488036689183 ], [ 111.982931695524314, -7.299940262052709 ], [ 111.98293268293601, -7.300392487407066 ], [ 111.982933670410532, -7.300844712752252 ], [ 111.982934657947865, -7.301296938088273 ], [ 111.982935645548039, -7.301749163415123 ], [ 111.982936633211011, -7.302201388732798 ], [ 111.982937620936809, -7.302653614041305 ], [ 111.982938608725433, -7.303105839340638 ], [ 111.982939596576884, -7.303558064630804 ], [ 111.982940584491146, -7.304010289911792 ], [ 111.982941572468235, -7.304462515183609 ], [ 111.98294256050815, -7.304914740446252 ], [ 111.982943548610876, -7.305366965699723 ], [ 111.982944536776429, -7.305819190944016 ], [ 111.982945525004823, -7.306271416179132 ], [ 111.982946513296014, -7.306723641405075 ], [ 111.98294750165006, -7.307175866621839 ], [ 111.982948490066903, -7.307628091829424 ], [ 111.982949478546587, -7.308080317027838 ], [ 111.982950467089083, -7.308532542217067 ], [ 111.982951455694419, -7.308984767397122 ], [ 111.982952444362567, -7.309436992567997 ], [ 111.982953433093556, -7.309889217729688 ], [ 111.982954421887371, -7.310341442882199 ], [ 111.982955410743998, -7.310793668025535 ], [ 111.98295639966345, -7.311245893159682 ], [ 111.982957388645744, -7.311698118284649 ], [ 111.982958377690863, -7.312150343400435 ], [ 111.982959366798809, -7.312602568507035 ], [ 111.982960355969581, -7.313054793604453 ], [ 111.982961345203179, -7.313507018692689 ], [ 111.982962334499618, -7.313959243771738 ], [ 111.982963323858868, -7.314411468841598 ], [ 111.982964313280959, -7.314863693902275 ], [ 111.982965302765876, -7.315315918953765 ], [ 111.982966292313634, -7.31576814399607 ], [ 111.982967281924203, -7.316220369029183 ], [ 111.982968271597613, -7.316672594053109 ], [ 111.982969261333849, -7.317124819067847 ], [ 111.982970251132926, -7.317577044073396 ], [ 111.982971240994843, -7.318029269069754 ], [ 111.982972230919572, -7.318481494056921 ], [ 111.982973220907141, -7.318933719034899 ], [ 111.982974210957536, -7.319385944003684 ], [ 111.982975201070772, -7.319838168963273 ], [ 111.982976191246834, -7.320290393913675 ], [ 111.982977181485737, -7.320742618854882 ], [ 111.982978171787465, -7.321194843786893 ], [ 111.982979162152034, -7.321647068709713 ], [ 111.982980152579444, -7.322099293623339 ], [ 111.982981143069679, -7.322551518527765 ], [ 111.982982133622755, -7.323003743422995 ], [ 111.982983124238658, -7.32345596830903 ], [ 111.982984114917414, -7.323908193185866 ], [ 111.982985105658983, -7.324360418053509 ], [ 111.982986096463407, -7.32481264291195 ], [ 111.982987087330656, -7.325264867761192 ], [ 111.982988078260746, -7.325717092601234 ], [ 111.982989069253676, -7.32616931743208 ], [ 111.982990060309433, -7.32662154225372 ], [ 111.982991051428044, -7.327073767066162 ], [ 111.982992042609482, -7.327525991869402 ], [ 111.982993033853759, -7.327978216663438 ], [ 111.982994025160878, -7.328430441448273 ], [ 111.982995016530836, -7.328882666223905 ], [ 111.982996007963635, -7.329334890990333 ], [ 111.98299699945926, -7.329787115747557 ], [ 111.982997991017754, -7.330239340495575 ], [ 111.98299898263906, -7.330691565234384 ], [ 111.982999974323221, -7.331143789963993 ], [ 111.983000966070207, -7.331596014684393 ], [ 111.983001957880063, -7.332048239395584 ], [ 111.983002949752745, -7.332500464097569 ], [ 111.983003941688253, -7.332952688790346 ], [ 111.98300493368663, -7.333404913473911 ], [ 111.983005925747833, -7.333857138148271 ], [ 111.98300691787189, -7.334309362813419 ], [ 111.983007910058774, -7.334761587469353 ], [ 111.983008902308526, -7.335213812116081 ], [ 111.983009894621105, -7.335666036753598 ] ] ] } },
{ "type": "Feature", "properties": { "Line": 201, "begin": 2011180.5, "end": 2012288.5 }, "geometry": { "type": "MultiLineString", "coordinates": [ [ [ 111.896227041878717, -7.315270652491528 ], [ 111.896679986238823, -7.315269751472615 ], [ 111.897132930541616, -7.315268849998598 ], [ 111.897585874787069, -7.315267948069479 ], [ 111.898038818975152, -7.315267045685255 ], [ 111.89849176310581, -7.315266142845928 ], [ 111.898944707179055, -7.315265239551495 ], [ 111.899397651194832, -7.315264335801962 ], [ 111.899850595153111, -7.315263431597328 ], [ 111.900303539053894, -7.315262526937589 ], [ 111.900756482897108, -7.315261621822749 ], [ 111.901209426682755, -7.315260716252808 ], [ 111.90166237041079, -7.315259810227765 ], [ 111.902115314081186, -7.315258903747621 ], [ 111.902568257693929, -7.315257996812376 ], [ 111.90302120124899, -7.31525708942203 ], [ 111.903474144746298, -7.315256181576584 ], [ 111.903927088185867, -7.31525527327604 ], [ 111.904380031567669, -7.315254364520393 ], [ 111.904832974891647, -7.315253455309648 ], [ 111.905285918157801, -7.315252545643804 ], [ 111.905738861366075, -7.315251635522859 ], [ 111.906191804516453, -7.315250724946821 ], [ 111.906644747608922, -7.315249813915681 ], [ 111.907097690643425, -7.315248902429444 ], [ 111.907550633619948, -7.315247990488109 ], [ 111.908003576538462, -7.315247078091674 ], [ 111.908456519398925, -7.315246165240145 ], [ 111.908909462201336, -7.315245251933519 ], [ 111.909362404945639, -7.315244338171795 ], [ 111.90981534763182, -7.315243423954974 ], [ 111.910268290259836, -7.315242509283059 ], [ 111.910721232829687, -7.315241594156049 ], [ 111.911174175341287, -7.315240678573942 ], [ 111.91162711779468, -7.31523976253674 ], [ 111.912080060189794, -7.315238846044443 ], [ 111.912533002526601, -7.315237929097052 ], [ 111.912985944805072, -7.315237011694564 ], [ 111.913438887025194, -7.315236093836986 ], [ 111.913891829186923, -7.315235175524313 ], [ 111.914344771290232, -7.315234256756545 ], [ 111.914797713335105, -7.315233337533685 ], [ 111.915250655321486, -7.315232417855733 ], [ 111.91570359724939, -7.315231497722689 ], [ 111.916156539118745, -7.315230577134548 ], [ 111.916609480929552, -7.315229656091319 ], [ 111.917062422681752, -7.315228734592996 ], [ 111.917515364375348, -7.315227812639584 ], [ 111.91796830601028, -7.315226890231082 ], [ 111.918421247586537, -7.315225967367485 ], [ 111.918874189104102, -7.3152250440488 ], [ 111.91932713056292, -7.315224120275023 ], [ 111.919780071962975, -7.315223196046157 ], [ 111.920233013304255, -7.315222271362202 ], [ 111.920685954586688, -7.315221346223158 ], [ 111.921138895810287, -7.315220420629022 ], [ 111.921591836974997, -7.315219494579802 ], [ 111.922044778080803, -7.315218568075489 ], [ 111.922497719127676, -7.315217641116089 ], [ 111.922950660115575, -7.3152167137016 ], [ 111.923403601044484, -7.315215785832025 ], [ 111.923856541914361, -7.315214857507361 ], [ 111.924309482725192, -7.31521392872761 ], [ 111.924762423476935, -7.315212999492774 ], [ 111.925215364169574, -7.31521206980285 ], [ 111.925668304803068, -7.315211139657841 ], [ 111.926121245377388, -7.315210209057743 ], [ 111.92657418589252, -7.315209278002563 ], [ 111.92702712634842, -7.315208346492295 ], [ 111.927480066745062, -7.315207414526943 ], [ 111.92793300708243, -7.315206482106508 ], [ 111.928385947360468, -7.315205549230985 ], [ 111.92883888757919, -7.31520461590038 ], [ 111.92929182773851, -7.315203682114691 ], [ 111.929744767838443, -7.315202747873917 ], [ 111.930197707878946, -7.315201813178062 ], [ 111.930650647859991, -7.31520087802712 ], [ 111.93110358778155, -7.315199942421099 ], [ 111.931556527643593, -7.315199006359992 ], [ 111.932009467446079, -7.315198069843806 ], [ 111.932462407189007, -7.315197132872537 ], [ 111.932915346872321, -7.315196195446187 ], [ 111.93336828649602, -7.315195257564755 ], [ 111.933821226060033, -7.315194319228242 ], [ 111.934274165564375, -7.315193380436649 ], [ 111.934727105008989, -7.315192441189972 ], [ 111.93518004439386, -7.315191501488219 ], [ 111.935632983718946, -7.315190561331386 ], [ 111.936085922984233, -7.31518962071947 ], [ 111.936538862189678, -7.315188679652476 ], [ 111.936991801335282, -7.315187738130403 ], [ 111.937444740420958, -7.315186796153255 ], [ 111.937897679446735, -7.315185853721025 ], [ 111.938350618412557, -7.315184910833719 ], [ 111.938803557318408, -7.315183967491332 ], [ 111.939256496164234, -7.315183023693868 ], [ 111.939709434950046, -7.31518207944133 ], [ 111.940162373675776, -7.315181134733711 ], [ 111.940615312341407, -7.315180189571018 ], [ 111.941068250946913, -7.315179243953248 ], [ 111.941521189492278, -7.315178297880401 ], [ 111.94197412797746, -7.315177351352481 ], [ 111.942427066402431, -7.315176404369485 ], [ 111.942880004767147, -7.315175456931411 ], [ 111.943332943071596, -7.315174509038265 ], [ 111.943785881315762, -7.315173560690041 ], [ 111.944238819499603, -7.315172611886745 ], [ 111.944691757623076, -7.315171662628376 ], [ 111.945144695686167, -7.315170712914933 ], [ 111.945597633688863, -7.315169762746415 ], [ 111.946050571631091, -7.315168812122824 ], [ 111.946503509512866, -7.315167861044161 ], [ 111.946956447334117, -7.315166909510426 ], [ 111.947409385094858, -7.315165957521616 ], [ 111.947862322795032, -7.315165005077737 ], [ 111.948315260434626, -7.315164052178785 ], [ 111.948768198013596, -7.315163098824761 ], [ 111.949221135531928, -7.315162145015666 ], [ 111.949674072989581, -7.315161190751502 ], [ 111.950127010386552, -7.315160236032269 ], [ 111.950579947722758, -7.315159280857962 ], [ 111.951032884998227, -7.315158325228586 ], [ 111.951485822212902, -7.315157369144143 ], [ 111.951938759366755, -7.315156412604628 ], [ 111.952391696459756, -7.315155455610046 ], [ 111.952844633491878, -7.315154498160394 ], [ 111.953297570463107, -7.315153540255673 ], [ 111.9537505073734, -7.315152581895885 ], [ 111.954203444222713, -7.31515162308103 ], [ 111.954656381011048, -7.315150663811104 ], [ 111.955109317738362, -7.315149704086116 ], [ 111.955562254404626, -7.315148743906057 ], [ 111.956015191009797, -7.315147783270932 ], [ 111.956468127553876, -7.315146822180743 ], [ 111.95692106403682, -7.315145860635487 ], [ 111.957374000458586, -7.315144898635165 ], [ 111.95782693681916, -7.315143936179777 ], [ 111.958279873118514, -7.315142973269325 ], [ 111.958732809356619, -7.315142009903806 ], [ 111.959185745533432, -7.315141046083226 ], [ 111.959638681648954, -7.31514008180758 ], [ 111.9600916177031, -7.315139117076869 ], [ 111.960544553695911, -7.315138151891097 ], [ 111.960997489627317, -7.315137186250258 ], [ 111.96145042549729, -7.315136220154358 ], [ 111.961903361305815, -7.315135253603397 ], [ 111.962356297052835, -7.315134286597373 ], [ 111.962809232738365, -7.315133319136285 ], [ 111.963262168362348, -7.315132351220136 ], [ 111.963715103924756, -7.315131382848928 ], [ 111.964168039425573, -7.315130414022655 ], [ 111.964620974864744, -7.315129444741321 ], [ 111.965073910242268, -7.315128475004927 ], [ 111.965526845558102, -7.315127504813475 ], [ 111.965979780812233, -7.315126534166962 ], [ 111.96643271600459, -7.31512556306539 ], [ 111.9668856511352, -7.315124591508757 ], [ 111.967338586204008, -7.315123619497065 ], [ 111.96779152121097, -7.315122647030315 ], [ 111.968244456156071, -7.315121674108505 ], [ 111.968697391039299, -7.315120700731638 ], [ 111.969150325860596, -7.315119726899717 ], [ 111.969603260619948, -7.315118752612734 ], [ 111.970056195317312, -7.315117777870695 ], [ 111.970509129952688, -7.315116802673596 ], [ 111.97096206452602, -7.315115827021446 ], [ 111.971414999037307, -7.315114850914235 ], [ 111.971867933486479, -7.31511387435197 ], [ 111.972320867873535, -7.315112897334649 ], [ 111.972773802198446, -7.315111919862272 ], [ 111.973226736461186, -7.315110941934837 ], [ 111.973679670661696, -7.315109963552353 ], [ 111.974132604799991, -7.315108984714809 ], [ 111.974585538875999, -7.315108005422215 ], [ 111.975038472889736, -7.315107025674567 ], [ 111.975491406841144, -7.315106045471863 ], [ 111.975944340730194, -7.315105064814108 ], [ 111.976397274556859, -7.315104083701297 ], [ 111.976850208321125, -7.315103102133436 ], [ 111.977303142022947, -7.31510212011052 ], [ 111.977756075662299, -7.315101137632555 ], [ 111.978209009239137, -7.315100154699538 ], [ 111.978661942753476, -7.315099171311464 ], [ 111.979114876205244, -7.315098187468344 ], [ 111.979567809594428, -7.315097203170174 ], [ 111.980020742921013, -7.315096218416953 ], [ 111.980473676184943, -7.315095233208679 ], [ 111.980926609386202, -7.315094247545355 ], [ 111.981379542524763, -7.315093261426983 ], [ 111.981832475600598, -7.315092274853559 ], [ 111.982285408613677, -7.315091287825092 ], [ 111.982738341563973, -7.315090300341572 ], [ 111.983191274451457, -7.315089312403003 ], [ 111.983644207276072, -7.315088324009387 ], [ 111.984097140037832, -7.315087335160722 ], [ 111.984550072736695, -7.315086345857012 ], [ 111.985003005372604, -7.315085356098253 ], [ 111.985455937945574, -7.315084365884449 ], [ 111.985908870455546, -7.315083375215598 ], [ 111.986361802902508, -7.315082384091697 ], [ 111.98681473528643, -7.315081392512753 ], [ 111.987267667607256, -7.315080400478765 ], [ 111.987720599864971, -7.315079407989728 ], [ 111.988173532059577, -7.315078415045649 ], [ 111.988626464191, -7.315077421646524 ], [ 111.989079396259257, -7.315076427792356 ], [ 111.989532328264275, -7.31507543348314 ], [ 111.989985260206041, -7.315074438718884 ], [ 111.990438192084525, -7.315073443499583 ], [ 111.990891123899715, -7.315072447825236 ], [ 111.991344055651567, -7.315071451695853 ], [ 111.991796987340038, -7.315070455111422 ], [ 111.992249918965143, -7.31506945807195 ], [ 111.992702850526797, -7.315068460577437 ], [ 111.993155782025013, -7.315067462627881 ], [ 111.99360871345975, -7.315066464223285 ], [ 111.994061644830964, -7.315065465363646 ], [ 111.994514576138641, -7.315064466048969 ], [ 111.994967507382754, -7.31506346627925 ], [ 111.995420438563286, -7.315062466054489 ], [ 111.995873369680183, -7.315061465374693 ], [ 111.996326300733415, -7.315060464239854 ], [ 111.996779231722968, -7.315059462649978 ], [ 111.997232162648814, -7.315058460605062 ], [ 111.997685093510896, -7.315057458105107 ], [ 111.998138024309227, -7.315056455150113 ], [ 111.998590955043767, -7.315055451740084 ], [ 111.999043885714471, -7.315054447875013 ], [ 111.999496816321312, -7.315053443554909 ], [ 111.999949746864274, -7.315052438779765 ], [ 112.000402677343303, -7.315051433549589 ], [ 112.00085560775841, -7.31505042786437 ], [ 112.001308538109541, -7.315049421724119 ], [ 112.001761468396666, -7.315048415128831 ], [ 112.002214398619756, -7.31504740807851 ], [ 112.002667328778784, -7.315046400573153 ], [ 112.003120258873736, -7.31504539261276 ], [ 112.003573188904554, -7.315044384197333 ], [ 112.004026118871238, -7.31504337532687 ], [ 112.004479048773732, -7.315042366001378 ], [ 112.004931978612049, -7.315041356220847 ], [ 112.005384908386105, -7.315040345985287 ], [ 112.005837838095914, -7.315039335294691 ], [ 112.006290767741433, -7.315038324149064 ], [ 112.006743697322619, -7.315037312548404 ], [ 112.007196626839459, -7.315036300492712 ], [ 112.007649556291923, -7.315035287981989 ], [ 112.008102485679984, -7.315034275016234 ], [ 112.008555415003599, -7.315033261595449 ], [ 112.009008344262753, -7.315032247719635 ], [ 112.009461273457418, -7.315031233388786 ], [ 112.009914202587566, -7.315030218602908 ], [ 112.010367131653155, -7.315029203362005 ], [ 112.010820060654154, -7.315028187666067 ], [ 112.011272989590552, -7.315027171515102 ], [ 112.011725918462304, -7.315026154909111 ], [ 112.012178847269396, -7.315025137848085 ], [ 112.012631776011801, -7.315024120332036 ], [ 112.013084704689476, -7.315023102360955 ], [ 112.013537633302377, -7.315022083934852 ], [ 112.013990561850505, -7.315021065053719 ], [ 112.014443490333832, -7.315020045717559 ], [ 112.014896418752315, -7.315019025926371 ], [ 112.015349347105911, -7.31501800568016 ], [ 112.015802275394634, -7.31501698497892 ], [ 112.0162552036184, -7.315015963822656 ], [ 112.016708131777222, -7.315014942211366 ], [ 112.017161059871071, -7.315013920145049 ], [ 112.017613987899892, -7.31501289762371 ], [ 112.01806691586367, -7.315011874647347 ], [ 112.018519843762377, -7.315010851215962 ], [ 112.018972771595983, -7.315009827329548 ], [ 112.019425699364461, -7.315008802988114 ], [ 112.019878627067769, -7.315007778191656 ], [ 112.020331554705905, -7.315006752940175 ], [ 112.020784482278813, -7.315005727233669 ], [ 112.02123740978648, -7.315004701072145 ], [ 112.021690337228861, -7.315003674455598 ] ] ] } },
{ "type": "Feature", "properties": { "Line": 206, "begin": 2061180.5, "end": 2062088.5 }, "geometry": { "type": "MultiLineString", "coordinates": [ [ [ 111.937507410343201, -7.236271862136213 ], [ 111.93750834382638, -7.236724094805425 ], [ 111.937509277369429, -7.237176327465559 ], [ 111.937510210972377, -7.237628560116615 ], [ 111.937511144635195, -7.238080792758588 ], [ 111.937512078357912, -7.238533025391483 ], [ 111.937513012140499, -7.238985258015298 ], [ 111.937513945982985, -7.239437490630029 ], [ 111.937514879885356, -7.239889723235678 ], [ 111.937515813847611, -7.240341955832245 ], [ 111.937516747869765, -7.240794188419726 ], [ 111.937517681951789, -7.241246420998125 ], [ 111.937518616093698, -7.241698653567441 ], [ 111.937519550295505, -7.242150886127666 ], [ 111.937520484557197, -7.24260311867881 ], [ 111.937521418878788, -7.24305535122087 ], [ 111.937522353260263, -7.243507583753838 ], [ 111.937523287701623, -7.243959816277723 ], [ 111.937524222202882, -7.244412048792518 ], [ 111.937525156764011, -7.244864281298224 ], [ 111.937526091385038, -7.245316513794843 ], [ 111.937527026065965, -7.24576874628237 ], [ 111.937527960806776, -7.24622097876081 ], [ 111.937528895607485, -7.246673211230158 ], [ 111.93752983046808, -7.247125443690414 ], [ 111.937530765388559, -7.247577676141579 ], [ 111.93753170036895, -7.24802990858365 ], [ 111.937532635409227, -7.24848214101663 ], [ 111.937533570509387, -7.248934373440515 ], [ 111.937534505669433, -7.249386605855308 ], [ 111.937535440889391, -7.249838838261007 ], [ 111.93753637616922, -7.250291070657608 ], [ 111.937537311508962, -7.250743303045113 ], [ 111.937538246908588, -7.251195535423526 ], [ 111.937539182368113, -7.251647767792839 ], [ 111.937540117887536, -7.252100000153054 ], [ 111.937541053466845, -7.252552232504175 ], [ 111.937541989106066, -7.253004464846193 ], [ 111.937542924805157, -7.253456697179115 ], [ 111.937543860564176, -7.253908929502938 ], [ 111.937544796383065, -7.254361161817658 ], [ 111.937545732261853, -7.254813394123279 ], [ 111.93754666820054, -7.255265626419799 ], [ 111.937547604199125, -7.255717858707219 ], [ 111.937548540257609, -7.256170090985534 ], [ 111.937549476375992, -7.256622323254747 ], [ 111.937550412554273, -7.257074555514854 ], [ 111.937551348792439, -7.257526787765858 ], [ 111.937552285090518, -7.257979020007761 ], [ 111.937553221448482, -7.258431252240557 ], [ 111.937554157866373, -7.258883484464245 ], [ 111.937555094344134, -7.259335716678832 ], [ 111.937556030881794, -7.25978794888431 ], [ 111.937556967479381, -7.260240181080675 ], [ 111.937557904136838, -7.260692413267939 ], [ 111.937558840854223, -7.261144645446094 ], [ 111.937559777631492, -7.261596877615137 ], [ 111.93756071446866, -7.262049109775073 ], [ 111.937561651365741, -7.262501341925898 ], [ 111.937562588322706, -7.262953574067612 ], [ 111.937563525339584, -7.263405806200215 ], [ 111.937564462416361, -7.263858038323706 ], [ 111.937565399553051, -7.264310270438084 ], [ 111.93756633674964, -7.264762502543352 ], [ 111.937567274006128, -7.265214734639503 ], [ 111.937568211322514, -7.265666966726542 ], [ 111.937569148698813, -7.266119198804469 ], [ 111.937570086135011, -7.266571430873277 ], [ 111.937571023631108, -7.267023662932972 ], [ 111.937571961187118, -7.267475894983547 ], [ 111.937572898803026, -7.267928127025007 ], [ 111.937573836478848, -7.26838035905735 ], [ 111.937574774214568, -7.268832591080577 ], [ 111.937575712010201, -7.269284823094683 ], [ 111.937576649865733, -7.269737055099672 ], [ 111.937577587781163, -7.270189287095541 ], [ 111.937578525756521, -7.270641519082288 ], [ 111.937579463791778, -7.271093751059917 ], [ 111.937580401886933, -7.271545983028425 ], [ 111.937581340042001, -7.271998214987807 ], [ 111.937582278256983, -7.272450446938069 ], [ 111.937583216531863, -7.272902678879211 ], [ 111.93758415486667, -7.273354910811225 ], [ 111.937585093261362, -7.273807142734118 ], [ 111.937586031715981, -7.274259374647889 ], [ 111.937586970230484, -7.274711606552529 ], [ 111.937587908804929, -7.275163838448046 ], [ 111.937588847439272, -7.275616070334438 ], [ 111.937589786133501, -7.276068302211701 ], [ 111.93759072488767, -7.276520534079838 ], [ 111.937591663701738, -7.276972765938846 ], [ 111.93759260257572, -7.277424997788727 ], [ 111.937593541509614, -7.277877229629481 ], [ 111.937594480503421, -7.278329461461101 ], [ 111.937595419557141, -7.278781693283594 ], [ 111.93759635867076, -7.279233925096954 ], [ 111.937597297844306, -7.279686156901183 ], [ 111.937598237077765, -7.280138388696283 ], [ 111.937599176371123, -7.280590620482246 ], [ 111.937600115724408, -7.281042852259082 ], [ 111.937601055137605, -7.281495084026781 ], [ 111.937601994610702, -7.281947315785348 ], [ 111.937602934143726, -7.28239954753478 ], [ 111.937603873736663, -7.282851779275075 ], [ 111.937604813389527, -7.283304011006237 ], [ 111.937605753102275, -7.283756242728263 ], [ 111.937606692874965, -7.284208474441149 ], [ 111.937607632707568, -7.284660706144899 ], [ 111.93760857260007, -7.285112937839512 ], [ 111.937609512552498, -7.285565169524984 ], [ 111.937610452564854, -7.286017401201321 ], [ 111.937611392637109, -7.286469632868519 ], [ 111.937612332769291, -7.286921864526574 ], [ 111.9376132729614, -7.287374096175485 ], [ 111.937614213213408, -7.28782632781526 ], [ 111.937615153525343, -7.288278559445891 ], [ 111.937616093897191, -7.288730791067381 ], [ 111.937617034328966, -7.28918302267973 ], [ 111.937617974820654, -7.289635254282932 ], [ 111.937618915372269, -7.290087485876991 ], [ 111.937619855983797, -7.290539717461908 ], [ 111.937620796655239, -7.290991949037679 ], [ 111.937621737386607, -7.291444180604299 ], [ 111.937622678177902, -7.291896412161781 ], [ 111.937623619029111, -7.29234864371011 ], [ 111.937624559940247, -7.292800875249295 ], [ 111.937625500911295, -7.293253106779333 ], [ 111.937626441942271, -7.29370533830022 ], [ 111.93762738303316, -7.294157569811957 ], [ 111.93762832418399, -7.294609801314547 ], [ 111.937629265394719, -7.295062032807987 ], [ 111.937630206665389, -7.295514264292274 ], [ 111.937631147995972, -7.295966495767413 ], [ 111.937632089386483, -7.296418727233399 ], [ 111.937633030836921, -7.296870958690231 ], [ 111.937633972347271, -7.297323190137914 ], [ 111.937634913917549, -7.297775421576439 ], [ 111.937635855547754, -7.298227653005813 ], [ 111.937636797237886, -7.298679884426035 ], [ 111.937637738987945, -7.299132115837095 ], [ 111.937638680797932, -7.299584347239002 ], [ 111.937639622667831, -7.300036578631756 ], [ 111.937640564597672, -7.30048881001535 ], [ 111.937641506587426, -7.300941041389789 ], [ 111.937642448637106, -7.301393272755069 ], [ 111.937643390746729, -7.301845504111191 ], [ 111.937644332916264, -7.302297735458153 ], [ 111.937645275145741, -7.302749966795957 ], [ 111.93764621743513, -7.303202198124599 ], [ 111.937647159784461, -7.303654429444082 ], [ 111.937648102193705, -7.304106660754402 ], [ 111.937649044662891, -7.304558892055563 ], [ 111.937649987192003, -7.30501112334756 ], [ 111.937650929781029, -7.305463354630394 ], [ 111.937651872429996, -7.305915585904066 ], [ 111.937652815138904, -7.306367817168571 ], [ 111.937653757907739, -7.306820048423917 ], [ 111.937654700736488, -7.307272279670092 ], [ 111.937655643625192, -7.307724510907105 ], [ 111.937656586573794, -7.308176742134952 ], [ 111.937657529582367, -7.308628973353629 ], [ 111.937658472650838, -7.309081204563142 ], [ 111.937659415779265, -7.309533435763488 ], [ 111.937660358967605, -7.309985666954662 ], [ 111.937661302215886, -7.310437898136671 ], [ 111.937662245524109, -7.310890129309509 ], [ 111.937663188892245, -7.311342360473172 ], [ 111.937664132320336, -7.311794591627669 ], [ 111.93766507580834, -7.312246822772996 ], [ 111.937666019356286, -7.312699053909149 ], [ 111.937666962964173, -7.31315128503613 ], [ 111.937667906631987, -7.31360351615394 ], [ 111.937668850359742, -7.314055747262575 ], [ 111.937669794147439, -7.314507978362036 ], [ 111.937670737995049, -7.314960209452321 ], [ 111.937671681902614, -7.315412440533432 ], [ 111.937672625870107, -7.315864671605368 ], [ 111.937673569897541, -7.31631690266813 ], [ 111.937674513984916, -7.316769133721712 ], [ 111.937675458132219, -7.317221364766119 ], [ 111.937676402339463, -7.31767359580135 ], [ 111.937677346606634, -7.318125826827398 ], [ 111.937678290933761, -7.318578057844269 ], [ 111.937679235320815, -7.319030288851958 ], [ 111.93768017976781, -7.319482519850468 ], [ 111.937681124274746, -7.319934750839801 ], [ 111.93768206884161, -7.320386981819951 ], [ 111.937683013468416, -7.320839212790917 ], [ 111.937683958155176, -7.321291443752703 ], [ 111.937684902901864, -7.321743674705306 ], [ 111.937685847708494, -7.322195905648727 ], [ 111.937686792575079, -7.32264813658296 ], [ 111.937687737501591, -7.323100367508012 ], [ 111.93768868248803, -7.32355259842388 ], [ 111.937689627534439, -7.324004829330559 ], [ 111.937690572640761, -7.324457060228053 ], [ 111.937691517807053, -7.324909291116361 ], [ 111.937692463033272, -7.325361521995481 ], [ 111.937693408319433, -7.325813752865415 ], [ 111.937694353665549, -7.326265983726157 ], [ 111.937695299071592, -7.326718214577709 ], [ 111.937696244537591, -7.327170445420077 ], [ 111.937697190063517, -7.327622676253252 ], [ 111.937698135649399, -7.328074907077237 ], [ 111.937699081295222, -7.328527137892034 ], [ 111.937700027001, -7.328979368697634 ], [ 111.93770097276672, -7.329431599494042 ], [ 111.937701918592381, -7.329883830281264 ], [ 111.937702864477984, -7.330336061059285 ], [ 111.937703810423542, -7.330788291828114 ], [ 111.937704756429042, -7.331240522587752 ], [ 111.937705702494483, -7.331692753338189 ], [ 111.93770664861988, -7.332144984079433 ], [ 111.937707594805218, -7.332597214811485 ], [ 111.937708541050512, -7.333049445534336 ], [ 111.937709487355747, -7.333501676247991 ], [ 111.937710433720923, -7.333953906952448 ], [ 111.937711380146055, -7.334406137647705 ], [ 111.937712326631129, -7.334858368333764 ], [ 111.937713273176158, -7.335310599010625 ], [ 111.937714219781142, -7.335762829678283 ], [ 111.937715166446068, -7.336215060336745 ], [ 111.937716113170936, -7.336667290986001 ], [ 111.937717059955759, -7.337119521626061 ], [ 111.937718006800537, -7.337571752256912 ], [ 111.937718953705271, -7.338023982878565 ], [ 111.937719900669961, -7.338476213491012 ], [ 111.937720847694578, -7.338928444094256 ] ] ] } },
{ "type": "Feature", "properties": { "Line": 207, "begin": 2071180.5, "end": 2072424.5 }, "geometry": { "type": "MultiLineString", "coordinates": [ [ [ 111.889832167999458, -7.288148974444278 ], [ 111.890285085861919, -7.288148083150038 ], [ 111.890738003667479, -7.288147191402399 ], [ 111.891190921416126, -7.288146299201355 ], [ 111.891643839107815, -7.288145406546912 ], [ 111.892096756742518, -7.288144513439064 ], [ 111.892549674320222, -7.288143619877816 ], [ 111.893002591840883, -7.288142725863167 ], [ 111.893455509304488, -7.288141831395117 ], [ 111.893908426710965, -7.288140936473666 ], [ 111.894361344060343, -7.288140041098816 ], [ 111.89481426135255, -7.288139145270567 ], [ 111.895267178587588, -7.288138248988917 ], [ 111.895720095765398, -7.288137352253869 ], [ 111.896173012885967, -7.28813645506542 ], [ 111.89662592994928, -7.288135557423573 ], [ 111.897078846955282, -7.288134659328331 ], [ 111.89753176390397, -7.288133760779688 ], [ 111.897984680795275, -7.288132861777648 ], [ 111.898437597629197, -7.288131962322209 ], [ 111.898890514405721, -7.288131062413371 ], [ 111.899343431124791, -7.288130162051139 ], [ 111.899796347786392, -7.288129261235509 ], [ 111.900249264390496, -7.288128359966484 ], [ 111.900702180937046, -7.28812745824406 ], [ 111.901155097426056, -7.288126556068242 ], [ 111.901608013857469, -7.288125653439026 ], [ 111.902060930231272, -7.288124750356417 ], [ 111.902513846547421, -7.288123846820414 ], [ 111.902966762805903, -7.288122942831016 ], [ 111.90341967900666, -7.288122038388221 ], [ 111.903872595149693, -7.288121133492034 ], [ 111.904325511234973, -7.288120228142449 ], [ 111.904778427262457, -7.288119322339473 ], [ 111.905231343232117, -7.288118416083105 ], [ 111.905684259143925, -7.288117509373341 ], [ 111.906137174997866, -7.288116602210184 ], [ 111.906590090793884, -7.288115694593642 ], [ 111.907043006531978, -7.2881147865237 ], [ 111.907495922212107, -7.288113878000368 ], [ 111.90794883783424, -7.288112969023643 ], [ 111.908401753398337, -7.288112059593531 ], [ 111.908854668904382, -7.288111149710023 ], [ 111.909307584352362, -7.288110239373126 ], [ 111.909760499742234, -7.288109328582839 ], [ 111.910213415073954, -7.28810841733916 ], [ 111.91066633034751, -7.288107505642093 ], [ 111.911119245562872, -7.288106593491635 ], [ 111.911572160720013, -7.288105680887787 ], [ 111.912025075818889, -7.288104767830552 ], [ 111.912477990859486, -7.288103854319926 ], [ 111.912930905841762, -7.288102940355911 ], [ 111.913383820765716, -7.288102025938508 ], [ 111.913836735631278, -7.288101111067718 ], [ 111.914289650438462, -7.288100195743541 ], [ 111.914742565187197, -7.288099279965974 ], [ 111.915195479877497, -7.288098363735023 ], [ 111.91564839450929, -7.288097447050685 ], [ 111.916101309082578, -7.288096529912958 ], [ 111.916554223597316, -7.288095612321844 ], [ 111.917007138053492, -7.288094694277346 ], [ 111.917460052451062, -7.288093775779463 ], [ 111.917912966789999, -7.288092856828194 ], [ 111.918365881070287, -7.288091937423539 ], [ 111.91881879529187, -7.288091017565498 ], [ 111.919271709454733, -7.288090097254074 ], [ 111.919724623558864, -7.288089176489266 ], [ 111.920177537604218, -7.288088255271074 ], [ 111.920630451590753, -7.288087333599499 ], [ 111.92108336551847, -7.288086411474537 ], [ 111.921536279387325, -7.288085488896192 ], [ 111.921989193197291, -7.288084565864468 ], [ 111.922442106948324, -7.288083642379359 ], [ 111.922895020640425, -7.288082718440866 ], [ 111.923347934273522, -7.288081794048994 ], [ 111.92380084784763, -7.28808086920374 ], [ 111.924253761362706, -7.288079943905104 ], [ 111.924706674818708, -7.288079018153089 ], [ 111.925159588215621, -7.288078091947689 ], [ 111.925612501553417, -7.28807716528891 ], [ 111.926065414832053, -7.288076238176749 ], [ 111.9265183280515, -7.288075310611211 ], [ 111.92697124121176, -7.288074382592294 ], [ 111.92742415431276, -7.288073454119995 ], [ 111.927877067354501, -7.288072525194318 ], [ 111.928329980336954, -7.288071595815259 ], [ 111.928782893260063, -7.288070665982827 ], [ 111.929235806123842, -7.288069735697013 ], [ 111.929688718928233, -7.288068804957822 ], [ 111.930141631673195, -7.288067873765253 ], [ 111.930594544358726, -7.288066942119309 ], [ 111.9310474569848, -7.288066010019984 ], [ 111.931500369551358, -7.288065077467283 ], [ 111.931953282058387, -7.288064144461206 ], [ 111.932406194505859, -7.288063211001753 ], [ 111.932859106893758, -7.288062277088925 ], [ 111.933312019222043, -7.288061342722719 ], [ 111.933764931490671, -7.288060407903139 ], [ 111.934217843699642, -7.288059472630185 ], [ 111.934670755848899, -7.288058536903854 ], [ 111.935123667938427, -7.288057600724152 ], [ 111.935576579968199, -7.28805666409107 ], [ 111.9360294919382, -7.288055727004619 ], [ 111.936482403848359, -7.28805478946479 ], [ 111.936935315698676, -7.288053851471592 ], [ 111.937388227489123, -7.28805291302502 ], [ 111.937841139219671, -7.288051974125073 ], [ 111.938294050890278, -7.288051034771757 ], [ 111.938746962500929, -7.288050094965066 ], [ 111.939199874051582, -7.288049154705005 ], [ 111.939652785542222, -7.288048213991571 ], [ 111.940105696972807, -7.288047272824765 ], [ 111.940558608343323, -7.28804633120459 ], [ 111.941011519653728, -7.288045389131044 ], [ 111.941464430904006, -7.288044446604127 ], [ 111.941917342094115, -7.28804350362384 ], [ 111.942370253224027, -7.288042560190179 ], [ 111.942823164293713, -7.288041616303154 ], [ 111.94327607530316, -7.288040671962759 ], [ 111.943728986252324, -7.288039727168996 ], [ 111.944181897141178, -7.288038781921862 ], [ 111.944634807969692, -7.28803783622136 ], [ 111.945087718737838, -7.28803689006749 ], [ 111.945540629445588, -7.288035943460252 ], [ 111.945993540092914, -7.288034996399647 ], [ 111.946446450679787, -7.288034048885674 ], [ 111.946899361206192, -7.288033100918335 ], [ 111.947352271672074, -7.288032152497629 ], [ 111.947805182077417, -7.288031203623555 ], [ 111.948258092422179, -7.288030254296118 ], [ 111.948711002706361, -7.288029304515314 ], [ 111.94916391292989, -7.288028354281143 ], [ 111.949616823092782, -7.288027403593611 ], [ 111.950069733194994, -7.288026452452709 ], [ 111.950522643236482, -7.288025500858444 ], [ 111.950975553217233, -7.28802454881082 ], [ 111.951428463137219, -7.288023596309827 ], [ 111.951881372996382, -7.288022643355472 ], [ 111.952334282794737, -7.288021689947754 ], [ 111.952787192532227, -7.288020736086668 ], [ 111.953240102208824, -7.288019781772223 ], [ 111.953693011824512, -7.288018827004415 ], [ 111.954145921379251, -7.288017871783246 ], [ 111.95459883087301, -7.288016916108714 ], [ 111.955051740305777, -7.28801595998082 ], [ 111.955504649677508, -7.288015003399565 ], [ 111.955957558988175, -7.288014046364951 ], [ 111.956410468237749, -7.288013088876974 ], [ 111.956863377426217, -7.288012130935639 ], [ 111.957316286553535, -7.288011172540943 ], [ 111.957769195619662, -7.288010213692886 ], [ 111.958222104624582, -7.28800925439147 ], [ 111.958675013568282, -7.288008294636694 ], [ 111.959127922450719, -7.288007334428561 ], [ 111.959580831271865, -7.288006373767067 ], [ 111.960033740031662, -7.288005412652218 ], [ 111.960486648730139, -7.288004451084007 ], [ 111.960939557367226, -7.288003489062441 ], [ 111.961392465942907, -7.288002526587516 ], [ 111.961845374457141, -7.288001563659236 ], [ 111.962298282909927, -7.288000600277598 ], [ 111.962751191301194, -7.287999636442604 ], [ 111.963204099630957, -7.287998672154251 ], [ 111.963657007899158, -7.287997707412547 ], [ 111.964109916105784, -7.287996742217485 ], [ 111.964562824250805, -7.287995776569066 ], [ 111.965015732334166, -7.287994810467294 ], [ 111.96546864035588, -7.287993843912166 ], [ 111.965921548315876, -7.287992876903684 ], [ 111.966374456214169, -7.28799190944185 ], [ 111.966827364050687, -7.28799094152666 ], [ 111.967280271825416, -7.287989973158115 ], [ 111.967733179538357, -7.28798900433622 ], [ 111.968186087189437, -7.28798803506097 ], [ 111.968638994778658, -7.287987065332368 ], [ 111.969091902305962, -7.287986095150414 ], [ 111.969544809771349, -7.287985124515107 ], [ 111.969997717174778, -7.287984153426448 ], [ 111.970450624516218, -7.287983181884441 ], [ 111.970903531795642, -7.287982209889079 ], [ 111.971356439013022, -7.287981237440369 ], [ 111.971809346168328, -7.287980264538308 ], [ 111.972262253261519, -7.287979291182895 ], [ 111.972715160292594, -7.287978317374132 ], [ 111.973168067261511, -7.287977343112021 ], [ 111.973620974168227, -7.287976368396562 ], [ 111.974073881012743, -7.287975393227752 ], [ 111.974526787794986, -7.287974417605595 ], [ 111.974979694514971, -7.287973441530085 ], [ 111.975432601172642, -7.287972465001231 ], [ 111.975885507767984, -7.287971488019029 ], [ 111.976338414300969, -7.287970510583478 ], [ 111.976791320771554, -7.287969532694582 ], [ 111.977244227179725, -7.287968554352339 ], [ 111.977697133525439, -7.287967575556747 ], [ 111.978150039808668, -7.287966596307811 ], [ 111.978602946029397, -7.287965616605528 ], [ 111.979055852187585, -7.2879646364499 ], [ 111.979508758283217, -7.287963655840927 ], [ 111.979961664316249, -7.287962674778606 ], [ 111.980414570286669, -7.287961693262944 ], [ 111.980867476194419, -7.287960711293936 ], [ 111.981320382039485, -7.287959728871583 ], [ 111.981773287821866, -7.287958745995886 ], [ 111.982226193541493, -7.287957762666848 ], [ 111.98267909919835, -7.287956778884466 ], [ 111.983132004792409, -7.287955794648742 ], [ 111.983584910323643, -7.287954809959672 ], [ 111.984037815792021, -7.287953824817263 ], [ 111.984490721197517, -7.287952839221509 ], [ 111.984943626540115, -7.287951853172415 ], [ 111.98539653181976, -7.28795086666998 ], [ 111.985849437036421, -7.287949879714205 ], [ 111.986302342190086, -7.287948892305085 ], [ 111.98675524728074, -7.287947904442629 ], [ 111.987208152308327, -7.28794691612683 ], [ 111.987661057272831, -7.287945927357693 ], [ 111.988113962174211, -7.287944938135218 ], [ 111.988566867012466, -7.287943948459401 ], [ 111.989019771787525, -7.287942958330244 ], [ 111.989472676499389, -7.287941967747752 ], [ 111.989925581148043, -7.287940976711917 ], [ 111.990378485733402, -7.287939985222748 ], [ 111.990831390255494, -7.287938993280243 ], [ 111.991284294714276, -7.287938000884394 ], [ 111.991737199109693, -7.287937008035213 ], [ 111.992190103441743, -7.287936014732695 ], [ 111.992643007710384, -7.287935020976841 ], [ 111.993095911915603, -7.287934026767647 ], [ 111.993548816057341, -7.287933032105119 ], [ 111.9940017201356, -7.287932036989258 ], [ 111.994454624150336, -7.287931041420058 ], [ 111.994907528101535, -7.287930045397525 ], [ 111.995360431989141, -7.287929048921657 ], [ 111.995813335813139, -7.287928051992456 ], [ 111.996266239573515, -7.28792705460992 ], [ 111.996719143270212, -7.287926056774051 ], [ 111.997172046903231, -7.287925058484849 ], [ 111.997624950472513, -7.287924059742312 ], [ 111.998077853978032, -7.287923060546443 ], [ 111.998530757419786, -7.287922060897241 ], [ 111.998983660797748, -7.287921060794709 ], [ 111.999436564111846, -7.287920060238844 ], [ 111.999889467362081, -7.287919059229647 ], [ 112.000342370548424, -7.287918057767119 ], [ 112.000795273670846, -7.28791705585126 ], [ 112.001248176729305, -7.28791605348207 ], [ 112.001701079723787, -7.287915050659554 ], [ 112.002153982654264, -7.287914047383704 ], [ 112.002606885520677, -7.287913043654523 ], [ 112.003059788323043, -7.287912039472017 ], [ 112.003512691061303, -7.28791103483618 ], [ 112.00396559373543, -7.287910029747015 ], [ 112.004418496345394, -7.28790902420452 ], [ 112.004871398891197, -7.287908018208698 ], [ 112.005324301372767, -7.287907011759548 ], [ 112.005777203790089, -7.28790600485707 ], [ 112.006230106143164, -7.287904997501264 ], [ 112.006683008431907, -7.287903989692133 ], [ 112.007135910656345, -7.287902981429676 ], [ 112.007588812816408, -7.287901972713893 ], [ 112.008041714912082, -7.287900963544784 ], [ 112.008494616943352, -7.287899953922345 ], [ 112.008947518910176, -7.287898943846583 ], [ 112.009400420812511, -7.2878979333175 ], [ 112.009853322650343, -7.28789692233509 ], [ 112.010306224423658, -7.287895910899355 ], [ 112.010759126132399, -7.287894899010298 ], [ 112.011212027776551, -7.287893886667915 ], [ 112.011664929356087, -7.28789287387221 ], [ 112.012117830870977, -7.287891860623181 ], [ 112.01257073232118, -7.28789084692083 ], [ 112.01302363370668, -7.287889832765154 ], [ 112.013476535027451, -7.287888818156159 ], [ 112.013929436283448, -7.287887803093841 ], [ 112.014382337474672, -7.287886787578204 ], [ 112.014835238601052, -7.287885771609243 ], [ 112.015288139662587, -7.287884755186963 ], [ 112.015741040659236, -7.287883738311361 ], [ 112.016193941590984, -7.28788272098244 ], [ 112.016646842457803, -7.287881703200199 ], [ 112.017099743259649, -7.287880684964637 ], [ 112.017552643996495, -7.287879666275757 ], [ 112.018005544668313, -7.287878647133556 ], [ 112.018458445275087, -7.287877627538039 ], [ 112.018911345816775, -7.287876607489203 ], [ 112.01936424629335, -7.287875586987047 ], [ 112.019817146704781, -7.287874566031576 ], [ 112.020270047051056, -7.287873544622787 ], [ 112.020722947332132, -7.287872522760678 ], [ 112.021175847547966, -7.287871500445258 ], [ 112.021628747698557, -7.287870477676515 ], [ 112.02208164778385, -7.287869454454461 ], [ 112.022534547803843, -7.28786843077909 ], [ 112.022987447758481, -7.287867406650403 ], [ 112.023440347647764, -7.287866382068403 ], [ 112.023893247471634, -7.287865357033086 ], [ 112.024346147230077, -7.287864331544455 ], [ 112.024799046923064, -7.287863305602509 ], [ 112.025251946550554, -7.287862279207249 ], [ 112.025704846112546, -7.287861252358677 ], [ 112.02615774560897, -7.28786022505679 ], [ 112.026610645039838, -7.287859197301593 ], [ 112.027063544405095, -7.28785816909308 ], [ 112.027516443704727, -7.287857140431256 ], [ 112.02796934293869, -7.28785611131612 ], [ 112.028422242106956, -7.287855081747675 ], [ 112.028875141209525, -7.287854051725917 ], [ 112.029328040246341, -7.287853021250846 ], [ 112.02978093921736, -7.287851990322466 ], [ 112.030233838122584, -7.287850958940775 ], [ 112.030686736961997, -7.287849927105776 ] ] ] } },
{ "type": "Feature", "properties": { "Line": 220, "begin": 2201180.5, "end": 2202024.5 }, "geometry": { "type": "MultiLineString", "coordinates": [ [ [ 112.000916172187999, -7.240206965701834 ], [ 112.00091716934935, -7.240659189770946 ], [ 112.000918166574635, -7.241111413830956 ], [ 112.00091916386387, -7.241563637881868 ], [ 112.000920161217024, -7.242015861923678 ], [ 112.000921158634114, -7.242468085956385 ], [ 112.000922156115166, -7.242920309979989 ], [ 112.000923153660125, -7.243372533994492 ], [ 112.000924151269032, -7.243824757999888 ], [ 112.000925148941874, -7.244276981996182 ], [ 112.000926146678665, -7.244729205983369 ], [ 112.000927144479391, -7.245181429961455 ], [ 112.000928142344037, -7.245633653930434 ], [ 112.00092914027266, -7.246085877890304 ], [ 112.00093013826519, -7.246538101841067 ], [ 112.000931136321668, -7.246990325782726 ], [ 112.000932134442081, -7.247442549715276 ], [ 112.000933132626457, -7.247894773638715 ], [ 112.000934130874754, -7.248346997553047 ], [ 112.000935129186999, -7.248799221458269 ], [ 112.000936127563179, -7.249251445354378 ], [ 112.000937126003308, -7.249703669241383 ], [ 112.000938124507385, -7.250155893119271 ], [ 112.000939123075383, -7.250608116988048 ], [ 112.000940121707345, -7.251060340847716 ], [ 112.000941120403226, -7.251512564698266 ], [ 112.000942119163071, -7.251964788539701 ], [ 112.00094311798685, -7.252417012372027 ], [ 112.000944116874578, -7.252869236195237 ], [ 112.000945115826255, -7.253321460009332 ], [ 112.000946114841867, -7.253773683814312 ], [ 112.000947113921441, -7.254225907610172 ], [ 112.000948113064922, -7.254678131396916 ], [ 112.000949112272394, -7.255130355174547 ], [ 112.000950111543773, -7.255582578943057 ], [ 112.000951110879129, -7.256034802702443 ], [ 112.000952110278405, -7.256487026452718 ], [ 112.000953109741644, -7.256939250193871 ], [ 112.000954109268832, -7.257391473925902 ], [ 112.000955108859969, -7.257843697648812 ], [ 112.000956108515041, -7.258295921362603 ], [ 112.000957108234076, -7.258748145067272 ], [ 112.000958108017045, -7.259200368762817 ], [ 112.000959107863963, -7.25965259244924 ], [ 112.00096010777483, -7.260104816126536 ], [ 112.00096110774966, -7.260557039794712 ], [ 112.000962107788425, -7.261009263453762 ], [ 112.000963107891153, -7.261461487103685 ], [ 112.000964108057815, -7.261913710744484 ], [ 112.00096510828844, -7.262365934376156 ], [ 112.000966108583015, -7.262818157998701 ], [ 112.000967108941538, -7.263270381612119 ], [ 112.00096810936401, -7.263722605216407 ], [ 112.000969109850431, -7.264174828811568 ], [ 112.000970110400814, -7.2646270523976 ], [ 112.000971111015147, -7.265079275974504 ], [ 112.000972111693429, -7.265531499542276 ], [ 112.000973112435673, -7.265983723100918 ], [ 112.000974113241853, -7.266435946650426 ], [ 112.000975114111995, -7.266888170190803 ], [ 112.000976115046086, -7.26734039372205 ], [ 112.000977116044155, -7.267792617244162 ], [ 112.000978117106158, -7.268244840757138 ], [ 112.000979118232109, -7.268697064260985 ], [ 112.000980119422024, -7.269149287755695 ], [ 112.000981120675903, -7.269601511241268 ], [ 112.000982121993729, -7.270053734717707 ], [ 112.000983123375505, -7.270505958185009 ], [ 112.000984124821258, -7.270958181643174 ], [ 112.000985126330946, -7.271410405092203 ], [ 112.000986127904611, -7.271862628532092 ], [ 112.00098712954221, -7.272314851962842 ], [ 112.000988131243787, -7.272767075384455 ], [ 112.000989133009313, -7.273219298796925 ], [ 112.000990134838801, -7.273671522200257 ], [ 112.000991136732239, -7.274123745594446 ], [ 112.000992138689654, -7.274575968979499 ], [ 112.000993140711003, -7.275028192355403 ], [ 112.000994142796344, -7.275480415722171 ], [ 112.000995144945605, -7.275932639079791 ], [ 112.000996147158858, -7.276384862428268 ], [ 112.00099714943606, -7.276837085767602 ], [ 112.000998151777225, -7.277289309097791 ], [ 112.000999154182352, -7.277741532418835 ], [ 112.001000156651429, -7.278193755730737 ], [ 112.001001159184483, -7.278645979033485 ], [ 112.0010021617815, -7.279098202327092 ], [ 112.001003164442466, -7.279550425611548 ], [ 112.001004167167409, -7.280002648886858 ], [ 112.001005169956301, -7.280454872153017 ], [ 112.001006172809156, -7.28090709541003 ], [ 112.001007175725988, -7.281359318657891 ], [ 112.001008178706769, -7.281811541896602 ], [ 112.001009181751527, -7.282263765126165 ], [ 112.001010184860235, -7.282715988346569 ], [ 112.001011188032919, -7.283168211557826 ], [ 112.001012191269581, -7.283620434759931 ], [ 112.001013194570191, -7.284072657952882 ], [ 112.001014197934779, -7.284524881136678 ], [ 112.001015201363316, -7.284977104311325 ], [ 112.00101620485583, -7.285429327476812 ], [ 112.001017208412321, -7.285881550633145 ], [ 112.001018212032761, -7.286333773780324 ], [ 112.001019215717179, -7.286785996918343 ], [ 112.001020219465559, -7.287238220047206 ], [ 112.001021223277917, -7.287690443166916 ], [ 112.001022227154223, -7.288142666277461 ], [ 112.001023231094521, -7.28859488937885 ], [ 112.001024235098768, -7.289047112471084 ], [ 112.001025239167006, -7.289499335554154 ], [ 112.001026243299194, -7.289951558628063 ], [ 112.001027247495358, -7.290403781692813 ], [ 112.0010282517555, -7.290856004748401 ], [ 112.001029256079605, -7.291308227794825 ], [ 112.001030260467672, -7.29176045083209 ], [ 112.001031264919718, -7.292212673860192 ], [ 112.00103226943574, -7.292664896879124 ], [ 112.001033274015739, -7.293117119888901 ], [ 112.001034278659702, -7.293569342889508 ], [ 112.001035283367642, -7.294021565880952 ], [ 112.001036288139545, -7.294473788863228 ], [ 112.001037292975425, -7.294926011836337 ], [ 112.001038297875283, -7.295378234800279 ], [ 112.001039302839118, -7.295830457755057 ], [ 112.00104030786693, -7.296282680700663 ], [ 112.001041312958691, -7.296734903637101 ], [ 112.001042318114457, -7.297187126564372 ], [ 112.001043323334173, -7.297639349482471 ], [ 112.00104432861788, -7.2980915723914 ], [ 112.001045333965564, -7.29854379529116 ], [ 112.001046339377211, -7.298996018181745 ], [ 112.00104734485285, -7.29944824106316 ], [ 112.001048350392466, -7.299900463935404 ], [ 112.001049355996045, -7.300352686798472 ], [ 112.001050361663602, -7.300804909652367 ], [ 112.001051367395149, -7.301257132497089 ], [ 112.001052373190674, -7.301709355332637 ], [ 112.001053379050163, -7.302161578159009 ], [ 112.001054384973642, -7.302613800976204 ], [ 112.001055390961085, -7.303066023784222 ], [ 112.001056397012519, -7.303518246583062 ], [ 112.00105740312793, -7.303970469372729 ], [ 112.001058409307333, -7.304422692153214 ], [ 112.001059415550699, -7.30487491492452 ], [ 112.001060421858043, -7.305327137686648 ], [ 112.001061428229377, -7.305779360439599 ], [ 112.001062434664703, -7.306231583183369 ], [ 112.001063441163993, -7.306683805917956 ], [ 112.001064447727273, -7.30713602864336 ], [ 112.001065454354517, -7.307588251359583 ], [ 112.001066461045767, -7.308040474066624 ], [ 112.001067467800979, -7.308492696764481 ], [ 112.001068474620197, -7.308944919453157 ], [ 112.001069481503379, -7.309397142132648 ], [ 112.001070488450551, -7.309849364802953 ], [ 112.001071495461716, -7.310301587464073 ], [ 112.001072502536857, -7.310753810116006 ], [ 112.00107350967599, -7.311206032758753 ], [ 112.0010745168791, -7.311658255392314 ], [ 112.001075524146188, -7.312110478016687 ], [ 112.001076531477281, -7.312562700631874 ], [ 112.001077538872337, -7.313014923237868 ], [ 112.001078546331385, -7.313467145834676 ], [ 112.001079553854439, -7.313919368422292 ], [ 112.001080561441455, -7.314371591000719 ], [ 112.001081569092463, -7.314823813569952 ], [ 112.001082576807462, -7.315276036129999 ], [ 112.001083584586453, -7.315728258680851 ], [ 112.001084592429436, -7.316180481222511 ], [ 112.001085600336395, -7.316632703754977 ], [ 112.001086608307347, -7.317084926278249 ], [ 112.001087616342289, -7.31753714879233 ], [ 112.001088624441238, -7.317989371297213 ], [ 112.001089632604149, -7.318441593792902 ], [ 112.001090640831066, -7.318893816279394 ], [ 112.00109164912196, -7.319346038756688 ], [ 112.00109265747686, -7.319798261224788 ], [ 112.001093665895738, -7.320250483683692 ], [ 112.001094674378606, -7.320702706133394 ], [ 112.001095682925481, -7.321154928573896 ], [ 112.001096691536333, -7.321607151005205 ], [ 112.001097700211176, -7.32205937342731 ], [ 112.001098708950025, -7.322511595840216 ], [ 112.001099717752865, -7.322963818243918 ], [ 112.001100726619683, -7.32341604063842 ], [ 112.001101735550506, -7.32386826302372 ], [ 112.001102744545321, -7.324320485399819 ], [ 112.001103753604127, -7.324772707766714 ], [ 112.001104762726925, -7.325224930124406 ], [ 112.001105771913728, -7.325677152472894 ], [ 112.001106781164523, -7.326129374812175 ], [ 112.00110779047931, -7.326581597142249 ], [ 112.001108799858088, -7.327033819463123 ], [ 112.001109809300871, -7.327486041774787 ], [ 112.001110818807632, -7.327938264077243 ], [ 112.001111828378413, -7.328390486370496 ], [ 112.001112838013185, -7.328842708654534 ], [ 112.001113847711949, -7.329294930929369 ], [ 112.001114857474718, -7.32974715319499 ], [ 112.001115867301479, -7.330199375451405 ], [ 112.001116877192246, -7.330651597698608 ], [ 112.001117887146989, -7.331103819936601 ], [ 112.001118897165753, -7.33155604216538 ], [ 112.001119907248508, -7.33200826438495 ], [ 112.001120917395255, -7.332460486595306 ], [ 112.001121927606007, -7.332912708796449 ], [ 112.001122937880766, -7.333364930988377 ], [ 112.001123948219529, -7.333817153171095 ], [ 112.001124958622285, -7.334269375344594 ], [ 112.001125969089031, -7.334721597508877 ], [ 112.001126979619784, -7.335173819663947 ], [ 112.001127990214556, -7.3356260418098 ] ] ] } },
{ "type": "Feature", "properties": { "Line": 204, "begin": 2041180.5, "end": 2042096.5 }, "geometry": { "type": "MultiLineString", "coordinates": [ [ [ 111.928449275372941, -7.23583818146844 ], [ 111.928450199781651, -7.236290415318153 ], [ 111.928451124249662, -7.236742649158784 ], [ 111.928452048776975, -7.237194882990339 ], [ 111.928452973363591, -7.237647116812821 ], [ 111.928453898009522, -7.238099350626221 ], [ 111.928454822714755, -7.238551584430542 ], [ 111.928455747479305, -7.239003818225785 ], [ 111.928456672303156, -7.239456052011952 ], [ 111.928457597186323, -7.239908285789035 ], [ 111.928458522128793, -7.240360519557037 ], [ 111.928459447130564, -7.240812753315958 ], [ 111.928460372191651, -7.241264987065799 ], [ 111.928461297312055, -7.241717220806557 ], [ 111.92846222249176, -7.242169454538232 ], [ 111.928463147730767, -7.242621688260826 ], [ 111.928464073029104, -7.243073921974335 ], [ 111.928464998386744, -7.243526155678757 ], [ 111.928465923803699, -7.243978389374095 ], [ 111.928466849279957, -7.244430623060347 ], [ 111.92846777481553, -7.244882856737513 ], [ 111.928468700410406, -7.24533509040559 ], [ 111.928469626064611, -7.245787324064583 ], [ 111.928470551778119, -7.246239557714489 ], [ 111.928471477550929, -7.246691791355305 ], [ 111.928472403383068, -7.247144024987033 ], [ 111.92847332927451, -7.24759625860967 ], [ 111.928474255225268, -7.248048492223218 ], [ 111.928475181235342, -7.248500725827674 ], [ 111.928476107304732, -7.248952959423041 ], [ 111.928477033433438, -7.249405193009313 ], [ 111.928477959621461, -7.249857426586495 ], [ 111.928478885868785, -7.250309660154584 ], [ 111.928479812175425, -7.25076189371358 ], [ 111.928480738541396, -7.251214127263482 ], [ 111.928481664966668, -7.251666360804289 ], [ 111.928482591451271, -7.252118594335998 ], [ 111.928483517995176, -7.252570827858616 ], [ 111.928484444598396, -7.253023061372136 ], [ 111.928485371260948, -7.253475294876558 ], [ 111.928486297982815, -7.253927528371885 ], [ 111.928487224763998, -7.254379761858113 ], [ 111.928488151604483, -7.254831995335244 ], [ 111.928489078504299, -7.255284228803275 ], [ 111.928490005463431, -7.255736462262202 ], [ 111.928490932481878, -7.256188695712035 ], [ 111.928491859559657, -7.256640929152766 ], [ 111.928492786696737, -7.257093162584394 ], [ 111.928493713893161, -7.257545396006923 ], [ 111.928494641148887, -7.25799762942035 ], [ 111.92849556846393, -7.258449862824671 ], [ 111.928496495838303, -7.25890209621989 ], [ 111.928497423272006, -7.259354329606007 ], [ 111.928498350765011, -7.259806562983015 ], [ 111.928499278317346, -7.260258796350919 ], [ 111.928500205928998, -7.26071102970972 ], [ 111.92850113359998, -7.261163263059415 ], [ 111.928502061330278, -7.2616154964 ], [ 111.928502989119906, -7.262067729731482 ], [ 111.92850391696885, -7.262519963053853 ], [ 111.928504844877111, -7.262972196367116 ], [ 111.928505772844701, -7.263424429671272 ], [ 111.928506700871608, -7.263876662966315 ], [ 111.92850762895786, -7.264328896252249 ], [ 111.928508557103427, -7.264781129529075 ], [ 111.928509485308311, -7.265233362796788 ], [ 111.928510413572525, -7.265685596055387 ], [ 111.928511341896069, -7.266137829304879 ], [ 111.928512270278915, -7.266590062545253 ], [ 111.92851319872112, -7.267042295776517 ], [ 111.928514127222627, -7.267494528998666 ], [ 111.928515055783478, -7.267946762211698 ], [ 111.928515984403631, -7.268398995415619 ], [ 111.928516913083129, -7.268851228610424 ], [ 111.928517841821943, -7.269303461796111 ], [ 111.928518770620101, -7.26975569497268 ], [ 111.928519699477576, -7.270207928140135 ], [ 111.928520628394381, -7.27066016129847 ], [ 111.928521557370516, -7.271112394447687 ], [ 111.928522486405981, -7.271564627587787 ], [ 111.928523415500763, -7.272016860718765 ], [ 111.928524344654889, -7.272469093840624 ], [ 111.928525273868345, -7.272921326953361 ], [ 111.928526203141118, -7.273373560056979 ], [ 111.928527132473235, -7.273825793151474 ], [ 111.928528061864668, -7.274278026236848 ], [ 111.928528991315446, -7.274730259313098 ], [ 111.92852992082554, -7.275182492380223 ], [ 111.928530850394978, -7.275634725438226 ], [ 111.928531780023732, -7.276086958487105 ], [ 111.928532709711831, -7.276539191526858 ], [ 111.92853363945926, -7.276991424557483 ], [ 111.92853456926602, -7.277443657578985 ], [ 111.92853549913211, -7.27789589059136 ], [ 111.928536429057544, -7.27834812359461 ], [ 111.928537359042295, -7.27880035658873 ], [ 111.92853828908639, -7.279252589573719 ], [ 111.928539219189815, -7.279704822549582 ], [ 111.928540149352585, -7.280157055516316 ], [ 111.928541079574686, -7.280609288473915 ], [ 111.928542009856116, -7.28106152142239 ], [ 111.928542940196863, -7.281513754361732 ], [ 111.928543870596968, -7.281965987291938 ], [ 111.928544801056418, -7.282418220213017 ], [ 111.928545731575184, -7.282870453124961 ], [ 111.928546662153295, -7.283322686027772 ], [ 111.928547592790736, -7.283774918921448 ], [ 111.928548523487507, -7.284227151805989 ], [ 111.928549454243637, -7.284679384681397 ], [ 111.928550385059097, -7.28513161754767 ], [ 111.928551315933888, -7.285583850404805 ], [ 111.928552246868023, -7.286036083252805 ], [ 111.928553177861488, -7.286488316091666 ], [ 111.928554108914298, -7.286940548921388 ], [ 111.928555040026453, -7.287392781741971 ], [ 111.928555971197937, -7.287845014553421 ], [ 111.928556902428767, -7.288297247355725 ], [ 111.928557833718926, -7.288749480148893 ], [ 111.928558765068431, -7.289201712932921 ], [ 111.928559696477279, -7.289653945707804 ], [ 111.928560627945458, -7.290106178473549 ], [ 111.928561559472996, -7.290558411230152 ], [ 111.928562491059864, -7.291010643977609 ], [ 111.928563422706077, -7.291462876715922 ], [ 111.92856435441162, -7.291915109445096 ], [ 111.928565286176521, -7.292367342165121 ], [ 111.928566218000753, -7.292819574876002 ], [ 111.92856714988433, -7.29327180757774 ], [ 111.928568081827265, -7.293724040270329 ], [ 111.928569013829517, -7.29417627295377 ], [ 111.928569945891141, -7.294628505628068 ], [ 111.928570878012081, -7.295080738293215 ], [ 111.928571810192381, -7.295532970949211 ], [ 111.928572742432024, -7.295985203596064 ], [ 111.928573674730998, -7.296437436233765 ], [ 111.928574607089331, -7.296889668862316 ], [ 111.928575539507008, -7.297341901481715 ], [ 111.928576471984044, -7.297794134091967 ], [ 111.928577404520411, -7.298246366693066 ], [ 111.928578337116107, -7.29869859928501 ], [ 111.928579269771177, -7.2991508318678 ], [ 111.928580202485577, -7.29960306444144 ], [ 111.928581135259336, -7.300055297005928 ], [ 111.928582068092439, -7.300507529561258 ], [ 111.928583000984887, -7.300959762107433 ], [ 111.928583933936679, -7.301411994644454 ], [ 111.92858486694783, -7.301864227172318 ], [ 111.928585800018311, -7.302316459691028 ], [ 111.928586733148165, -7.302768692200575 ], [ 111.92858766633735, -7.303220924700968 ], [ 111.928588599585893, -7.3036731571922 ], [ 111.928589532893781, -7.304125389674276 ], [ 111.928590466261028, -7.304577622147193 ], [ 111.928591399687605, -7.305029854610947 ], [ 111.928592333173555, -7.305482087065545 ], [ 111.928593266718835, -7.305934319510978 ], [ 111.928594200323488, -7.30638655194725 ], [ 111.928595133987486, -7.306838784374362 ], [ 111.928596067710828, -7.307291016792306 ], [ 111.928597001493515, -7.307743249201091 ], [ 111.928597935335574, -7.30819548160071 ], [ 111.928598869236978, -7.308647713991164 ], [ 111.928599803197727, -7.309099946372455 ], [ 111.928600737217835, -7.309552178744581 ], [ 111.928601671297315, -7.310004411107539 ], [ 111.928602605436112, -7.310456643461333 ], [ 111.928603539634281, -7.310908875805957 ], [ 111.928604473891824, -7.311361108141411 ], [ 111.928605408208696, -7.311813340467701 ], [ 111.928606342584928, -7.312265572784821 ], [ 111.928607277020518, -7.312717805092772 ], [ 111.928608211515467, -7.313170037391552 ], [ 111.928609146069761, -7.31362226968116 ], [ 111.928610080683413, -7.314074501961602 ], [ 111.928611015356438, -7.314526734232866 ], [ 111.928611950088808, -7.314978966494961 ], [ 111.928612884880536, -7.315431198747881 ], [ 111.928613819731623, -7.31588343099163 ], [ 111.928614754642055, -7.316335663226209 ], [ 111.928615689611846, -7.316787895451606 ], [ 111.928616624641009, -7.317240127667831 ], [ 111.928617559729531, -7.317692359874882 ], [ 111.928618494877398, -7.318144592072755 ], [ 111.928619430084638, -7.318596824261454 ], [ 111.928620365351236, -7.319049056440971 ], [ 111.928621300677193, -7.319501288611312 ], [ 111.928622236062509, -7.319953520772477 ], [ 111.928623171507169, -7.320405752924462 ], [ 111.928624107011203, -7.320857985067265 ], [ 111.928625042574609, -7.321310217200891 ], [ 111.92862597819736, -7.321762449325336 ], [ 111.928626913879469, -7.322214681440598 ], [ 111.928627849620952, -7.322666913546681 ], [ 111.928628785421793, -7.323119145643579 ], [ 111.928629721282007, -7.323571377731295 ], [ 111.928630657201566, -7.32402360980983 ], [ 111.928631593180484, -7.324475841879181 ], [ 111.928632529218788, -7.324928073939346 ], [ 111.928633465316437, -7.325380305990324 ], [ 111.92863440147346, -7.325832538032121 ], [ 111.92863533768984, -7.32628477006473 ], [ 111.92863627396558, -7.326737002088149 ], [ 111.928637210300693, -7.327189234102385 ], [ 111.928638146695178, -7.327641466107431 ], [ 111.928639083149008, -7.328093698103288 ], [ 111.928640019662211, -7.32854593008996 ], [ 111.928640956234801, -7.328998162067438 ], [ 111.928641892866722, -7.329450394035729 ], [ 111.928642829558044, -7.32990262599483 ], [ 111.92864376630871, -7.330354857944737 ], [ 111.928644703118749, -7.330807089885452 ], [ 111.928645639988162, -7.331259321816978 ], [ 111.928646576916933, -7.331711553739312 ], [ 111.928647513905076, -7.332163785652448 ], [ 111.928648450952579, -7.332616017556394 ], [ 111.928649388059469, -7.333068249451144 ], [ 111.928650325225718, -7.333520481336699 ], [ 111.928651262451325, -7.333972713213059 ], [ 111.92865219973632, -7.334424945080222 ], [ 111.928653137080659, -7.334877176938188 ], [ 111.928654074484385, -7.33532940878696 ], [ 111.928655011947484, -7.33578164062653 ], [ 111.928655949469956, -7.336233872456905 ], [ 111.928656887051787, -7.33668610427808 ], [ 111.928657824693005, -7.337138336090054 ], [ 111.928658762393567, -7.337590567892831 ], [ 111.928659700153531, -7.338042799686405 ], [ 111.928660637972854, -7.338495031470777 ], [ 111.92866157585155, -7.33894726324595 ], [ 111.928662513789618, -7.33939949501192 ] ] ] } },
{ "type": "Feature", "properties": { "Line": 205, "begin": 2051180.5, "end": 2052480.5 }, "geometry": { "type": "MultiLineString", "coordinates": [ [ [ 111.889850027528709, -7.297193726277658 ], [ 111.890302954478599, -7.297192833865734 ], [ 111.890755881371604, -7.297191940999839 ], [ 111.891208808207693, -7.297191047679973 ], [ 111.891661734986798, -7.297190153906135 ], [ 111.892114661708931, -7.297189259678329 ], [ 111.892567588374035, -7.297188364996554 ], [ 111.893020514982098, -7.297187469860807 ], [ 111.893473441533104, -7.297186574271094 ], [ 111.893926368026982, -7.297185678227407 ], [ 111.894379294463747, -7.297184781729757 ], [ 111.894832220843341, -7.297183884778136 ], [ 111.895285147165751, -7.297182987372547 ], [ 111.895738073430948, -7.297182089512988 ], [ 111.896190999638875, -7.297181191199467 ], [ 111.896643925789547, -7.297180292431974 ], [ 111.897096851882907, -7.297179393210516 ], [ 111.89754977791894, -7.297178493535087 ], [ 111.898002703897589, -7.297177593405695 ], [ 111.898455629818869, -7.297176692822338 ], [ 111.898908555682723, -7.297175791785015 ], [ 111.899361481489109, -7.297174890293724 ], [ 111.899814407238026, -7.297173988348469 ], [ 111.900267332929445, -7.297173085949249 ], [ 111.900720258563311, -7.297172183096066 ], [ 111.901173184139623, -7.297171279788916 ], [ 111.901626109658338, -7.297170376027802 ], [ 111.902079035119428, -7.297169471812725 ], [ 111.902531960522865, -7.297168567143684 ], [ 111.902984885868634, -7.297167662020679 ], [ 111.903437811156664, -7.297166756443712 ], [ 111.903890736386984, -7.297165850412781 ], [ 111.904343661559523, -7.297164943927889 ], [ 111.904796586674252, -7.297164036989034 ], [ 111.905249511731157, -7.297163129596217 ], [ 111.905702436730223, -7.297162221749437 ], [ 111.906155361671409, -7.297161313448698 ], [ 111.906608286554658, -7.297160404693996 ], [ 111.907061211379983, -7.297159495485336 ], [ 111.907514136147341, -7.297158585822713 ], [ 111.907967060856677, -7.297157675706127 ], [ 111.908419985508004, -7.297156765135585 ], [ 111.908872910101266, -7.297155854111083 ], [ 111.909325834636434, -7.297154942632621 ], [ 111.909778759113493, -7.297154030700201 ], [ 111.910231683532416, -7.297153118313819 ], [ 111.91068460789316, -7.297152205473481 ], [ 111.911137532195696, -7.297151292179186 ], [ 111.91159045644001, -7.29715037843093 ], [ 111.912043380626045, -7.297149464228717 ], [ 111.912496304753816, -7.297148549572547 ], [ 111.912949228823251, -7.297147634462421 ], [ 111.913402152834351, -7.297146718898337 ], [ 111.913855076787058, -7.297145802880296 ], [ 111.914308000681373, -7.297144886408303 ], [ 111.914760924517253, -7.297143969482348 ], [ 111.91521384829467, -7.297143052102441 ], [ 111.915666772013594, -7.297142134268575 ], [ 111.916119695673999, -7.297141215980756 ], [ 111.91657261927584, -7.297140297238982 ], [ 111.917025542819118, -7.297139378043255 ], [ 111.917478466303791, -7.297138458393571 ], [ 111.91793138972983, -7.297137538289934 ], [ 111.918384313097178, -7.29713661773234 ], [ 111.918837236405849, -7.2971356967208 ], [ 111.919290159655802, -7.297134775255302 ], [ 111.919743082846992, -7.297133853335852 ], [ 111.92019600597942, -7.297132930962449 ], [ 111.920648929053016, -7.297132008135095 ], [ 111.921101852067792, -7.297131084853788 ], [ 111.921554775023679, -7.29713016111853 ], [ 111.922007697920677, -7.29712923692932 ], [ 111.922460620758741, -7.297128312286158 ], [ 111.922913543537859, -7.297127387189047 ], [ 111.923366466258003, -7.297126461637984 ], [ 111.923819388919128, -7.297125535632969 ], [ 111.924272311521221, -7.297124609174009 ], [ 111.924725234064226, -7.297123682261095 ], [ 111.925178156548142, -7.297122754894234 ], [ 111.925631078972913, -7.297121827073423 ], [ 111.926084001338538, -7.297120898798663 ], [ 111.926536923644989, -7.297119970069953 ], [ 111.926989845892209, -7.297119040887295 ], [ 111.927442768080184, -7.297118111250692 ], [ 111.927895690208899, -7.297117181160139 ], [ 111.928348612278313, -7.29711625061564 ], [ 111.928801534288382, -7.297115319617194 ], [ 111.929254456239093, -7.297114388164799 ], [ 111.929707378130416, -7.297113456258457 ], [ 111.93016029996231, -7.297112523898171 ], [ 111.930613221734774, -7.29711159108394 ], [ 111.931066143447765, -7.297110657815762 ], [ 111.931519065101241, -7.29710972409364 ], [ 111.931971986695203, -7.29710878991757 ], [ 111.932424908229578, -7.297107855287558 ], [ 111.932877829704381, -7.297106920203597 ], [ 111.933330751119541, -7.297105984665697 ], [ 111.933783672475073, -7.297105048673852 ], [ 111.934236593770919, -7.297104112228062 ], [ 111.934689515007051, -7.297103175328327 ], [ 111.935142436183455, -7.297102237974653 ], [ 111.935595357300102, -7.297101300167034 ], [ 111.936048278356935, -7.297100361905473 ], [ 111.93650119935397, -7.297099423189969 ], [ 111.936954120291134, -7.297098484020523 ], [ 111.937407041168427, -7.297097544397137 ], [ 111.937859961985808, -7.29709660431981 ], [ 111.938312882743233, -7.297095663788541 ], [ 111.938765803440702, -7.29709472280333 ], [ 111.939218724078188, -7.297093781364181 ], [ 111.939671644655647, -7.297092839471088 ], [ 111.940124565173036, -7.29709189712406 ], [ 111.940577485630342, -7.297090954323092 ], [ 111.941030406027551, -7.297090011068181 ], [ 111.941483326364605, -7.297089067359332 ], [ 111.941936246641504, -7.297088123196545 ], [ 111.942389166858192, -7.297087178579821 ], [ 111.94284208701464, -7.297086233509158 ], [ 111.943295007110848, -7.297085287984557 ], [ 111.943747927146788, -7.297084342006019 ], [ 111.944200847122389, -7.297083395573543 ], [ 111.944653767037636, -7.297082448687131 ], [ 111.94510668689253, -7.297081501346782 ], [ 111.945559606687013, -7.297080553552495 ], [ 111.946012526421072, -7.297079605304276 ], [ 111.946465446094678, -7.297078656602118 ], [ 111.946918365707788, -7.297077707446026 ], [ 111.947371285260374, -7.297076757835996 ], [ 111.947824204752422, -7.297075807772034 ], [ 111.948277124183889, -7.297074857254139 ], [ 111.948730043554761, -7.297073906282307 ], [ 111.949182962864981, -7.297072954856542 ], [ 111.949635882114563, -7.297072002976844 ], [ 111.950088801303437, -7.297071050643212 ], [ 111.950541720431602, -7.297070097855646 ], [ 111.950994639499015, -7.297069144614149 ], [ 111.951447558505649, -7.297068190918718 ], [ 111.951900477451474, -7.297067236769356 ], [ 111.952353396336463, -7.297066282166059 ], [ 111.952806315160601, -7.297065327108834 ], [ 111.953259233923831, -7.297064371597677 ], [ 111.953712152626153, -7.297063415632589 ], [ 111.954165071267511, -7.297062459213568 ], [ 111.95461798984789, -7.29706150234062 ], [ 111.955070908367247, -7.29706054501374 ], [ 111.955523826825583, -7.297059587232932 ], [ 111.955976745222856, -7.297058628998193 ], [ 111.956429663559021, -7.297057670309525 ], [ 111.956882581834066, -7.297056711166928 ], [ 111.957335500047961, -7.297055751570401 ], [ 111.957788418200664, -7.297054791519948 ], [ 111.958241336292161, -7.297053831015567 ], [ 111.95869425432241, -7.297052870057257 ], [ 111.959147172291409, -7.297051908645019 ], [ 111.959600090199089, -7.297050946778853 ], [ 111.960053008045449, -7.297049984458765 ], [ 111.960505925830461, -7.297049021684749 ], [ 111.960958843554067, -7.297048058456804 ], [ 111.961411761216269, -7.297047094774936 ], [ 111.961864678817037, -7.297046130639138 ], [ 111.962317596356328, -7.297045166049419 ], [ 111.962770513834116, -7.297044201005773 ], [ 111.96322343125037, -7.297043235508202 ], [ 111.963676348605063, -7.297042269556708 ], [ 111.96412926589818, -7.297041303151289 ], [ 111.964582183129664, -7.297040336291944 ], [ 111.965035100299517, -7.297039368978682 ], [ 111.965488017407694, -7.297038401211491 ], [ 111.965940934454167, -7.297037432990378 ], [ 111.966393851438909, -7.297036464315344 ], [ 111.966846768361876, -7.297035495186387 ], [ 111.967299685223068, -7.297034525603508 ], [ 111.967752602022443, -7.297033555566705 ], [ 111.968205518759959, -7.297032585075987 ], [ 111.968658435435586, -7.297031614131342 ], [ 111.969111352049325, -7.297030642732778 ], [ 111.969564268601133, -7.297029670880292 ], [ 111.970017185090953, -7.297028698573888 ], [ 111.970470101518799, -7.297027725813563 ], [ 111.970923017884616, -7.297026752599318 ], [ 111.971375934188401, -7.297025778931153 ], [ 111.971828850430072, -7.297024804809072 ], [ 111.972281766609655, -7.297023830233072 ], [ 111.972734682727108, -7.29702285520315 ], [ 111.973187598782388, -7.297021879719313 ], [ 111.973640514775468, -7.297020903781557 ], [ 111.974093430706318, -7.297019927389885 ], [ 111.974546346574925, -7.297018950544294 ], [ 111.974999262381246, -7.297017973244786 ], [ 111.975452178125266, -7.297016995491362 ], [ 111.975905093806929, -7.297016017284023 ], [ 111.976358009426235, -7.297015038622768 ], [ 111.976810924983141, -7.297014059507596 ], [ 111.977263840477619, -7.297013079938507 ], [ 111.977716755909626, -7.297012099915505 ], [ 111.978169671279161, -7.297011119438588 ], [ 111.978622586586198, -7.297010138507757 ], [ 111.979075501830664, -7.297009157123014 ], [ 111.979528417012574, -7.297008175284354 ], [ 111.979981332131885, -7.297007192991781 ], [ 111.980434247188555, -7.297006210245295 ], [ 111.980887162182583, -7.297005227044896 ], [ 111.981340077113913, -7.297004243390586 ], [ 111.981792991982516, -7.29700325928236 ], [ 111.982245906788393, -7.297002274720225 ], [ 111.982698821531486, -7.297001289704177 ], [ 111.983151736211781, -7.297000304234221 ], [ 111.983604650829236, -7.29699931831035 ], [ 111.984057565383836, -7.296998331932568 ], [ 111.984510479875553, -7.296997345100878 ], [ 111.984963394304344, -7.296996357815276 ], [ 111.985416308670182, -7.296995370075766 ], [ 111.985869222973051, -7.296994381882344 ], [ 111.986322137212909, -7.296993393235015 ], [ 111.986775051389742, -7.296992404133777 ], [ 111.987227965503493, -7.29699141457863 ], [ 111.987680879554176, -7.296990424569572 ], [ 111.988133793541735, -7.296989434106609 ], [ 111.988586707466126, -7.296988443189738 ], [ 111.98903962132735, -7.296987451818958 ], [ 111.989492535125351, -7.296986459994275 ], [ 111.989945448860126, -7.29698546771568 ], [ 111.990398362531636, -7.296984474983182 ], [ 111.99085127613985, -7.296983481796777 ], [ 111.99130418968474, -7.296982488156464 ], [ 111.991757103166279, -7.296981494062245 ], [ 111.992210016584437, -7.296980499514126 ], [ 111.992662929939172, -7.296979504512096 ], [ 111.993115843230484, -7.296978509056168 ], [ 111.993568756458316, -7.296977513146331 ], [ 111.994021669622654, -7.296976516782591 ], [ 111.99447458272347, -7.296975519964948 ], [ 111.99492749576072, -7.296974522693401 ], [ 111.995380408734405, -7.296973524967953 ], [ 111.995833321644454, -7.296972526788597 ], [ 111.996286234490867, -7.296971528155341 ], [ 111.99673914727363, -7.296970529068185 ], [ 111.997192059992656, -7.296969529527127 ], [ 111.99764497264799, -7.296968529532166 ], [ 111.998097885239531, -7.296967529083303 ], [ 111.998550797767308, -7.296966528180541 ], [ 111.999003710231264, -7.296965526823878 ], [ 111.999456622631385, -7.296964525013314 ], [ 111.999909534967614, -7.296963522748853 ], [ 112.000362447239951, -7.296962520030486 ], [ 112.000815359448367, -7.296961516858224 ], [ 112.001268271592792, -7.296960513232065 ], [ 112.001721183673254, -7.296959509152003 ], [ 112.002174095689696, -7.296958504618045 ], [ 112.002627007642076, -7.296957499630187 ], [ 112.003079919530393, -7.296956494188434 ], [ 112.003532831354605, -7.29695548829278 ], [ 112.003985743114683, -7.296954481943233 ], [ 112.004438654810585, -7.296953475139786 ], [ 112.004891566442311, -7.296952467882446 ], [ 112.005344478009803, -7.296951460171205 ], [ 112.005797389513049, -7.296950452006072 ], [ 112.006250300952019, -7.296949443387039 ], [ 112.006703212326684, -7.296948434314113 ], [ 112.007156123637003, -7.296947424787294 ], [ 112.007609034882975, -7.296946414806578 ], [ 112.008061946064529, -7.296945404371971 ], [ 112.00851485718168, -7.296944393483466 ], [ 112.008967768234371, -7.29694338214107 ], [ 112.009420679222586, -7.296942370344778 ], [ 112.009873590146285, -7.296941358094596 ], [ 112.010326501005437, -7.296940345390516 ], [ 112.01077941180003, -7.29693933223255 ], [ 112.011232322530034, -7.296938318620692 ], [ 112.011685233195394, -7.296937304554937 ], [ 112.012138143796108, -7.296936290035294 ], [ 112.012591054332134, -7.296935275061757 ], [ 112.013043964803458, -7.296934259634329 ], [ 112.013496875210038, -7.296933243753013 ], [ 112.013949785551844, -7.296932227417807 ], [ 112.014402695828849, -7.29693121062871 ], [ 112.014855606041024, -7.296930193385722 ], [ 112.015308516188355, -7.296929175688845 ], [ 112.015761426270785, -7.296928157538082 ], [ 112.0162143362883, -7.296927138933428 ], [ 112.016667246240871, -7.296926119874887 ], [ 112.017120156128485, -7.296925100362457 ], [ 112.017573065951083, -7.296924080396137 ], [ 112.018025975708653, -7.296923059975932 ], [ 112.018478885401166, -7.296922039101842 ], [ 112.018931795028578, -7.296921017773862 ], [ 112.019384704590891, -7.296919995991998 ], [ 112.019837614088033, -7.296918973756244 ], [ 112.020290523520018, -7.296917951066609 ], [ 112.020743432886789, -7.296916927923084 ], [ 112.021196342188333, -7.296915904325679 ], [ 112.02164925142462, -7.296914880274385 ], [ 112.022102160595608, -7.296913855769207 ], [ 112.022555069701269, -7.296912830810148 ], [ 112.023007978741589, -7.296911805397201 ], [ 112.023460887716539, -7.296910779530373 ], [ 112.023913796626076, -7.29690975320966 ], [ 112.024366705470172, -7.296908726435064 ], [ 112.024819614248813, -7.296907699206586 ], [ 112.025272522961956, -7.296906671524225 ], [ 112.025725431609558, -7.296905643387984 ], [ 112.02617834019162, -7.296904614797861 ], [ 112.026631248708114, -7.296903585753856 ], [ 112.027084157158995, -7.296902556255967 ], [ 112.027537065544237, -7.296901526304201 ], [ 112.027989973863797, -7.296900495898555 ], [ 112.028442882117673, -7.296899465039028 ], [ 112.02889579030581, -7.29689843372562 ], [ 112.029348698428208, -7.296897401958335 ], [ 112.029801606484824, -7.296896369737167 ], [ 112.030254514475629, -7.296895337062126 ], [ 112.030707422400582, -7.296894303933202 ], [ 112.031160330259667, -7.296893270350401 ], [ 112.031613238052856, -7.296892236313722 ], [ 112.032066145780121, -7.296891201823165 ], [ 112.032519053441419, -7.296890166878734 ], [ 112.032971961036736, -7.296889131480421 ], [ 112.033424868566058, -7.296888095628236 ], [ 112.033877776029314, -7.296887059322172 ], [ 112.034330683426489, -7.296886022562233 ], [ 112.034783590757584, -7.296884985348417 ], [ 112.035236498022542, -7.296883947680728 ], [ 112.035689405221333, -7.296882909559167 ], [ 112.036142312353945, -7.296881870983725 ], [ 112.036595219420349, -7.296880831954412 ], [ 112.037048126420487, -7.296879792471224 ] ] ] } },
{ "type": "Feature", "properties": { "Line": 210, "begin": 2101180.5, "end": 2102084.5 }, "geometry": { "type": "MultiLineString", "coordinates": [ [ [ 111.955622710886672, -7.236686445925057 ], [ 111.955623662460837, -7.237138676208247 ], [ 111.955624614096067, -7.23759090648235 ], [ 111.955625565792332, -7.238043136747368 ], [ 111.955626517549632, -7.238495367003303 ], [ 111.955627469367968, -7.238947597250156 ], [ 111.955628421247368, -7.239399827487914 ], [ 111.955629373187804, -7.239852057716591 ], [ 111.955630325189276, -7.240304287936179 ], [ 111.955631277251797, -7.240756518146677 ], [ 111.955632229375354, -7.24120874834809 ], [ 111.955633181559975, -7.241660978540412 ], [ 111.955634133805631, -7.242113208723647 ], [ 111.955635086112324, -7.242565438897785 ], [ 111.955636038480066, -7.243017669062841 ], [ 111.955636990908843, -7.2434698992188 ], [ 111.955637943398699, -7.24392212936567 ], [ 111.955638895949562, -7.244374359503445 ], [ 111.955639848561489, -7.244826589632128 ], [ 111.95564080123448, -7.245278819751717 ], [ 111.955641753968493, -7.245731049862214 ], [ 111.95564270676357, -7.246183279963615 ], [ 111.955643659619682, -7.246635510055921 ], [ 111.955644612536858, -7.247087740139133 ], [ 111.95564556551507, -7.247539970213246 ], [ 111.955646518554332, -7.247992200278263 ], [ 111.955647471654643, -7.248444430334181 ], [ 111.955648424816005, -7.248896660381005 ], [ 111.955649378038416, -7.249348890418728 ], [ 111.955650331321877, -7.249801120447352 ], [ 111.955651284666388, -7.250253350466877 ], [ 111.955652238071949, -7.250705580477301 ], [ 111.955653191538559, -7.251157810478624 ], [ 111.955654145066219, -7.251610040470847 ], [ 111.95565509865493, -7.252062270453967 ], [ 111.955656052304704, -7.252514500427984 ], [ 111.955657006015514, -7.252966730392898 ], [ 111.955657959787388, -7.253418960348711 ], [ 111.955658913620312, -7.253871190295418 ], [ 111.955659867514285, -7.254323420233022 ], [ 111.955660821469323, -7.254775650161518 ], [ 111.955661775485396, -7.255227880080912 ], [ 111.955662729562533, -7.255680109991195 ], [ 111.95566368370072, -7.256132339892372 ], [ 111.955664637899972, -7.256584569784445 ], [ 111.955665592160273, -7.257036799667409 ], [ 111.955666546481609, -7.257489029541262 ], [ 111.955667500864024, -7.257941259406009 ], [ 111.955668455307503, -7.258393489261644 ], [ 111.955669409812003, -7.258845719108171 ], [ 111.955670364377582, -7.259297948945588 ], [ 111.955671319004225, -7.25975017877389 ], [ 111.955672273691917, -7.260202408593081 ], [ 111.955673228440659, -7.26065463840316 ], [ 111.955674183250466, -7.261106868204128 ], [ 111.955675138121336, -7.261559097995979 ], [ 111.955676093053242, -7.262011327778722 ], [ 111.955677048046226, -7.262463557552346 ], [ 111.955678003100275, -7.262915787316853 ], [ 111.955678958215358, -7.263368017072247 ], [ 111.955679913391506, -7.263820246818524 ], [ 111.955680868628733, -7.264272476555683 ], [ 111.955681823927009, -7.264724706283725 ], [ 111.955682779286334, -7.265176936002652 ], [ 111.955683734706724, -7.265629165712457 ], [ 111.955684690188178, -7.266081395413145 ], [ 111.955685645730696, -7.266533625104712 ], [ 111.955686601334278, -7.266985854787159 ], [ 111.95568755699891, -7.267438084460488 ], [ 111.95568851272462, -7.267890314124689 ], [ 111.95568946851138, -7.268342543779773 ], [ 111.955690424359204, -7.268794773425737 ], [ 111.955691380268092, -7.269247003062572 ], [ 111.955692336238045, -7.269699232690289 ], [ 111.955693292269061, -7.27015146230888 ], [ 111.955694248361141, -7.270603691918345 ], [ 111.955695204514285, -7.271055921518686 ], [ 111.955696160728479, -7.271508151109902 ], [ 111.955697117003751, -7.271960380691989 ], [ 111.955698073340088, -7.272412610264949 ], [ 111.955699029737488, -7.272864839828786 ], [ 111.955699986195953, -7.273317069383491 ], [ 111.955700942715481, -7.273769298929067 ], [ 111.955701899296074, -7.27422152846552 ], [ 111.955702855937744, -7.274673757992836 ], [ 111.955703812640479, -7.275125987511025 ], [ 111.955704769404278, -7.275578217020083 ], [ 111.955705726229141, -7.276030446520009 ], [ 111.955706683115068, -7.276482676010804 ], [ 111.955707640062073, -7.276934905492468 ], [ 111.955708597070142, -7.277387134964998 ], [ 111.955709554139275, -7.277839364428393 ], [ 111.955710511269487, -7.278291593882658 ], [ 111.955711468460763, -7.278743823327783 ], [ 111.955712425713102, -7.279196052763777 ], [ 111.95571338302652, -7.279648282190632 ], [ 111.955714340401002, -7.280100511608352 ], [ 111.955715297836548, -7.280552741016933 ], [ 111.955716255333172, -7.28100497041638 ], [ 111.955717212890875, -7.281457199806688 ], [ 111.955718170509641, -7.281909429187857 ], [ 111.955719128189472, -7.282361658559888 ], [ 111.95572008593038, -7.282813887922779 ], [ 111.955721043732368, -7.28326611727653 ], [ 111.955722001595419, -7.283718346621139 ], [ 111.955722959519548, -7.284170575956606 ], [ 111.955723917504756, -7.284622805282932 ], [ 111.955724875551013, -7.285075034600117 ], [ 111.955725833658363, -7.285527263908159 ], [ 111.955726791826791, -7.285979493207057 ], [ 111.955727750056283, -7.286431722496812 ], [ 111.955728708346854, -7.28688395177742 ], [ 111.955729666698502, -7.287336181048881 ], [ 111.955730625111215, -7.287788410311198 ], [ 111.955731583585006, -7.288240639564371 ], [ 111.955732542119875, -7.288692868808395 ], [ 111.955733500715823, -7.289145098043274 ], [ 111.955734459372835, -7.289597327269002 ], [ 111.955735418090939, -7.290049556485584 ], [ 111.955736376870107, -7.290501785693015 ], [ 111.955737335710367, -7.290954014891298 ], [ 111.955738294611706, -7.291406244080427 ], [ 111.955739253574109, -7.291858473260408 ], [ 111.95574021259759, -7.29231070243124 ], [ 111.955741171682149, -7.292762931592917 ], [ 111.955742130827801, -7.293215160745446 ], [ 111.955743090034517, -7.293667389888817 ], [ 111.955744049302325, -7.294119619023036 ], [ 111.955745008631197, -7.294571848148104 ], [ 111.955745968021162, -7.295024077264012 ], [ 111.955746927472205, -7.295476306370766 ], [ 111.955747886984327, -7.295928535468365 ], [ 111.955748846557526, -7.296380764556808 ], [ 111.955749806191804, -7.296832993636094 ], [ 111.955750765887174, -7.297285222706225 ], [ 111.955751725643609, -7.297737451767195 ], [ 111.955752685461135, -7.298189680819007 ], [ 111.955753645339755, -7.298641909861663 ], [ 111.955754605279452, -7.299094138895151 ], [ 111.955755565280228, -7.299546367919486 ], [ 111.955756525342082, -7.299998596934661 ], [ 111.955757485465014, -7.30045082594067 ], [ 111.955758445649039, -7.30090305493752 ], [ 111.95575940589417, -7.30135528392521 ], [ 111.955760366200352, -7.301807512903734 ], [ 111.955761326567625, -7.302259741873093 ], [ 111.955762286995991, -7.302711970833289 ], [ 111.95576324748545, -7.30316419978432 ], [ 111.955764208035987, -7.303616428726188 ], [ 111.955765168647602, -7.304068657658887 ], [ 111.95576612932031, -7.304520886582425 ], [ 111.955767090054096, -7.304973115496789 ], [ 111.955768050848988, -7.305425344401992 ], [ 111.955769011704945, -7.305877573298025 ], [ 111.955769972621994, -7.306329802184886 ], [ 111.955770933600149, -7.306782031062584 ], [ 111.955771894639369, -7.307234259931106 ], [ 111.955772855739696, -7.307686488790463 ], [ 111.9557738169011, -7.308138717640648 ], [ 111.955774778123597, -7.308590946481658 ], [ 111.955775739407187, -7.309043175313501 ], [ 111.955776700751869, -7.30949540413617 ], [ 111.955777662157629, -7.309947632949666 ], [ 111.955778623624482, -7.310399861753989 ], [ 111.955779585152428, -7.310852090549136 ], [ 111.955780546741465, -7.311304319335109 ], [ 111.955781508391595, -7.311756548111906 ], [ 111.955782470102804, -7.312208776879531 ], [ 111.955783431875119, -7.312661005637977 ], [ 111.955784393708527, -7.313113234387245 ], [ 111.955785355603012, -7.313565463127339 ], [ 111.955786317558605, -7.314017691858251 ], [ 111.95578727957529, -7.314469920579985 ], [ 111.955788241653053, -7.314922149292543 ], [ 111.955789203791923, -7.31537437799592 ], [ 111.955790165991885, -7.315826606690115 ], [ 111.95579112825294, -7.316278835375134 ], [ 111.955792090575088, -7.316731064050967 ], [ 111.955793052958327, -7.317183292717618 ], [ 111.955794015402674, -7.317635521375093 ], [ 111.955794977908099, -7.318087750023379 ], [ 111.955795940474616, -7.318539978662482 ], [ 111.955796903102254, -7.318992207292401 ], [ 111.95579786579097, -7.319444435913136 ], [ 111.955798828540793, -7.319896664524682 ], [ 111.955799791351694, -7.32034889312705 ], [ 111.955800754223716, -7.320801121720227 ], [ 111.955801717156817, -7.321253350304217 ], [ 111.955802680151038, -7.321705578879023 ], [ 111.955803643206337, -7.32215780744464 ], [ 111.955804606322729, -7.322610036001064 ], [ 111.955805569500228, -7.323062264548303 ], [ 111.955806532738833, -7.323514493086351 ], [ 111.955807496038531, -7.323966721615207 ], [ 111.955808459399321, -7.324418950134879 ], [ 111.955809422821233, -7.324871178645352 ], [ 111.955810386304236, -7.325323407146636 ], [ 111.955811349848332, -7.325775635638731 ], [ 111.955812313453521, -7.326227864121629 ], [ 111.95581327711983, -7.326680092595334 ], [ 111.955814240847232, -7.327132321059846 ], [ 111.955815204635726, -7.327584549515162 ], [ 111.955816168485327, -7.328036777961282 ], [ 111.955817132396035, -7.328489006398211 ], [ 111.95581809636785, -7.328941234825938 ], [ 111.955819060400771, -7.329393463244473 ], [ 111.955820024494784, -7.329845691653809 ], [ 111.95582098864989, -7.330297920053945 ], [ 111.955821952866131, -7.330750148444884 ], [ 111.95582291714345, -7.331202376826623 ], [ 111.955823881481876, -7.331654605199161 ], [ 111.955824845881409, -7.3321068335625 ], [ 111.955825810342063, -7.332559061916641 ], [ 111.955826774863809, -7.33301129026158 ], [ 111.955827739446661, -7.333463518597315 ], [ 111.955828704090607, -7.333915746923852 ], [ 111.955829668795687, -7.334367975241181 ], [ 111.955830633561845, -7.334820203549308 ], [ 111.955831598389125, -7.33527243184823 ], [ 111.955832563277511, -7.335724660137949 ], [ 111.955833528227004, -7.336176888418461 ], [ 111.955834493237589, -7.33662911668977 ], [ 111.955835458309309, -7.337081344951872 ], [ 111.955836423442122, -7.337533573204768 ], [ 111.955837388636041, -7.337985801448451 ], [ 111.955838353891068, -7.338438029682933 ], [ 111.955839319207215, -7.338890257908202 ] ] ] } },
{ "type": "Feature", "properties": { "Line": 211, "begin": 2111180.5, "end": 2112560.5 }, "geometry": { "type": "MultiLineString", "coordinates": [ [ [ 111.896137108102891, -7.27004697184349 ], [ 111.896590007026191, -7.270046076452806 ], [ 111.897042905892206, -7.270045180609859 ], [ 111.897495804700895, -7.27004428431465 ], [ 111.897948703452244, -7.27004338756718 ], [ 111.898401602146222, -7.270042490367453 ], [ 111.89885450078279, -7.270041592715463 ], [ 111.89930739936193, -7.270040694611213 ], [ 111.899760297883603, -7.270039796054703 ], [ 111.900213196347792, -7.270038897045934 ], [ 111.900666094754456, -7.270037997584908 ], [ 111.90111899310358, -7.270037097671618 ], [ 111.901571891395108, -7.270036197306076 ], [ 111.902024789629039, -7.27003529648827 ], [ 111.90247768780533, -7.270034395218207 ], [ 111.902930585923968, -7.270033493495889 ], [ 111.903383483984896, -7.270032591321312 ], [ 111.903836381988114, -7.270031688694475 ], [ 111.904289279933579, -7.270030785615385 ], [ 111.904742177821262, -7.270029882084038 ], [ 111.905195075651136, -7.270028978100432 ], [ 111.905647973423171, -7.270028073664571 ], [ 111.90610087113734, -7.270027168776455 ], [ 111.906553768793614, -7.270026263436084 ], [ 111.907006666391965, -7.270025357643457 ], [ 111.907459563932363, -7.270024451398577 ], [ 111.907912461414753, -7.27002354470144 ], [ 111.908365358839163, -7.270022637552048 ], [ 111.908818256205521, -7.270021729950401 ], [ 111.909271153513814, -7.270020821896504 ], [ 111.909724050764012, -7.270019913390351 ], [ 111.91017694795606, -7.270019004431945 ], [ 111.910629845089971, -7.270018095021285 ], [ 111.911082742165689, -7.270017185158374 ], [ 111.911535639183199, -7.27001627484321 ], [ 111.911988536142459, -7.270015364075795 ], [ 111.912441433043455, -7.270014452856126 ], [ 111.912894329886157, -7.270013541184209 ], [ 111.91334722667051, -7.270012629060037 ], [ 111.913800123396513, -7.270011716483615 ], [ 111.914253020064137, -7.270010803454943 ], [ 111.914705916673327, -7.270009889974018 ], [ 111.915158813224082, -7.270008976040847 ], [ 111.915611709716359, -7.270008061655424 ], [ 111.91606460615013, -7.270007146817751 ], [ 111.91651750252538, -7.27000623152783 ], [ 111.916970398842054, -7.270005315785657 ], [ 111.91742329510015, -7.270004399591238 ], [ 111.917876191299626, -7.270003482944571 ], [ 111.918329087440441, -7.270002565845656 ], [ 111.918781983522592, -7.27000164829449 ], [ 111.919234879546039, -7.27000073029108 ], [ 111.919687775510738, -7.269999811835421 ], [ 111.920140671416675, -7.269998892927513 ], [ 111.920593567263822, -7.26999797356736 ], [ 111.921046463052164, -7.269997053754962 ], [ 111.921499358781631, -7.269996133490316 ], [ 111.921952254452236, -7.269995212773426 ], [ 111.922405150063923, -7.269994291604288 ], [ 111.922858045616678, -7.269993369982906 ], [ 111.923310941110444, -7.26999244790928 ], [ 111.923763836545248, -7.269991525383408 ], [ 111.924216731921007, -7.269990602405291 ], [ 111.924669627237719, -7.269989678974929 ], [ 111.925122522495343, -7.269988755092325 ], [ 111.925575417693864, -7.269987830757477 ], [ 111.926028312833253, -7.269986905970385 ], [ 111.926481207913454, -7.269985980731053 ], [ 111.926934102934482, -7.269985055039475 ], [ 111.927386997896264, -7.269984128895657 ], [ 111.927839892798801, -7.269983202299596 ], [ 111.928292787642036, -7.269982275251291 ], [ 111.928745682425983, -7.269981347750746 ], [ 111.929198577150572, -7.269980419797959 ], [ 111.929651471815788, -7.269979491392932 ], [ 111.930104366421602, -7.269978562535663 ], [ 111.930557260968001, -7.269977633226155 ], [ 111.931010155454928, -7.269976703464407 ], [ 111.931463049882382, -7.26997577325042 ], [ 111.931915944250292, -7.269974842584192 ], [ 111.932368838558688, -7.269973911465724 ], [ 111.932821732807497, -7.269972979895019 ], [ 111.933274626996706, -7.269972047872073 ], [ 111.933727521126272, -7.26997111539689 ], [ 111.934180415196195, -7.269970182469469 ], [ 111.934633309206419, -7.269969249089808 ], [ 111.935086203156928, -7.269968315257911 ], [ 111.935539097047695, -7.269967380973777 ], [ 111.935991990878676, -7.269966446237407 ], [ 111.936444884649859, -7.2699655110488 ], [ 111.9368977783612, -7.269964575407954 ], [ 111.937350672012684, -7.269963639314875 ], [ 111.93780356560427, -7.269962702769559 ], [ 111.938256459135943, -7.269961765772009 ], [ 111.93870935260766, -7.269960828322223 ], [ 111.939162246019407, -7.269959890420201 ], [ 111.939615139371128, -7.269958952065944 ], [ 111.940068032662836, -7.269958013259455 ], [ 111.940520925894461, -7.26995707400073 ], [ 111.940973819066002, -7.269956134289771 ], [ 111.941426712177417, -7.269955194126581 ], [ 111.941879605228678, -7.269954253511155 ], [ 111.942332498219756, -7.2699533124435 ], [ 111.942785391150622, -7.269952370923609 ], [ 111.943238284021248, -7.269951428951487 ], [ 111.943691176831607, -7.269950486527131 ], [ 111.944144069581682, -7.269949543650545 ], [ 111.944596962271419, -7.269948600321728 ], [ 111.945049854900802, -7.269947656540679 ], [ 111.945502747469803, -7.2699467123074 ], [ 111.945955639978393, -7.269945767621889 ], [ 111.946408532426531, -7.269944822484148 ], [ 111.946861424814216, -7.269943876894181 ], [ 111.947314317141391, -7.269942930851981 ], [ 111.947767209408028, -7.269941984357551 ], [ 111.948220101614126, -7.269941037410892 ], [ 111.948672993759629, -7.269940090012008 ], [ 111.949125885844524, -7.26993914216089 ], [ 111.949578777868766, -7.269938193857546 ], [ 111.950031669832342, -7.269937245101974 ], [ 111.950484561735209, -7.269936295894176 ], [ 111.950937453577353, -7.269935346234149 ], [ 111.951390345358732, -7.269934396121897 ], [ 111.951843237079331, -7.269933445557416 ], [ 111.952296128739093, -7.26993249454071 ], [ 111.952749020338018, -7.269931543071777 ], [ 111.953201911876079, -7.269930591150618 ], [ 111.953654803353217, -7.269929638777237 ], [ 111.954107694769434, -7.269928685951627 ], [ 111.954560586124686, -7.269927732673792 ], [ 111.955013477418944, -7.269926778943735 ], [ 111.955466368652182, -7.269925824761452 ], [ 111.95591925982437, -7.269924870126943 ], [ 111.956372150935493, -7.269923915040215 ], [ 111.956825041985496, -7.26992295950126 ], [ 111.957277932974378, -7.26992200351008 ], [ 111.957730823902082, -7.269921047066682 ], [ 111.95818371476858, -7.269920090171059 ], [ 111.958636605573886, -7.269919132823216 ], [ 111.959089496317915, -7.269918175023149 ], [ 111.959542387000667, -7.269917216770859 ], [ 111.959995277622127, -7.269916258066348 ], [ 111.960448168182239, -7.269915298909617 ], [ 111.960901058680975, -7.269914339300667 ], [ 111.961353949118319, -7.269913379239496 ], [ 111.961806839494258, -7.269912418726101 ], [ 111.962259729808707, -7.26991145776049 ], [ 111.962712620061694, -7.26991049634266 ], [ 111.963165510253177, -7.269909534472605 ], [ 111.963618400383112, -7.269908572150338 ], [ 111.964071290451471, -7.269907609375847 ], [ 111.964524180458227, -7.269906646149142 ], [ 111.964977070403364, -7.269905682470215 ], [ 111.965429960286841, -7.269904718339071 ], [ 111.965882850108642, -7.269903753755712 ], [ 111.966335739868725, -7.269902788720136 ], [ 111.966788629567063, -7.269901823232341 ], [ 111.967241519203625, -7.269900857292328 ], [ 111.967694408778385, -7.269899890900101 ], [ 111.968147298291314, -7.269898924055659 ], [ 111.968600187742396, -7.269897956759003 ], [ 111.969053077131591, -7.269896989010125 ], [ 111.969505966458854, -7.269896020809038 ], [ 111.969958855724173, -7.269895052155734 ], [ 111.970411744927532, -7.269894083050215 ], [ 111.970864634068874, -7.269893113492478 ], [ 111.971317523148187, -7.269892143482535 ], [ 111.971770412165441, -7.269891173020375 ], [ 111.972223301120593, -7.269890202106001 ], [ 111.972676190013644, -7.269889230739413 ], [ 111.973129078844536, -7.269888258920616 ], [ 111.973581967613256, -7.269887286649605 ], [ 111.974034856319776, -7.269886313926381 ], [ 111.974487744964051, -7.269885340750943 ], [ 111.974940633546055, -7.269884367123299 ], [ 111.975393522065787, -7.269883393043441 ], [ 111.975846410523175, -7.269882418511372 ], [ 111.976299298918221, -7.269881443527094 ], [ 111.976752187250895, -7.269880468090604 ], [ 111.977205075521155, -7.269879492201902 ], [ 111.977657963728973, -7.269878515860993 ], [ 111.97811085187432, -7.269877539067874 ], [ 111.978563739957195, -7.269876561822548 ], [ 111.979016627977515, -7.269875584125013 ], [ 111.979469515935293, -7.269874605975267 ], [ 111.9799224038305, -7.269873627373315 ], [ 111.980375291663094, -7.269872648319154 ], [ 111.980828179433033, -7.269871668812787 ], [ 111.981281067140316, -7.26987068885421 ], [ 111.981733954784914, -7.269869708443427 ], [ 111.982186842366758, -7.269868727580439 ], [ 111.982639729885861, -7.269867746265246 ], [ 111.98309261734218, -7.269866764497845 ], [ 111.983545504735687, -7.269865782278237 ], [ 111.98399839206634, -7.269864799606427 ], [ 111.984451279334138, -7.269863816482409 ], [ 111.98490416653901, -7.269862832906187 ], [ 111.985357053680971, -7.26986184887776 ], [ 111.985809940759978, -7.269860864397129 ], [ 111.986262827775988, -7.269859879464294 ], [ 111.986715714728987, -7.269858894079258 ], [ 111.987168601618947, -7.269857908242016 ], [ 111.987621488445825, -7.269856921952572 ], [ 111.988074375209607, -7.269855935210924 ], [ 111.988527261910249, -7.269854948017077 ], [ 111.988980148547739, -7.269853960371026 ], [ 111.989433035122033, -7.269852972272774 ], [ 111.989885921633103, -7.269851983722318 ], [ 111.990338808080935, -7.269850994719662 ], [ 111.990791694465486, -7.269850005264806 ], [ 111.991244580786741, -7.26984901535775 ], [ 111.991697467044645, -7.269848024998494 ], [ 111.992150353239211, -7.269847034187037 ], [ 111.992603239370354, -7.269846042923382 ], [ 111.993056125438102, -7.269845051207525 ], [ 111.993509011442384, -7.269844059039472 ], [ 111.993961897383187, -7.26984306641922 ], [ 111.994414783260495, -7.269842073346768 ], [ 111.994867669074253, -7.269841079822117 ], [ 111.99532055482446, -7.269840085845273 ], [ 111.995773440511073, -7.269839091416229 ], [ 111.99622632613405, -7.269838096534987 ], [ 111.99667921169339, -7.269837101201548 ], [ 111.997132097189024, -7.269836105415915 ], [ 111.997584982620964, -7.269835109178084 ], [ 111.998037867989169, -7.269834112488056 ], [ 111.998490753293609, -7.269833115345833 ], [ 111.998943638534229, -7.269832117751416 ], [ 111.999396523711027, -7.269831119704804 ], [ 111.999849408823991, -7.269830121205998 ], [ 112.000302293873062, -7.269829122254997 ], [ 112.000755178858228, -7.269828122851799 ], [ 112.00120806377943, -7.269827122996412 ], [ 112.001660948636683, -7.26982612268883 ], [ 112.002113833429931, -7.269825121929055 ], [ 112.002566718159144, -7.269824120717086 ], [ 112.00301960282431, -7.269823119052927 ], [ 112.003472487425384, -7.269822116936573 ], [ 112.003925371962339, -7.269821114368029 ], [ 112.00437825643516, -7.269820111347293 ], [ 112.004831140843805, -7.269819107874365 ], [ 112.005284025188232, -7.269818103949248 ], [ 112.005736909468439, -7.269817099571941 ], [ 112.006189793684399, -7.269816094742441 ], [ 112.006642677836055, -7.269815089460752 ], [ 112.007095561923393, -7.269814083726873 ], [ 112.007548445946398, -7.269813077540808 ], [ 112.008001329905014, -7.26981207090255 ], [ 112.00845421379924, -7.269811063812104 ], [ 112.008907097629034, -7.269810056269471 ], [ 112.00935998139434, -7.26980904827465 ], [ 112.009812865095185, -7.269808039827639 ], [ 112.010265748731484, -7.269807030928441 ], [ 112.010718632303252, -7.269806021577058 ], [ 112.011171515810446, -7.269805011773488 ], [ 112.011624399253023, -7.26980400151773 ], [ 112.012077282630955, -7.269802990809786 ], [ 112.012530165944241, -7.269801979649658 ], [ 112.012983049192812, -7.269800968037345 ], [ 112.01343593237668, -7.269799955972843 ], [ 112.01388881549579, -7.269798943456157 ], [ 112.014341698550112, -7.269797930487286 ], [ 112.014794581539647, -7.269796917066232 ], [ 112.015247464464323, -7.269795903192995 ], [ 112.015700347324142, -7.269794888867574 ], [ 112.016153230119059, -7.269793874089968 ], [ 112.016606112849047, -7.269792858860181 ], [ 112.017058995514091, -7.269791843178209 ], [ 112.017511878114149, -7.269790827044057 ], [ 112.017964760649207, -7.269789810457723 ], [ 112.018417643119207, -7.269788793419204 ], [ 112.018870525524136, -7.269787775928506 ], [ 112.019323407863979, -7.269786757985628 ], [ 112.019776290138694, -7.269785739590568 ], [ 112.020229172348252, -7.269784720743325 ], [ 112.02068205449261, -7.269783701443904 ], [ 112.021134936571769, -7.269782681692305 ], [ 112.021587818585672, -7.269781661488522 ], [ 112.022040700534305, -7.269780640832563 ], [ 112.022493582417653, -7.269779619724424 ], [ 112.022946464235659, -7.269778598164108 ], [ 112.02339934598831, -7.269777576151611 ], [ 112.023852227675576, -7.269776553686937 ], [ 112.024305109297416, -7.269775530770086 ], [ 112.024757990853814, -7.269774507401057 ], [ 112.025210872344744, -7.269773483579852 ], [ 112.025663753770161, -7.269772459306471 ], [ 112.026116635130052, -7.269771434580911 ], [ 112.026569516424388, -7.269770409403177 ], [ 112.027022397653127, -7.269769383773267 ], [ 112.02747527881624, -7.269768357691179 ], [ 112.027928159913714, -7.26976733115692 ], [ 112.028381040945504, -7.269766304170483 ], [ 112.028833921911598, -7.269765276731873 ], [ 112.029286802811953, -7.269764248841089 ], [ 112.02973968364654, -7.26976322049813 ], [ 112.03019256441533, -7.269762191703 ], [ 112.03064544511831, -7.269761162455693 ], [ 112.031098325755437, -7.269760132756217 ], [ 112.031551206326682, -7.269759102604566 ], [ 112.032004086832018, -7.269758072000744 ], [ 112.032456967271415, -7.269757040944749 ], [ 112.032909847644845, -7.269756009436581 ], [ 112.033362727952294, -7.269754977476246 ], [ 112.033815608193706, -7.269753945063737 ], [ 112.034268488369065, -7.269752912199059 ], [ 112.034721368478344, -7.269751878882208 ], [ 112.035174248521528, -7.26975084511319 ], [ 112.035627128498547, -7.269749810892002 ], [ 112.036080008409414, -7.269748776218645 ], [ 112.036532888254072, -7.269747741093116 ], [ 112.036985768032508, -7.269746705515418 ], [ 112.037438647744693, -7.269745669485555 ], [ 112.037891527390599, -7.269744633003522 ], [ 112.038344406970168, -7.269743596069322 ], [ 112.038797286483415, -7.269742558682955 ], [ 112.039250165930284, -7.269741520844422 ], [ 112.039703045310759, -7.26974048255372 ], [ 112.040155924624813, -7.269739443810852 ], [ 112.040608803872388, -7.269738404615817 ], [ 112.041061683053485, -7.269737364968617 ], [ 112.041514562168061, -7.269736324869253 ], [ 112.041967441216102, -7.269735284317723 ], [ 112.042420320197564, -7.269734243314027 ], [ 112.042873199112435, -7.269733201858166 ], [ 112.043326077960657, -7.269732159950143 ], [ 112.04377895674223, -7.269731117589957 ], [ 112.044231835457111, -7.269730074777605 ], [ 112.044684714105273, -7.26972903151309 ], [ 112.045137592686686, -7.269727987796412 ], [ 112.045590471201336, -7.269726943627572 ], [ 112.046043349649167, -7.269725899006571 ], [ 112.046496228030165, -7.269724853933408 ], [ 112.0469491063443, -7.269723808408081 ], [ 112.047401984591545, -7.269722762430594 ], [ 112.047854862771871, -7.269721716000947 ], [ 112.048307740885249, -7.269720669119139 ], [ 112.048760618931652, -7.269719621785169 ], [ 112.049213496911037, -7.26971857399904 ], [ 112.049666374823403, -7.269717525760753 ], [ 112.050119252668679, -7.269716477070303 ], [ 112.050572130446881, -7.269715427927697 ], [ 112.05102500815795, -7.269714378332931 ], [ 112.051477885801873, -7.269713328286008 ], [ 112.051930763378607, -7.269712277786926 ], [ 112.052383640888138, -7.269711226835687 ] ] ] } },
{ "type": "Feature", "properties": { "Line": 208, "begin": 2081180.5, "end": 2082564.5 }, "geometry": { "type": "MultiLineString", "coordinates": [ [ [ 111.946452871285842, -7.182437517342203 ], [ 111.946453806591052, -7.182889749905329 ], [ 111.946454741956671, -7.183341982459442 ], [ 111.94645567738273, -7.183794215004537 ], [ 111.946456612869213, -7.184246447540616 ], [ 111.946457548416134, -7.184698680067678 ], [ 111.946458484023481, -7.185150912585724 ], [ 111.946459419691237, -7.185603145094752 ], [ 111.946460355419447, -7.18605537759476 ], [ 111.946461291208081, -7.186507610085749 ], [ 111.94646222705714, -7.18695984256772 ], [ 111.946463162966637, -7.187412075040672 ], [ 111.946464098936559, -7.1878643075046 ], [ 111.94646503496692, -7.188316539959508 ], [ 111.946465971057705, -7.188768772405396 ], [ 111.946466907208929, -7.189221004842258 ], [ 111.946467843420578, -7.1896732372701 ], [ 111.946468779692665, -7.190125469688919 ], [ 111.946469716025177, -7.190577702098709 ], [ 111.946470652418128, -7.191029934499482 ], [ 111.946471588871518, -7.191482166891226 ], [ 111.946472525385332, -7.191934399273944 ], [ 111.946473461959584, -7.192386631647635 ], [ 111.946474398594276, -7.192838864012302 ], [ 111.946475335289392, -7.193291096367941 ], [ 111.946476272044947, -7.19374332871455 ], [ 111.946477208860941, -7.194195561052132 ], [ 111.946478145737373, -7.194647793380685 ], [ 111.94647908267423, -7.195100025700206 ], [ 111.946480019671526, -7.195552258010702 ], [ 111.946480956729246, -7.196004490312164 ], [ 111.94648189384742, -7.196456722604595 ], [ 111.946482831026032, -7.196908954887997 ], [ 111.946483768265082, -7.197361187162363 ], [ 111.946484705564572, -7.197813419427697 ], [ 111.946485642924486, -7.198265651683997 ], [ 111.946486580344839, -7.198717883931264 ], [ 111.946487517825631, -7.199170116169495 ], [ 111.946488455366875, -7.199622348398695 ], [ 111.946489392968559, -7.200074580618856 ], [ 111.946490330630667, -7.200526812829979 ], [ 111.946491268353228, -7.200979045032071 ], [ 111.946492206136213, -7.201431277225121 ], [ 111.946493143979652, -7.201883509409132 ], [ 111.946494081883515, -7.202335741584109 ], [ 111.946495019847831, -7.202787973750043 ], [ 111.946495957872585, -7.20324020590694 ], [ 111.946496895957779, -7.203692438054795 ], [ 111.946497834103425, -7.204144670193612 ], [ 111.946498772309511, -7.204596902323385 ], [ 111.94649971057602, -7.205049134444119 ], [ 111.946500648902997, -7.205501366555807 ], [ 111.946501587290399, -7.205953598658457 ], [ 111.946502525738254, -7.206405830752059 ], [ 111.946503464246547, -7.206858062836619 ], [ 111.946504402815279, -7.207310294912133 ], [ 111.946505341444478, -7.207762526978606 ], [ 111.946506280134088, -7.208214759036029 ], [ 111.946507218884165, -7.208666991084407 ], [ 111.94650815769468, -7.209119223123738 ], [ 111.946509096565649, -7.209571455154021 ], [ 111.946510035497056, -7.210023687175259 ], [ 111.946510974488902, -7.210475919187445 ], [ 111.946511913541215, -7.210928151190584 ], [ 111.946512852653953, -7.211380383184673 ], [ 111.946513791827144, -7.211832615169713 ], [ 111.946514731060773, -7.212284847145701 ], [ 111.94651567035487, -7.212737079112635 ], [ 111.946516609709406, -7.213189311070523 ], [ 111.94651754912438, -7.213641543019356 ], [ 111.946518488599807, -7.214093774959135 ], [ 111.946519428135687, -7.214546006889864 ], [ 111.94652036773202, -7.214998238811536 ], [ 111.946521307388778, -7.215450470724154 ], [ 111.946522247106017, -7.215902702627717 ], [ 111.946523186883695, -7.216354934522222 ], [ 111.946524126721812, -7.216807166407673 ], [ 111.946525066620396, -7.217259398284067 ], [ 111.946526006579404, -7.217711630151404 ], [ 111.94652694659888, -7.218163862009684 ], [ 111.946527886678822, -7.218616093858905 ], [ 111.94652882681919, -7.219068325699065 ], [ 111.946529767020024, -7.219520557530168 ], [ 111.946530707281312, -7.219972789352211 ], [ 111.946531647603038, -7.220425021165193 ], [ 111.946532587985217, -7.220877252969108 ], [ 111.946533528427864, -7.221329484763968 ], [ 111.946534468930963, -7.221781716549764 ], [ 111.946535409494501, -7.222233948326495 ], [ 111.946536350118507, -7.222686180094167 ], [ 111.946537290802951, -7.223138411852772 ], [ 111.946538231547862, -7.223590643602311 ], [ 111.946539172353226, -7.224042875342788 ], [ 111.946540113219044, -7.224495107074197 ], [ 111.946541054145328, -7.22494733879654 ], [ 111.946541995132051, -7.225399570509817 ], [ 111.946542936179227, -7.225851802214028 ], [ 111.946543877286871, -7.226304033909169 ], [ 111.946544818454967, -7.226756265595243 ], [ 111.946545759683531, -7.227208497272247 ], [ 111.946546700972533, -7.22766072894018 ], [ 111.946547642322003, -7.228112960599048 ], [ 111.946548583731925, -7.22856519224884 ], [ 111.946549525202315, -7.229017423889559 ], [ 111.946550466733143, -7.229469655521212 ], [ 111.946551408324453, -7.229921887143789 ], [ 111.946552349976201, -7.230374118757297 ], [ 111.946553291688417, -7.230826350361729 ], [ 111.9465542334611, -7.231278581957088 ], [ 111.946555175294236, -7.231730813543369 ], [ 111.946556117187839, -7.232183045120578 ], [ 111.946557059141881, -7.232635276688709 ], [ 111.946558001156404, -7.233087508247767 ], [ 111.946558943231395, -7.233539739797748 ], [ 111.946559885366824, -7.233991971338649 ], [ 111.94656082756272, -7.234444202870474 ], [ 111.946561769819084, -7.234896434393219 ], [ 111.946562712135915, -7.235348665906888 ], [ 111.946563654513199, -7.235800897411473 ], [ 111.94656459695095, -7.236253128906982 ], [ 111.946565539449153, -7.236705360393406 ], [ 111.946566482007839, -7.23715759187075 ], [ 111.946567424626977, -7.237609823339017 ], [ 111.946568367306568, -7.238062054798196 ], [ 111.946569310046641, -7.238514286248295 ], [ 111.946570252847167, -7.238966517689311 ], [ 111.946571195708174, -7.239418749121242 ], [ 111.946572138629634, -7.239870980544088 ], [ 111.946573081611547, -7.240323211957848 ], [ 111.946574024653941, -7.240775443362522 ], [ 111.946574967756803, -7.24122767475811 ], [ 111.946575910920131, -7.241679906144614 ], [ 111.946576854143913, -7.242132137522028 ], [ 111.946577797428176, -7.242584368890356 ], [ 111.946578740772893, -7.243036600249596 ], [ 111.946579684178076, -7.243488831599745 ], [ 111.946580627643741, -7.243941062940804 ], [ 111.946581571169858, -7.244393294272773 ], [ 111.946582514756457, -7.244845525595651 ], [ 111.946583458403524, -7.245297756909442 ], [ 111.946584402111057, -7.245749988214135 ], [ 111.946585345879058, -7.246202219509743 ], [ 111.946586289707525, -7.246654450796252 ], [ 111.94658723359646, -7.247106682073669 ], [ 111.946588177545863, -7.247558913341992 ], [ 111.94658912155576, -7.24801114460122 ], [ 111.946590065626097, -7.248463375851355 ], [ 111.946591009756929, -7.248915607092392 ], [ 111.946591953948214, -7.249367838324333 ], [ 111.946592898199981, -7.24982006954718 ], [ 111.946593842512215, -7.250272300760928 ], [ 111.94659478688493, -7.250724531965576 ], [ 111.946595731318112, -7.251176763161129 ], [ 111.946596675811762, -7.251628994347581 ], [ 111.946597620365878, -7.252081225524933 ], [ 111.946598564980476, -7.252533456693185 ], [ 111.946599509655556, -7.252985687852337 ], [ 111.946600454391103, -7.253437919002388 ], [ 111.946601399187116, -7.253890150143339 ], [ 111.946602344043626, -7.254342381275182 ], [ 111.946603288960588, -7.254794612397926 ], [ 111.946604233938032, -7.255246843511566 ], [ 111.946605178975943, -7.255699074616103 ], [ 111.94660612407435, -7.256151305711532 ], [ 111.946607069233224, -7.256603536797861 ], [ 111.946608014452579, -7.257055767875079 ], [ 111.946608959732387, -7.257507998943194 ], [ 111.946609905072691, -7.257960230002203 ], [ 111.946610850473462, -7.258412461052104 ], [ 111.946611795934729, -7.258864692092895 ], [ 111.946612741456462, -7.259316923124581 ], [ 111.946613687038678, -7.259769154147155 ], [ 111.94661463268136, -7.260221385160619 ], [ 111.946615578384524, -7.260673616164974 ], [ 111.946616524148169, -7.261125847160217 ], [ 111.946617469972296, -7.261578078146352 ], [ 111.946618415856904, -7.262030309123374 ], [ 111.946619361801993, -7.262482540091282 ], [ 111.946620307807564, -7.262934771050078 ], [ 111.946621253873616, -7.263387001999762 ], [ 111.946622200000135, -7.26383923294033 ], [ 111.946623146187136, -7.264291463871784 ], [ 111.946624092434632, -7.264743694794123 ], [ 111.946625038742596, -7.265195925707346 ], [ 111.946625985111041, -7.265648156611454 ], [ 111.946626931539996, -7.266100387506444 ], [ 111.946627878029403, -7.266552618392317 ], [ 111.946628824579307, -7.267004849269072 ], [ 111.946629771189677, -7.26745708013671 ], [ 111.946630717860543, -7.267909310995226 ], [ 111.946631664591891, -7.268361541844622 ], [ 111.94663261138372, -7.268813772684902 ], [ 111.946633558236044, -7.269266003516059 ], [ 111.94663450514885, -7.269718234338095 ], [ 111.946635452122138, -7.27017046515101 ], [ 111.946636399155906, -7.270622695954802 ], [ 111.946637346250156, -7.271074926749468 ], [ 111.946638293404902, -7.271527157535016 ], [ 111.946639240620144, -7.271979388311435 ], [ 111.946640187895852, -7.272431619078732 ], [ 111.946641135232056, -7.272883849836903 ], [ 111.946642082628756, -7.273336080585951 ], [ 111.946643030085923, -7.273788311325871 ], [ 111.946643977603586, -7.274240542056664 ], [ 111.946644925181744, -7.27469277277833 ], [ 111.946645872820369, -7.275145003490867 ], [ 111.946646820519504, -7.275597234194279 ], [ 111.946647768279121, -7.276049464888556 ], [ 111.946648716099233, -7.276501695573707 ], [ 111.946649663979827, -7.276953926249728 ], [ 111.946650611920901, -7.277406156916618 ], [ 111.946651559922472, -7.277858387574376 ], [ 111.946652507984538, -7.278310618223003 ], [ 111.9466534561071, -7.2787628488625 ], [ 111.946654404290143, -7.279215079492858 ], [ 111.946655352533682, -7.279667310114086 ], [ 111.946656300837702, -7.280119540726181 ], [ 111.946657249202232, -7.280571771329138 ], [ 111.946658197627244, -7.281024001922965 ], [ 111.946659146112736, -7.281476232507654 ], [ 111.946660094658753, -7.281928463083205 ], [ 111.946661043265237, -7.282380693649622 ], [ 111.946661991932203, -7.2828329242069 ], [ 111.946662940659692, -7.283285154755042 ], [ 111.946663889447663, -7.283737385294043 ], [ 111.94666483829613, -7.284189615823906 ], [ 111.946665787205077, -7.284641846344627 ], [ 111.946666736174535, -7.285094076856211 ], [ 111.946667685204488, -7.285546307358656 ], [ 111.946668634294923, -7.285998537851956 ], [ 111.946669583445868, -7.286450768336116 ], [ 111.946670532657294, -7.286902998811135 ], [ 111.946671481929229, -7.287355229277007 ], [ 111.946672431261661, -7.287807459733738 ], [ 111.946673380654588, -7.288259690181325 ], [ 111.946674330107996, -7.288711920619766 ], [ 111.946675279621914, -7.289164151049067 ], [ 111.946676229196328, -7.289616381469215 ], [ 111.946677178831237, -7.290068611880222 ], [ 111.946678128526656, -7.29052084228208 ], [ 111.946679078282571, -7.290973072674792 ], [ 111.946680028098982, -7.291425303058355 ], [ 111.946680977975888, -7.291877533432769 ], [ 111.946681927913289, -7.292329763798036 ], [ 111.946682877911201, -7.292781994154152 ], [ 111.946683827969593, -7.293234224501117 ], [ 111.94668477808851, -7.293686454838935 ], [ 111.946685728267923, -7.294138685167596 ], [ 111.946686678507831, -7.29459091548711 ], [ 111.946687628808249, -7.295043145797471 ], [ 111.946688579169148, -7.295495376098676 ], [ 111.946689529590572, -7.295947606390729 ], [ 111.946690480072476, -7.296399836673631 ], [ 111.946691430614891, -7.296852066947375 ], [ 111.946692381217815, -7.297304297211964 ], [ 111.946693331881235, -7.297756527467399 ], [ 111.946694282605165, -7.298208757713678 ], [ 111.94669523338959, -7.298660987950799 ], [ 111.946696184234526, -7.299113218178763 ], [ 111.946697135139956, -7.299565448397566 ], [ 111.946698086105911, -7.300017678607216 ], [ 111.946699037132362, -7.300469908807704 ], [ 111.946699988219308, -7.300922138999034 ], [ 111.946700939366764, -7.301374369181203 ], [ 111.94670189057473, -7.301826599354212 ], [ 111.946702841843205, -7.302278829518058 ], [ 111.946703793172176, -7.302731059672745 ], [ 111.946704744561657, -7.303183289818268 ], [ 111.946705696011648, -7.303635519954628 ], [ 111.946706647522149, -7.304087750081825 ], [ 111.946707599093145, -7.304539980199856 ], [ 111.946708550724665, -7.304992210308725 ], [ 111.946709502416681, -7.30544444040843 ], [ 111.946710454169207, -7.305896670498965 ], [ 111.946711405982242, -7.306348900580336 ], [ 111.946712357855787, -7.30680113065254 ], [ 111.946713309789843, -7.307253360715577 ], [ 111.946714261784408, -7.307705590769446 ], [ 111.946715213839482, -7.308157820814146 ], [ 111.946716165955067, -7.308610050849678 ], [ 111.946717118131161, -7.309062280876039 ], [ 111.946718070367766, -7.309514510893234 ], [ 111.94671902266488, -7.309966740901253 ], [ 111.946719975022503, -7.310418970900103 ], [ 111.946720927440651, -7.310871200889783 ], [ 111.946721879919295, -7.311323430870289 ], [ 111.946722832458477, -7.31177566084162 ], [ 111.94672378505814, -7.312227890803781 ], [ 111.946724737718327, -7.312680120756768 ], [ 111.946725690439038, -7.313132350700576 ], [ 111.946726643220259, -7.313584580635213 ], [ 111.946727596061976, -7.314036810560674 ], [ 111.946728548964217, -7.314489040476958 ], [ 111.946729501926981, -7.314941270384066 ], [ 111.946730454950242, -7.315393500281995 ], [ 111.94673140803404, -7.315845730170746 ], [ 111.946732361178348, -7.316297960050319 ], [ 111.946733314383167, -7.316750189920716 ], [ 111.946734267648495, -7.317202419781931 ], [ 111.946735220974347, -7.317654649633967 ], [ 111.946736174360709, -7.318106879476821 ], [ 111.946737127807594, -7.318559109310491 ], [ 111.946738081315004, -7.319011339134984 ], [ 111.94673903488291, -7.319463568950294 ], [ 111.946739988511339, -7.319915798756418 ], [ 111.946740942200293, -7.320368028553361 ], [ 111.946741895949771, -7.320820258341119 ], [ 111.946742849759758, -7.321272488119694 ], [ 111.94674380363027, -7.321724717889084 ], [ 111.946744757561305, -7.322176947649288 ], [ 111.946745711552836, -7.322629177400304 ], [ 111.946746665604906, -7.323081407142134 ], [ 111.946747619717499, -7.323533636874776 ], [ 111.946748573890616, -7.323985866598231 ], [ 111.946749528124244, -7.3244380963125 ], [ 111.946750482418381, -7.324890326017578 ], [ 111.946751436773056, -7.325342555713466 ], [ 111.946752391188241, -7.325794785400165 ], [ 111.946753345663964, -7.326247015077672 ], [ 111.946754300200183, -7.326699244745988 ], [ 111.94675525479694, -7.327151474405114 ], [ 111.946756209454222, -7.327603704055045 ], [ 111.946757164172041, -7.328055933695783 ], [ 111.946758118950356, -7.328508163327328 ], [ 111.946759073789224, -7.328960392949682 ], [ 111.946760028688587, -7.329412622562837 ], [ 111.946760983648488, -7.329864852166802 ], [ 111.946761938668914, -7.330317081761567 ], [ 111.946762893749849, -7.330769311347137 ], [ 111.946763848891322, -7.331221540923511 ], [ 111.946764804093334, -7.331673770490688 ], [ 111.946765759355856, -7.332126000048667 ], [ 111.946766714678901, -7.332578229597448 ], [ 111.946767670062471, -7.333030459137029 ], [ 111.946768625506579, -7.333482688667409 ], [ 111.94676958101121, -7.333934918188591 ], [ 111.946770536576366, -7.334387147700572 ], [ 111.946771492202046, -7.334839377203351 ], [ 111.946772447888264, -7.335291606696927 ], [ 111.946773403635007, -7.335743836181304 ], [ 111.946774359442273, -7.336196065656474 ], [ 111.946775315310063, -7.336648295122444 ], [ 111.946776271238392, -7.33710052457921 ], [ 111.946777227227244, -7.337552754026771 ], [ 111.946778183276649, -7.338004983465128 ], [ 111.946779139386564, -7.338457212894276 ], [ 111.946780095557003, -7.33890944231422 ] ] ] } },
{ "type": "Feature", "properties": { "Line": 209, "begin": 2091180.5, "end": 2092412.5 }, "geometry": { "type": "MultiLineString", "coordinates": [ [ [ 111.889814331216485, -7.279104218958742 ], [ 111.890267240003084, -7.279103328782146 ], [ 111.890720148732782, -7.279102438152716 ], [ 111.891173057405581, -7.279101547070453 ], [ 111.891625966021422, -7.279100655535355 ], [ 111.892078874580278, -7.279099763547427 ], [ 111.892531783082148, -7.279098871106664 ], [ 111.892984691526976, -7.279097978213068 ], [ 111.893437599914733, -7.279097084866642 ], [ 111.893890508245406, -7.279096191067383 ], [ 111.894343416518979, -7.279095296815291 ], [ 111.894796324735381, -7.27909440211037 ], [ 111.895249232894599, -7.279093506952616 ], [ 111.895702140996605, -7.279092611342032 ], [ 111.896155049041397, -7.279091715278616 ], [ 111.896607957028905, -7.279090818762375 ], [ 111.897060864959144, -7.2790899217933 ], [ 111.897513772832042, -7.279089024371396 ], [ 111.897966680647585, -7.279088126496663 ], [ 111.898419588405758, -7.2790872281691 ], [ 111.898872496106506, -7.27908632938871 ], [ 111.899325403749828, -7.279085430155487 ], [ 111.89977831133568, -7.27908453046944 ], [ 111.900231218864022, -7.279083630330566 ], [ 111.900684126334852, -7.279082729738859 ], [ 111.901137033748128, -7.279081828694331 ], [ 111.901589941103822, -7.279080927196972 ], [ 111.902042848401905, -7.279080025246786 ], [ 111.902495755642335, -7.279079122843775 ], [ 111.902948662825111, -7.279078219987938 ], [ 111.903401569950162, -7.279077316679275 ], [ 111.903854477017504, -7.279076412917783 ], [ 111.904307384027092, -7.279075508703469 ], [ 111.904760290978885, -7.279074604036327 ], [ 111.905213197872868, -7.279073698916364 ], [ 111.905666104708999, -7.279072793343575 ], [ 111.906119011487263, -7.279071887317961 ], [ 111.906571918207632, -7.279070980839522 ], [ 111.907024824870064, -7.279070073908262 ], [ 111.907477731474529, -7.279069166524178 ], [ 111.907930638021014, -7.279068258687268 ], [ 111.908383544509491, -7.279067350397537 ], [ 111.908836450939916, -7.279066441654983 ], [ 111.909289357312247, -7.279065532459607 ], [ 111.909742263626498, -7.279064622811409 ], [ 111.910195169882599, -7.279063712710388 ], [ 111.910648076080548, -7.279062802156547 ], [ 111.911100982220304, -7.279061891149885 ], [ 111.911553888301825, -7.2790609796904 ], [ 111.912006794325123, -7.279060067778095 ], [ 111.912459700290128, -7.279059155412971 ], [ 111.912912606196841, -7.279058242595028 ], [ 111.913365512045203, -7.279057329324264 ], [ 111.913818417835202, -7.279056415600679 ], [ 111.914271323566808, -7.279055501424274 ], [ 111.914724229239994, -7.279054586795053 ], [ 111.91517713485473, -7.279053671713013 ], [ 111.915630040410974, -7.279052756178153 ], [ 111.916082945908727, -7.279051840190478 ], [ 111.916535851347945, -7.279050923749983 ], [ 111.916988756728571, -7.279050006856669 ], [ 111.917441662050621, -7.279049089510539 ], [ 111.917894567314036, -7.279048171711591 ], [ 111.918347472518803, -7.279047253459829 ], [ 111.918800377664894, -7.279046334755249 ], [ 111.919253282752251, -7.279045415597854 ], [ 111.919706187780889, -7.27904449598764 ], [ 111.920159092750737, -7.279043575924613 ], [ 111.920611997661808, -7.279042655408773 ], [ 111.921064902514033, -7.279041734440115 ], [ 111.92151780730741, -7.279040813018643 ], [ 111.921970712041912, -7.279039891144357 ], [ 111.922423616717495, -7.279038968817257 ], [ 111.922876521334132, -7.279038046037342 ], [ 111.923329425891779, -7.279037122804614 ], [ 111.923782330390452, -7.279036199119072 ], [ 111.924235234830078, -7.279035274980719 ], [ 111.924688139210645, -7.279034350389552 ], [ 111.925141043532136, -7.279033425345572 ], [ 111.925593947794511, -7.279032499848782 ], [ 111.926046851997725, -7.279031573899179 ], [ 111.926499756141766, -7.279030647496764 ], [ 111.926952660226618, -7.27902972064154 ], [ 111.92740556425224, -7.279028793333503 ], [ 111.927858468218588, -7.279027865572656 ], [ 111.928311372125648, -7.279026937358998 ], [ 111.928764275973393, -7.279026008692531 ], [ 111.929217179761778, -7.279025079573253 ], [ 111.929670083490791, -7.279024150001167 ], [ 111.930122987160402, -7.27902321997627 ], [ 111.930575890770569, -7.279022289498565 ], [ 111.931028794321293, -7.279021358568051 ], [ 111.931481697812515, -7.279020427184729 ], [ 111.931934601244208, -7.2790194953486 ], [ 111.932387504616358, -7.279018563059662 ], [ 111.932840407928921, -7.279017630317917 ], [ 111.93329331118187, -7.279016697123365 ], [ 111.933746214375205, -7.279015763476004 ], [ 111.934199117508854, -7.279014829375838 ], [ 111.934652020582803, -7.279013894822868 ], [ 111.935104923597038, -7.279012959817089 ], [ 111.935557826551516, -7.279012024358505 ], [ 111.936010729446224, -7.279011088447115 ], [ 111.936463632281104, -7.279010152082921 ], [ 111.936916535056156, -7.279009215265923 ], [ 111.937369437771324, -7.27900827799612 ], [ 111.937822340426607, -7.279007340273512 ], [ 111.938275243021963, -7.279006402098098 ], [ 111.938728145557363, -7.279005463469884 ], [ 111.939181048032779, -7.279004524388863 ], [ 111.939633950448183, -7.27900358485504 ], [ 111.940086852803532, -7.279002644868417 ], [ 111.940539755098825, -7.279001704428989 ], [ 111.940992657334007, -7.27900076353676 ], [ 111.941445559509063, -7.278999822191728 ], [ 111.941898461623964, -7.278998880393895 ], [ 111.942351363678668, -7.27899793814326 ], [ 111.942804265673175, -7.278996995439826 ], [ 111.943257167607413, -7.278996052283587 ], [ 111.943710069481384, -7.278995108674551 ], [ 111.944162971295071, -7.278994164612715 ], [ 111.944615873048406, -7.278993220098077 ], [ 111.945068774741387, -7.27899227513064 ], [ 111.945521676373986, -7.278991329710405 ], [ 111.94597457794616, -7.278990383837368 ], [ 111.946427479457867, -7.278989437511536 ], [ 111.946880380909121, -7.278988490732906 ], [ 111.94733328229988, -7.278987543501475 ], [ 111.947786183630072, -7.278986595817246 ], [ 111.948239084899726, -7.278985647680223 ], [ 111.94869198610877, -7.278984699090399 ], [ 111.949144887257205, -7.278983750047779 ], [ 111.949597788344988, -7.278982800552361 ], [ 111.950050689372091, -7.27898185060415 ], [ 111.950503590338499, -7.278980900203142 ], [ 111.950956491244142, -7.278979949349337 ], [ 111.951409392089047, -7.278978998042737 ], [ 111.951862292873145, -7.278978046283341 ], [ 111.952315193596405, -7.278977094071151 ], [ 111.952768094258829, -7.278976141406169 ], [ 111.953220994860374, -7.278975188288388 ], [ 111.953673895400996, -7.278974234717817 ], [ 111.954126795880697, -7.27897328069445 ], [ 111.954579696299419, -7.278972326218291 ], [ 111.955032596657148, -7.278971371289337 ], [ 111.955485496953841, -7.278970415907592 ], [ 111.955938397189485, -7.278969460073053 ], [ 111.95639129736405, -7.278968503785723 ], [ 111.956844197477494, -7.278967547045602 ], [ 111.957297097529789, -7.278966589852685 ], [ 111.957749997520935, -7.278965632206983 ], [ 111.95820289745086, -7.278964674108485 ], [ 111.958655797319565, -7.278963715557198 ], [ 111.959108697127022, -7.278962756553121 ], [ 111.959561596873186, -7.278961797096254 ], [ 111.960014496558031, -7.278960837186596 ], [ 111.960467396181542, -7.278959876824149 ], [ 111.960920295743662, -7.278958916008915 ], [ 111.961373195244391, -7.278957954740889 ], [ 111.961826094683687, -7.278956993020074 ], [ 111.962278994061521, -7.278956030846474 ], [ 111.962731893377878, -7.278955068220082 ], [ 111.963184792632703, -7.278954105140905 ], [ 111.96363769182598, -7.27895314160894 ], [ 111.964090590957696, -7.278952177624189 ], [ 111.964543490027793, -7.278951213186649 ], [ 111.964996389036273, -7.278950248296323 ], [ 111.965449287983077, -7.278949282953211 ], [ 111.965902186868178, -7.278948317157313 ], [ 111.966355085691575, -7.278947350908631 ], [ 111.966807984453226, -7.278946384207162 ], [ 111.967260883153088, -7.278945417052906 ], [ 111.967713781791147, -7.278944449445869 ], [ 111.968166680367375, -7.278943481386047 ], [ 111.968619578881729, -7.27894251287344 ], [ 111.969072477334194, -7.278941543908048 ], [ 111.969525375724743, -7.278940574489874 ], [ 111.969978274053332, -7.278939604618916 ], [ 111.970431172319934, -7.278938634295175 ], [ 111.970884070524548, -7.278937663518652 ], [ 111.971336968667103, -7.278936692289347 ], [ 111.971789866747599, -7.278935720607259 ], [ 111.972242764765994, -7.27893474847239 ], [ 111.972695662722259, -7.278933775884739 ], [ 111.97314856061638, -7.278932802844307 ], [ 111.973601458448314, -7.278931829351095 ], [ 111.974054356218033, -7.2789308554051 ], [ 111.974507253925509, -7.278929881006327 ], [ 111.974960151570727, -7.278928906154775 ], [ 111.975413049153644, -7.278927930850442 ], [ 111.975865946674219, -7.278926955093329 ], [ 111.97631884413245, -7.278925978883437 ], [ 111.976771741528282, -7.278925002220768 ], [ 111.977224638861713, -7.278924025105322 ], [ 111.977677536132703, -7.278923047537096 ], [ 111.978130433341207, -7.278922069516089 ], [ 111.978583330487211, -7.27892109104231 ], [ 111.979036227570703, -7.27892011211575 ], [ 111.979489124591609, -7.278919132736414 ], [ 111.979942021549945, -7.278918152904303 ], [ 111.980394918445654, -7.278917172619412 ], [ 111.980847815278722, -7.278916191881751 ], [ 111.981300712049119, -7.278915210691308 ], [ 111.981753608756804, -7.278914229048094 ], [ 111.982206505401763, -7.278913246952103 ], [ 111.982659401983952, -7.278912264403338 ], [ 111.983112298503357, -7.278911281401798 ], [ 111.983565194959937, -7.278910297947486 ], [ 111.984018091353676, -7.278909314040398 ], [ 111.984470987684531, -7.278908329680536 ], [ 111.98492388395249, -7.278907344867902 ], [ 111.985376780157509, -7.278906359602495 ], [ 111.985829676299559, -7.278905373884315 ], [ 111.986282572378613, -7.278904387713364 ], [ 111.986735468394642, -7.278903401089639 ], [ 111.987188364347631, -7.278902414013143 ], [ 111.987641260237538, -7.278901426483877 ], [ 111.988094156064335, -7.278900438501839 ], [ 111.988547051828007, -7.278899450067032 ], [ 111.988999947528484, -7.27889846117945 ], [ 111.989452843165779, -7.2788974718391 ], [ 111.98990573873985, -7.278896482045981 ], [ 111.990358634250683, -7.278895491800093 ], [ 111.990811529698206, -7.278894501101435 ], [ 111.991264425082434, -7.278893509950008 ], [ 111.991717320403311, -7.278892518345811 ], [ 111.992170215660835, -7.27889152628885 ], [ 111.99262311085495, -7.278890533779116 ], [ 111.993076005985628, -7.278889540816617 ], [ 111.993528901052869, -7.27888854740135 ], [ 111.993981796056616, -7.278887553533315 ], [ 111.99443469099684, -7.278886559212514 ], [ 111.994887585873542, -7.278885564438948 ], [ 111.995340480686664, -7.278884569212615 ], [ 111.995793375436179, -7.278883573533515 ], [ 111.996246270122072, -7.27888257740165 ], [ 111.9966991647443, -7.27888158081702 ], [ 111.997152059302849, -7.278880583779626 ], [ 111.997604953797676, -7.278879586289468 ], [ 111.998057848228754, -7.278878588346544 ], [ 111.998510742596068, -7.278877589950856 ], [ 111.99896363689956, -7.278876591102404 ], [ 111.999416531139232, -7.278875591801189 ], [ 111.99986942531504, -7.278874592047213 ], [ 112.000322319426971, -7.278873591840472 ], [ 112.000775213474967, -7.278872591180968 ], [ 112.001228107459028, -7.278871590068704 ], [ 112.001681001379097, -7.278870588503679 ], [ 112.002133895235175, -7.27886958648589 ], [ 112.002586789027205, -7.278868584015341 ], [ 112.003039682755187, -7.27886758109203 ], [ 112.003492576419063, -7.27886657771596 ], [ 112.003945470018834, -7.27886557388713 ], [ 112.004398363554444, -7.278864569605537 ], [ 112.004851257025862, -7.278863564871189 ], [ 112.005304150433091, -7.278862559684079 ], [ 112.005757043776072, -7.278861554044211 ], [ 112.006209937054791, -7.278860547951584 ], [ 112.006662830269221, -7.278859541406197 ], [ 112.007115723419304, -7.278858534408052 ], [ 112.007568616505068, -7.278857526957153 ], [ 112.008021509526429, -7.278856519053491 ], [ 112.008474402483387, -7.278855510697076 ], [ 112.008927295375898, -7.278854501887905 ], [ 112.009380188203949, -7.278853492625973 ], [ 112.009833080967496, -7.278852482911288 ], [ 112.010285973666512, -7.278851472743846 ], [ 112.010738866300983, -7.278850462123648 ], [ 112.011191758870879, -7.278849451050696 ], [ 112.011644651376145, -7.278848439524989 ], [ 112.012097543816779, -7.278847427546528 ], [ 112.012550436192726, -7.278846415115312 ], [ 112.013003328503984, -7.27884540223134 ], [ 112.013456220750513, -7.278844388894619 ], [ 112.013909112932282, -7.278843375105142 ], [ 112.014362005049264, -7.27884236086291 ], [ 112.014814897101431, -7.278841346167931 ], [ 112.015267789088767, -7.278840331020195 ], [ 112.015720681011203, -7.278839315419707 ], [ 112.016173572868766, -7.27883829936647 ], [ 112.016626464661371, -7.27883728286048 ], [ 112.017079356389033, -7.278836265901738 ], [ 112.017532248051708, -7.278835248490245 ], [ 112.017985139649355, -7.278834230626003 ], [ 112.018438031181958, -7.278833212309009 ], [ 112.018890922649476, -7.278832193539265 ], [ 112.019343814051908, -7.278831174316773 ], [ 112.019796705389197, -7.278830154641532 ], [ 112.020249596661316, -7.278829134513542 ], [ 112.020702487868249, -7.278828113932801 ], [ 112.021155379009969, -7.278827092899314 ], [ 112.021608270086432, -7.278826071413078 ], [ 112.022061161097611, -7.278825049474097 ], [ 112.022514052043491, -7.278824027082367 ], [ 112.022966942924029, -7.278823004237888 ], [ 112.023419833739197, -7.278821980940664 ], [ 112.023872724488996, -7.278820957190693 ], [ 112.024325615173353, -7.278819932987978 ], [ 112.024778505792256, -7.278818908332514 ], [ 112.025231396345688, -7.278817883224309 ], [ 112.025684286833609, -7.278816857663354 ], [ 112.02613717725599, -7.278815831649656 ], [ 112.026590067612787, -7.278814805183216 ], [ 112.027042957904001, -7.278813778264029 ], [ 112.02749584812959, -7.278812750892097 ], [ 112.027948738289524, -7.278811723067424 ], [ 112.028401628383776, -7.278810694790007 ], [ 112.028854518412317, -7.278809666059845 ], [ 112.029307408375104, -7.278808636876945 ] ] ] } },
{ "type": "Feature", "properties": { "Line": 214, "begin": 2141180.5, "end": 2142092.5 }, "geometry": { "type": "MultiLineString", "coordinates": [ [ [ 111.973728256636051, -7.232578025672946 ], [ 111.973729225681097, -7.233030253615493 ], [ 111.973730194788331, -7.233482481548955 ], [ 111.97373116395778, -7.233934709473331 ], [ 111.973732133189429, -7.234386937388622 ], [ 111.973733102483251, -7.23483916529483 ], [ 111.973734071839289, -7.235291393191951 ], [ 111.973735041257527, -7.235743621079985 ], [ 111.973736010737937, -7.236195848958934 ], [ 111.973736980280577, -7.236648076828791 ], [ 111.97373794988539, -7.237100304689563 ], [ 111.973738919552417, -7.237552532541248 ], [ 111.973739889281632, -7.23800476038384 ], [ 111.973740859073061, -7.238456988217343 ], [ 111.973741828926677, -7.238909216041758 ], [ 111.973742798842494, -7.23936144385708 ], [ 111.973743768820512, -7.239813671663311 ], [ 111.973744738860731, -7.240265899460452 ], [ 111.97374570896315, -7.240718127248498 ], [ 111.973746679127771, -7.241170355027449 ], [ 111.973747649354593, -7.241622582797311 ], [ 111.973748619643601, -7.242074810558075 ], [ 111.973749589994839, -7.242527038309746 ], [ 111.973750560408263, -7.242979266052322 ], [ 111.973751530883888, -7.243431493785802 ], [ 111.973752501421714, -7.243883721510185 ], [ 111.973753472021755, -7.24433594922547 ], [ 111.973754442683997, -7.244788176931656 ], [ 111.973755413408441, -7.245240404628748 ], [ 111.97375638419507, -7.245692632316741 ], [ 111.973757355043929, -7.246144859995632 ], [ 111.973758325954975, -7.246597087665424 ], [ 111.973759296928236, -7.247049315326119 ], [ 111.973760267963712, -7.247501542977708 ], [ 111.973761239061375, -7.247953770620199 ], [ 111.973762210221253, -7.248405998253585 ], [ 111.973763181443331, -7.248858225877868 ], [ 111.973764152727625, -7.249310453493051 ], [ 111.973765124074106, -7.24976268109913 ], [ 111.973766095482816, -7.250214908696103 ], [ 111.973767066953727, -7.250667136283971 ], [ 111.973768038486838, -7.251119363862736 ], [ 111.973769010082151, -7.251571591432396 ], [ 111.973769981739693, -7.252023818992944 ], [ 111.973770953459422, -7.252476046544389 ], [ 111.97377192524138, -7.252928274086727 ], [ 111.973772897085539, -7.253380501619953 ], [ 111.973773868991898, -7.253832729144074 ], [ 111.973774840960473, -7.254284956659085 ], [ 111.973775812991263, -7.254737184164984 ], [ 111.973776785084269, -7.255189411661777 ], [ 111.973777757239461, -7.255641639149455 ], [ 111.973778729456882, -7.256093866628023 ], [ 111.973779701736518, -7.256546094097477 ], [ 111.973780674078355, -7.25699832155782 ], [ 111.973781646482408, -7.257450549009051 ], [ 111.973782618948675, -7.257902776451168 ], [ 111.973783591477144, -7.258355003884169 ], [ 111.973784564067842, -7.258807231308059 ], [ 111.97378553672074, -7.259259458722831 ], [ 111.973786509435854, -7.259711686128485 ], [ 111.973787482213183, -7.260163913525024 ], [ 111.973788455052727, -7.260616140912445 ], [ 111.9737894279545, -7.261068368290752 ], [ 111.97379040091846, -7.261520595659936 ], [ 111.97379137394465, -7.261972823020006 ], [ 111.973792347033054, -7.262425050370954 ], [ 111.973793320183674, -7.262877277712785 ], [ 111.973794293396509, -7.263329505045494 ], [ 111.973795266671559, -7.26378173236908 ], [ 111.973796240008824, -7.264233959683544 ], [ 111.973797213408304, -7.264686186988889 ], [ 111.973798186869999, -7.265138414285111 ], [ 111.973799160393924, -7.265590641572207 ], [ 111.973800133980063, -7.266042868850183 ], [ 111.973801107628418, -7.266495096119033 ], [ 111.973802081338988, -7.266947323378758 ], [ 111.973803055111773, -7.267399550629361 ], [ 111.973804028946788, -7.267851777870832 ], [ 111.973805002844017, -7.268304005103179 ], [ 111.973805976803462, -7.268756232326401 ], [ 111.973806950825121, -7.269208459540494 ], [ 111.973807924909011, -7.269660686745458 ], [ 111.973808899055129, -7.270112913941295 ], [ 111.973809873263448, -7.270565141128002 ], [ 111.973810847534011, -7.271017368305579 ], [ 111.973811821866761, -7.271469595474026 ], [ 111.973812796261768, -7.271921822633339 ], [ 111.973813770718976, -7.272374049783523 ], [ 111.973814745238414, -7.272826276924577 ], [ 111.973815719820067, -7.273278504056496 ], [ 111.973816694463963, -7.27373073117928 ], [ 111.973817669170046, -7.274182958292934 ], [ 111.973818643938387, -7.27463518539745 ], [ 111.973819618768928, -7.275087412492835 ], [ 111.973820593661713, -7.275539639579082 ], [ 111.9738215686167, -7.275991866656196 ], [ 111.973822543633929, -7.27644409372417 ], [ 111.973823518713388, -7.27689632078301 ], [ 111.973824493855062, -7.277348547832708 ], [ 111.973825469058966, -7.277800774873272 ], [ 111.973826444325084, -7.278253001904698 ], [ 111.973827419653446, -7.278705228926981 ], [ 111.973828395044023, -7.279157455940125 ], [ 111.973829370496816, -7.27960968294413 ], [ 111.973830346011852, -7.280061909938992 ], [ 111.973831321589117, -7.280514136924713 ], [ 111.973832297228611, -7.280966363901295 ], [ 111.973833272930321, -7.281418590868732 ], [ 111.97383424869426, -7.281870817827024 ], [ 111.973835224520442, -7.282323044776176 ], [ 111.97383620040884, -7.282775271716181 ], [ 111.973837176359467, -7.283227498647045 ], [ 111.973838152372323, -7.283679725568759 ], [ 111.973839128447423, -7.28413195248133 ], [ 111.973840104584738, -7.284584179384751 ], [ 111.973841080784283, -7.285036406279029 ], [ 111.97384205704607, -7.285488633164158 ], [ 111.973843033370088, -7.285940860040138 ], [ 111.973844009756334, -7.28639308690697 ], [ 111.97384498620481, -7.286845313764651 ], [ 111.973845962715515, -7.287297540613184 ], [ 111.97384693928845, -7.287749767452569 ], [ 111.973847915923628, -7.288201994282796 ], [ 111.973848892621035, -7.288654221103877 ], [ 111.973849869380672, -7.289106447915806 ], [ 111.973850846202538, -7.289558674718579 ], [ 111.973851823086662, -7.290010901512202 ], [ 111.973852800033001, -7.290463128296669 ], [ 111.973853777041569, -7.290915355071983 ], [ 111.973854754112367, -7.29136758183814 ], [ 111.973855731245422, -7.291819808595145 ], [ 111.973856708440692, -7.292272035342995 ], [ 111.973857685698221, -7.292724262081684 ], [ 111.973858663017964, -7.293176488811219 ], [ 111.973859640399951, -7.293628715531593 ], [ 111.973860617844167, -7.294080942242812 ], [ 111.973861595350627, -7.294533168944873 ], [ 111.973862572919344, -7.294985395637772 ], [ 111.973863550550277, -7.295437622321511 ], [ 111.973864528243453, -7.295889848996094 ], [ 111.973865505998859, -7.29634207566151 ], [ 111.973866483816508, -7.296794302317769 ], [ 111.9738674616964, -7.297246528964863 ], [ 111.973868439638522, -7.297698755602796 ], [ 111.973869417642902, -7.298150982231566 ], [ 111.973870395709497, -7.298603208851173 ], [ 111.97387137383835, -7.299055435461609 ], [ 111.973872352029446, -7.299507662062888 ], [ 111.973873330282771, -7.299959888655001 ], [ 111.97387430859834, -7.300412115237946 ], [ 111.973875286976138, -7.300864341811725 ], [ 111.973876265416195, -7.301316568376337 ], [ 111.973877243918494, -7.301768794931781 ], [ 111.973878222483023, -7.302221021478058 ], [ 111.97387920110981, -7.302673248015163 ], [ 111.973880179798826, -7.3031254745431 ], [ 111.973881158550086, -7.303577701061868 ], [ 111.973882137363589, -7.304029927571465 ], [ 111.973883116239335, -7.304482154071891 ], [ 111.97388409517734, -7.304934380563147 ], [ 111.973885074177588, -7.305386607045229 ], [ 111.973886053240065, -7.305838833518144 ], [ 111.973887032364786, -7.306291059981877 ], [ 111.973888011551765, -7.306743286436443 ], [ 111.973888990800987, -7.30719551288183 ], [ 111.973889970112452, -7.307647739318043 ], [ 111.973890949486162, -7.308099965745082 ], [ 111.973891928922114, -7.308552192162945 ], [ 111.973892908420325, -7.30900441857163 ], [ 111.973893887980779, -7.309456644971143 ], [ 111.973894867603477, -7.309908871361474 ], [ 111.973895847288418, -7.310361097742628 ], [ 111.973896827035603, -7.310813324114604 ], [ 111.973897806845059, -7.311265550477395 ], [ 111.973898786716745, -7.311717776831012 ], [ 111.973899766650675, -7.312170003175448 ], [ 111.973900746646876, -7.312622229510701 ], [ 111.973901726705307, -7.313074455836774 ], [ 111.973902706825996, -7.313526682153666 ], [ 111.973903687008942, -7.313978908461372 ], [ 111.973904667254118, -7.314431134759897 ], [ 111.973905647561566, -7.314883361049236 ], [ 111.973906627931257, -7.315335587329395 ], [ 111.973907608363191, -7.315787813600365 ], [ 111.973908588857384, -7.316240039862151 ], [ 111.973909569413834, -7.316692266114751 ], [ 111.973910550032528, -7.317144492358167 ], [ 111.973911530713494, -7.317596718592394 ], [ 111.973912511456689, -7.318048944817433 ], [ 111.973913492262142, -7.318501171033283 ], [ 111.973914473129852, -7.318953397239945 ], [ 111.973915454059821, -7.319405623437417 ], [ 111.973916435052033, -7.3198578496257 ], [ 111.973917416106502, -7.320310075804794 ], [ 111.97391839722323, -7.320762301974695 ], [ 111.973919378402215, -7.321214528135407 ], [ 111.973920359643444, -7.321666754286925 ], [ 111.973921340946944, -7.322118980429249 ], [ 111.973922322312688, -7.322571206562382 ], [ 111.97392330374069, -7.32302343268632 ], [ 111.973924285230964, -7.323475658801064 ], [ 111.973925266783482, -7.323927884906613 ], [ 111.973926248398257, -7.324380111002967 ], [ 111.97392723007529, -7.324832337090125 ], [ 111.973928211814581, -7.325284563168085 ], [ 111.973929193616115, -7.325736789236851 ], [ 111.973930175479936, -7.326189015296416 ], [ 111.973931157406, -7.326641241346783 ], [ 111.973932139394321, -7.327093467387956 ], [ 111.973933121444915, -7.327545693419924 ], [ 111.973934103557752, -7.327997919442696 ], [ 111.973935085732847, -7.328450145456267 ], [ 111.973936067970214, -7.328902371460636 ], [ 111.973937050269839, -7.329354597455804 ], [ 111.973938032631736, -7.329806823441769 ], [ 111.973939015055876, -7.330259049418532 ], [ 111.973939997542288, -7.33071127538609 ], [ 111.973940980090958, -7.331163501344446 ], [ 111.973941962701886, -7.331615727293598 ], [ 111.973942945375086, -7.332067953233546 ], [ 111.973943928110543, -7.332520179164288 ], [ 111.973944910908259, -7.332972405085822 ], [ 111.973945893768246, -7.333424630998151 ], [ 111.973946876690491, -7.333876856901273 ], [ 111.973947859675008, -7.334329082795188 ], [ 111.973948842721782, -7.33478130867989 ], [ 111.973949825830815, -7.33523353455539 ], [ 111.973950809002119, -7.335685760421677 ] ] ] } }
]
}
