{
"type": "FeatureCollection",
"name": "east_source_line",
"crs": { "type": "name", "properties": { "name": "urn:ogc:def:crs:OGC:1.3:CRS84" } },
"features": [
{"type":"Feature","properties":{"Line":"S122","begin":1360.5,"end":2708.5},"geometry":{"type":"MultiLineString","coordinates":[[[112.270202663309036,-7.019772206435287],[112.270203889792612,-7.020224392403577],[112.270205116357175,-7.020676578362958],[112.270206343002698,-7.021128764313431],[112.270207569729195,-7.021580950254995],[112.270208796536679,-7.022033136187648],[112.270210023425136,-7.022485322111391],[112.270211250394567,-7.022937508026224],[112.270212477444986,-7.023389693932147],[112.270213704576364,-7.023841879829156],[112.270214931788729,-7.024294065717252],[112.270216159082082,-7.024746251596437],[112.270217386456409,-7.025198437466707],[112.270218613911709,-7.025650623328063],[112.270219841447997,-7.026102809180506],[112.270221069065258,-7.026554995024031],[112.270222296763507,-7.027007180858639],[112.270223524542729,-7.027459366684333],[112.270224752402939,-7.027911552501111],[112.270225980344136,-7.02836373830897],[112.270227208366293,-7.02881592410791],[112.270228436469466,-7.029268109897933],[112.270229664653598,-7.029720295679036],[112.270230892918718,-7.03017248145122],[112.270232121264826,-7.030624667214481],[112.270233349691921,-7.031076852968822],[112.27023457819999,-7.031529038714244],[112.270235806789046,-7.031981224450742],[112.270237035459104,-7.032433410178317],[112.270238264210121,-7.032885595896968],[112.270239493042141,-7.033337781606698],[112.270240721955133,-7.033789967307504],[112.270241950949128,-7.034242152999382],[112.27024318002411,-7.034694338682336],[112.270244409180066,-7.035146524356363],[112.270245638417023,-7.035598710021465],[112.270246867734969,-7.036050895677639],[112.270248097133887,-7.036503081324886],[112.270249326613808,-7.036955266963203],[112.270250556174716,-7.037407452592594],[112.270251785816612,-7.037859638213053],[112.270253015539495,-7.038311823824583],[112.270254245343381,-7.038764009427182],[112.270255475228254,-7.039216195020852],[112.2702567051941,-7.039668380605588],[112.270257935240963,-7.040120566181392],[112.270259165368813,-7.040572751748264],[112.270260395577651,-7.041024937306202],[112.270261625867477,-7.041477122855207],[112.270262856238304,-7.041929308395276],[112.270264086690119,-7.042381493926411],[112.270265317222936,-7.042833679448611],[112.270266547836741,-7.043285864961874],[112.270267778531547,-7.043738050466202],[112.270269009307341,-7.044190235961591],[112.270270240164123,-7.044642421448041],[112.270271471101921,-7.045094606925555],[112.270272702120693,-7.045546792394128],[112.270273933220494,-7.045998977853763],[112.270275164401269,-7.046451163304457],[112.270276395663032,-7.046903348746212],[112.270277627005811,-7.047355534179025],[112.270278858429592,-7.047807719602895],[112.27028008993436,-7.048259905017824],[112.27028132152013,-7.048712090423809],[112.270282553186902,-7.049164275820853],[112.270283784934676,-7.04961646120895],[112.270285016763438,-7.050068646588103],[112.270286248673216,-7.050520831958311],[112.270287480663995,-7.050973017319574],[112.270288712735763,-7.051425202671891],[112.270289944888546,-7.05187738801526],[112.270291177122317,-7.052329573349682],[112.270292409437104,-7.052781758675156],[112.270293641832879,-7.053233943991682],[112.27029487430967,-7.053686129299259],[112.270296106867463,-7.054138314597886],[112.270297339506257,-7.054590499887563],[112.270298572226054,-7.055042685168288],[112.270299805026866,-7.055494870440063],[112.270301037908666,-7.055947055702886],[112.270302270871497,-7.056399240956756],[112.270303503915315,-7.056851426201672],[112.270304737040149,-7.057303611437637],[112.270305970245971,-7.057755796664646],[112.270307203532823,-7.0582079818827],[112.270308436900663,-7.0586601670918],[112.270309670349533,-7.059112352291943],[112.270310903879391,-7.059564537483131],[112.270312137490279,-7.060016722665361],[112.270313371182155,-7.060468907838633],[112.270314604955061,-7.060921093002948],[112.270315838808955,-7.061373278158304],[112.270317072743879,-7.0618254633047],[112.270318306759805,-7.062277648442137],[112.270319540856732,-7.062729833570614],[112.270320775034691,-7.06318201869013],[112.27032200929365,-7.063634203800684],[112.270323243633626,-7.064086388902276],[112.270324478054604,-7.064538573994906],[112.270325712556598,-7.064990759078572],[112.270326947139608,-7.065442944153276],[112.270328181803634,-7.065895129219014],[112.270329416548677,-7.066347314275788],[112.270330651374735,-7.066799499323595],[112.270331886281809,-7.067251684362438],[112.270333121269886,-7.067703869392313],[112.270334356338992,-7.068156054413222],[112.270335591489101,-7.068608239425163],[112.270336826720239,-7.069060424428135],[112.270338062032394,-7.06951260942214],[112.270339297425551,-7.069964794407172],[112.270340532899752,-7.07041697938324],[112.270341768454955,-7.070869164350333],[112.270343004091174,-7.071321349308455],[112.270344239808409,-7.071773534257607],[112.270345475606675,-7.072225719197786],[112.270346711485956,-7.072677904128993],[112.270347947446254,-7.073130089051228],[112.270349183487582,-7.073582273964487],[112.270350419609912,-7.07403445886877],[112.270351655813272,-7.074486643764082],[112.270352892097662,-7.074938828650416],[112.270354128463069,-7.075391013527774],[112.270355364909491,-7.075843198396156],[112.270356601436944,-7.076295383255561],[112.270357838045427,-7.076747568105988],[112.270359074734927,-7.077199752947437],[112.270360311505442,-7.077651937779907],[112.270361548356988,-7.078104122603396],[112.270362785289549,-7.078556307417907],[112.270364022303156,-7.079008492223436],[112.270365259397778,-7.079460677019984],[112.270366496573416,-7.079912861807551],[112.270367733830099,-7.080365046586136],[112.270368971167798,-7.080817231355736],[112.270370208586527,-7.081269416116355],[112.270371446086287,-7.081721600867989],[112.270372683667063,-7.082173785610638],[112.270373921328869,-7.082625970344303],[112.270375159071705,-7.08307815506898],[112.270376396895585,-7.083530339784674],[112.270377634800468,-7.08398252449138],[112.270378872786409,-7.084434709189099],[112.270380110853367,-7.084886893877829],[112.270381349001354,-7.085339078557571],[112.270382587230372,-7.085791263228323],[112.270383825540421,-7.086243447890087],[112.270385063931499,-7.08669563254286],[112.270386302403622,-7.087147817186644],[112.270387540956762,-7.087600001821433],[112.270388779590945,-7.088052186447234],[112.270390018306159,-7.088504371064042],[112.270391257102403,-7.088956555671855],[112.270392495979678,-7.089408740270675],[112.270393734937997,-7.089860924860502],[112.270394973977346,-7.090313109441333],[112.270396213097726,-7.09076529401317],[112.270397452299136,-7.091217478576012],[112.270398691581605,-7.091669663129853],[112.270399930945104,-7.092121847674703],[112.270401170389633,-7.092574032210552],[112.270402409915192,-7.093026216737405],[112.270403649521782,-7.093478401255258],[112.270404889209431,-7.093930585764111],[112.270406128978109,-7.094382770263966],[112.270407368827833,-7.094834954754821],[112.270408608758586,-7.095287139236674],[112.270409848770385,-7.095739323709524],[112.270411088863213,-7.096191508173376],[112.2704123290371,-7.096643692628223],[112.270413569292018,-7.097095877074068],[112.270414809627979,-7.097548061510908],[112.270416050044972,-7.098000245938745],[112.270417290543023,-7.098452430357575],[112.270418531122104,-7.098904614767403],[112.27041977178223,-7.099356799168222],[112.2704210125234,-7.099808983560035],[112.270422253345615,-7.100261167942843],[112.27042349424886,-7.100713352316642],[112.270424735233163,-7.101165536681432],[112.270425976298512,-7.101617721037215],[112.270427217444904,-7.102069905383988],[112.270428458672328,-7.102522089721752],[112.270429699980824,-7.102974274050505],[112.270430941370336,-7.103426458370246],[112.270432182840921,-7.103878642680976],[112.270433424392536,-7.104330826982696],[112.27043466602521,-7.1047830112754],[112.270435907738928,-7.105235195559092],[112.270437149533691,-7.105687379833771],[112.270438391409499,-7.106139564099436],[112.270439633366351,-7.106591748356085],[112.270440875404262,-7.107043932603718],[112.270442117523217,-7.107496116842337],[112.270443359723231,-7.107948301071938],[112.270444602004289,-7.108400485292522],[112.270445844366392,-7.108852669504088],[112.270447086809568,-7.109304853706635],[112.270448329333774,-7.109757037900164],[112.270449571939039,-7.110209222084674],[112.270450814625349,-7.110661406260165],[112.270452057392717,-7.111113590426634],[112.270453300241144,-7.111565774584081],[112.270454543170629,-7.112017958732509],[112.270455786181159,-7.112470142871913],[112.270457029272734,-7.112922327002295],[112.270458272445381,-7.113374511123651],[112.270459515699059,-7.113826695235986],[112.27046075903381,-7.114278879339297],[112.270462002449619,-7.114731063433579],[112.270463245946473,-7.115183247518839],[112.2704644895244,-7.115635431595072],[112.270465733183386,-7.11608761566228],[112.270466976923416,-7.116539799720459],[112.27046822074449,-7.116991983769608],[112.270469464646652,-7.117444167809733],[112.270470708629844,-7.117896351840826],[112.270471952694123,-7.118348535862889],[112.270473196839447,-7.118800719875924],[112.270474441065829,-7.119252903879926],[112.27047568537327,-7.119705087874898],[112.27047692976177,-7.120157271860839],[112.270478174231343,-7.120609455837748],[112.270479418781974,-7.121061639805622],[112.27048066341365,-7.121513823764464],[112.270481908126413,-7.121966007714272],[112.270483152920221,-7.122418191655044],[112.270484397795101,-7.122870375586782],[112.270485642751026,-7.123322559509484],[112.270486887788039,-7.123774743423151],[112.27048813290611,-7.12422692732778],[112.270489378105225,-7.124679111223371],[112.270490623385427,-7.125131295109925],[112.270491868746689,-7.12558347898744],[112.270493114189023,-7.126035662855918],[112.270494359712416,-7.126487846715354],[112.270495605316867,-7.126940030565749],[112.270496851002392,-7.127392214407105],[112.270498096768989,-7.127844398239418],[112.270499342616645,-7.12829658206269],[112.27050058854536,-7.12874876587692],[112.270501834555162,-7.129200949682107],[112.270503080646037,-7.12965313347825],[112.270504326817971,-7.130105317265349],[112.270505573070963,-7.130557501043403],[112.270506819405028,-7.131009684812412],[112.270508065820181,-7.131461868572375],[112.270509312316406,-7.131914052323292],[112.270510558893676,-7.132366236065161],[112.270511805552033,-7.132818419797982],[112.270513052291463,-7.133270603521757],[112.270514299111966,-7.133722787236483],[112.270515546013527,-7.13417497094216],[112.270516792996176,-7.134627154638784],[112.270518040059898,-7.135079338326362],[112.270519287204692,-7.135531522004888],[112.27052053443056,-7.13598370567436],[112.2705217817375,-7.136435889334782],[112.270523029125513,-7.136888072986151],[112.270524276594614,-7.137340256628468],[112.270525524144773,-7.137792440261729],[112.270526771776034,-7.138244623885937],[112.270528019488339,-7.138696807501089],[112.270529267281731,-7.139148991107189],[112.270530515156224,-7.139601174704231],[112.270531763111777,-7.140053358292215],[112.270533011148402,-7.140505541871143],[112.270534259266114,-7.140957725441013],[112.270535507464899,-7.141409909001826],[112.270536755744757,-7.14186209255358],[112.270538004105703,-7.142314276096275],[112.270539252547735,-7.142766459629908],[112.270540501070826,-7.143218643154481],[112.270541749675019,-7.143670826669995],[112.270542998360298,-7.144123010176446],[112.270544247126651,-7.144575193673835],[112.270545495974076,-7.145027377162161],[112.270546744902589,-7.145479560641424],[112.270547993912189,-7.145931744111624],[112.270549243002861,-7.146383927572757],[112.270550492174635,-7.146836111024827],[112.270551741427482,-7.147288294467833],[112.270552990761402,-7.147740477901771],[112.270554240176423,-7.148192661326643],[112.270555489672518,-7.148644844742446],[112.270556739249713,-7.149097028149182],[112.270557988907981,-7.149549211546852],[112.270559238647351,-7.150001394935451],[112.270560488467794,-7.150453578314981],[112.270561738369324,-7.15090576168544],[112.270562988351941,-7.15135794504683],[112.270564238415659,-7.151810128399149],[112.27056548856045,-7.152262311742394],[112.270566738786329,-7.152714495076569],[112.270567989093308,-7.15316667840167],[112.270569239481361,-7.153618861717699],[112.270570489950515,-7.154071045024653],[112.27057174050077,-7.154523228322532],[112.270572991132113,-7.154975411611336],[112.270574241844528,-7.155427594891066],[112.270575492638045,-7.155879778161718],[112.270576743512649,-7.156331961423293],[112.270577994468354,-7.156784144675792],[112.270579245505147,-7.157236327919214],[112.27058049662304,-7.157688511153554],[112.270581747822007,-7.158140694378817],[112.270582999102089,-7.158592877595003],[112.270584250463244,-7.159045060802105],[112.270585501905515,-7.159497244000128],[112.270586753428873,-7.15994942718907],[112.270588005033318,-7.160401610368928],[112.270589256718864,-7.160853793539705],[112.270590508485512,-7.161305976701402],[112.270591760333247,-7.161758159854011],[112.270593012262083,-7.162210342997537],[112.27059426427202,-7.162662526131981],[112.270595516363059,-7.163114709257337],[112.270596768535185,-7.163566892373607],[112.270598020788412,-7.164019075480793],[112.270599273122727,-7.16447125857889],[112.270600525538157,-7.164923441667901],[112.270601778034688,-7.165375624747823],[112.270603030612307,-7.165827807818657],[112.270604283271041,-7.166279990880402],[112.270605536010862,-7.166732173933057],[112.270606788831785,-7.16718435697662],[112.270608041733823,-7.167636540011095],[112.270609294716962,-7.16808872303648],[112.270610547781189,-7.168540906052769],[112.270611800926531,-7.168993089059968],[112.27061305415296,-7.169445272058074],[112.270614307460505,-7.169897455047083],[112.270615560849151,-7.170349638027],[112.270616814318913,-7.170801820997823],[112.270618067869762,-7.171254003959549],[112.270619321501727,-7.171706186912182],[112.270620575214792,-7.172158369855715]]]}},
{"type":"Feature","properties":{"Line":"S124","begin":1360.5,"end":2756.5},"geometry":{"type":"MultiLineString","coordinates":[[[112.279240993620846,-7.014773583910232],[112.279242227941936,-7.015225768376927],[112.279243462344581,-7.015677952834721],[112.279244696828769,-7.016130137283605],[112.279245931394513,-7.016582321723584],[112.279247166041799,-7.017034506154659],[112.279248400770641,-7.017486690576825],[112.279249635581024,-7.017938874990082],[112.27925087047295,-7.018391059394435],[112.279252105446446,-7.018843243789875],[112.279253340501498,-7.019295428176409],[112.279254575638078,-7.01974761255403],[112.279255810856213,-7.020199796922744],[112.279257046155919,-7.020651981282546],[112.279258281537153,-7.021104165633435],[112.279259516999957,-7.021556349975413],[112.279260752544317,-7.022008534308479],[112.279261988170219,-7.02246071863263],[112.279263223877678,-7.022912902947867],[112.279264459666692,-7.023365087254193],[112.279265695537248,-7.023817271551601],[112.279266931489374,-7.024269455840093],[112.279268167523057,-7.024721640119671],[112.279269403638295,-7.025173824390332],[112.279270639835076,-7.025626008652075],[112.279271876113427,-7.026078192904902],[112.279273112473334,-7.02653037714881],[112.279274348914797,-7.026982561383797],[112.279275585437816,-7.027434745609866],[112.279276822042391,-7.027886929827017],[112.279278058728536,-7.028339114035244],[112.279279295496224,-7.028791298234553],[112.279280532345467,-7.029243482424939],[112.279281769276295,-7.029695666606403],[112.279283006288665,-7.030147850778945],[112.279284243382591,-7.030600034942561],[112.279285480558102,-7.031052219097255],[112.279286717815154,-7.031504403243024],[112.279287955153762,-7.031956587379869],[112.279289192573955,-7.032408771507789],[112.27929043007569,-7.032860955626781],[112.279291667658995,-7.033313139736847],[112.279292905323857,-7.033765323837984],[112.279294143070288,-7.034217507930196],[112.27929538089829,-7.034669692013477],[112.279296618807862,-7.035121876087831],[112.279297856798976,-7.035574060153255],[112.279299094871661,-7.036026244209748],[112.27930033302593,-7.03647842825731],[112.27930157126174,-7.036930612295943],[112.279302809579121,-7.037382796325643],[112.279304047978087,-7.037834980346409],[112.279305286458609,-7.038287164358244],[112.279306525020687,-7.038739348361146],[112.279307763664349,-7.039191532355113],[112.279309002389581,-7.039643716340145],[112.27931024119637,-7.040095900316243],[112.279311480084743,-7.040548084283403],[112.279312719054658,-7.041000268241629],[112.279313958106158,-7.041452452190916],[112.279315197239242,-7.041904636131269],[112.279316436453882,-7.042356820062681],[112.279317675750093,-7.042809003985155],[112.279318915127888,-7.043261187898691],[112.279320154587239,-7.043713371803285],[112.279321394128161,-7.044165555698942],[112.279322633750681,-7.044617739585656],[112.279323873454743,-7.045069923463429],[112.27932511324039,-7.04552210733226],[112.279326353107621,-7.045974291192148],[112.279327593056408,-7.046426475043095],[112.27932883308678,-7.046878658885098],[112.279330073198722,-7.047330842718155],[112.279331313392248,-7.047783026542269],[112.279332553667345,-7.048235210357436],[112.279333794024012,-7.048687394163657],[112.27933503446225,-7.049139577960933],[112.279336274982072,-7.049591761749262],[112.279337515583492,-7.050043945528643],[112.279338756266469,-7.050496129299077],[112.279339997031016,-7.050948313060561],[112.279341237877162,-7.051400496813095],[112.279342478804864,-7.05185268055668],[112.279343719814165,-7.052304864291315],[112.279344960905036,-7.052757048016998],[112.279346202077491,-7.053209231733731],[112.279347443331531,-7.053661415441511],[112.279348684667127,-7.054113599140339],[112.279349926084336,-7.054565782830214],[112.279351167583116,-7.055017966511134],[112.279352409163465,-7.0554701501831],[112.279353650825399,-7.055922333846112],[112.279354892568918,-7.056374517500169],[112.279356134394035,-7.056826701145268],[112.279357376300723,-7.057278884781411],[112.279358618288995,-7.057731068408598],[112.279359860358852,-7.058183252026825],[112.279361102510308,-7.058635435636098],[112.279362344743319,-7.059087619236407],[112.279363587057929,-7.05953980282776],[112.279364829454138,-7.059991986410153],[112.279366071931918,-7.060444169983585],[112.279367314491296,-7.060896353548055],[112.279368557132244,-7.061348537103566],[112.279369799854777,-7.061800720650111],[112.279371042658923,-7.062252904187695],[112.279372285544639,-7.062705087716316],[112.27937352851194,-7.063157271235973],[112.279374771560839,-7.063609454746667],[112.279376014691337,-7.064061638248393],[112.279377257903406,-7.064513821741156],[112.279378501197073,-7.064966005224952],[112.279379744572324,-7.06541818869978],[112.279380988029175,-7.065870372165641],[112.279382231567624,-7.066322555622536],[112.279383475187643,-7.066774739070461],[112.279384718889276,-7.067226922509417],[112.279385962672492,-7.067679105939406],[112.279387206537294,-7.068131289360422],[112.279388450483694,-7.068583472772468],[112.279389694511678,-7.069035656175544],[112.279390938621276,-7.069487839569648],[112.279392182812458,-7.069940022954777],[112.279393427085225,-7.070392206330936],[112.279394671439604,-7.070844389698122],[112.279395915875583,-7.071296573056332],[112.279397160393145,-7.071748756405567],[112.279398404992307,-7.072200939745829],[112.279399649673053,-7.072653123077115],[112.279400894435398,-7.073105306399425],[112.279402139279355,-7.073557489712757],[112.279403384204912,-7.074009673017111],[112.279404629212053,-7.074461856312489],[112.279405874300792,-7.074914039598887],[112.279407119471145,-7.075366222876305],[112.279408364723082,-7.075818406144746],[112.279409610056632,-7.076270589404205],[112.279410855471781,-7.076722772654684],[112.279412100968514,-7.077174955896181],[112.27941334654686,-7.077627139128696],[112.27941459220682,-7.078079322352229],[112.279415837948349,-7.078531505566779],[112.279417083771506,-7.078983688772347],[112.279418329676261,-7.079435871968929],[112.279419575662615,-7.079888055156526],[112.279420821730568,-7.08034023833514],[112.279422067880134,-7.080792421504763],[112.279423314111298,-7.081244604665406],[112.279424560424061,-7.081696787817058],[112.279425806818452,-7.082148970959723],[112.279427053294427,-7.082601154093402],[112.279428299852015,-7.083053337218091],[112.279429546491201,-7.083505520333789],[112.279430793212001,-7.083957703440501],[112.279432040014413,-7.08440988653822],[112.279433286898424,-7.084862069626948],[112.279434533864048,-7.085314252706686],[112.279435780911271,-7.08576643577743],[112.279437028040121,-7.086218618839184],[112.279438275250556,-7.086670801891942],[112.279439522542617,-7.087122984935709],[112.279440769916278,-7.087575167970479],[112.279442017371551,-7.088027350996257],[112.279443264908437,-7.088479534013038],[112.279444512526922,-7.088931717020823],[112.27944576022702,-7.089383900019611],[112.279447008008759,-7.089836083009405],[112.279448255872083,-7.090288265990198],[112.27944950381702,-7.090740448961994],[112.279450751843569,-7.091192631924791],[112.279451999951746,-7.091644814878588],[112.279453248141522,-7.092096997823386],[112.27945449641291,-7.092549180759183],[112.279455744765926,-7.093001363685981],[112.279456993200554,-7.093453546603774],[112.279458241716782,-7.093905729512567],[112.279459490314636,-7.094357912412358],[112.279460738994104,-7.094810095303143],[112.279461987755198,-7.095262278184927],[112.279463236597906,-7.095714461057705],[112.279464485522226,-7.096166643921478],[112.279465734528159,-7.096618826776246],[112.279466983615706,-7.097071009622009],[112.279468232784879,-7.097523192458763],[112.279469482035665,-7.097975375286512],[112.279470731368079,-7.098427558105251],[112.279471980782105,-7.098879740914983],[112.279473230277759,-7.099331923715705],[112.279474479855025,-7.099784106507419],[112.279475729513919,-7.100236289290123],[112.279476979254426,-7.100688472063816],[112.27947822907656,-7.101140654828497],[112.279479478980321,-7.101592837584167],[112.27948072896568,-7.102045020330825],[112.279481979032695,-7.102497203068469],[112.279483229181309,-7.102949385797101],[112.279484479411551,-7.103401568516718],[112.279485729723419,-7.10385375122732],[112.279486980116914,-7.104305933928909],[112.279488230592023,-7.104758116621482],[112.279489481148772,-7.105210299305037],[112.279490731787135,-7.105662481979576],[112.27949198250711,-7.106114664645097],[112.279493233308742,-7.106566847301602],[112.279494484191986,-7.107019029949087],[112.279495735156857,-7.107471212587554],[112.279496986203341,-7.107923395217001],[112.279498237331481,-7.108375577837427],[112.279499488541234,-7.108827760448833],[112.279500739832613,-7.109279943051217],[112.27950199120562,-7.10973212564458],[112.279503242660255,-7.110184308228922],[112.27950449419653,-7.110636490804239],[112.279505745814433,-7.111088673370532],[112.279506997513948,-7.111540855927803],[112.279508249295105,-7.111993038476047],[112.279509501157904,-7.112445221015269],[112.279510753102329,-7.112897403545461],[112.279512005128382,-7.113349586066629],[112.279513257236076,-7.11380176857877],[112.279514509425383,-7.114253951081886],[112.279515761696331,-7.114706133575969],[112.27951701404892,-7.115158316061025],[112.279518266483137,-7.115610498537054],[112.279519518998995,-7.116062681004053],[112.279520771596481,-7.11651486346202],[112.279522024275607,-7.116967045910956],[112.279523277036361,-7.11741922835086],[112.279524529878756,-7.117871410781736],[112.279525782802779,-7.118323593203576],[112.279527035808457,-7.118775775616384],[112.279528288895747,-7.119227958020157],[112.279529542064694,-7.119680140414895],[112.279530795315267,-7.120132322800602],[112.279532048647496,-7.120584505177273],[112.279533302061353,-7.121036687544906],[112.279534555556836,-7.121488869903503],[112.279535809133975,-7.121941052253064],[112.279537062792741,-7.122393234593586],[112.279538316533163,-7.122845416925071],[112.279539570355212,-7.123297599247517],[112.279540824258902,-7.123749781560923],[112.279542078244233,-7.124201963865291],[112.279543332311221,-7.124654146160619],[112.279544586459835,-7.125106328446901],[112.279545840690105,-7.125558510724145],[112.279547095002002,-7.126010692992349],[112.279548349395554,-7.126462875251507],[112.279549603870748,-7.126915057501622],[112.279550858427569,-7.127367239742695],[112.27955211306606,-7.127819421974723],[112.279553367786193,-7.128271604197706],[112.279554622587966,-7.128723786411642],[112.279555877471367,-7.129175968616534],[112.279557132436437,-7.129628150812379],[112.279558387483149,-7.130080332999175],[112.279559642611488,-7.130532515176927],[112.279560897821497,-7.130984697345627],[112.279562153113147,-7.131436879505281],[112.279563408486439,-7.131889061655885],[112.2795646639414,-7.132341243797437],[112.279565919477989,-7.13279342592994],[112.279567175096233,-7.133245608053391],[112.279568430796118,-7.133697790167791],[112.279569686577659,-7.134149972273138],[112.279570942440856,-7.134602154369433],[112.279572198385694,-7.135054336456676],[112.279573454412201,-7.135506518534863],[112.279574710520336,-7.135958700603996],[112.279575966710141,-7.136410882664075],[112.279577222981601,-7.136863064715098],[112.279578479334702,-7.137315246757065],[112.27957973576946,-7.137767428789974],[112.279580992285872,-7.138219610813826],[112.279582248883926,-7.138671792828621],[112.27958350556365,-7.139123974834358],[112.27958476232503,-7.139576156831035],[112.27958601916805,-7.140028338818652],[112.279587276092727,-7.140480520797209],[112.279588533099073,-7.140932702766706],[112.27958979018706,-7.141384884727143],[112.279591047356718,-7.141837066678516],[112.279592304608016,-7.142289248620829],[112.279593561940999,-7.142741430554076],[112.279594819355609,-7.143193612478261],[112.279596076851902,-7.143645794393383],[112.279597334429837,-7.144097976299441],[112.279598592089442,-7.144550158196431],[112.279599849830703,-7.145002340084357],[112.279601107653619,-7.145454521963216],[112.279602365558205,-7.145906703833009],[112.279603623544432,-7.146358885693735],[112.279604881612343,-7.146811067545391],[112.279606139761896,-7.14726324938798],[112.279607397993118,-7.1477154312215],[112.27960865630601,-7.148167613045949],[112.279609914700558,-7.148619794861329],[112.279611173176775,-7.149071976667638],[112.279612431734648,-7.149524158464875],[112.279613690374191,-7.149976340253041],[112.279614949095389,-7.150428522032135],[112.279616207898258,-7.150880703802154],[112.279617466782781,-7.1513328855631],[112.279618725748989,-7.151785067314973],[112.279619984796852,-7.152237249057769],[112.279621243926385,-7.152689430791493],[112.279622503137574,-7.153141612516139],[112.279623762430447,-7.15359379423171],[112.279625021804975,-7.154045975938203],[112.279626281261173,-7.154498157635618],[112.279627540799027,-7.154950339323955],[112.279628800418564,-7.155402521003215],[112.279630060119757,-7.155854702673395],[112.279631319902634,-7.156306884334493],[112.279632579767181,-7.156759065986513],[112.279633839713398,-7.157211247629453],[112.27963509974127,-7.157663429263309],[112.279636359850826,-7.158115610888085],[112.279637620042053,-7.158567792503778],[112.279638880314948,-7.159019974110387],[112.279640140669514,-7.159472155707913],[112.279641401105764,-7.159924337296355],[112.279642661623683,-7.160376518875711],[112.279643922223258,-7.160828700445981],[112.279645182904517,-7.161280882007167],[112.27964644366746,-7.161733063559264],[112.279647704512058,-7.162185245102275],[112.279648965438341,-7.162637426636201],[112.279650226446293,-7.163089608161035],[112.279651487535943,-7.163541789676784],[112.279652748707235,-7.163993971183441],[112.279654009960225,-7.164446152681007],[112.279655271294885,-7.164898334169485],[112.279656532711229,-7.165350515648871],[112.279657794209257,-7.165802697119165],[112.27965905578894,-7.166254878580366],[112.279660317450322,-7.166707060032476],[112.279661579193373,-7.167159241475493],[112.279662841018109,-7.167611422909415],[112.279664102924514,-7.168063604334244],[112.279665364912603,-7.168515785749977],[112.279666626982376,-7.168967967156616],[112.279667889133833,-7.169420148554157],[112.27966915136696,-7.169872329942601],[112.279670413681771,-7.17032451132195],[112.27967167607828,-7.1707766926922],[112.279672938556459,-7.171228874053351],[112.279674201116322,-7.171681055405402],[112.279675463757869,-7.172133236748357],[112.279676726481085,-7.17258541808221]]]}},
{"type":"Feature","properties":{"Line":"S128","begin":1360.5,"end":2692.5},"geometry":{"type":"MultiLineString","coordinates":[[[112.297382117395912,-7.028289341263131],[112.297383371654192,-7.028741522229119],[112.297384625995178,-7.029193703186178],[112.297385880418872,-7.02964588413431],[112.297387134925287,-7.030098065073513],[112.29738838951441,-7.030550246003785],[112.297389644186254,-7.031002426925128],[112.297390898940819,-7.031454607837542],[112.297392153778077,-7.031906788741025],[112.297393408698071,-7.032358969635576],[112.297394663700771,-7.032811150521193],[112.297395918786179,-7.033263331397879],[112.297397173954323,-7.033715512265631],[112.297398429205174,-7.034167693124449],[112.297399684538746,-7.034619873974333],[112.29740093995504,-7.035072054815283],[112.29740219545404,-7.035524235647296],[112.297403451035748,-7.035976416470373],[112.297404706700206,-7.036428597284513],[112.297405962447371,-7.036880778089717],[112.297407218277243,-7.037332958885982],[112.297408474189837,-7.037785139673311],[112.29740973018518,-7.038237320451699],[112.297410986263216,-7.038689501221147],[112.297412242423988,-7.039141681981656],[112.297413498667467,-7.039593862733226],[112.297414754993667,-7.040046043475852],[112.297416011402603,-7.040498224209538],[112.297417267894261,-7.04095040493428],[112.29741852446864,-7.041402585650082],[112.29741978112574,-7.041854766356938],[112.297421037865561,-7.04230694705485],[112.297422294688104,-7.042759127743819],[112.297423551593383,-7.043211308423841],[112.297424808581397,-7.04366348909492],[112.297426065652118,-7.044115669757052],[112.297427322805561,-7.044567850410234],[112.297428580041753,-7.045020031054472],[112.297429837360653,-7.045472211689763],[112.297431094762274,-7.045924392316103],[112.297432352246645,-7.046376572933495],[112.297433609813737,-7.046828753541936],[112.297434867463551,-7.047280934141428],[112.297436125196086,-7.047733114731972],[112.297437383011371,-7.04818529531356],[112.297438640909377,-7.048637475886197],[112.297439898890104,-7.049089656449882],[112.297441156953582,-7.049541837004615],[112.297442415099766,-7.049994017550394],[112.297443673328701,-7.05044619808722],[112.297444931640342,-7.050898378615089],[112.297446190034734,-7.051350559134004],[112.297447448511861,-7.051802739643963],[112.297448707071723,-7.052254920144966],[112.297449965714307,-7.052707100637011],[112.297451224439627,-7.0531592811201],[112.297452483247696,-7.05361146159423],[112.297453742138472,-7.054063642059401],[112.297455001111999,-7.054515822515613],[112.297456260168261,-7.054968002962867],[112.297457519307258,-7.055420183401158],[112.297458778528991,-7.055872363830491],[112.29746003783346,-7.056324544250859],[112.297461297220664,-7.056776724662268],[112.297462556690604,-7.057228905064712],[112.29746381624328,-7.057681085458196],[112.297465075878691,-7.058133265842713],[112.297466335596852,-7.058585446218268],[112.297467595397748,-7.059037626584857],[112.29746885528138,-7.059489806942481],[112.297470115247762,-7.059941987291138],[112.29747137529688,-7.06039416763083],[112.297472635428718,-7.060846347961555],[112.297473895643321,-7.061298528283313],[112.297475155940646,-7.0617507085961],[112.297476416320734,-7.062202888899921],[112.297477676783544,-7.06265506919477],[112.297478937329103,-7.063107249480652],[112.297480197957412,-7.063559429757562],[112.297481458668457,-7.064011610025501],[112.297482719462252,-7.064463790284468],[112.297483980338782,-7.064915970534464],[112.297485241298062,-7.065368150775487],[112.297486502340078,-7.065820331007536],[112.297487763464844,-7.066272511230611],[112.297489024672359,-7.066724691444713],[112.29749028596261,-7.067176871649839],[112.297491547335625,-7.067629051845989],[112.297492808791375,-7.068081232033165],[112.297494070329876,-7.06853341221136],[112.297495331951126,-7.068985592380581],[112.297496593655111,-7.069437772540825],[112.297497855441861,-7.06988995269209],[112.297499117311347,-7.070342132834376],[112.297500379263582,-7.070794312967683],[112.297501641298581,-7.071246493092008],[112.297502903416316,-7.071698673207353],[112.2975041656168,-7.072150853313718],[112.297505427900035,-7.072603033411101],[112.297506690266033,-7.073055213499501],[112.297507952714781,-7.073507393578918],[112.297509215246265,-7.073959573649351],[112.297510477860499,-7.074411753710802],[112.297511740557511,-7.074863933763268],[112.297513003337258,-7.075316113806748],[112.297514266199755,-7.075768293841244],[112.297515529145016,-7.076220473866751],[112.297516792173028,-7.076672653883274],[112.297518055283803,-7.077124833890808],[112.297519318477327,-7.077577013889355],[112.297520581753588,-7.078029193878913],[112.297521845112627,-7.078481373859482],[112.297523108554415,-7.078933553831061],[112.297524372078968,-7.079385733793651],[112.29752563568627,-7.079837913747248],[112.297526899376322,-7.080290093691856],[112.297528163149138,-7.080742273627469],[112.297529427004719,-7.081194453554096],[112.297530690943034,-7.081646633471725],[112.297531954964128,-7.082098813380362],[112.297533219068001,-7.082550993280003],[112.297534483254609,-7.083003173170651],[112.297535747523966,-7.083455353052303],[112.297537011876102,-7.083907532924958],[112.297538276310988,-7.084359712788618],[112.297539540828637,-7.084811892643281],[112.297540805429065,-7.08526407248895],[112.297542070112243,-7.085716252325615],[112.297543334878171,-7.086168432153285],[112.297544599726891,-7.086620611971956],[112.29754586465836,-7.087072791781626],[112.29754712967258,-7.087524971582294],[112.297548394769564,-7.087977151373965],[112.29754965994934,-7.088429331156632],[112.297550925211851,-7.088881510930296],[112.297552190557141,-7.08933369069496],[112.297553455985195,-7.089785870450619],[112.297554721496013,-7.090238050197275],[112.297555987089595,-7.090690229934927],[112.297557252765955,-7.091142409663576],[112.297558518525065,-7.091594589383216],[112.297559784366968,-7.092046769093852],[112.29756105029162,-7.092498948795479],[112.297562316299036,-7.092951128488104],[112.29756358238923,-7.093403308171718],[112.297564848562189,-7.093855487846325],[112.297566114817926,-7.094307667511921],[112.297567381156426,-7.094759847168508],[112.297568647577705,-7.095212026816088],[112.297569914081734,-7.095664206454655],[112.297571180668541,-7.096116386084212],[112.29757244733814,-7.09656856570476],[112.297573714090504,-7.097020745316291],[112.297574980925617,-7.097472924918812],[112.297576247843523,-7.09792510451232],[112.297577514844193,-7.098377284096813],[112.297578781927655,-7.098829463672292],[112.297580049093867,-7.099281643238756],[112.297581316342871,-7.099733822796205],[112.29758258367464,-7.100186002344638],[112.297583851089186,-7.100638181884054],[112.297585118586511,-7.101090361414452],[112.297586386166614,-7.101542540935834],[112.297587653829481,-7.101994720448196],[112.297588921575141,-7.10244689995154],[112.297590189403564,-7.102899079445864],[112.297591457314766,-7.103351258931168],[112.29759272530876,-7.103803438407451],[112.297593993385519,-7.104255617874712],[112.297595261545055,-7.104707797332956],[112.297596529787384,-7.105159976782172],[112.297597798112477,-7.105612156222369],[112.297599066520362,-7.106064335653541],[112.297600335011012,-7.10651651507569],[112.297601603584454,-7.106968694488812],[112.297602872240674,-7.107420873892911],[112.297604140979686,-7.107873053287984],[112.297605409801463,-7.108325232674032],[112.297606678706032,-7.108777412051052],[112.297607947693379,-7.109229591419044],[112.297609216763519,-7.109681770778009],[112.297610485916437,-7.110133950127947],[112.297611755152133,-7.110586129468853],[112.297613024470621,-7.111038308800731],[112.297614293871888,-7.111490488123579],[112.297615563355933,-7.111942667437395],[112.297616832922785,-7.112394846742181],[112.2976181025724,-7.112847026037935],[112.297619372304808,-7.113299205324656],[112.297620642120009,-7.113751384602344],[112.297621912018002,-7.114203563871],[112.297623181998773,-7.11465574313062],[112.297624452062337,-7.115107922381207],[112.297625722208693,-7.115560101622757],[112.297626992437813,-7.116012280855273],[112.297628262749754,-7.116464460078751],[112.297629533144459,-7.116916639293193],[112.297630803621971,-7.117368818498598],[112.29763207418226,-7.117820997694964],[112.297633344825343,-7.118273176882292],[112.297634615551232,-7.118725356060581],[112.297635886359899,-7.119177535229829],[112.297637157251359,-7.119629714390037],[112.297638428225625,-7.120081893541206],[112.297639699282655,-7.120534072683332],[112.297640970422506,-7.120986251816416],[112.297642241645136,-7.121438430940458],[112.297643512950557,-7.121890610055457],[112.297644784338786,-7.122342789161412],[112.297646055809793,-7.122794968258321],[112.297647327363606,-7.123247147346189],[112.297648599000212,-7.123699326425009],[112.297649870719624,-7.124151505494784],[112.297651142521815,-7.124603684555512],[112.297652414406812,-7.125055863607193],[112.297653686374602,-7.125508042649827],[112.297654958425184,-7.125960221683412],[112.297656230558573,-7.126412400707951],[112.297657502774754,-7.126864579723438],[112.297658775073742,-7.127316758729875],[112.297660047455523,-7.127768937727263],[112.297661319920095,-7.128221116715599],[112.297662592467489,-7.128673295694883],[112.297663865097675,-7.129125474665115],[112.297665137810654,-7.129577653626296],[112.297666410606439,-7.130029832578423],[112.297667683485017,-7.130482011521496],[112.297668956446401,-7.130934190455514],[112.297670229490592,-7.131386369380477],[112.29767150261759,-7.131838548296385],[112.29767277582738,-7.132290727203238],[112.297674049119976,-7.132742906101033],[112.297675322495394,-7.13319508498977],[112.29767659595359,-7.133647263869452],[112.297677869494592,-7.134099442740075],[112.297679143118415,-7.134551621601635],[112.297680416825031,-7.135003800454141],[112.297681690614468,-7.135455979297586],[112.297682964486683,-7.135908158131969],[112.297684238441732,-7.136360336957291],[112.297685512479575,-7.136812515773552],[112.297686786600224,-7.13726469458075],[112.297688060803694,-7.137716873378886],[112.29768933508997,-7.138169052167958],[112.297690609459039,-7.138621230947965],[112.297691883910929,-7.139073409718909],[112.297693158445625,-7.139525588480788],[112.297694433063128,-7.139977767233602],[112.297695707763452,-7.140429945977349],[112.297696982546583,-7.140882124712029],[112.297698257412506,-7.141334303437641],[112.297699532361264,-7.141786482154187],[112.297700807392829,-7.142238660861663],[112.2977020825072,-7.142690839560069],[112.297703357704393,-7.143143018249408],[112.297704632984392,-7.143595196929677],[112.297705908347197,-7.144047375600873],[112.297707183792824,-7.144499554262999],[112.297708459321257,-7.144951732916054],[112.297709734932525,-7.145403911560035],[112.2977110106266,-7.145856090194943],[112.297712286403481,-7.146308268820779],[112.297713562263183,-7.14676044743754],[112.297714838205692,-7.147212626045227],[112.297716114231036,-7.147664804643838],[112.297717390339173,-7.148116983233376],[112.297718666530159,-7.148569161813833],[112.297719942803937,-7.149021340385217],[112.297721219160536,-7.149473518947521],[112.297722495599956,-7.149925697500748],[112.297723772122211,-7.150377876044898],[112.297725048727273,-7.150830054579965],[112.297726325415141,-7.151282233105957],[112.297727602185844,-7.151734411622866],[112.297728879039369,-7.152186590130695],[112.297730155975714,-7.152638768629441],[112.297731432994865,-7.153090947119107],[112.297732710096867,-7.15354312559969],[112.297733987281674,-7.153995304071189],[112.297735264549303,-7.154447482533604],[112.297736541899752,-7.154899660986938],[112.297737819333037,-7.155351839431185],[112.297739096849142,-7.155804017866346],[112.297740374448054,-7.15625619629242],[112.297741652129815,-7.15670837470941],[112.297742929894383,-7.157160553117315],[112.297744207741786,-7.157612731516129],[112.29774548567201,-7.158064909905855],[112.297746763685069,-7.158517088286493],[112.297748041780935,-7.158969266658043],[112.297749319959649,-7.159421445020503],[112.297750598221171,-7.159873623373873],[112.297751876565542,-7.160325801718148],[112.297753154992719,-7.160777980053335],[112.297754433502746,-7.16123015837943],[112.297755712095594,-7.161682336696431],[112.297756990771276,-7.162134515004339],[112.297758269529766,-7.162586693303153],[112.297759548371118,-7.163038871592874],[112.297760827295278,-7.1634910498735],[112.297762106302272,-7.163943228145029],[112.297763385392102,-7.164395406407461],[112.297764664564767,-7.164847584660801],[112.297765943820252,-7.165299762905041],[112.297767223158587,-7.165751941140184],[112.297768502579743,-7.166204119366228],[112.297769782083734,-7.166656297583171],[112.297771061670559,-7.167108475791018],[112.29777234134022,-7.167560653989765],[112.297773621092716,-7.16801283217941],[112.297774900928047,-7.168465010359954],[112.297776180846213,-7.168917188531397],[112.297777460847215,-7.169369366693739],[112.297778740931051,-7.169821544846975],[112.297780021097722,-7.170273722991111],[112.297781301347229,-7.170725901126141],[112.297782581679584,-7.171178079252067],[112.297783862094761,-7.171630257368887],[112.297785142592801,-7.172082435476605],[112.297786423173648,-7.172534613575213],[112.297787703837358,-7.172986791664716],[112.297788984583903,-7.173438969745112],[112.297790265413283,-7.173891147816398],[112.297791546325499,-7.174343325878578],[112.297792827320563,-7.174795503931651],[112.297794108398463,-7.175247681975611],[112.297795389559212,-7.17569986001046],[112.297796670802796,-7.1761520380362],[112.29779795212923,-7.17660421605283],[112.297799233538498,-7.177056394060347],[112.297800515030602,-7.177508572058753],[112.297801796605569,-7.177960750048042],[112.297803078263371,-7.178412928028221],[112.297804360004008,-7.178865105999288]]]}},
{"type":"Feature","properties":{"Line":"S130","begin":1360.5,"end":2692.5},"geometry":{"type":"MultiLineString","coordinates":[[[112.306437886477411,-7.029620730741031],[112.306439149730622,-7.030072910046536],[112.306440413067108,-7.030525089343111],[112.306441676486884,-7.030977268630752],[112.30644293998995,-7.031429447909462],[112.306444203576305,-7.031881627179237],[112.306445467245965,-7.032333806440075],[112.306446730998914,-7.032785985691978],[112.306447994835153,-7.033238164934948],[112.306449258754682,-7.03369034416898],[112.306450522757515,-7.034142523394076],[112.306451786843624,-7.034594702610232],[112.306453051013037,-7.035046881817453],[112.306454315265754,-7.035499061015735],[112.30645557960176,-7.035951240205078],[112.306456844021056,-7.036403419385479],[112.306458108523657,-7.036855598556943],[112.306459373109547,-7.037307777719463],[112.306460637778741,-7.037759956873043],[112.306461902531225,-7.038212136017682],[112.306463167367014,-7.038664315153377],[112.306464432286091,-7.039116494280131],[112.306465697288473,-7.039568673397939],[112.306466962374145,-7.040020852506805],[112.306468227543135,-7.040473031606723],[112.306469492795415,-7.040925210697697],[112.306470758130999,-7.041377389779726],[112.306472023549873,-7.04182956885281],[112.30647328905205,-7.042281747916944],[112.306474554637546,-7.042733926972131],[112.306475820306332,-7.043186106018371],[112.306477086058408,-7.043638285055664],[112.306478351893801,-7.044090464084006],[112.306479617812485,-7.044542643103395],[112.306480883814487,-7.044994822113837],[112.306482149899779,-7.045447001115328],[112.306483416068374,-7.045899180107867],[112.306484682320288,-7.046351359091454],[112.306485948655506,-7.046803538066088],[112.306487215074014,-7.047255717031769],[112.30648848157584,-7.047707895988496],[112.306489748160971,-7.048160074936269],[112.306491014829405,-7.048612253875085],[112.306492281581143,-7.049064432804949],[112.306493548416199,-7.049516611725856],[112.306494815334545,-7.049968790637805],[112.30649608233621,-7.050420969540798],[112.306497349421178,-7.050873148434833],[112.306498616589465,-7.051325327319909],[112.306499883841056,-7.051777506196028],[112.306501151175951,-7.052229685063186],[112.306502418594178,-7.052681863921384],[112.306503686095695,-7.053134042770623],[112.306504953680516,-7.0535862216109],[112.30650622134867,-7.054038400442214],[112.306507489100113,-7.054490579264566],[112.306508756934889,-7.054942758077957],[112.306510024852955,-7.055394936882384],[112.306511292854353,-7.055847115677847],[112.306512560939055,-7.056299294464346],[112.306513829107075,-7.056751473241878],[112.3065150973584,-7.057203652010446],[112.306516365693057,-7.057655830770047],[112.306517634111017,-7.058108009520681],[112.306518902612297,-7.058560188262351],[112.30652017119688,-7.05901236699505],[112.306521439864795,-7.05946454571878],[112.306522708616015,-7.059916724433542],[112.306523977450567,-7.060368903139334],[112.306525246368423,-7.060821081836157],[112.306526515369583,-7.061273260524008],[112.30652778445409,-7.061725439202889],[112.306529053621901,-7.062177617872798],[112.30653032287303,-7.062629796533734],[112.306531592207492,-7.063081975185699],[112.306532861625257,-7.063534153828688],[112.306534131126341,-7.063986332462705],[112.306535400710757,-7.064438511087746],[112.306536670378478,-7.064890689703812],[112.30653794012953,-7.065342868310902],[112.306539209963901,-7.065795046909016],[112.306540479881605,-7.066247225498153],[112.306541749882626,-7.066699404078313],[112.306543019966952,-7.067151582649494],[112.306544290134624,-7.067603761211697],[112.306545560385601,-7.068055939764921],[112.306546830719924,-7.068508118309165],[112.306548101137551,-7.068960296844431],[112.306549371638525,-7.069412475370714],[112.306550642222803,-7.069864653888014],[112.306551912890413,-7.070316832396335],[112.306553183641341,-7.070769010895672],[112.306554454475602,-7.071221189386026],[112.306555725393196,-7.071673367867398],[112.306556996394107,-7.072125546339783],[112.306558267478351,-7.072577724803185],[112.306559538645928,-7.073029903257601],[112.306560809896823,-7.073482081703032],[112.30656208123105,-7.073934260139476],[112.30656335264861,-7.074386438566933],[112.306564624149502,-7.074838616985403],[112.306565895733712,-7.075290795394884],[112.306567167401269,-7.075742973795376],[112.306568439152144,-7.076195152186879],[112.306569710986352,-7.076647330569392],[112.306570982903892,-7.077099508942915],[112.306572254904765,-7.077551687307448],[112.30657352698897,-7.078003865662988],[112.306574799156508,-7.078456044009537],[112.306576071407378,-7.078908222347092],[112.30657734374158,-7.079360400675656],[112.306578616159115,-7.079812578995223],[112.306579888659982,-7.080264757305798],[112.306581161244196,-7.080716935607377],[112.306582433911743,-7.081169113899962],[112.306583706662622,-7.081621292183548],[112.306584979496833,-7.08207347045814],[112.306586252414377,-7.082525648723736],[112.306587525415267,-7.082977826980333],[112.30658879849949,-7.083430005227929],[112.306590071667046,-7.083882183466528],[112.306591344917948,-7.084334361696129],[112.306592618252182,-7.084786539916729],[112.306593891669763,-7.085238718128329],[112.306595165170677,-7.085690896330927],[112.306596438754937,-7.086143074524522],[112.306597712422516,-7.086595252709118],[112.306598986173455,-7.087047430884709],[112.306600260007727,-7.087499609051297],[112.306601533925345,-7.087951787208882],[112.306602807926311,-7.088403965357463],[112.306604082010608,-7.088856143497036],[112.306605356178238,-7.089308321627605],[112.306606630429229,-7.089760499749168],[112.306607904763553,-7.090212677861725],[112.306609179181223,-7.090664855965275],[112.306610453682239,-7.091117034059816],[112.306611728266603,-7.091569212145347],[112.306613002934313,-7.092021390221872],[112.306614277685355,-7.092473568289387],[112.306615552519744,-7.092925746347889],[112.30661682743748,-7.093377924397383],[112.306618102438577,-7.093830102437865],[112.306619377523006,-7.094282280469336],[112.306620652690782,-7.094734458491793],[112.306621927941919,-7.095186636505239],[112.306623203276388,-7.09563881450967],[112.306624478694218,-7.096090992505086],[112.30662575419538,-7.09654317049149],[112.306627029779904,-7.096995348468877],[112.306628305447774,-7.097447526437249],[112.30662958119899,-7.097899704396606],[112.306630857033554,-7.098351882346943],[112.306632132951492,-7.098804060288265],[112.306633408952749,-7.099256238220568],[112.30663468503738,-7.099708416143853],[112.306635961205359,-7.100160594058116],[112.306637237456684,-7.100612771963365],[112.306638513791356,-7.101064949859588],[112.306639790209388,-7.101517127746794],[112.306641066710782,-7.101969305624978],[112.306642343295522,-7.102421483494139],[112.306643619963609,-7.102873661354277],[112.306644896715071,-7.103325839205392],[112.306646173549879,-7.103778017047484],[112.30664745046802,-7.104230194880553],[112.30664872746955,-7.104682372704598],[112.306650004554413,-7.105134550519614],[112.306651281722651,-7.105586728325606],[112.306652558974235,-7.106038906122572],[112.306653836309181,-7.106491083910511],[112.306655113727473,-7.106943261689421],[112.30665639122914,-7.107395439459304],[112.306657668814154,-7.107847617220159],[112.306658946482528,-7.108299794971983],[112.306660224234264,-7.108751972714778],[112.30666150206936,-7.109204150448542],[112.306662779987818,-7.109656328173276],[112.306664057989636,-7.11010850588898],[112.306665336074815,-7.110560683595649],[112.306666614243341,-7.111012861293285],[112.306667892495241,-7.11146503898189],[112.306669170830517,-7.111917216661459],[112.30667044924914,-7.112369394331997],[112.306671727751123,-7.112821571993498],[112.306673006336482,-7.113273749645963],[112.306674285005201,-7.113725927289392],[112.306675563757281,-7.114178104923786],[112.306676842592722,-7.114630282549143],[112.306678121511538,-7.115082460165461],[112.306679400513715,-7.115534637772741],[112.306680679599253,-7.115986815370981],[112.306681958768166,-7.116438992960183],[112.30668323802044,-7.116891170540344],[112.306684517356075,-7.117343348111465],[112.306685796775085,-7.117795525673546],[112.30668707627747,-7.118247703226584],[112.306688355863216,-7.118699880770579],[112.306689635532322,-7.119152058305533],[112.306690915284818,-7.119604235831442],[112.306692195120661,-7.12005641334831],[112.306693475039893,-7.120508590856133],[112.306694755042471,-7.120960768354906],[112.306696035128439,-7.121412945844638],[112.306697315297782,-7.121865123325324],[112.306698595550472,-7.12231730079696],[112.306699875886551,-7.122769478259552],[112.306701156306019,-7.123221655713095],[112.306702436808834,-7.123673833157589],[112.306703717395024,-7.124126010593035],[112.306704998064589,-7.124578188019432],[112.306706278817543,-7.125030365436777],[112.306707559653859,-7.125482542845072],[112.306708840573549,-7.125934720244316],[112.306710121576614,-7.126386897634508],[112.306711402663055,-7.126839075015647],[112.306712683832885,-7.127291252387734],[112.306713965086061,-7.127743429750768],[112.306715246422641,-7.128195607104748],[112.306716527842596,-7.128647784449671],[112.306717809345926,-7.129099961785542],[112.306719090932617,-7.129552139112356],[112.306720372602697,-7.130004316430115],[112.306721654356167,-7.130456493738815],[112.306722936192998,-7.130908671038457],[112.306724218113231,-7.131360848329042],[112.306725500116826,-7.131813025610571],[112.30672678220381,-7.132265202883036],[112.306728064374155,-7.132717380146445],[112.306729346627904,-7.133169557400791],[112.306730628965028,-7.133621734646079],[112.30673191138554,-7.134073911882305],[112.306733193889414,-7.134526089109469],[112.306734476476691,-7.13497826632757],[112.306735759147344,-7.135430443536608],[112.306737041901386,-7.135882620736583],[112.306738324738802,-7.136334797927492],[112.306739607659608,-7.136786975109338],[112.306740890663804,-7.137239152282117],[112.306742173751374,-7.137691329445832],[112.306743456922334,-7.138143506600479],[112.306744740176669,-7.138595683746059],[112.306746023514407,-7.139047860882573],[112.306747306935534,-7.139500038010019],[112.306748590440037,-7.139952215128394],[112.306749874027929,-7.140404392237701],[112.306751157699225,-7.14085656933794],[112.306752441453881,-7.141308746429106],[112.306753725291941,-7.141760923511202],[112.306755009213404,-7.142213100584228],[112.306756293218228,-7.142665277648179],[112.306757577306456,-7.143117454703058],[112.306758861478073,-7.143569631748866],[112.306760145733094,-7.1440218087856],[112.306761430071489,-7.144473985813256],[112.306762714493289,-7.14492616283184],[112.306763998998463,-7.145378339841348],[112.30676528358704,-7.14583051684178],[112.306766568259007,-7.146282693833136],[112.306767853014378,-7.146734870815414],[112.306769137853124,-7.147187047788615],[112.306770422775273,-7.147639224752737],[112.306771707780825,-7.148091401707782],[112.306772992869753,-7.148543578653745],[112.306774278042099,-7.148995755590629],[112.306775563297819,-7.149447932518433],[112.306776848636943,-7.149900109437156],[112.306778134059471,-7.150352286346797],[112.306779419565387,-7.150804463247355],[112.306780705154694,-7.151256640138833],[112.306781990827417,-7.151708817021226],[112.306783276583531,-7.152160993894533],[112.306784562423033,-7.152613170758759],[112.306785848345953,-7.153065347613899],[112.306787134352263,-7.153517524459952],[112.306788420441961,-7.153969701296919],[112.306789706615064,-7.154421878124801],[112.306790992871584,-7.154874054943594],[112.306792279211493,-7.1553262317533],[112.306793565634791,-7.155778408553918],[112.306794852141508,-7.156230585345445],[112.306796138731627,-7.156682762127884],[112.306797425405136,-7.157134938901233],[112.306798712162049,-7.157587115665493],[112.306799999002379,-7.158039292420659],[112.306801285926113,-7.158491469166735],[112.306802572933236,-7.158943645903717],[112.306803860023777,-7.159395822631607],[112.306805147197707,-7.159847999350404],[112.306806434455055,-7.160300176060105],[112.306807721795806,-7.160752352760714],[112.306809009219961,-7.161204529452227],[112.306810296727534,-7.161656706134644],[112.306811584318496,-7.162108882807965],[112.306812871992875,-7.162561059472187],[112.306814159750658,-7.163013236127314],[112.306815447591859,-7.163465412773344],[112.306816735516449,-7.163917589410273],[112.306818023524457,-7.164369766038104],[112.306819311615897,-7.164821942656835],[112.306820599790711,-7.165274119266467],[112.306821888048958,-7.165726295866996],[112.306823176390608,-7.166178472458427],[112.306824464815662,-7.166630649040754],[112.306825753324134,-7.167082825613978],[112.306827041916023,-7.167535002178099],[112.306828330591316,-7.167987178733116],[112.306829619350026,-7.16843935527903],[112.30683090819214,-7.16889153181584],[112.306832197117686,-7.169343708343545],[112.306833486126635,-7.169795884862141],[112.306834775219002,-7.170248061371632],[112.306836064394773,-7.170700237872018],[112.306837353653961,-7.171152414363295],[112.306838642996567,-7.171604590845463],[112.306839932422605,-7.172056767318521],[112.306841221932032,-7.172508943782474],[112.306842511524906,-7.172961120237315],[112.306843801201168,-7.173413296683046],[112.306845090960849,-7.173865473119664],[112.306846380803961,-7.174317649547174],[112.306847670730491,-7.174769825965572],[112.306848960740439,-7.175222002374854],[112.306850250833804,-7.175674178775026],[112.306851541010587,-7.176126355166081],[112.306852831270803,-7.176578531548025],[112.306854121614407,-7.177030707920852],[112.306855412041457,-7.177482884284565],[112.306856702551926,-7.177935060639161],[112.306857993145812,-7.17838723698464],[112.306859283823115,-7.178839413321003],[112.306860574583851,-7.179291589648246],[112.306861865428004,-7.179743765966373],[112.30686315635559,-7.180195942275382]]]}},
{"type":"Feature","properties":{"Line":"S113","begin":1360.5,"end":3496.5},"geometry":{"type":"MultiLineString","coordinates":[[[112.165629952080906,-7.102118995793589],[112.166082646199754,-7.102117857986705],[112.166535340244209,-7.102116719738261],[112.166988034214242,-7.102115581048256],[112.167440728109824,-7.102114441916689],[112.167893421930927,-7.102113302343562],[112.168346115677537,-7.102112162328876],[112.168798809349582,-7.102111021872628],[112.169251502947077,-7.102109880974823],[112.169704196469979,-7.102108739635458],[112.170156889918246,-7.102107597854534],[112.170609583291863,-7.102106455632051],[112.171062276590817,-7.102105312968014],[112.17151496981505,-7.102104169862415],[112.171967662964533,-7.102103026315261],[112.172420356039268,-7.102101882326549],[112.172873049039197,-7.10210073789628],[112.173325741964305,-7.102099593024458],[112.173778434814537,-7.102098447711077],[112.174231127589906,-7.102097301956141],[112.174683820290355,-7.102096155759651],[112.17513651291587,-7.102095009121604],[112.175589205466409,-7.102093862042006],[112.176041897941957,-7.102092714520851],[112.176494590342472,-7.102091566558145],[112.176947282667939,-7.102090418153884],[112.177399974918302,-7.10208926930807],[112.177852667093575,-7.102088120020705],[112.178305359193686,-7.102086970291785],[112.178758051218622,-7.102085820121316],[112.179210743168369,-7.102084669509294],[112.179663435042883,-7.102083518455721],[112.180116126842137,-7.102082366960596],[112.180568818566101,-7.102081215023922],[112.181021510214762,-7.102080062645697],[112.181474201788063,-7.102078909825924],[112.18192689328599,-7.102077756564601],[112.182379584708528,-7.102076602861728],[112.182832276055635,-7.102075448717305],[112.183284967327268,-7.102074294131336],[112.183737658523413,-7.10207313910382],[112.184190349644041,-7.102071983634754],[112.184643040689124,-7.102070827724142],[112.185095731658635,-7.102069671371981],[112.185548422552543,-7.102068514578276],[112.186001113370807,-7.102067357343024],[112.186453804113413,-7.102066199666226],[112.186906494780317,-7.102065041547884],[112.18735918537152,-7.102063882987996],[112.187811875886965,-7.102062723986562],[112.188264566326623,-7.102061564543585],[112.188717256690481,-7.102060404659063],[112.18916994697851,-7.102059244332999],[112.189622637190666,-7.102058083565391],[112.190075327326937,-7.10205692235624],[112.19052801738728,-7.102055760705546],[112.190980707371665,-7.10205459861331],[112.191433397280079,-7.102053436079531],[112.191886087112493,-7.102052273104213],[112.192338776868837,-7.102051109687353],[112.192791466549139,-7.102049945828951],[112.193244156153355,-7.10204878152901],[112.19369684568143,-7.102047616787529],[112.194149535133349,-7.102046451604507],[112.194602224509097,-7.102045285979948],[112.195054913808633,-7.102044119913847],[112.195507603031928,-7.10204295340621],[112.195960292178938,-7.102041786457033],[112.196412981249665,-7.102040619066321],[112.196865670244065,-7.102039451234067],[112.197318359162111,-7.10203828296028],[112.197771048003759,-7.102037114244952],[112.198223736769023,-7.102035945088091],[112.198676425457819,-7.102034775489695],[112.199129114070161,-7.10203360544976],[112.199581802605991,-7.102032434968291],[112.200034491065296,-7.102031264045288],[112.200487179448047,-7.102030092680749],[112.200939867754215,-7.102028920874676],[112.201392555983759,-7.102027748627071],[112.201845244136663,-7.10202657593793],[112.202297932212886,-7.102025402807256],[112.202750620212413,-7.102024229235051],[112.203203308135215,-7.102023055221313],[112.203655995981251,-7.102021880766043],[112.204108683750505,-7.10202070586924],[112.204561371442935,-7.102019530530906],[112.205014059058527,-7.102018354751043],[112.205466746597239,-7.102017178529648],[112.205919434059055,-7.102016001866724],[112.206372121443934,-7.102014824762267],[112.206824808751847,-7.102013647216284],[112.207277495982765,-7.102012469228769],[112.207730183136675,-7.102011290799727],[112.208182870213534,-7.102010111929157],[112.208635557213313,-7.102008932617059],[112.209088244135998,-7.102007752863432],[112.209540930981532,-7.102006572668278],[112.209993617749916,-7.102005392031597],[112.210446304441092,-7.102004210953391],[112.21089899105506,-7.102003029433657],[112.211351677591779,-7.102001847472398],[112.211804364051218,-7.102000665069613],[112.212257050433323,-7.101999482225304],[112.212709736738134,-7.101998298939469],[112.213162422965553,-7.101997115212111],[112.21361510911558,-7.101995931043227],[112.214067795188186,-7.101994746432822],[112.214520481183342,-7.101993561380891],[112.214973167101022,-7.101992375887439],[112.215425852941181,-7.101991189952463],[112.215878538703805,-7.101990003575967],[112.216331224388867,-7.101988816757948],[112.216783909996337,-7.101987629498407],[112.217236595526174,-7.101986441797346],[112.217689280978362,-7.101985253654764],[112.21814196635286,-7.101984065070662],[112.218594651649639,-7.10198287604504],[112.219047336868698,-7.101981686577898],[112.219500022009967,-7.101980496669237],[112.219952707073446,-7.101979306319056],[112.220405392059106,-7.101978115527358],[112.220858076966891,-7.101976924294142],[112.221310761796801,-7.101975732619408],[112.221763446548806,-7.101974540503155],[112.222216131222865,-7.101973347945388],[112.222668815818949,-7.101972154946103],[112.223121500337029,-7.101970961505302],[112.223574184777092,-7.101969767622983],[112.224026869139081,-7.101968573299151],[112.224479553422981,-7.101967378533804],[112.224932237628778,-7.101966183326941],[112.225384921756429,-7.101964987678564],[112.225837605805907,-7.101963791588672],[112.226290289777168,-7.10196259505727],[112.226742973670213,-7.101961398084352],[112.227195657484998,-7.101960200669921],[112.227648341221482,-7.101959002813977],[112.228101024879663,-7.101957804516522],[112.228553708459486,-7.101956605777555],[112.229006391960937,-7.101955406597076],[112.229459075383986,-7.101954206975087],[112.229911758728605,-7.101953006911588],[112.230364441994752,-7.101951806406575],[112.230817125182412,-7.101950605460057],[112.231269808291557,-7.101949404072025],[112.231722491322145,-7.101948202242487],[112.232175174274161,-7.101946999971437],[112.232627857147563,-7.101945797258882],[112.23308053994235,-7.101944594104817],[112.233533222658451,-7.101943390509246],[112.233985905295853,-7.101942186472166],[112.234438587854555,-7.101940981993581],[112.234891270334501,-7.101939777073487],[112.235343952735661,-7.101938571711888],[112.235796635058009,-7.101937365908783],[112.236249317301528,-7.101936159664173],[112.236701999466177,-7.101934952978057],[112.237154681551942,-7.101933745850436],[112.237607363558766,-7.101932538281313],[112.238060045486648,-7.101931330270684],[112.238512727335532,-7.101930121818551],[112.238965409105433,-7.101928912924919],[112.239418090796278,-7.10192770358978],[112.239870772408054,-7.101926493813139],[112.240323453940746,-7.101925283594996],[112.240776135394299,-7.101924072935353],[112.241228816768697,-7.101922861834208],[112.241681498063912,-7.101921650291561],[112.242134179279915,-7.101920438307413],[112.242586860416679,-7.101919225881767],[112.243039541474175,-7.101918013014622],[112.24349222245236,-7.101916799705975],[112.243944903351235,-7.101915585955829],[112.244397584170741,-7.101914371764185],[112.244850264910866,-7.101913157131044],[112.245302945571581,-7.101911942056403],[112.245755626152842,-7.101910726540265],[112.246208306654637,-7.101909510582631],[112.246660987076922,-7.1019082941835],[112.247113667419697,-7.101907077342871],[112.247566347682891,-7.101905860060747],[112.248019027866519,-7.101904642337127],[112.248471707970509,-7.101903424172013],[112.248924387994862,-7.101902205565403],[112.249377067939548,-7.101900986517299],[112.249829747804512,-7.1018997670277],[112.250282427589767,-7.101898547096608],[112.250735107295242,-7.101897326724021],[112.251187786920937,-7.101896105909943],[112.25164046646681,-7.101894884654373],[112.252093145932832,-7.10189366295731],[112.25254582531899,-7.101892440818753],[112.252998504625239,-7.101891218238706],[112.253451183851553,-7.101889995217168],[112.253903862997888,-7.101888771754139],[112.254356542064244,-7.10188754784962],[112.254809221050593,-7.101886323503612],[112.255261899956878,-7.101885098716113],[112.255714578783099,-7.101883873487125],[112.256167257529199,-7.101882647816649],[112.25661993619515,-7.101881421704684],[112.257072614780952,-7.101880195151232],[112.257525293286562,-7.10187896815629],[112.257977971711952,-7.101877740719861],[112.258430650057079,-7.101876512841947],[112.258883328321929,-7.101875284522547],[112.259336006506487,-7.101874055761658],[112.259788684610683,-7.101872826559283],[112.260241362634517,-7.101871596915426],[112.26069404057796,-7.101870366830081],[112.261146718440983,-7.101869136303254],[112.261599396223545,-7.101867905334941],[112.262052073925631,-7.101866673925143],[112.262504751547198,-7.101865442073864],[112.262957429088232,-7.101864209781101],[112.26341010654869,-7.101862977046855],[112.263862783928559,-7.101861743871127],[112.264315461227795,-7.101860510253917],[112.264768138446371,-7.101859276195225],[112.265220815584271,-7.101858041695052],[112.265673492641469,-7.101856806753399],[112.266126169617905,-7.101855571370264],[112.266578846513568,-7.101854335545651],[112.267031523328441,-7.101853099279555],[112.267484200062484,-7.101851862571984],[112.267936876715666,-7.101850625422932],[112.268389553287975,-7.1018493878324],[112.268842229779352,-7.101848149800392],[112.269294906189799,-7.101846911326906],[112.269747582519258,-7.101845672411943],[112.27020025876773,-7.101844433055502],[112.270652934935171,-7.101843193257585],[112.27110561102154,-7.101841953018192],[112.271558287026821,-7.101840712337322],[112.272010962950986,-7.101839471214977],[112.272463638794022,-7.101838229651158],[112.272916314555872,-7.101836987645863],[112.27336899023652,-7.101835745199096],[112.273821665835925,-7.101834502310853],[112.274274341354072,-7.101833258981136],[112.274727016790933,-7.101832015209949],[112.27517969214648,-7.101830770997286],[112.27563236742067,-7.101829526343153],[112.276085042613488,-7.101828281247546],[112.276537717724892,-7.101827035710469],[112.276990392754868,-7.10182578973192],[112.277443067703373,-7.1018245433119],[112.277895742570394,-7.101823296450411],[112.278348417355886,-7.10182204914745],[112.278801092059851,-7.101820801403021],[112.279253766682217,-7.101819553217124],[112.279706441222984,-7.101818304589754],[112.280159115682096,-7.101817055520919],[112.280611790059567,-7.101815806010614],[112.281064464355325,-7.101814556058842],[112.28151713856937,-7.101813305665603],[112.281969812701661,-7.101812054830898],[112.282422486752168,-7.101810803554725],[112.282875160720863,-7.101809551837087],[112.283327834607732,-7.101808299677981],[112.283780508412718,-7.101807047077412],[112.284233182135807,-7.101805794035376],[112.284685855776971,-7.101804540551877],[112.285138529336209,-7.101803286626915],[112.285591202813436,-7.101802032260487],[112.286043876208652,-7.101800777452596],[112.286496549521843,-7.101799522203242],[112.286949222752938,-7.101798266512425],[112.287401895901965,-7.101797010380146],[112.287854568968839,-7.101795753806406],[112.288307241953589,-7.101794496791205],[112.288759914856129,-7.101793239334541],[112.28921258767646,-7.101791981436419],[112.289665260414537,-7.101790723096834],[112.290117933070363,-7.10178946431579],[112.290570605643865,-7.101788205093285],[112.291023278135071,-7.101786945429325],[112.291475950543898,-7.101785685323904],[112.291928622870344,-7.101784424777023],[112.292381295114367,-7.101783163788685],[112.292833967275939,-7.101781902358889],[112.29328663935506,-7.101780640487638],[112.293739311351658,-7.101779378174928],[112.294191983265733,-7.101778115420764],[112.294644655097244,-7.101776852225142],[112.295097326846175,-7.101775588588064],[112.295549998512485,-7.101774324509534],[112.296002670096144,-7.101773059989545],[112.296455341597138,-7.101771795028106],[112.296908013015411,-7.101770529625209],[112.297360684350963,-7.10176926378086],[112.297813355603751,-7.101767997495058],[112.298266026773746,-7.101766730767803],[112.29871869786092,-7.101765463599095],[112.299171368865245,-7.101764195988935],[112.299624039786693,-7.101762927937326],[112.300076710625234,-7.101761659444262],[112.300529381380841,-7.101760390509749],[112.300982052053484,-7.101759121133784],[112.301434722643137,-7.10175785131637],[112.301887393149769,-7.101756581057507],[112.302340063573354,-7.101755310357195],[112.302792733913847,-7.101754039215432],[112.303245404171236,-7.101752767632222],[112.303698074345476,-7.101751495607564],[112.304150744436569,-7.101750223141457],[112.304603414444458,-7.101748950233905],[112.305056084369127,-7.101747676884903],[112.30550875421055,-7.101746403094457],[112.305961423968682,-7.101745128862563],[112.306414093643511,-7.101743854189225],[112.306866763234993,-7.101742579074442],[112.307319432743114,-7.101741303518211],[112.307772102167831,-7.101740027520537],[112.308224771509117,-7.101738751081418],[112.308677440766957,-7.101737474200857],[112.309130109941307,-7.101736196878853],[112.309582779032169,-7.101734919115405],[112.310035448039457,-7.101733640910514],[112.310488116963185,-7.101732362264181],[112.310940785803325,-7.101731083176407],[112.311393454559834,-7.101729803647192],[112.311846123232669,-7.101728523676535],[112.312298791821831,-7.101727243264438],[112.312751460327291,-7.1017259624109],[112.313204128749007,-7.101724681115922],[112.313656797086921,-7.101723399379504],[112.314109465341062,-7.10172211720165],[112.314562133511359,-7.101720834582355],[112.315014801597812,-7.101719551521621],[112.315467469600364,-7.101718268019453],[112.315920137519001,-7.101716984075845],[112.316372805353694,-7.1017156996908],[112.316825473104416,-7.101714414864318],[112.317278140771151,-7.1017131295964],[112.317730808353829,-7.101711843887047],[112.31818347585245,-7.101710557736259],[112.318636143266986,-7.101709271144034],[112.319088810597407,-7.101707984110377],[112.319541477843671,-7.101706696635283],[112.319994145005779,-7.101705408718757],[112.320446812083659,-7.101704120360798],[112.320899479077326,-7.101702831561405],[112.321352145986722,-7.101701542320579],[112.32180481281182,-7.101700252638321],[112.322257479552604,-7.101698962514632],[112.322710146209033,-7.101697671949511],[112.323162812781092,-7.101696380942959],[112.323615479268724,-7.101695089494976],[112.324068145671944,-7.101693797605564],[112.324520811990695,-7.101692505274722],[112.324973478224948,-7.101691212502449],[112.325426144374674,-7.101689919288749],[112.325878810439875,-7.10168862563362],[112.326331476420464,-7.101687331537062],[112.326784142316455,-7.101686036999075],[112.327236808127807,-7.101684742019663],[112.327689473854505,-7.101683446598824],[112.328142139496492,-7.101682150736556],[112.328594805053754,-7.101680854432865],[112.329047470526277,-7.101679557687745],[112.329500135914017,-7.101678260501202],[112.329952801216919,-7.101676962873234],[112.330405466435025,-7.101675664803841],[112.330858131568235,-7.101674366293023],[112.331310796616549,-7.101673067340781],[112.331763461579925,-7.101671767947116],[112.332216126458363,-7.101670468112029],[112.33266879125182,-7.101669167835518],[112.333121455960253,-7.101667867117587],[112.333574120583648,-7.101666565958231],[112.334026785121978,-7.101665264357457],[112.334479449575213,-7.101663962315261],[112.33493211394331,-7.101662659831644],[112.335384778226256,-7.101661356906606],[112.335837442424008,-7.101660053540149],[112.336290106536538,-7.101658749732273],[112.336742770563831,-7.101657445482979],[112.337195434505873,-7.101656140792264],[112.337648098362592,-7.101654835660134],[112.338100762133976,-7.101653530086583],[112.33855342582001,-7.101652224071617],[112.339006089420664,-7.101650917615233],[112.339458752935897,-7.101649610717434],[112.33991141636568,-7.101648303378217],[112.340364079709985,-7.101646995597585],[112.340816742968784,-7.101645687375538],[112.341269406142061,-7.101644378712077],[112.341722069229789,-7.1016430696072],[112.342174732231896,-7.101641760060909],[112.342627395148398,-7.101640450073205],[112.343080057979265,-7.101639139644088],[112.343532720724454,-7.101637828773558],[112.343985383383909,-7.101636517461614],[112.344438045957659,-7.101635205708259],[112.344890708445632,-7.101633893513495],[112.345343370847814,-7.101632580877317],[112.345796033164191,-7.101631267799728],[112.346248695394706,-7.10162995428073],[112.346701357539331,-7.101628640320321],[112.347154019598065,-7.101627325918502],[112.347606681570866,-7.101626011075274],[112.348059343457692,-7.101624695790639],[112.348512005258527,-7.101623380064594],[112.348964666973345,-7.101622063897142],[112.349417328602087,-7.101620747288283],[112.349869990144782,-7.101619430238015],[112.35032265160136,-7.101618112746341],[112.350775312971777,-7.101616794813262],[112.351227974256048,-7.101615476438776],[112.351680635454116,-7.101614157622885],[112.352133296565952,-7.101612838365588],[112.352585957591558,-7.101611518666887],[112.35303861853086,-7.10161019852678],[112.35349127938386,-7.101608877945273],[112.353943940150515,-7.101607556922359],[112.35439660083081,-7.101606235458043],[112.35484926142469,-7.101604913552325],[112.355301921932167,-7.101603591205204],[112.355754582353171,-7.101602268416682],[112.356207242687688,-7.101600945186758],[112.356659902935718,-7.101599621515434],[112.357112563097189,-7.101598297402709],[112.357565223172074,-7.101596972848584],[112.358017883160372,-7.101595647853057],[112.35847054306204,-7.101594322416133],[112.358923202877065,-7.10159299653781],[112.35937586260539,-7.101591670218088],[112.359828522246985,-7.101590343456968],[112.360281181801867,-7.10158901625445],[112.360733841269962,-7.101587688610535],[112.361186500651257,-7.101586360525221],[112.361639159945724,-7.101585031998514],[112.362091819153321,-7.101583703030411],[112.362544478274032,-7.101582373620911],[112.362997137307829,-7.101581043770016],[112.363449796254685,-7.101579713477727],[112.363902455114555,-7.101578382744041],[112.364355113887427,-7.101577051568964],[112.364807772573272,-7.101575719952491],[112.365260431172047,-7.101574387894626],[112.365713089683737,-7.101573055395369],[112.366165748108301,-7.101571722454718],[112.366618406445724,-7.101570389072676],[112.367071064695978,-7.101569055249244],[112.367523722859005,-7.10156772098442],[112.367976380934806,-7.101566386278204],[112.368429038923352,-7.101565051130597],[112.368881696824602,-7.101563715541604],[112.369334354638539,-7.101562379511218],[112.369787012365109,-7.101561043039445],[112.37023967000431,-7.101559706126283],[112.3706923275561,-7.101558368771732],[112.371144985020464,-7.101557030975794],[112.371597642397347,-7.10155569273847],[112.372050299686748,-7.101554354059756],[112.372502956888624,-7.101553014939658],[112.372955614002933,-7.101551675378172],[112.373408271029675,-7.101550335375301],[112.373860927968806,-7.101548994931046],[112.3743135848203,-7.101547654045405],[112.374766241584112,-7.101546312718381],[112.375218898260243,-7.101544970949971],[112.375671554848651,-7.101543628740178],[112.376124211349307,-7.101542286089002],[112.376576867762168,-7.101540942996443],[112.37702952408722,-7.101539599462503],[112.377482180324435,-7.101538255487179],[112.377934836473784,-7.101536911070474],[112.378387492535225,-7.101535566212389],[112.378840148508743,-7.101534220912923],[112.379292804394325,-7.101532875172077],[112.379745460191899,-7.10153152898985],[112.380198115901464,-7.101530182366243],[112.38065077152298,-7.101528835301259],[112.381103427056445,-7.101527487794895],[112.381556082501803,-7.101526139847154],[112.38200873785901,-7.101524791458034],[112.382461393128082,-7.101523442627538],[112.382914048308962,-7.101522093355664],[112.38336670340162,-7.101520743642414],[112.383819358406058,-7.101519393487788],[112.384272013322189,-7.101518042891787],[112.384724668150028,-7.10151669185441],[112.385177322889547,-7.101515340375658],[112.385629977540702,-7.101513988455531],[112.386082632103466,-7.10151263609403],[112.386535286577825,-7.101511283291157],[112.386987940963721,-7.10150993004691],[112.387440595261154,-7.101508576361292],[112.387893249470068,-7.101507222234299],[112.388345903590462,-7.101505867665937],[112.388798557622295,-7.1015045126562],[112.389251211565522,-7.101503157205093],[112.389703865420145,-7.101501801312616],[112.390156519186107,-7.101500444978769],[112.390609172863407,-7.101499088203552],[112.391061826452002,-7.101497730986966],[112.391514479951852,-7.101496373329011],[112.39196713336294,-7.101495015229688],[112.392419786685224,-7.101493656688996],[112.392872439918705,-7.101492297706939],[112.393325093063339,-7.101490938283511],[112.393777746119071,-7.101489578418716],[112.394230399085913,-7.101488218112556],[112.39468305196381,-7.101486857365032],[112.395135704752747,-7.10148549617614],[112.395588357452681,-7.101484134545884],[112.396041010063612,-7.101482772474262],[112.39649366258547,-7.101481409961276],[112.396946315018255,-7.101480047006927],[112.397398967361923,-7.101478683611215],[112.397851619616461,-7.101477319774139],[112.398304271781839,-7.1014759554957],[112.398756923858002,-7.1014745907759],[112.399209575844949,-7.101473225614737],[112.399662227742638,-7.101471860012214],[112.400114879551055,-7.10147049396833],[112.400567531270156,-7.101469127483084],[112.401020182899899,-7.10146776055648],[112.401472834440284,-7.101466393188514],[112.401925485891283,-7.101465025379191],[112.402378137252853,-7.101463657128508],[112.402830788524952,-7.101462288436466],[112.403283439707579,-7.101460919303068],[112.403736090800678,-7.10145954972831],[112.404188741804248,-7.101458179712199],[112.404641392718233,-7.101456809254729],[112.405094043542633,-7.101455438355903],[112.40554669427739,-7.10145406701572],[112.405999344922506,-7.101452695234182],[112.406451995477923,-7.10145132301129],[112.406904645943627,-7.101449950347043],[112.407357296319589,-7.101448577241443]]]}},
{"type":"Feature","properties":{"Line":"S107","begin":1360.5,"end":3236.5},"geometry":{"type":"MultiLineString","coordinates":[[[112.156643985948321,-7.129273852968496],[112.157096708123689,-7.12927271963692],[112.157549430225245,-7.129271585862075],[112.158002152252934,-7.129270451643953],[112.158454874206726,-7.129269316982563],[112.158907596086593,-7.129268181877901],[112.159360317892506,-7.129267046329968],[112.159813039624439,-7.129265910338763],[112.160265761282361,-7.12926477390429],[112.160718482866244,-7.129263637026547],[112.16117120437606,-7.129262499705534],[112.161623925811782,-7.129261361941253],[112.162076647173393,-7.129260223733703],[112.162529368460824,-7.129259085082883],[112.162982089674074,-7.129257945988797],[112.163434810813129,-7.129256806451442],[112.163887531877933,-7.12925566647082],[112.16434025286847,-7.129254526046934],[112.164792973784699,-7.129253385179777],[112.165245694626606,-7.129252243869355],[112.165698415394175,-7.129251102115669],[112.166151136087336,-7.129249959918715],[112.166603856706089,-7.129248817278497],[112.167056577250406,-7.129247674195015],[112.167509297720244,-7.129246530668267],[112.167962018115574,-7.129245386698256],[112.168414738436383,-7.129244242284981],[112.168867458682641,-7.129243097428442],[112.169320178854306,-7.12924195212864],[112.169772898951351,-7.129240806385575],[112.17022561897376,-7.12923966019925],[112.170678338921491,-7.129238513569661],[112.171131058794501,-7.129237366496811],[112.17158377859279,-7.129236218980699],[112.172036498316331,-7.129235071021329],[112.172489217965079,-7.129233922618695],[112.172941937539008,-7.129232773772801],[112.173394657038074,-7.12923162448365],[112.173847376462291,-7.129230474751237],[112.174300095811574,-7.129229324575565],[112.174752815085938,-7.129228173956635],[112.17520553428534,-7.129227022894447],[112.17565825340975,-7.129225871389001],[112.176110972459142,-7.129224719440296],[112.176563691433486,-7.129223567048336],[112.17701641033274,-7.129222414213116],[112.17746912915689,-7.129221260934641],[112.177921847905921,-7.129220107212909],[112.178374566579762,-7.129218953047922],[112.178827285178428,-7.12921779843968],[112.179280003701876,-7.129216643388181],[112.179732722150064,-7.129215487893429],[112.180185440522962,-7.129214331955421],[112.180638158820557,-7.12921317557416],[112.18109087704282,-7.129212018749644],[112.181543595189709,-7.129210861481877],[112.181996313261195,-7.129209703770855],[112.182449031257278,-7.129208545616581],[112.182901749177887,-7.129207387019054],[112.183354467023037,-7.129206227978276],[112.183807184792656,-7.129205068494247],[112.184259902486744,-7.129203908566965],[112.184712620105259,-7.129202748196432],[112.185165337648172,-7.129201587382649],[112.185618055115455,-7.129200426125617],[112.186070772507108,-7.129199264425336],[112.186523489823045,-7.129198102281803],[112.186976207063296,-7.129196939695023],[112.187428924227774,-7.129195776664992],[112.187881641316508,-7.129194613191714],[112.188334358329428,-7.129193449275189],[112.188787075266532,-7.129192284915415],[112.189239792127765,-7.129191120112394],[112.189692508913126,-7.129189954866126],[112.190145225622558,-7.129188789176612],[112.190597942256048,-7.129187623043853],[112.191050658813566,-7.129186456467845],[112.191503375295085,-7.129185289448595],[112.191956091700561,-7.129184121986097],[112.192408808029995,-7.129182954080356],[112.19286152428333,-7.12918178573137],[112.193314240460552,-7.12918061693914],[112.193766956561632,-7.129179447703667],[112.194219672586527,-7.12917827802495],[112.194672388535224,-7.12917710790299],[112.19512510440768,-7.129175937337789],[112.19557782020388,-7.129174766329345],[112.196030535923782,-7.129173594877658],[112.196483251567372,-7.129172422982731],[112.196935967134621,-7.129171250644561],[112.197388682625473,-7.129170077863153],[112.197841398039941,-7.129168904638503],[112.198294113377955,-7.129167730970613],[112.198746828639514,-7.129166556859484],[112.199199543824577,-7.129165382305114],[112.199652258933114,-7.129164207307507],[112.200104973965111,-7.129163031866662],[112.200557688920526,-7.129161855982578],[112.20101040379933,-7.129160679655257],[112.201463118601495,-7.129159502884696],[112.201915833327007,-7.129158325670899],[112.202368547975809,-7.129157148013866],[112.2028212625479,-7.129155969913597],[112.203273977043224,-7.129154791370091],[112.203726691461782,-7.129153612383351],[112.204179405803515,-7.129152432953375],[112.20463212006841,-7.129151253080162],[112.205084834256439,-7.129150072763717],[112.205537548367573,-7.129148892004038],[112.205990262401784,-7.129147710801124],[112.206442976359043,-7.129146529154977],[112.206895690239307,-7.129145347065596],[112.207348404042563,-7.129144164532984],[112.207801117768796,-7.129142981557139],[112.20825383141792,-7.129141798138061],[112.20870654498998,-7.129140614275753],[112.209159258484902,-7.129139429970214],[112.20961197190266,-7.129138245221443],[112.210064685243239,-7.129137060029441],[112.210517398506596,-7.129135874394209],[112.210970111692703,-7.129134688315751],[112.211422824801559,-7.129133501794059],[112.211875537833109,-7.129132314829141],[112.212328250787323,-7.129131127420991],[112.212780963664173,-7.129129939569617],[112.213233676463645,-7.129128751275012],[112.213686389185696,-7.12912756253718],[112.214139101830298,-7.129126373356121],[112.214591814397423,-7.129125183731835],[112.21504452688707,-7.129123993664324],[112.215497239299154,-7.129122803153586],[112.215949951633689,-7.129121612199622],[112.216402663890634,-7.129120420802433],[112.216855376069958,-7.129119228962019],[112.217308088171634,-7.129118036678381],[112.217760800195634,-7.129116843951519],[112.218213512141929,-7.129115650781432],[112.218666224010491,-7.129114457168122],[112.219118935801305,-7.129113263111589],[112.2195716475143,-7.129112068611834],[112.220024359149491,-7.129110873668855],[112.220477070706835,-7.129109678282656],[112.220929782186289,-7.129108482453232],[112.221382493587839,-7.129107286180592],[112.221835204911457,-7.129106089464728],[112.2222879161571,-7.129104892305643],[112.222740627324754,-7.129103694703339],[112.22319333841439,-7.129102496657816],[112.22364604942598,-7.129101298169071],[112.224098760359468,-7.129100099237109],[112.224551471214866,-7.129098899861929],[112.225004181992105,-7.129097700043528],[112.225456892691213,-7.129096499781912],[112.22590960331209,-7.129095299077076],[112.22636231385475,-7.129094097929025],[112.226815024319166,-7.129092896337756],[112.227267734705293,-7.129091694303272],[112.227720445013105,-7.129090491825571],[112.228173155242573,-7.129089288904654],[112.228625865393681,-7.129088085540522],[112.229078575466389,-7.129086881733175],[112.229531285460666,-7.129085677482615],[112.2299839953765,-7.129084472788839],[112.230436705213833,-7.129083267651849],[112.230889414972665,-7.129082062071648],[112.23134212465294,-7.129080856048232],[112.231794834254657,-7.129079649581603],[112.23224754377776,-7.129078442671762],[112.232700253222248,-7.129077235318711],[112.233152962588079,-7.129076027522445],[112.23360567187521,-7.129074819282971],[112.234058381083642,-7.129073610600287],[112.234511090213303,-7.129072401474389],[112.234963799264222,-7.129071191905283],[112.235416508236327,-7.129069981892967],[112.23586921712959,-7.129068771437441],[112.236321925943997,-7.129067560538708],[112.23677463467952,-7.129066349196766],[112.23722734333613,-7.129065137411616],[112.237680051913784,-7.129063925183256],[112.238132760412455,-7.12906271251169],[112.238585468832142,-7.129061499396917],[112.239038177172773,-7.129060285838937],[112.239490885434364,-7.129059071837752],[112.239943593616843,-7.12905785739336],[112.240396301720224,-7.129056642505764],[112.240849009744437,-7.12905542717496],[112.241301717689481,-7.129054211400954],[112.241754425555314,-7.129052995183743],[112.242207133341921,-7.129051778523327],[112.24265984104926,-7.129050561419708],[112.243112548677303,-7.129049343872885],[112.24356525622602,-7.129048125882861],[112.244017963695399,-7.129046907449633],[112.244470671085381,-7.129045688573204],[112.244923378395967,-7.129044469253571],[112.245376085627115,-7.129043249490738],[112.245828792778781,-7.129042029284705],[112.24628149985098,-7.129040808635472],[112.246734206843641,-7.129039587543036],[112.247186913756735,-7.129038366007401],[112.247639620590263,-7.129037144028567],[112.248092327344182,-7.129035921606535],[112.248545034018449,-7.129034698741303],[112.248997740613049,-7.129033475432874],[112.24945044712797,-7.129032251681245],[112.249903153563153,-7.12903102748642],[112.250355859918571,-7.129029802848397],[112.250808566194223,-7.129028577767178],[112.251261272390039,-7.129027352242761],[112.251713978506032,-7.129026126275151],[112.252166684542161,-7.129024899864344],[112.252619390498381,-7.129023673010338],[112.25307209637468,-7.129022445713143],[112.253524802171015,-7.12902121797275],[112.253977507887342,-7.129019989789164],[112.25443021352369,-7.129018761162383],[112.254882919079975,-7.129017532092409],[112.255335624556182,-7.129016302579244],[112.25578832995231,-7.129015072622884],[112.256241035268289,-7.129013842223335],[112.256693740504119,-7.129012611380592],[112.257146445659757,-7.129011380094658],[112.257599150735174,-7.12901014836553],[112.258051855730358,-7.129008916193214],[112.25850456064525,-7.129007683577707],[112.25895726547985,-7.129006450519012],[112.259409970234117,-7.129005217017125],[112.259862674908021,-7.12900398307205],[112.260315379501534,-7.129002748683787],[112.260768084014629,-7.129001513852334],[112.261220788447275,-7.129000278577693],[112.261673492799446,-7.128999042859865],[112.262126197071112,-7.128997806698849],[112.262578901262245,-7.128996570094647],[112.263031605372817,-7.12899533304726],[112.263484309402784,-7.128994095556685],[112.263937013352134,-7.128992857622924],[112.264389717220851,-7.12899161924598],[112.264842421008865,-7.128990380425849],[112.265295124716189,-7.128989141162534],[112.265747828342768,-7.128987901456035],[112.266200531888572,-7.12898666130635],[112.266653235353601,-7.128985420713485],[112.267105938737799,-7.128984179677435],[112.267558642041152,-7.128982938198203],[112.268011345263616,-7.128981696275788],[112.268464048405164,-7.128980453910193],[112.268916751465781,-7.128979211101414],[112.269369454445425,-7.128977967849457],[112.26982215734408,-7.128976724154316],[112.27027486016172,-7.128975480015996],[112.270727562898287,-7.128974235434497],[112.271180265553781,-7.128972990409816],[112.271632968128159,-7.128971744941958],[112.272085670621394,-7.128970499030921],[112.27253837303347,-7.128969252676706],[112.272991075364331,-7.128968005879312],[112.273443777613977,-7.12896675863874],[112.27389647978238,-7.128965510954992],[112.274349181869468,-7.128964262828068],[112.274801883875256,-7.128963014257967],[112.275254585799701,-7.128961765244689],[112.275707287642788,-7.128960515788235],[112.276159989404448,-7.128959265888607],[112.276612691084694,-7.128958015545802],[112.277065392683483,-7.128956764759825],[112.277518094200786,-7.128955513530673],[112.277970795636563,-7.128954261858347],[112.278423496990797,-7.128953009742848],[112.278876198263475,-7.128951757184177],[112.279328899454526,-7.128950504182331],[112.279781600563965,-7.128949250737315],[112.280234301591747,-7.128947996849125],[112.280687002537817,-7.128946742517766],[112.281139703402189,-7.128945487743235],[112.281592404184792,-7.128944232525532],[112.28204510488564,-7.128942976864661],[112.28249780550469,-7.128941720760619],[112.282950506041885,-7.128940464213408],[112.283403206497226,-7.128939207223028],[112.283855906870684,-7.128937949789479],[112.284308607162203,-7.128936691912761],[112.284761307371795,-7.128935433592877],[112.285214007499391,-7.128934174829824],[112.285666707544991,-7.128932915623605],[112.286119407508551,-7.128931655974219],[112.286572107390043,-7.128930395881666],[112.287024807189454,-7.128929135345947],[112.287477506906725,-7.128927874367063],[112.287930206541859,-7.128926612945013],[112.28838290609481,-7.1289253510798],[112.288835605565566,-7.128924088771422],[112.289288304954056,-7.12892282601988],[112.289741004260293,-7.128921562825173],[112.290193703484249,-7.128920299187304],[112.290646402625867,-7.128919035106272],[112.29109910168512,-7.128917770582078],[112.291551800662006,-7.128916505614722],[112.292004499556484,-7.128915240204203],[112.292457198368524,-7.128913974350524],[112.292909897098085,-7.128912708053686],[112.293362595745151,-7.128911441313686],[112.293815294309695,-7.128910174130525],[112.294267992791688,-7.128908906504204],[112.294720691191088,-7.128907638434725],[112.295173389507866,-7.128906369922086],[112.295626087742022,-7.12890510096629],[112.296078785893499,-7.128903831567336],[112.296531483962283,-7.128902561725224],[112.296984181948332,-7.128901291439955],[112.297436879851631,-7.128900020711528],[112.297889577672137,-7.128898749539944],[112.298342275409823,-7.128897477925205],[112.298794973064673,-7.128896205867312],[112.299247670636646,-7.128894933366261],[112.299700368125727,-7.128893660422055],[112.300153065531873,-7.128892387034696],[112.300605762855056,-7.128891113204181],[112.301058460095248,-7.128889838930514],[112.301511157252435,-7.128888564213694],[112.301963854326573,-7.12888728905372],[112.30241655131762,-7.128886013450594],[112.302869248225591,-7.128884737404316],[112.303321945050399,-7.128883460914887],[112.30377464179206,-7.128882183982306],[112.304227338450545,-7.128880906606573],[112.304680035025797,-7.12887962878769],[112.305132731517801,-7.128878350525657],[112.30558542792653,-7.128877071820473],[112.30603812425197,-7.128875792672141],[112.306490820494048,-7.128874513080661],[112.30694351665278,-7.12887323304603],[112.307396212728108,-7.128871952568254],[112.307848908720018,-7.128870671647327],[112.308301604628483,-7.128869390283253],[112.308754300453472,-7.128868108476034],[112.309206996194945,-7.128866826225667],[112.309659691852886,-7.128865543532154],[112.310112387427267,-7.128864260395495],[112.310565082918046,-7.128862976815692],[112.311017778325208,-7.128861692792741],[112.311470473648711,-7.128860408326648],[112.311923168888526,-7.128859123417412],[112.312375864044654,-7.12885783806503],[112.312828559117023,-7.128856552269505],[112.313281254105647,-7.128855266030837],[112.313733949010441,-7.128853979349027],[112.314186643831434,-7.128852692224075],[112.314639338568583,-7.128851404655979],[112.315092033221831,-7.128850116644743],[112.315544727791163,-7.128848828190367],[112.315997422276567,-7.128847539292849],[112.316450116677998,-7.128846249952191],[112.31690281099543,-7.128844960168394],[112.317355505228832,-7.128843669941457],[112.317808199378177,-7.12884237927138],[112.318260893443451,-7.128841088158167],[112.318713587424597,-7.128839796601813],[112.3191662813216,-7.128838504602323],[112.319618975134446,-7.128837212159694],[112.320071668863079,-7.128835919273929],[112.320524362507484,-7.128834625945029],[112.320977056067619,-7.128833332172991],[112.321429749543498,-7.128832037957817],[112.321882442935035,-7.128830743299509],[112.322335136242231,-7.128829448198066],[112.322787829465057,-7.128828152653486],[112.323240522603484,-7.128826856665774],[112.323693215657499,-7.12882556023493],[112.324145908627017,-7.128824263360948],[112.324598601512065,-7.128822966043836],[112.325051294312601,-7.128821668283591],[112.325503987028569,-7.128820370080213],[112.325956679659981,-7.128819071433703],[112.326409372206768,-7.128817772344064],[112.326862064668958,-7.128816472811292],[112.327314757046452,-7.128815172835389],[112.327767449339277,-7.128813872416357],[112.328220141547362,-7.128812571554196],[112.328672833670709,-7.128811270248904],[112.329125525709273,-7.128809968500484],[112.329578217663041,-7.128808666308936],[112.33003090953197,-7.128807363674259],[112.330483601316018,-7.128806060596454],[112.330936293015199,-7.128804757075522],[112.331388984629442,-7.128803453111464],[112.331841676158732,-7.128802148704279],[112.332294367603069,-7.128800843853968],[112.332747058962369,-7.12879953856053],[112.333199750236645,-7.128798232823968],[112.333652441425855,-7.128796926644279],[112.334105132529956,-7.128795620021469],[112.334557823548934,-7.128794312955533],[112.335010514482775,-7.128793005446473],[112.335463205331422,-7.128791697494291],[112.33591589609486,-7.128790389098986],[112.336368586773062,-7.128789080260558],[112.336821277365999,-7.128787770979007],[112.337273967873628,-7.128786461254335],[112.337726658295935,-7.128785151086542],[112.338179348632892,-7.128783840475627],[112.338632038884469,-7.128782529421594],[112.33908472905064,-7.12878121792444],[112.339537419131361,-7.128779905984166],[112.339990109126589,-7.128778593600773],[112.340442799036353,-7.12877728077426],[112.340895488860568,-7.128775967504631],[112.341348178599233,-7.128774653791884],[112.341800868252307,-7.128773339636018],[112.342253557819774,-7.128772025037034],[112.342706247301592,-7.128770709994934],[112.343158936697748,-7.128769394509719],[112.343611626008183,-7.128768078581387],[112.344064315232899,-7.12876676220994],[112.344517004371852,-7.128765445395376],[112.344969693425028,-7.128764128137701],[112.345422382392385,-7.128762810436908],[112.345875071273881,-7.128761492293004],[112.346327760069514,-7.128760173705985],[112.346780448779256,-7.128758854675851],[112.347233137403052,-7.128757535202607],[112.347685825940886,-7.128756215286253],[112.348138514392744,-7.128754894926782],[112.34859120275857,-7.128753574124203],[112.349043891038335,-7.128752252878511],[112.349496579232053,-7.128750931189709],[112.349949267339653,-7.128749609057797],[112.350401955361107,-7.128748286482775],[112.350854643296415,-7.128746963464645],[112.35130733114552,-7.128745640003405],[112.351760018908422,-7.128744316099056],[112.352212706585064,-7.128742991751598],[112.352665394175418,-7.128741666961033],[112.353118081679483,-7.128740341727362],[112.353570769097189,-7.128739016050583],[112.354023456428536,-7.128737689930698],[112.354476143673509,-7.128736363367707],[112.354928830832037,-7.128735036361611],[112.355381517904121,-7.128733708912408],[112.355834204889732,-7.1287323810201],[112.356286891788827,-7.128731052684689],[112.356739578601378,-7.128729723906173],[112.357192265327384,-7.128728394684555],[112.357644951966762,-7.128727065019833],[112.358097638519538,-7.128725734912007],[112.358550324985657,-7.128724404361079],[112.35900301136509,-7.12872307336705],[112.359455697657822,-7.128721741929919],[112.359908383863797,-7.128720410049686],[112.360361069983,-7.128719077726354],[112.360813756015418,-7.12871774495992],[112.361266441961007,-7.128716411750387],[112.36171912781974,-7.128715078097755],[112.362171813591587,-7.128713744002023],[112.362624499276535,-7.128712409463192],[112.363077184874513,-7.128711074481264],[112.363529870385534,-7.128709739056238],[112.363982555809557,-7.128708403188114],[112.364435241146552,-7.128707066876894],[112.364887926396491,-7.128705730122576],[112.365340611559333,-7.128704392925162],[112.365793296635076,-7.128703055284653],[112.366245981623663,-7.128701717201048],[112.366698666525068,-7.128700378674348],[112.367151351339288,-7.128699039704555],[112.367604036066268,-7.128697700291668],[112.368056720705994,-7.128696360435685],[112.368509405258436,-7.12869502013661],[112.368962089723553,-7.128693679394442]]]}},
{"type":"Feature","properties":{"Line":"S116","begin":1360.5,"end":2736.5},"geometry":{"type":"MultiLineString","coordinates":[[[112.243075561472367,-7.030697515203727],[112.243076763653306,-7.0311497056889],[112.243077965913528,-7.031601896165164],[112.24307916825299,-7.032054086632512],[112.243080370671692,-7.032506277090947],[112.243081573169661,-7.032958467540467],[112.243082775746899,-7.033410657981072],[112.243083978403376,-7.033862848412762],[112.243085181139122,-7.034315038835535],[112.243086383954122,-7.034767229249392],[112.243087586848375,-7.035219419654332],[112.243088789821883,-7.035671610050354],[112.243089992874644,-7.036123800437458],[112.243091196006674,-7.036575990815642],[112.243092399217971,-7.037028181184907],[112.243093602508523,-7.037480371545253],[112.243094805878314,-7.037932561896675],[112.243096009327388,-7.03838475223918],[112.243097212855716,-7.038836942572761],[112.243098416463312,-7.039289132897419],[112.243099620150161,-7.039741323213156],[112.243100823916265,-7.040193513519969],[112.243102027761623,-7.040645703817857],[112.243103231686263,-7.041097894106822],[112.243104435690171,-7.041550084386861],[112.243105639773319,-7.042002274657973],[112.243106843935735,-7.042454464920161],[112.243108048177433,-7.042906655173422],[112.243109252498371,-7.043358845417753],[112.243110456898592,-7.043811035653159],[112.24311166137808,-7.044263225879638],[112.243112865936823,-7.044715416097183],[112.243114070574833,-7.0451676063058],[112.243115275292112,-7.045619796505489],[112.243116480088659,-7.046071986696246],[112.24311768496446,-7.046524176878071],[112.243118889919529,-7.046976367050966],[112.243120094953881,-7.047428557214926],[112.2431213000675,-7.047880747369955],[112.243122505260374,-7.048332937516049],[112.243123710532529,-7.048785127653209],[112.243124915883939,-7.049237317781435],[112.243126121314631,-7.049689507900727],[112.243127326824592,-7.05014169801108],[112.24312853241382,-7.050593888112498],[112.243129738082317,-7.051046078204982],[112.243130943830081,-7.051498268288525],[112.243132149657114,-7.051950458363132],[112.24313335556343,-7.052402648428798],[112.243134561549013,-7.052854838485526],[112.243135767613879,-7.053307028533315],[112.243136973757998,-7.053759218572163],[112.243138179981401,-7.05421140860207],[112.243139386284071,-7.054663598623037],[112.243140592666023,-7.055115788635061],[112.243141799127258,-7.05556797863814],[112.243143005667747,-7.056020168632281],[112.243144212287532,-7.056472358617473],[112.243145418986572,-7.056924548593725],[112.243146625764894,-7.057376738561031],[112.243147832622498,-7.05782892851939],[112.24314903955937,-7.058281118468805],[112.243150246575539,-7.058733308409272],[112.243151453670961,-7.059185498340792],[112.243152660845666,-7.059637688263366],[112.243153868099654,-7.06008987817699],[112.243155075432924,-7.060542068081666],[112.243156282845476,-7.060994257977393],[112.243157490337296,-7.061446447864171],[112.243158697908399,-7.061898637741998],[112.24315990555877,-7.062350827610873],[112.243161113288437,-7.062803017470797],[112.243162321097387,-7.063255207321769],[112.243163528985605,-7.06370739716379],[112.243164736953119,-7.064159586996854],[112.243165944999902,-7.064611776820967],[112.243167153125981,-7.065063966636125],[112.243168361331328,-7.065516156442327],[112.243169569615972,-7.065968346239575],[112.243170777979884,-7.066420536027866],[112.243171986423093,-7.066872725807201],[112.243173194945584,-7.067324915577579],[112.243174403547343,-7.067777105338999],[112.243175612228413,-7.068229295091461],[112.243176820988751,-7.068681484834965],[112.243178029828371,-7.069133674569507],[112.243179238747302,-7.069585864295092],[112.243180447745488,-7.070038054011712],[112.243181656822969,-7.070490243719375],[112.243182865979747,-7.070942433418075],[112.243184075215822,-7.071394623107813],[112.243185284531165,-7.071846812788588],[112.243186493925805,-7.072299002460401],[112.243187703399727,-7.072751192123248],[112.243188912952945,-7.073203381777131],[112.24319012258546,-7.073655571422051],[112.243191332297258,-7.074107761058004],[112.243192542088337,-7.074559950684989],[112.2431937519587,-7.075012140303009],[112.243194961908387,-7.075464329912063],[112.243196171937328,-7.075916519512147],[112.24319738204558,-7.076368709103264],[112.243198592233128,-7.076820898685409],[112.243199802499959,-7.077273088258588],[112.243201012846086,-7.077725277822796],[112.24320222327151,-7.078177467378033],[112.243203433776216,-7.0786296569243],[112.243204644360233,-7.079081846461595],[112.243205855023533,-7.079534035989916],[112.243207065766128,-7.079986225509264],[112.243208276588021,-7.080438415019638],[112.24320948748921,-7.080890604521042],[112.243210698469696,-7.081342794013469],[112.243211909529478,-7.08179498349692],[112.243213120668557,-7.082247172971395],[112.243214331886932,-7.082699362436895],[112.243215543184604,-7.083151551893419],[112.243216754561558,-7.083603741340963],[112.243217966017824,-7.084055930779532],[112.243219177553399,-7.08450812020912],[112.243220389168258,-7.08496030962973],[112.243221600862412,-7.085412499041361],[112.243222812635892,-7.08586468844401],[112.24322402448864,-7.086316877837679],[112.243225236420713,-7.086769067222368],[112.243226448432083,-7.087221256598075],[112.243227660522734,-7.087673445964796],[112.243228872692711,-7.088125635322537],[112.243230084941985,-7.088577824671296],[112.243231297270555,-7.089030014011068],[112.243232509678421,-7.089482203341855],[112.243233722165598,-7.089934392663659],[112.243234934732087,-7.090386581976476],[112.243236147377871,-7.090838771280306],[112.243237360102967,-7.091290960575152],[112.243238572907359,-7.091743149861007],[112.243239785791062,-7.092195339137875],[112.243240998754061,-7.092647528405754],[112.243242211796371,-7.093099717664645],[112.243243424917992,-7.093551906914545],[112.24324463811891,-7.094004096155456],[112.243245851399124,-7.094456285387374],[112.243247064758663,-7.094908474610303],[112.243248278197512,-7.095360663824239],[112.243249491715659,-7.095812853029182],[112.24325070531313,-7.096265042225133],[112.243251918989898,-7.096717231412089],[112.243253132745977,-7.097169420590052],[112.243254346581367,-7.097621609759019],[112.243255560496053,-7.09807379891899],[112.243256774490064,-7.098525988069965],[112.243257988563386,-7.098978177211947],[112.243259202716018,-7.099430366344929],[112.243260416947962,-7.099882555468914],[112.243261631259216,-7.1003347445839],[112.243262845649781,-7.10078693368989],[112.243264060119657,-7.101239122786878],[112.243265274668843,-7.101691311874867],[112.243266489297355,-7.102143500953855],[112.243267704005177,-7.102595690023842],[112.243268918792296,-7.103047879084827],[112.24327013365874,-7.103500068136812],[112.243271348604509,-7.103952257179793],[112.243272563629603,-7.104404446213771],[112.243273778733979,-7.104856635238744],[112.24327499391768,-7.105308824254713],[112.243276209180721,-7.105761013261678],[112.243277424523058,-7.106213202259638],[112.24327863994472,-7.10666539124859],[112.243279855445692,-7.107117580228537],[112.24328107102599,-7.107569769199477],[112.243282286685599,-7.108021958161407],[112.243283502424532,-7.108474147114332],[112.243284718242776,-7.108926336058246],[112.243285934140346,-7.10937852499315],[112.24328715011724,-7.109830713919046],[112.243288366173459,-7.11028290283593],[112.243289582308989,-7.110735091743804],[112.24329079852383,-7.111187280642665],[112.24329201481801,-7.111639469532514],[112.243293231191501,-7.112091658413351],[112.243294447644317,-7.112543847285175],[112.243295664176458,-7.112996036147984],[112.243296880787923,-7.11344822500178],[112.243298097478714,-7.113900413846559],[112.243299314248816,-7.114352602682325],[112.243300531098257,-7.114804791509071],[112.243301748027008,-7.115256980326802],[112.243302965035085,-7.115709169135517],[112.2433041821225,-7.116161357935213],[112.243305399289227,-7.11661354672589],[112.243306616535293,-7.117065735507548],[112.243307833860683,-7.11751792428019],[112.243309051265399,-7.117970113043809],[112.243310268749426,-7.118422301798407],[112.243311486312791,-7.118874490543984],[112.243312703955496,-7.119326679280539],[112.243313921677526,-7.119778868008073],[112.243315139478867,-7.120231056726581],[112.243316357359546,-7.120683245436069],[112.243317575319566,-7.121135434136532],[112.243318793358895,-7.12158762282797],[112.243320011477564,-7.122039811510383],[112.243321229675573,-7.12249200018377],[112.243322447952906,-7.12294418884813],[112.243323666309564,-7.123396377503465],[112.243324884745562,-7.123848566149771],[112.243326103260884,-7.12430075478705],[112.243327321855546,-7.124752943415302],[112.243328540529532,-7.125205132034521],[112.243329759282844,-7.125657320644714],[112.243330978115509,-7.126109509245876],[112.243332197027513,-7.126561697838006],[112.243333416018828,-7.127013886421104],[112.243334635089496,-7.127466074995172],[112.24333585423949,-7.127918263560208],[112.243337073468822,-7.12837045211621],[112.243338292777494,-7.128822640663178],[112.243339512165491,-7.12927482920111],[112.243340731632827,-7.12972701773001],[112.243341951179517,-7.130179206249876],[112.243343170805531,-7.130631394760703],[112.24334439051087,-7.131083583262495],[112.243345610295563,-7.13153577175525],[112.243346830159609,-7.131987960238967],[112.243348050102966,-7.132440148713646],[112.243349270125677,-7.132892337179287],[112.243350490227726,-7.133344525635889],[112.243351710409115,-7.133796714083451],[112.243352930669843,-7.134248902521971],[112.24335415100991,-7.134701090951452],[112.243355371429317,-7.135153279371892],[112.243356591928077,-7.135605467783289],[112.243357812506162,-7.136057656185644],[112.2433590331636,-7.136509844578955],[112.243360253900377,-7.136962032963222],[112.243361474716494,-7.137414221338446],[112.243362695611964,-7.137866409704624],[112.243363916586773,-7.138318598061758],[112.243365137640922,-7.138770786409843],[112.243366358774423,-7.139222974748885],[112.243367579987265,-7.13967516307888],[112.243368801279459,-7.140127351399825],[112.243370022650993,-7.140579539711723],[112.243371244101866,-7.141031728014573],[112.243372465632106,-7.141483916308371],[112.243373687241686,-7.141936104593123],[112.243374908930591,-7.142388292868823],[112.243376130698877,-7.142840481135471],[112.243377352546489,-7.143292669393069],[112.243378574473454,-7.143744857641614],[112.243379796479758,-7.144197045881104],[112.243381018565429,-7.144649234111544],[112.24338224073044,-7.145101422332931],[112.243383462974805,-7.14555361054526],[112.243384685298523,-7.146005798748536],[112.24338590770158,-7.146457986942756],[112.24338713018399,-7.146910175127919],[112.243388352745768,-7.147362363304028],[112.243389575386885,-7.147814551471079],[112.243390798107356,-7.148266739629071],[112.24339202090718,-7.148718927778006],[112.243393243786358,-7.149171115917881],[112.243394466744888,-7.149623304048698],[112.243395689782773,-7.150075492170454],[112.24339691290001,-7.150527680283149],[112.243398136096616,-7.150979868386784],[112.24339935937256,-7.151432056481357],[112.243400582727872,-7.15188424456687],[112.243401806162524,-7.152336432643315],[112.243403029676543,-7.1527886207107],[112.243404253269915,-7.153240808769022],[112.243405476942641,-7.153692996818277],[112.243406700694734,-7.15414518485847],[112.243407924526167,-7.154597372889594],[112.243409148436982,-7.155049560911652],[112.243410372427135,-7.155501748924646],[112.243411596496657,-7.155953936928572],[112.243412820645531,-7.156406124923429],[112.243414044873774,-7.156858312909219],[112.243415269181384,-7.157310500885938],[112.243416493568333,-7.157762688853588],[112.24341771803465,-7.158214876812169],[112.243418942580334,-7.158667064761679],[112.243420167205372,-7.159119252702117],[112.243421391909791,-7.159571440633485],[112.24342261669355,-7.160023628555781],[112.243423841556677,-7.160475816469001],[112.243425066499171,-7.160928004373149],[112.243426291521033,-7.161380192268224],[112.243427516622248,-7.161832380154222],[112.24342874180283,-7.162284568031147],[112.243429967062781,-7.162736755898996],[112.243431192402085,-7.163188943757768],[112.243432417820785,-7.163641131607464],[112.243433643318809,-7.164093319448082],[112.24343486889623,-7.164545507279623],[112.243436094553005,-7.164997695102086],[112.243437320289146,-7.165449882915466],[112.24343854610467,-7.16590207071977],[112.243439771999547,-7.166354258514994],[112.243440997973792,-7.166806446301134],[112.243442224027405,-7.167258634078196],[112.243443450160399,-7.167710821846176],[112.243444676372746,-7.16816300960507],[112.243445902664476,-7.168615197354884],[112.243447129035573,-7.169067385095614],[112.243448355486024,-7.16951957282726],[112.243449582015856,-7.169971760549821],[112.24345080862507,-7.170423948263297],[112.243452035313652,-7.170876135967688],[112.243453262081587,-7.171328323662991],[112.243454488928919,-7.171780511349207],[112.243455715855603,-7.172232699026337],[112.24345694286167,-7.172684886694377],[112.243458169947118,-7.173137074353328],[112.243459397111934,-7.173589262003193],[112.243460624356118,-7.174041449643966],[112.243461851679683,-7.17449363727565],[112.24346307908263,-7.174945824898242],[112.243464306564931,-7.175398012511742],[112.243465534126628,-7.175850200116151],[112.243466761767692,-7.176302387711468],[112.243467989488138,-7.176754575297691],[112.243469217287952,-7.17720676287482],[112.243470445167148,-7.177658950442856],[112.243471673125725,-7.178111138001795],[112.24347290116367,-7.178563325551641],[112.243474129281012,-7.179015513092391],[112.24347535747772,-7.179467700624045],[112.243476585753811,-7.1799198881466],[112.243477814109283,-7.180372075660057],[112.243479042544124,-7.180824263164419],[112.24348027105836,-7.18127645065968],[112.243481499651963,-7.18172863814584],[112.243482728324949,-7.182180825622902],[112.243483957077316,-7.182633013090865],[112.24348518590908,-7.183085200549725],[112.243486414820211,-7.183537387999486],[112.243487643810738,-7.18398957544014],[112.243488872880647,-7.184441762871695],[112.243490102029909,-7.184893950294145],[112.243491331258596,-7.185346137707495],[112.243492560566651,-7.185798325111737],[112.243493789954087,-7.186250512506875]]]}},
{"type":"Feature","properties":{"Line":"S106","begin":1360.5,"end":2728.5},"geometry":{"type":"MultiLineString","coordinates":[[[112.197812839171789,-7.030363234099384],[112.197813997529821,-7.030815432251129],[112.197815155964207,-7.031267630393975],[112.197816314474977,-7.031719828527925],[112.197817473062102,-7.032172026652974],[112.19781863172561,-7.032624224769124],[112.197819790465488,-7.033076422876374],[112.197820949281734,-7.033528620974725],[112.19782210817435,-7.033980819064171],[112.197823267143349,-7.034433017144718],[112.197824426188703,-7.03488521521636],[112.197825585310454,-7.0353374132791],[112.197826744508561,-7.035789611332937],[112.19782790378305,-7.03624180937787],[112.197829063133909,-7.036694007413896],[112.197830222561151,-7.037146205441019],[112.197831382064749,-7.037598403459235],[112.197832541644743,-7.038050601468546],[112.197833701301093,-7.03850279946895],[112.19783486103384,-7.038954997460443],[112.197836020842942,-7.039407195443031],[112.197837180728442,-7.03985939341671],[112.197838340690311,-7.040311591381479],[112.197839500728549,-7.040763789337338],[112.197840660843184,-7.041215987284287],[112.197841821034174,-7.041668185222326],[112.197842981301562,-7.042120383151453],[112.197844141645319,-7.042572581071666],[112.197845302065474,-7.04302477898297],[112.197846462561984,-7.043476976885358],[112.197847623134876,-7.043929174778834],[112.197848783784167,-7.044381372663396],[112.197849944509827,-7.044833570539038],[112.197851105311855,-7.045285768405771],[112.197852266190282,-7.045737966263586],[112.197853427145105,-7.046190164112484],[112.197854588176284,-7.046642361952464],[112.197855749283846,-7.047094559783528],[112.197856910467806,-7.047546757605672],[112.197858071728149,-7.0479989554189],[112.197859233064861,-7.048451153223207],[112.197860394477971,-7.048903351018594],[112.197861555967449,-7.049355548805059],[112.19786271753334,-7.049807746582607],[112.1978638791756,-7.050259944351231],[112.197865040894229,-7.050712142110932],[112.197866202689269,-7.051164339861711],[112.197867364560693,-7.051616537603567],[112.197868526508501,-7.0520687353365],[112.197869688532691,-7.052520933060507],[112.197870850633265,-7.052973130775589],[112.197872012810237,-7.053425328481746],[112.197873175063592,-7.053877526178977],[112.19787433739333,-7.054329723867282],[112.197875499799466,-7.05478192154666],[112.197876662281985,-7.055234119217108],[112.197877824840901,-7.055686316878631],[112.197878987476201,-7.056138514531224],[112.197880150187885,-7.056590712174886],[112.197881312975966,-7.057042909809617],[112.197882475840444,-7.057495107435419],[112.197883638781306,-7.057947305052291],[112.197884801798551,-7.05839950266023],[112.197885964892222,-7.058851700259237],[112.197887128062263,-7.059303897849311],[112.197888291308686,-7.059756095430454],[112.197889454631522,-7.060208293002661],[112.19789061803074,-7.060660490565932],[112.197891781506357,-7.061112688120271],[112.197892945058371,-7.061564885665672],[112.197894108686768,-7.062017083202139],[112.197895272391563,-7.062469280729667],[112.197896436172769,-7.062921478248261],[112.197897600030359,-7.063373675757912],[112.197898763964332,-7.063825873258629],[112.197899927974717,-7.064278070750404],[112.1979010920615,-7.064730268233242],[112.19790225622468,-7.06518246570714],[112.197903420464257,-7.065634663172096],[112.197904584780233,-7.06608686062811],[112.197905749172605,-7.066539058075183],[112.197906913641376,-7.066991255513313],[112.197908078186529,-7.067443452942501],[112.197909242808109,-7.067895650362746],[112.197910407506072,-7.068347847774047],[112.197911572280447,-7.068800045176402],[112.197912737131205,-7.069252242569814],[112.197913902058389,-7.069704439954279],[112.197915067061956,-7.070156637329796],[112.197916232141921,-7.07060883469637],[112.197917397298298,-7.071061032053993],[112.197918562531086,-7.071513229402669],[112.197919727840272,-7.071965426742396],[112.197920893225842,-7.072417624073176],[112.197922058687837,-7.072869821395004],[112.19792322422623,-7.073322018707885],[112.19792438984102,-7.073774216011813],[112.197925555532223,-7.074226413306788],[112.197926721299822,-7.074678610592815],[112.197927887143834,-7.075130807869886],[112.197929053064257,-7.075583005138007],[112.197930219061078,-7.076035202397172],[112.197931385134297,-7.076487399647385],[112.197932551283941,-7.076939596888642],[112.197933717509983,-7.077391794120944],[112.197934883812422,-7.077843991344289],[112.197936050191288,-7.078296188558678],[112.197937216646551,-7.078748385764112],[112.197938383178226,-7.079200582960588],[112.197939549786312,-7.079652780148105],[112.197940716470811,-7.080104977326663],[112.197941883231707,-7.080557174496264],[112.197943050069014,-7.081009371656902],[112.197944216982734,-7.081461568808581],[112.197945383972879,-7.0819137659513],[112.197946551039422,-7.082365963085056],[112.197947718182377,-7.082818160209852],[112.197948885401743,-7.083270357325684],[112.197950052697522,-7.083722554432554],[112.197951220069726,-7.084174751530459],[112.197952387518328,-7.084626948619403],[112.197953555043341,-7.085079145699378],[112.197954722644781,-7.08553134277039],[112.197955890322618,-7.085983539832434],[112.197957058076881,-7.086435736885514],[112.197958225907556,-7.086887933929626],[112.197959393814656,-7.087340130964771],[112.197960561798155,-7.087792327990947],[112.197961729858093,-7.088244525008154],[112.197962897994429,-7.088696722016392],[112.197964066207192,-7.089148919015661],[112.197965234496351,-7.089601116005959],[112.197966402861951,-7.090053312987286],[112.197967571303948,-7.090505509959641],[112.197968739822386,-7.090957706923025],[112.197969908417221,-7.091409903877437],[112.197971077088482,-7.091862100822873],[112.197972245836169,-7.092314297759337],[112.197973414660282,-7.092766494686827],[112.197974583560793,-7.09321869160534],[112.197975752537744,-7.09367088851488],[112.197976921591106,-7.094123085415442],[112.197978090720881,-7.094575282307029],[112.197979259927095,-7.095027479189638],[112.197980429209721,-7.095479676063271],[112.197981598568774,-7.095931872927924],[112.197982768004238,-7.096384069783599],[112.197983937516142,-7.096836266630294],[112.197985107104458,-7.097288463468009],[112.1979862767692,-7.097740660296744],[112.197987446510353,-7.098192857116498],[112.197988616327947,-7.09864505392727],[112.197989786221967,-7.099097250729061],[112.197990956192413,-7.099549447521867],[112.197992126239271,-7.10000164430569],[112.197993296362569,-7.100453841080531],[112.197994466562278,-7.100906037846388],[112.197995636838428,-7.101358234603257],[112.197996807190989,-7.101810431351142],[112.197997977620005,-7.102262628090042],[112.197999148125419,-7.102714824819954],[112.198000318707273,-7.10316702154088],[112.198001489365566,-7.103619218252817],[112.198002660100272,-7.104071414955764],[112.198003830911404,-7.104523611649726],[112.198005001798975,-7.104975808334696],[112.198006172762987,-7.105428005010675],[112.198007343803411,-7.105880201677666],[112.198008514920275,-7.106332398335665],[112.198009686113565,-7.106784594984672],[112.198010857383281,-7.107236791624686],[112.198012028729437,-7.107688988255709],[112.198013200152019,-7.108141184877737],[112.198014371651055,-7.108593381490772],[112.198015543226489,-7.109045578094813],[112.198016714878392,-7.109497774689857],[112.198017886606706,-7.109949971275905],[112.198019058411461,-7.11040216785296],[112.198020230292641,-7.110854364421015],[112.198021402250262,-7.111306560980075],[112.198022574284323,-7.111758757530136],[112.19802374639481,-7.112210954071199],[112.198024918581737,-7.112663150603262],[112.198026090845104,-7.113115347126326],[112.198027263184898,-7.11356754364039],[112.198028435601131,-7.114019740145452],[112.198029608093805,-7.114471936641515],[112.198030780662918,-7.114924133128575],[112.198031953308472,-7.115376329606633],[112.198033126030467,-7.115828526075689],[112.198034298828887,-7.116280722535739],[112.198035471703747,-7.116732918986787],[112.198036644655048,-7.11718511542883],[112.198037817682803,-7.117637311861866],[112.198038990786969,-7.118089508285899],[112.198040163967605,-7.118541704700924],[112.19804133722468,-7.118993901106943],[112.198042510558182,-7.119446097503955],[112.198043683968123,-7.119898293891958],[112.198044857454519,-7.120350490270953],[112.198046031017356,-7.120802686640937],[112.198047204656632,-7.121254883001914],[112.198048378372349,-7.12170707935388],[112.198049552164505,-7.122159275696835],[112.198050726033117,-7.122611472030778],[112.198051899978168,-7.12306366835571],[112.19805307399966,-7.12351586467163],[112.198054248097591,-7.123968060978535],[112.198055422271992,-7.124420257276428],[112.198056596522818,-7.124872453565308],[112.198057770850099,-7.12532464984517],[112.19805894525382,-7.125776846116019],[112.198060119733981,-7.126229042377851],[112.198061294290596,-7.126681238630667],[112.198062468923666,-7.127133434874465],[112.198063643633176,-7.127585631109249],[112.198064818419141,-7.128037827335012],[112.19806599328156,-7.128490023551757],[112.198067168220405,-7.128942219759482],[112.198068343235718,-7.129394415958189],[112.198069518327472,-7.129846612147874],[112.19807069349568,-7.13029880832854],[112.198071868740328,-7.130751004500183],[112.198073044061445,-7.131203200662805],[112.198074219459002,-7.131655396816403],[112.198075394933014,-7.132107592960979],[112.198076570483479,-7.13255978909653],[112.198077746110386,-7.133011985223059],[112.19807892181376,-7.13346418134056],[112.198080097593589,-7.13391637744904],[112.198081273449858,-7.134368573548492],[112.198082449382582,-7.134820769638916],[112.19808362539176,-7.135272965720313],[112.198084801477407,-7.135725161792686],[112.198085977639494,-7.136177357856026],[112.198087153878049,-7.136629553910342],[112.198088330193045,-7.137081749955626],[112.198089506584509,-7.13753394599188],[112.198090683052428,-7.137986142019104],[112.198091859596786,-7.138438338037298],[112.198093036217628,-7.138890534046459],[112.19809421291491,-7.139342730046589],[112.198095389688646,-7.139794926037685],[112.198096566538837,-7.140247122019749],[112.19809774346551,-7.140699317992778],[112.198098920468624,-7.141151513956775],[112.198100097548206,-7.141603709911734],[112.198101274704243,-7.14205590585766],[112.198102451936734,-7.142508101794549],[112.198103629245708,-7.142960297722402],[112.198104806631122,-7.143412493641217],[112.198105984093004,-7.143864689550996],[112.198107161631356,-7.144316885451733],[112.198108339246147,-7.144769081343434],[112.198109516937421,-7.145221277226096],[112.19811069470515,-7.145673473099716],[112.198111872549347,-7.146125668964297],[112.198113050469999,-7.146577864819839],[112.198114228467105,-7.147030060666335],[112.198115406540694,-7.147482256503791],[112.198116584690737,-7.147934452332205],[112.198117762917249,-7.148386648151574],[112.19811894122023,-7.148838843961899],[112.198120119599665,-7.149291039763182],[112.198121298055582,-7.149743235555417],[112.198122476587955,-7.150195431338611],[112.198123655196795,-7.150647627112754],[112.198124833882105,-7.151099822877851],[112.198126012643883,-7.151552018633903],[112.198127191482129,-7.152004214380907],[112.198128370396844,-7.152456410118861],[112.198129549388028,-7.152908605847767],[112.198130728455666,-7.153360801567622],[112.198131907599802,-7.153812997278429],[112.198133086820377,-7.154265192980185],[112.198134266117435,-7.154717388672889],[112.198135445490962,-7.155169584356543],[112.198136624940972,-7.155621780031144],[112.19813780446745,-7.156073975696692],[112.198138984070383,-7.156526171353184],[112.198140163749798,-7.156978367000625],[112.198141343505696,-7.157430562639012],[112.198142523338049,-7.157882758268341],[112.19814370324687,-7.158334953888617],[112.198144883232175,-7.158787149499836],[112.198146063293962,-7.159239345101997],[112.198147243432203,-7.159691540695103],[112.198148423646941,-7.16014373627915],[112.198149603938134,-7.160595931854137],[112.198150784305824,-7.161048127420068],[112.198151964749982,-7.161500322976938],[112.198153145270609,-7.161952518524747],[112.198154325867705,-7.162404714063496],[112.198155506541298,-7.162856909593184],[112.198156687291345,-7.16330910511381],[112.198157868117875,-7.163761300625374],[112.198159049020902,-7.164213496127874],[112.198160230000397,-7.16466569162131],[112.198161411056361,-7.165117887105684],[112.198162592188808,-7.165570082580993],[112.198163773397738,-7.166022278047237],[112.198164954683151,-7.166474473504413],[112.198166136045032,-7.166926668952526],[112.19816731748341,-7.167378864391571],[112.198168498998257,-7.167831059821546],[112.198169680589587,-7.168283255242456],[112.198170862257399,-7.168735450654296],[112.198172044001694,-7.169187646057067],[112.198173225822472,-7.16963984145077],[112.198174407719733,-7.170092036835401],[112.198175589693463,-7.170544232210962],[112.198176771743704,-7.17099642757745],[112.198177953870413,-7.171448622934868],[112.198179136073605,-7.171900818283214],[112.19818031835328,-7.172353013622486],[112.198181500709438,-7.172805208952683],[112.198182683142079,-7.173257404273809],[112.198183865651217,-7.173709599585857],[112.198185048236837,-7.174161794888832],[112.198186230898941,-7.174613990182729],[112.198187413637541,-7.175066185467553],[112.19818859645261,-7.175518380743299],[112.198189779344176,-7.175970576009964],[112.198190962312239,-7.176422771267554],[112.198192145356771,-7.176874966516065],[112.198193328477814,-7.177327161755497],[112.198194511675325,-7.17777935698585],[112.198195694949334,-7.178231552207119],[112.198196878299825,-7.178683747419312],[112.198198061726828,-7.179135942622421],[112.198199245230299,-7.179588137816449],[112.198200428810267,-7.180040333001392],[112.198201612466733,-7.180492528177256],[112.198202796199681,-7.180944723344032],[112.198203980009126,-7.181396918501726],[112.198205163895054,-7.181849113650335],[112.198206347857493,-7.182301308789859],[112.198207531896415,-7.182753503920297],[112.198208716011834,-7.183205699041647],[112.198209900203736,-7.183657894153913],[112.198211084472135,-7.184110089257089],[112.198212268817045,-7.184562284351176],[112.198213453238438,-7.185014479436176]]]}},
{"type":"Feature","properties":{"Line":"S120","begin":1360.5,"end":2708.5},"geometry":{"type":"MultiLineString","coordinates":[[[112.261164118249454,-7.024770688418374],[112.261165336882712,-7.025222875876904],[112.26116655559639,-7.02567506332652],[112.261167774390444,-7.026127250767226],[112.261168993264931,-7.026579438199019],[112.261170212219795,-7.027031625621897],[112.261171431255079,-7.027483813035864],[112.261172650370767,-7.027936000440917],[112.261173869566846,-7.028388187837055],[112.261175088843359,-7.028840375224277],[112.261176308200262,-7.029292562602584],[112.261177527637557,-7.029744749971974],[112.26117874715527,-7.030196937332448],[112.261179966753403,-7.030649124684003],[112.261181186431926,-7.031101312026641],[112.261182406190869,-7.031553499360361],[112.261183626030217,-7.032005686685162],[112.26118484594997,-7.032457874001042],[112.261186065950127,-7.032910061308003],[112.261187286030705,-7.033362248606042],[112.261188506191687,-7.03381443589516],[112.261189726433074,-7.034266623175357],[112.26119094675488,-7.03471881044663],[112.261192167157091,-7.03517099770898],[112.261193387639722,-7.035623184962408],[112.261194608202757,-7.03607537220691],[112.261195828846198,-7.036527559442487],[112.261197049570072,-7.036979746669141],[112.261198270374337,-7.037431933886868],[112.261199491259021,-7.037884121095669],[112.261200712224124,-7.03833630829554],[112.261201933269632,-7.038788495486487],[112.26120315439556,-7.039240682668505],[112.261204375601906,-7.039692869841593],[112.261205596888658,-7.040145057005755],[112.261206818255829,-7.040597244160983],[112.261208039703433,-7.041049431307282],[112.261209261231429,-7.041501618444652],[112.261210482839857,-7.041953805573089],[112.261211704528691,-7.042405992692593],[112.261212926297944,-7.042858179803165],[112.261214148147616,-7.043310366904804],[112.261215370077707,-7.043762553997509],[112.261216592088232,-7.044214741081281],[112.261217814179162,-7.044666928156117],[112.261219036350511,-7.045119115222017],[112.261220258602279,-7.045571302278983],[112.261221480934466,-7.04602348932701],[112.261222703347073,-7.0464756763661],[112.261223925840099,-7.046927863396253],[112.261225148413544,-7.047380050417468],[112.261226371067423,-7.047832237429746],[112.261227593801721,-7.048284424433082],[112.261228816616438,-7.048736611427477],[112.261230039511574,-7.049188798412934],[112.261231262487144,-7.04964098538945],[112.261232485543118,-7.050093172357023],[112.261233708679526,-7.050545359315654],[112.261234931896368,-7.050997546265344],[112.261236155193629,-7.051449733206089],[112.261237378571309,-7.05190192013789],[112.261238602029422,-7.052354107060746],[112.261239825567955,-7.052806293974657],[112.261241049186921,-7.053258480879625],[112.261242272886307,-7.053710667775645],[112.261243496666111,-7.054162854662717],[112.261244720526349,-7.054615041540845],[112.261245944467021,-7.055067228410022],[112.261247168488126,-7.055519415270252],[112.26124839258965,-7.055971602121534],[112.261249616771607,-7.056423788963865],[112.261250841033998,-7.056875975797247],[112.261252065376794,-7.057328162621677],[112.261253289800052,-7.057780349437157],[112.261254514303715,-7.058232536243684],[112.261255738887826,-7.058684723041259],[112.26125696355237,-7.059136909829883],[112.261258188297333,-7.059589096609551],[112.26125941312273,-7.060041283380266],[112.26126063802856,-7.060493470142026],[112.261261863014823,-7.060945656894832],[112.26126308808152,-7.061397843638684],[112.261264313228665,-7.061850030373575],[112.261265538456215,-7.062302217099512],[112.261266763764226,-7.062754403816491],[112.261267989152657,-7.063206590524511],[112.261269214621521,-7.063658777223575],[112.261270440170833,-7.064110963913679],[112.261271665800564,-7.064563150594823],[112.261272891510743,-7.065015337267007],[112.261274117301355,-7.065467523930231],[112.2612753431724,-7.065919710584491],[112.261276569123893,-7.06637189722979],[112.26127779515582,-7.066824083866129],[112.26127902126818,-7.067276270493504],[112.261280247460988,-7.067728457111915],[112.261281473734215,-7.06818064372136],[112.261282700087904,-7.068632830321842],[112.261283926522012,-7.069085016913359],[112.261285153036582,-7.06953720349591],[112.261286379631571,-7.069989390069495],[112.261287606307022,-7.070441576634111],[112.261288833062892,-7.070893763189762],[112.261290059899224,-7.071345949736444],[112.261291286815975,-7.071798136274157],[112.261292513813189,-7.0722503228029],[112.261293740890835,-7.072702509322674],[112.261294968048929,-7.073154695833479],[112.261296195287471,-7.073606882335313],[112.261297422606447,-7.074059068828173],[112.26129865000587,-7.074511255312063],[112.26129987748574,-7.074963441786982],[112.261301105046044,-7.075415628252925],[112.26130233268681,-7.075867814709896],[112.26130356040801,-7.076320001157891],[112.261304788209657,-7.076772187596911],[112.261306016091766,-7.077224374026958],[112.261307244054308,-7.077676560448028],[112.261308472097298,-7.07812874686012],[112.261309700220721,-7.078580933263237],[112.261310928424621,-7.079033119657376],[112.261312156708954,-7.079485306042536],[112.261313385073734,-7.079937492418718],[112.261314613518962,-7.08038967878592],[112.261315842044667,-7.080841865144142],[112.26131707065079,-7.081294051493384],[112.261318299337361,-7.081746237833646],[112.261319528104409,-7.082198424164925],[112.261320756951889,-7.082650610487222],[112.261321985879832,-7.083102796800537],[112.261323214888208,-7.083554983104867],[112.26132444397706,-7.084007169400215],[112.261325673146359,-7.084459355686579],[112.261326902396092,-7.084911541963956],[112.261328131726302,-7.085363728232351],[112.261329361136944,-7.085815914491755],[112.261330590628063,-7.086268100742175],[112.261331820199615,-7.086720286983607],[112.261333049851643,-7.087172473216054],[112.261334279584105,-7.087624659439511],[112.261335509397043,-7.088076845653978],[112.261336739290428,-7.088529031859457],[112.261337969264275,-7.088981218055944],[112.26133919931857,-7.089433404243442],[112.261340429453327,-7.089885590421948],[112.261341659668545,-7.090337776591464],[112.261342889964212,-7.090789962751986],[112.26134412034034,-7.091242148903516],[112.26134535079693,-7.091694335046052],[112.261346581333981,-7.092146521179593],[112.261347811951481,-7.092598707304143],[112.261349042649456,-7.093050893419696],[112.26135027342788,-7.093503079526253],[112.261351504286765,-7.093955265623814],[112.261352735226126,-7.094407451712378],[112.261353966245935,-7.094859637791947],[112.261355197346205,-7.095311823862515],[112.261356428526938,-7.095764009924085],[112.261357659788146,-7.096216195976657],[112.261358891129802,-7.09666838202023],[112.26136012255192,-7.097120568054802],[112.261361354054515,-7.097572754080373],[112.261362585637571,-7.098024940096943],[112.261363817301088,-7.098477126104511],[112.261365049045068,-7.098929312103077],[112.261366280869524,-7.099381498092639],[112.261367512774427,-7.099833684073199],[112.261368744759821,-7.100285870044754],[112.261369976825662,-7.100738056007307],[112.26137120897198,-7.10119024196085],[112.261372441198759,-7.10164242790539],[112.261373673506,-7.102094613840925],[112.261374905893717,-7.10254679976745],[112.261376138361911,-7.102998985684971],[112.261377370910566,-7.10345117159348],[112.261378603539683,-7.103903357492983],[112.261379836249276,-7.104355543383477],[112.261381069039345,-7.104807729264962],[112.261382301909876,-7.105259915137434],[112.261383534860883,-7.105712101000898],[112.261384767892352,-7.106164286855348],[112.261386001004297,-7.106616472700787],[112.261387234196718,-7.107068658537215],[112.261388467469615,-7.107520844364628],[112.261389700822988,-7.107973030183027],[112.261390934256823,-7.108425215992415],[112.26139216777112,-7.108877401792785],[112.261393401365908,-7.109329587584141],[112.261394635041171,-7.109781773366481],[112.26139586879691,-7.110233959139807],[112.261397102633126,-7.110686144904112],[112.261398336549803,-7.111138330659401],[112.261399570546956,-7.111590516405672],[112.2614008046246,-7.112042702142924],[112.26140203878272,-7.112494887871157],[112.261403273021301,-7.11294707359037],[112.261404507340373,-7.113399259300563],[112.261405741739921,-7.113851445001735],[112.261406976219945,-7.114303630693887],[112.261408210780445,-7.114755816377015],[112.261409445421421,-7.115208002051119],[112.261410680142887,-7.115660187716203],[112.261411914944816,-7.116112373372262],[112.261413149827249,-7.116564559019296],[112.261414384790143,-7.117016744657305],[112.261415619833514,-7.117468930286289],[112.261416854957389,-7.117921115906247],[112.261418090161726,-7.118373301517179],[112.261419325446553,-7.118825487119084],[112.261420560811871,-7.11927767271196],[112.26142179625765,-7.119729858295808],[112.261423031783934,-7.120182043870628],[112.261424267390694,-7.12063422943642],[112.26142550307793,-7.121086414993179],[112.261426738845657,-7.12153860054091],[112.261427974693859,-7.121990786079609],[112.261429210622566,-7.122442971609278],[112.261430446631749,-7.122895157129912],[112.261431682721422,-7.123347342641514],[112.261432918891572,-7.123799528144083],[112.261434155142211,-7.12425171363762],[112.261435391473341,-7.124703899122119],[112.261436627884962,-7.125156084597585],[112.261437864377072,-7.125608270064016],[112.261439100949659,-7.126060455521411],[112.261440337602735,-7.126512640969767],[112.261441574336288,-7.126964826409088],[112.26144281115036,-7.12741701183937],[112.261444048044908,-7.127869197260615],[112.261445285019946,-7.12832138267282],[112.261446522075474,-7.128773568075984],[112.261447759211492,-7.12922575347011],[112.261448996428001,-7.129677938855195],[112.261450233725,-7.130130124231241],[112.261451471102504,-7.130582309598242],[112.261452708560498,-7.131034494956201],[112.261453946098982,-7.13148668030512],[112.261455183717956,-7.131938865644992],[112.261456421417407,-7.132391050975822],[112.261457659197376,-7.132843236297608],[112.261458897057835,-7.133295421610346],[112.261460134998785,-7.133747606914041],[112.261461373020225,-7.134199792208689],[112.26146261112217,-7.134651977494291],[112.261463849304604,-7.135104162770846],[112.261465087567544,-7.135556348038351],[112.261466325910973,-7.136008533296808],[112.261467564334907,-7.136460718546217],[112.261468802839318,-7.136912903786576],[112.261470041424246,-7.137365089017885],[112.26147128008968,-7.137817274240144],[112.261472518835589,-7.138269459453349],[112.261473757662017,-7.138721644657503],[112.261474996568921,-7.139173829852607],[112.261476235556344,-7.139626015038657],[112.261477474624272,-7.140078200215652],[112.261478713772689,-7.140530385383594],[112.261479953001611,-7.140982570542482],[112.261481192311038,-7.141434755692313],[112.261482431700955,-7.141886940833089],[112.261483671171376,-7.14233912596481],[112.261484910722302,-7.142791311087472],[112.261486150353733,-7.143243496201077],[112.261487390065668,-7.143695681305624],[112.261488629858107,-7.144147866401114],[112.261489869731065,-7.144600051487543],[112.261491109684499,-7.145052236564913],[112.261492349718466,-7.145504421633222],[112.261493589832909,-7.145956606692472],[112.261494830027871,-7.146408791742658],[112.261496070303352,-7.146860976783784],[112.261497310659323,-7.147313161815847],[112.261498551095812,-7.147765346838847],[112.261499791612792,-7.148217531852784],[112.261501032210305,-7.148669716857655],[112.261502272888293,-7.149121901853462],[112.261503513646815,-7.149574086840204],[112.261504754485827,-7.15002627181788],[112.261505995405372,-7.150478456786489],[112.261507236405407,-7.150930641746031],[112.261508477485961,-7.151382826696506],[112.261509718647034,-7.151835011637914],[112.261510959888597,-7.15228719657025],[112.261512201210678,-7.15273938149352],[112.261513442613278,-7.153191566407718],[112.261514684096383,-7.153643751312846],[112.261515925660007,-7.154095936208904],[112.261517167304149,-7.15454812109589],[112.261518409028781,-7.155000305973804],[112.261519650833947,-7.155452490842645],[112.261520892719616,-7.155904675702414],[112.261522134685805,-7.156356860553107],[112.261523376732512,-7.156809045394727],[112.261524618859724,-7.157261230227272],[112.261525861067454,-7.157713415050742],[112.261527103355704,-7.158165599865136],[112.261528345724457,-7.158617784670453],[112.261529588173744,-7.159069969466692],[112.261530830703549,-7.159522154253854],[112.261532073313859,-7.159974339031939],[112.261533316004687,-7.160426523800942],[112.261534558776034,-7.160878708560869],[112.261535801627915,-7.161330893311715],[112.261537044560313,-7.16178307805348],[112.261538287573217,-7.162235262786163],[112.261539530666639,-7.162687447509765],[112.261540773840593,-7.163139632224286],[112.261542017095053,-7.163591816929723],[112.261543260430045,-7.164044001626078],[112.261544503845556,-7.164496186313348],[112.261545747341586,-7.164948370991533],[112.261546990918148,-7.165400555660635],[112.26154823457523,-7.165852740320649],[112.261549478312816,-7.16630492497158],[112.261550722130949,-7.166757109613422],[112.261551966029586,-7.167209294246176],[112.261553210008756,-7.167661478869844],[112.26155445406846,-7.168113663484423],[112.261555698208682,-7.168565848089912],[112.261556942429422,-7.169018032686314],[112.261558186730682,-7.169470217273624],[112.261559431112474,-7.169922401851842],[112.261560675574799,-7.170374586420972],[112.261561920117657,-7.17082677098101],[112.261563164741034,-7.171278955531953],[112.261564409444929,-7.171731140073806],[112.261565654229372,-7.172183324606563],[112.261566899094319,-7.172635509130227],[112.261568144039813,-7.173087693644796],[112.261569389065826,-7.173539878150271],[112.261570634172372,-7.17399206264665],[112.261571879359451,-7.174444247133931],[112.261573124627063,-7.174896431612119],[112.261574369975207,-7.175348616081206],[112.261575615403871,-7.175800800541198],[112.261576860913081,-7.17625298499209],[112.261578106502796,-7.176705169433882],[112.261579352173072,-7.177157353866574]]]}},
{"type":"Feature","properties":{"Line":"S109","begin":1360.5,"end":3456.5},"geometry":{"type":"MultiLineString","coordinates":[[[112.155263172128755,-7.120233184959232],[112.155715885655653,-7.120232054407824],[112.15616859910881,-7.120230923413713],[112.156621312488213,-7.120229791976895],[112.15707402579379,-7.120228660097371],[112.157526739025556,-7.120227527775145],[112.157979452183454,-7.120226395010214],[112.15843216526747,-7.12022526180258],[112.158884878277561,-7.120224128152244],[112.159337591213728,-7.120222994059203],[112.159790304075898,-7.120221859523461],[112.160243016864072,-7.120220724545014],[112.160695729578222,-7.120219589123869],[112.161148442218305,-7.12021845326002],[112.161601154784307,-7.120217316953471],[112.162053867276185,-7.120216180204221],[112.162506579693911,-7.12021504301227],[112.162959292037471,-7.12021390537762],[112.163412004306821,-7.120212767300268],[112.163864716501934,-7.120211628780218],[112.16431742862278,-7.12021048981747],[112.164770140669347,-7.120209350412022],[112.165222852641591,-7.120208210563876],[112.165675564539484,-7.120207070273033],[112.166128276362997,-7.120205929539492],[112.166580988112102,-7.120204788363252],[112.167033699786785,-7.120203646744317],[112.167486411386975,-7.120202504682684],[112.167939122912685,-7.120201362178356],[112.168391834363888,-7.120200219231333],[112.168844545740512,-7.120199075841613],[112.169297257042587,-7.1201979320092],[112.16974996827004,-7.120196787734089],[112.170202679422843,-7.120195643016285],[112.170655390500983,-7.120194497855788],[112.171108101504444,-7.120193352252596],[112.171560812433171,-7.120192206206712],[112.172013523287134,-7.120191059718133],[112.172466234066334,-7.120189912786863],[112.172918944770714,-7.120188765412899],[112.17337165540026,-7.120187617596244],[112.173824365954914,-7.1201864693369],[112.174277076434691,-7.120185320634861],[112.174729786839535,-7.120184171490133],[112.17518249716943,-7.120183021902714],[112.175635207424335,-7.120181871872607],[112.176087917604235,-7.120180721399807],[112.176540627709073,-7.120179570484319],[112.17699333773885,-7.120178419126141],[112.177446047693536,-7.120177267325276],[112.177898757573089,-7.120176115081721],[112.178351467377482,-7.120174962395478],[112.178804177106699,-7.12017380926655],[112.179256886760683,-7.120172655694932],[112.179709596339436,-7.120171501680628],[112.180162305842913,-7.120170347223637],[112.180615015271087,-7.12016919232396],[112.181067724623915,-7.120168036981598],[112.181520433901412,-7.12016688119655],[112.181973143103491,-7.120165724968816],[112.182425852230182,-7.120164568298398],[112.182878561281413,-7.120163411185296],[112.183331270257156,-7.120162253629509],[112.183783979157411,-7.120161095631039],[112.184236687982136,-7.120159937189887],[112.184689396731301,-7.120158778306051],[112.185142105404864,-7.120157618979531],[112.185594814002812,-7.120156459210329],[112.186047522525115,-7.120155298998447],[112.186500230971731,-7.120154138343882],[112.186952939342646,-7.120152977246636],[112.187405647637831,-7.120151815706708],[112.187858355857244,-7.120150653724102],[112.188311064000871,-7.120149491298815],[112.188763772068668,-7.120148328430848],[112.189216480060637,-7.120147165120202],[112.189669187976705,-7.120146001366876],[112.190121895816858,-7.120144837170872],[112.190574603581098,-7.12014367253219],[112.191027311269352,-7.12014250745083],[112.19148001888162,-7.120141341926793],[112.191932726417875,-7.120140175960077],[112.192385433878059,-7.120139009550686],[112.192838141262186,-7.120137842698618],[112.193290848570172,-7.120136675403873],[112.193743555802044,-7.120135507666455],[112.194196262957732,-7.120134339486357],[112.194648970037235,-7.120133170863588],[112.195101677040498,-7.120132001798142],[112.195554383967504,-7.120130832290025],[112.196007090818256,-7.120129662339231],[112.196459797592667,-7.120128491945763],[112.196912504290751,-7.120127321109624],[112.197365210912466,-7.120126149830813],[112.197817917457769,-7.120124978109327],[112.198270623926661,-7.120123805945168],[112.198723330319083,-7.12012263333834],[112.199176036635023,-7.120121460288838],[112.199628742874438,-7.120120286796667],[112.200081449037327,-7.120119112861826],[112.200534155123648,-7.120117938484312],[112.200986861133359,-7.12011676366413],[112.20143956706643,-7.120115588401278],[112.201892272922862,-7.120114412695757],[112.202344978702598,-7.120113236547567],[112.202797684405624,-7.12011205995671],[112.203250390031883,-7.120110882923183],[112.203703095581389,-7.120109705446989],[112.204155801054085,-7.120108527528126],[112.204608506449944,-7.120107349166599],[112.20506121176895,-7.120106170362404],[112.205513917011061,-7.120104991115541],[112.205966622176263,-7.120103811426014],[112.206419327264499,-7.120102631293819],[112.206872032275768,-7.120101450718963],[112.207324737210044,-7.120100269701441],[112.207777442067268,-7.120099088241252],[112.208230146847441,-7.120097906338401],[112.20868285155052,-7.120096723992887],[112.209135556176477,-7.120095541204709],[112.209588260725297,-7.120094357973866],[112.210040965196924,-7.120093174300363],[112.210493669591344,-7.120091990184195],[112.210946373908527,-7.120090805625368],[112.21139907814846,-7.120089620623879],[112.211851782311086,-7.120088435179728],[112.212304486396391,-7.120087249292916],[112.212757190404346,-7.120086062963446],[112.213209894334923,-7.120084876191314],[112.21366259818808,-7.120083688976521],[112.214115301963815,-7.120082501319071],[112.214568005662073,-7.120081313218959],[112.21502070928284,-7.120080124676192],[112.215473412826086,-7.120078935690767],[112.215926116291755,-7.120077746262682],[112.216378819679861,-7.120076556391941],[112.216831522990361,-7.120075366078542],[112.2172842262232,-7.120074175322486],[112.21773692937839,-7.120072984123774],[112.218189632455875,-7.120071792482405],[112.218642335455641,-7.120070600398383],[112.219095038377645,-7.120069407871704],[112.219547741221845,-7.120068214902371],[112.220000443988269,-7.120067021490383],[112.220453146676832,-7.120065827635742],[112.220905849287519,-7.120064633338445],[112.221358551820302,-7.120063438598497],[112.221811254275167,-7.120062243415894],[112.222263956652071,-7.120061047790641],[112.222716658950986,-7.120059851722732],[112.223169361171898,-7.120058655212174],[112.22362206331475,-7.120057458258962],[112.224074765379541,-7.120056260863101],[112.224527467366215,-7.120055063024589],[112.224980169274772,-7.120053864743426],[112.22543287110517,-7.120052666019612],[112.225885572857379,-7.120051466853151],[112.226338274531358,-7.120050267244039],[112.226790976127106,-7.120049067192278],[112.227243677644566,-7.120047866697869],[112.227696379083724,-7.120046665760813],[112.228149080444567,-7.120045464381107],[112.228601781727022,-7.120044262558754],[112.229054482931105,-7.120043060293754],[112.229507184056757,-7.120041857586108],[112.229959885103966,-7.120040654435817],[112.230412586072703,-7.120039450842878],[112.23086528696291,-7.120038246807294],[112.231317987774602,-7.120037042329065],[112.231770688507723,-7.120035837408191],[112.232223389162272,-7.120034632044673],[112.232676089738177,-7.120033426238511],[112.23312879023544,-7.120032219989704],[112.233581490654018,-7.120031013298255],[112.234034190993896,-7.120029806164162],[112.234486891255031,-7.120028598587426],[112.23493959143741,-7.12002739056805],[112.235392291540975,-7.120026182106033],[112.235844991565727,-7.120024973201373],[112.236297691511638,-7.12002376385407],[112.236750391378649,-7.120022554064128],[112.237203091166762,-7.120021343831547],[112.237655790875934,-7.120020133156323],[112.238108490506121,-7.120018922038462],[112.238561190057325,-7.120017710477961],[112.239013889529517,-7.120016498474821],[112.239466588922625,-7.120015286029044],[112.239919288236678,-7.120014073140627],[112.240371987471605,-7.120012859809574],[112.240824686627391,-7.120011646035881],[112.241277385704009,-7.120010431819553],[112.24173008470143,-7.120009217160589],[112.242182783619612,-7.120008002058989],[112.242635482458539,-7.120006786514753],[112.243088181218198,-7.12000557052788],[112.243540879898518,-7.120004354098374],[112.243993578499513,-7.120003137226231],[112.24444627702114,-7.120001919911455],[112.244898975463357,-7.120000702154046],[112.245351673826136,-7.119999483954001],[112.245804372109461,-7.119998265311326],[112.246257070313305,-7.119997046226017],[112.24670976843764,-7.119995826698074],[112.247162466482422,-7.1199946067275],[112.247615164447609,-7.119993386314295],[112.24806786233323,-7.119992165458459],[112.248520560139198,-7.119990944159992],[112.248973257865501,-7.119989722418894],[112.249425955512109,-7.119988500235166],[112.249878653079023,-7.11998727760881],[112.250331350566185,-7.119986054539822],[112.250784047973553,-7.119984831028207],[112.251236745301128,-7.119983607073961],[112.251689442548866,-7.119982382677088],[112.252142139716739,-7.119981157837588],[112.252594836804732,-7.119979932555459],[112.25304753381279,-7.119978706830706],[112.253500230740912,-7.119977480663323],[112.25395292758904,-7.119976254053315],[112.254405624357176,-7.11997502700068],[112.254858321045262,-7.119973799505422],[112.255311017653298,-7.119972571567538],[112.255763714181228,-7.119971343187027],[112.256216410629037,-7.119970114363894],[112.256669106996711,-7.119968885098135],[112.257121803284178,-7.119967655389755],[112.257574499491454,-7.119966425238749],[112.258027195618482,-7.119965194645122],[112.25847989166526,-7.11996396360887],[112.258932587631733,-7.119962732129999],[112.259385283517858,-7.119961500208505],[112.259837979323663,-7.119960267844389],[112.260290675049077,-7.119959035037652],[112.260743370694072,-7.119957801788295],[112.26119606625862,-7.119956568096319],[112.26164876174272,-7.119955333961722],[112.262101457146301,-7.119954099384507],[112.262554152469377,-7.11995286436467],[112.263006847711878,-7.119951628902217],[112.263459542873804,-7.119950392997144],[112.263912237955125,-7.119949156649454],[112.264364932955786,-7.119947919859146],[112.2648176278758,-7.119946682626221],[112.265270322715082,-7.119945444950679],[112.265723017473661,-7.119944206832522],[112.26617571215148,-7.119942968271747],[112.266628406748495,-7.119941729268358],[112.267081101264708,-7.119940489822355],[112.267533795700075,-7.119939249933735],[112.267986490054568,-7.119938009602501],[112.268439184328159,-7.119936768828653],[112.268891878520819,-7.11993552761219],[112.269344572632519,-7.119934285953116],[112.269797266663232,-7.119933043851428],[112.270249960612944,-7.119931801307127],[112.270702654481582,-7.119930558320215],[112.271155348269161,-7.119929314890692],[112.271608041975625,-7.119928071018556],[112.272060735600974,-7.119926826703809],[112.272513429145135,-7.119925581946453],[112.272966122608111,-7.119924336746485],[112.273418815989885,-7.119923091103908],[112.273871509290402,-7.119921845018721],[112.274324202509646,-7.119920598490927],[112.274776895647577,-7.119919351520523],[112.275229588704178,-7.11991810410751],[112.275682281679408,-7.119916856251889],[112.276134974573253,-7.119915607953661],[112.276587667385684,-7.119914359212827],[112.277040360116658,-7.119913110029386],[112.277493052766133,-7.119911860403338],[112.277945745334122,-7.119910610334685],[112.278398437820584,-7.119909359823424],[112.278851130225462,-7.119908108869559],[112.279303822548741,-7.11990685747309],[112.279756514790407,-7.119905605634017],[112.280209206950417,-7.119904353352339],[112.280661899028743,-7.119903100628059],[112.281114591025371,-7.119901847461173],[112.281567282940244,-7.119900593851687],[112.282019974773348,-7.119899339799598],[112.282472666524683,-7.119898085304906],[112.282925358194177,-7.119896830367612],[112.283378049781803,-7.119895574987718],[112.283830741287559,-7.119894319165223],[112.284283432711405,-7.119893062900126],[112.284736124053296,-7.11989180619243],[112.285188815313234,-7.119890549042134],[112.28564150649116,-7.11988929144924],[112.286094197587062,-7.119888033413745],[112.28654688860091,-7.119886774935652],[112.286999579532662,-7.119885516014962],[112.287452270382317,-7.119884256651674],[112.28790496114982,-7.119882996845789],[112.288357651835156,-7.119881736597305],[112.288810342438296,-7.119880475906227],[112.289263032959184,-7.119879214772551],[112.289715723397833,-7.119877953196279],[112.290168413754188,-7.119876691177414],[112.290621104028233,-7.11987542871595],[112.291073794219926,-7.119874165811896],[112.291526484329253,-7.119872902465246],[112.291979174356158,-7.119871638676],[112.292431864300653,-7.119870374444162],[112.292884554162683,-7.119869109769732],[112.293337243942204,-7.119867844652709],[112.293789933639246,-7.119866579093094],[112.294242623253695,-7.119865313090886],[112.294695312785592,-7.119864046646087],[112.295148002234882,-7.119862779758696],[112.29560069160155,-7.119861512428715],[112.296053380885553,-7.119860244656144],[112.296506070086849,-7.119858976440984],[112.296958759205438,-7.119857707783233],[112.297411448241263,-7.119856438682894],[112.297864137194324,-7.119855169139965],[112.298316826064578,-7.119853899154447],[112.298769514851983,-7.119852628726342],[112.299222203556525,-7.119851357855651],[112.299674892178189,-7.119850086542372],[112.300127580716918,-7.119848814786505],[112.300580269172698,-7.119847542588054],[112.301032957545502,-7.119846269947015],[112.301485645835299,-7.119844996863391],[112.301938334042049,-7.119843723337182],[112.30239102216575,-7.119842449368387],[112.302843710206332,-7.11984117495701],[112.303296398163795,-7.119839900103049],[112.30374908603811,-7.119838624806501],[112.304201773829249,-7.119837349067373],[112.304654461537183,-7.11983607288566],[112.305107149161856,-7.119834796261368],[112.305559836703267,-7.11983351919449],[112.306012524161389,-7.119832241685033],[112.306465211536178,-7.119830963732995],[112.306917898827606,-7.119829685338375],[112.30737058603566,-7.119828406501175],[112.307823273160295,-7.119827127221394],[112.308275960201485,-7.119825847499035],[112.308728647159228,-7.119824567334096],[112.309181334033454,-7.119823286726578],[112.309634020824134,-7.119822005676482],[112.310086707531283,-7.119820724183806],[112.31053939415483,-7.119819442248555],[112.310992080694774,-7.119818159870726],[112.311444767151073,-7.119816877050321],[112.311897453523699,-7.119815593787338],[112.312350139812608,-7.11981431008178],[112.312802826017801,-7.119813025933645],[112.313255512139236,-7.119811741342935],[112.313708198176883,-7.119810456309652],[112.3141608841307,-7.119809170833793],[112.314613570000688,-7.119807884915359],[112.315066255786789,-7.119806598554353],[112.315518941488989,-7.119805311750776],[112.31597162710726,-7.119804024504621],[112.316424312641573,-7.119802736815897],[112.316876998091885,-7.1198014486846],[112.317329683458183,-7.119800160110732],[112.317782368740438,-7.119798871094291],[112.318235053938608,-7.119797581635282],[112.318687739052677,-7.119796291733701],[112.319140424082605,-7.119795001389549],[112.319593109028375,-7.119793710602829],[112.32004579388996,-7.119792419373538],[112.320498478667318,-7.119791127701681],[112.320951163360434,-7.119789835587252],[112.321403847969265,-7.119788543030257],[112.321856532493783,-7.119787250030694],[112.322309216933959,-7.119785956588563],[112.32276190128978,-7.119784662703868],[112.323214585561203,-7.119783368376604],[112.323667269748199,-7.119782073606776],[112.324119953850754,-7.11978077839438],[112.324572637868826,-7.119779482739418],[112.325025321802386,-7.119778186641894],[112.325478005651405,-7.119776890101805],[112.325930689415856,-7.119775593119151],[112.326383373095709,-7.119774295693935],[112.326836056690951,-7.119772997826153],[112.327288740201524,-7.11977169951581],[112.32774142362743,-7.119770400762905],[112.328194106968596,-7.119769101567436],[112.328646790225051,-7.119767801929408],[112.329099473396724,-7.119766501848818],[112.329552156483587,-7.119765201325666],[112.330004839485639,-7.119763900359954],[112.330457522402838,-7.119762598951683],[112.330910205235142,-7.119761297100851],[112.331362887982536,-7.119759994807461],[112.331815570644991,-7.119758692071512],[112.332268253222466,-7.119757388893005],[112.332720935714946,-7.119756085271939],[112.333173618122387,-7.119754781208317],[112.333626300444791,-7.119753476702137],[112.334078982682087,-7.119752171753398],[112.334531664834287,-7.119750866362107],[112.334984346901322,-7.119749560528257],[112.335437028883192,-7.119748254251852],[112.335889710779867,-7.119746947532892],[112.336342392591305,-7.119745640371377],[112.336795074317479,-7.11974433276731],[112.337247755958373,-7.119743024720686],[112.337700437513945,-7.119741716231509],[112.338153118984167,-7.119740407299781],[112.338605800369024,-7.119739097925499],[112.339058481668474,-7.119737788108664],[112.339511162882474,-7.119736477849278],[112.339963844011024,-7.11973516714734],[112.340416525054081,-7.119733856002851],[112.340869206011618,-7.119732544415812],[112.341321886883605,-7.119731232386223],[112.341774567670015,-7.119729919914082],[112.342227248370833,-7.119728606999394],[112.342679928986001,-7.119727293642157],[112.343132609515507,-7.119725979842371],[112.343585289959321,-7.119724665600035],[112.344037970317416,-7.119723350915153],[112.344490650589748,-7.119722035787722],[112.344943330776331,-7.119720720217745],[112.345396010877081,-7.119719404205222],[112.345848690891984,-7.119718087750153],[112.346301370821038,-7.119716770852536],[112.346754050664202,-7.119715453512376],[112.347206730421433,-7.11971413572967],[112.347659410092703,-7.11971281750442],[112.348112089677997,-7.119711498836625],[112.348564769177301,-7.119710179726287],[112.34901744859053,-7.119708860173406],[112.349470127917726,-7.119707540177981],[112.349922807158805,-7.119706219740014],[112.350375486313766,-7.119704898859506],[112.350828165382552,-7.119703577536455],[112.351280844365178,-7.119702255770863],[112.351733523261586,-7.119700933562731],[112.352186202071763,-7.119699610912057],[112.352638880795652,-7.119698287818846],[112.353091559433253,-7.119696964283093],[112.353544237984508,-7.1196956403048],[112.353996916449418,-7.119694315883968],[112.354449594827955,-7.1196929910206],[112.354902273120061,-7.119691665714693],[112.355354951325737,-7.119690339966249],[112.355807629444939,-7.119689013775266],[112.356260307477626,-7.119687687141749],[112.356712985423783,-7.119686360065693],[112.357165663283396,-7.119685032547102],[112.357618341056423,-7.119683704585976],[112.35807101874282,-7.119682376182316],[112.358523696342587,-7.119681047336121],[112.358976373855654,-7.119679718047388],[112.359429051282049,-7.119678388316125],[112.359881728621687,-7.119677058142328],[112.360334405874582,-7.119675727525997],[112.360787083040691,-7.119674396467133],[112.361239760119958,-7.119673064965737],[112.361692437112396,-7.119671733021812],[112.362145114017949,-7.119670400635354],[112.362597790836602,-7.119669067806362],[112.363050467568328,-7.119667734534843],[112.36350314421307,-7.119666400820793],[112.36395582077084,-7.119665066664214],[112.364408497241584,-7.119663732065104],[112.364861173625272,-7.119662397023467],[112.36531384992189,-7.119661061539301],[112.365766526131395,-7.119659725612605],[112.366219202253774,-7.119658389243383],[112.366671878288983,-7.119657052431634],[112.367124554236995,-7.119655715177357],[112.36757723009778,-7.119654377480556],[112.368029905871339,-7.119653039341227],[112.368482581557586,-7.119651700759372],[112.368935257156537,-7.119650361734993],[112.369387932668161,-7.119649022268089],[112.369840608092403,-7.119647682358661],[112.370293283429262,-7.119646342006709],[112.370745958678683,-7.119645001212233],[112.371198633840649,-7.119643659975234],[112.371651308915148,-7.119642318295713],[112.372103983902122,-7.119640976173669],[112.372556658801571,-7.119639633609104],[112.373009333613439,-7.119638290602017],[112.373462008337711,-7.119636947152409],[112.373914682974359,-7.119635603260281],[112.374367357523369,-7.119634258925633],[112.374820031984669,-7.119632914148464],[112.37527270635826,-7.119631568928775],[112.375725380644113,-7.11963022326657],[112.3761780548422,-7.119628877161845],[112.376630728952492,-7.119627530614602],[112.377083402974947,-7.119626183624841],[112.377536076909536,-7.119624836192563],[112.377988750756245,-7.119623488317768],[112.378441424515046,-7.119622140000457],[112.378894098185896,-7.119620791240629],[112.37934677176878,-7.119619442038289],[112.379799445263657,-7.11961809239343],[112.380252118670498,-7.119616742306058],[112.380704791989288,-7.11961539177617],[112.381157465219985,-7.11961404080377],[112.381610138362575,-7.119612689388855],[112.382062811417015,-7.119611337531429],[112.382515484383276,-7.119609985231489],[112.382968157261345,-7.119608632489038],[112.383420830051165,-7.119607279304073],[112.383873502752735,-7.119605925676598],[112.384326175365999,-7.119604571606613],[112.384778847890956,-7.119603217094116],[112.385231520327579,-7.11960186213911],[112.385684192675797,-7.119600506741594],[112.386136864935636,-7.119599150901568],[112.386589537107028,-7.119597794619033],[112.387042209189957,-7.119596437893991],[112.387494881184381,-7.11959508072644],[112.387947553090314,-7.119593723116381],[112.38840022490767,-7.119592365063816],[112.388852896636465,-7.119591006568744],[112.38930556827664,-7.119589647631166],[112.389758239828183,-7.119588288251081],[112.390210911291064,-7.119586928428491],[112.39066358266524,-7.119585568163396],[112.391116253950699,-7.119584207455796],[112.391568925147411,-7.119582846305694],[112.392021596255333,-7.119581484713086],[112.392474267274451,-7.119580122677974]]]}},
{"type":"Feature","properties":{"Line":"S140","begin":1360.5,"end":2340.5},"geometry":{"type":"MultiLineString","coordinates":[[[112.35170787070642,-7.033109709811485],[112.351709178380531,-7.033561880706657],[112.351710486140846,-7.034014051592875],[112.35171179398732,-7.034466222470142],[112.35171310191997,-7.034918393338453],[112.351714409938793,-7.035370564197811],[112.35171571804382,-7.035822735048217],[112.351717026234994,-7.036274905889663],[112.351718334512384,-7.036727076722157],[112.351719642875921,-7.037179247545693],[112.351720951325646,-7.037631418360273],[112.351722259861575,-7.038083589165896],[112.351723568483663,-7.03853575996256],[112.351724877191941,-7.038987930750266],[112.351726185986394,-7.039440101529014],[112.351727494867035,-7.0398922722988],[112.351728803833865,-7.040344443059626],[112.351730112886855,-7.040796613811493],[112.351731422026049,-7.041248784554399],[112.351732731251431,-7.041700955288342],[112.351734040562988,-7.042153126013321],[112.351735349960734,-7.042605296729341],[112.351736659444654,-7.043057467436392],[112.351737969014764,-7.043509638134482],[112.351739278671076,-7.043961808823607],[112.351740588413548,-7.044413979503767],[112.351741898242224,-7.04486615017496],[112.351743208157089,-7.045318320837189],[112.351744518158142,-7.045770491490448],[112.35174582824537,-7.046222662134741],[112.351747138418801,-7.046674832770065],[112.351748448678421,-7.047127003396422],[112.351749759024216,-7.047579174013809],[112.351751069456213,-7.048031344622225],[112.3517523799744,-7.048483515221671],[112.351753690578775,-7.048935685812148],[112.351755001269339,-7.049387856393651],[112.351756312046092,-7.049840026966185],[112.351757622909034,-7.050292197529742],[112.351758933858179,-7.050744368084328],[112.351760244893526,-7.051196538629941],[112.351761556015035,-7.051648709166579],[112.35176286722276,-7.052100879694241],[112.351764178516689,-7.052553050212929],[112.351765489896778,-7.05300522072264],[112.351766801363084,-7.053457391223376],[112.351768112915579,-7.053909561715133],[112.351769424554291,-7.054361732197913],[112.351770736279164,-7.054813902671717],[112.351772048090254,-7.055266073136538],[112.351773359987547,-7.055718243592382],[112.351774671971029,-7.056170414039245],[112.351775984040714,-7.056622584477129],[112.351777296196587,-7.057074754906031],[112.35177860843865,-7.05752692532595],[112.35177992076693,-7.057979095736889],[112.351781233181399,-7.058431266138844],[112.35178254568207,-7.058883436531816],[112.351783858268945,-7.059335606915805],[112.351785170942023,-7.059787777290806],[112.351786483701304,-7.060239947656825],[112.351787796546773,-7.060692118013859],[112.35178910947846,-7.061144288361906],[112.351790422496336,-7.061596458700965],[112.351791735600415,-7.062048629031037],[112.351793048790697,-7.062500799352122],[112.351794362067182,-7.062952969664219],[112.351795675429869,-7.063405139967326],[112.351796988878775,-7.063857310261443],[112.351798302413869,-7.06430948054657],[112.35179961603518,-7.064761650822708],[112.351800929742694,-7.065213821089852],[112.351802243536412,-7.065665991348006],[112.351803557416346,-7.066118161597167],[112.35180487138247,-7.066570331837335],[112.35180618543481,-7.067022502068511],[112.351807499573354,-7.067474672290691],[112.351808813798101,-7.067926842503878],[112.351810128109065,-7.068379012708068],[112.351811442506246,-7.068831182903264],[112.351812756989617,-7.069283353089463],[112.351814071559204,-7.069735523266663],[112.351815386215009,-7.070187693434868],[112.351816700957016,-7.070639863594073],[112.351818015785241,-7.071092033744282],[112.351819330699669,-7.07154420388549],[112.351820645700315,-7.071996374017699],[112.351821960787163,-7.072448544140906],[112.351823275960228,-7.072900714255115],[112.351824591219511,-7.073352884360322],[112.351825906565011,-7.073805054456524],[112.351827221996714,-7.074257224543727],[112.351828537514649,-7.074709394621925],[112.351829853118772,-7.075161564691119],[112.351831168809113,-7.075613734751309],[112.351832484585685,-7.076065904802496],[112.351833800448475,-7.076518074844676],[112.351835116397481,-7.076970244877851],[112.351836432432691,-7.077422414902019],[112.351837748554118,-7.077874584917179],[112.351839064761776,-7.078326754923333],[112.351840381055638,-7.078778924920478],[112.351841697435717,-7.079231094908613],[112.351843013902027,-7.07968326488774],[112.351844330454554,-7.080135434857858],[112.351845647093285,-7.080587604818964],[112.351846963818247,-7.081039774771059],[112.35184828062944,-7.081491944714142],[112.351849597526837,-7.081944114648214],[112.351850914510464,-7.082396284573274],[112.35185223158031,-7.082848454489319],[112.351853548736372,-7.08330062439635],[112.351854865978666,-7.083752794294369],[112.351856183307177,-7.084204964183372],[112.35185750072192,-7.084657134063359],[112.35185881822288,-7.085109303934329],[112.351860135810057,-7.085561473796282],[112.35186145348348,-7.086013643649219],[112.351862771243105,-7.086465813493139],[112.351864089088963,-7.08691798332804],[112.351865407021052,-7.087370153153922],[112.351866725039358,-7.087822322970784],[112.351868043143895,-7.088274492778627],[112.35186936133465,-7.088726662577449],[112.35187067961165,-7.089178832367248],[112.351871997974868,-7.089631002148027],[112.351873316424317,-7.090083171919783],[112.351874634959984,-7.090535341682518],[112.351875953581882,-7.090987511436229],[112.351877272290025,-7.091439681180914],[112.351878591084386,-7.091891850916575],[112.351879909964978,-7.092344020643212],[112.351881228931816,-7.092796190360823],[112.351882547984857,-7.093248360069406],[112.351883867124144,-7.093700529768965],[112.351885186349676,-7.094152699459494],[112.351886505661426,-7.094604869140998],[112.351887825059407,-7.095057038813471],[112.35188914454362,-7.095509208476916],[112.351890464114078,-7.095961378131332],[112.351891783770753,-7.096413547776716],[112.351893103513675,-7.096865717413069],[112.351894423342827,-7.097317887040393],[112.351895743258225,-7.097770056658683],[112.351897063259841,-7.098222226267941],[112.351898383347702,-7.098674395868167],[112.351899703521795,-7.099126565459358],[112.351901023782133,-7.099578735041517],[112.351902344128703,-7.100030904614639],[112.351903664561505,-7.100483074178728],[112.351904985080552,-7.100935243733777],[112.35190630568583,-7.101387413279793],[112.351907626377368,-7.101839582816773],[112.351908947155124,-7.102291752344712],[112.351910268019125,-7.102743921863615],[112.351911588969372,-7.103196091373477],[112.351912910005851,-7.103648260874304],[112.351914231128575,-7.104100430366088],[112.351915552337545,-7.104552599848833],[112.351916873632746,-7.105004769322536],[112.351918195014193,-7.105456938787198],[112.351919516481885,-7.105909108242819],[112.351920838035824,-7.106361277689397],[112.351922159676008,-7.106813447126929],[112.351923481402423,-7.107265616555421],[112.351924803215098,-7.107717785974867],[112.351926125114005,-7.108169955385268],[112.351927447099172,-7.108622124786624],[112.351928769170556,-7.109074294178932],[112.351930091328214,-7.109526463562196],[112.351931413572103,-7.109978632936413],[112.351932735902253,-7.110430802301581],[112.351934058318633,-7.110882971657702],[112.351935380821274,-7.111335141004772],[112.351936703410161,-7.111787310342794],[112.351938026085293,-7.112239479671766],[112.35193934884667,-7.112691648991687],[112.351940671694308,-7.113143818302556],[112.351941994628177,-7.113595987604376],[112.35194331764832,-7.114048156897144],[112.351944640754681,-7.114500326180857],[112.35194596394733,-7.114952495455516],[112.35194728722621,-7.115404664721123],[112.351948610591336,-7.115856833977675],[112.351949934042722,-7.116309003225172],[112.351951257580367,-7.116761172463614],[112.351952581204259,-7.117213341692998],[112.35195390491441,-7.117665510913326],[112.351955228710807,-7.118117680124598],[112.351956552593464,-7.118569849326811],[112.351957876562352,-7.119022018519965],[112.351959200617529,-7.119474187704061],[112.351960524758951,-7.119926356879098],[112.351961848986619,-7.120378526045074],[112.351963173300547,-7.120830695201987],[112.351964497700749,-7.121282864349842],[112.351965822187182,-7.121735033488636],[112.35196714675989,-7.122187202618365],[112.351968471418843,-7.122639371739031],[112.35196979616407,-7.123091540850634],[112.351971120995543,-7.123543709953175],[112.351972445913276,-7.12399587904665],[112.351973770917283,-7.124448048131059],[112.351975096007536,-7.124900217206402],[112.351976421184048,-7.125352386272681],[112.351977746446821,-7.125804555329891],[112.351979071795867,-7.126256724378035],[112.351980397231173,-7.12670889341711],[112.351981722752726,-7.127161062447116],[112.351983048360552,-7.127613231468054],[112.351984374054652,-7.128065400479922],[112.351985699834998,-7.128517569482718],[112.351987025701604,-7.128969738476445],[112.351988351654484,-7.129421907461101],[112.351989677693638,-7.129874076436685],[112.351991003819037,-7.130326245403196],[112.351992330030711,-7.130778414360631],[112.351993656328659,-7.131230583308995],[112.351994982712867,-7.131682752248286],[112.351996309183335,-7.1321349211785],[112.351997635740076,-7.13258709009964],[112.351998962383078,-7.133039259011705],[112.352000289112354,-7.133491427914691],[112.352001615927904,-7.133943596808602],[112.352002942829728,-7.134395765693433],[112.352004269817812,-7.134847934569188],[112.352005596892155,-7.135300103435864],[112.352006924052773,-7.135752272293461],[112.352008251299665,-7.136204441141977],[112.352009578632831,-7.136656609981413],[112.352010906052257,-7.137108778811767],[112.352012233557971,-7.137560947633042],[112.352013561149946,-7.138013116445233],[112.352014888828208,-7.138465285248341],[112.35201621659273,-7.138917454042367],[112.352017544443513,-7.139369622827309],[112.352018872380583,-7.139821791603166],[112.352020200403928,-7.140273960369937],[112.352021528513561,-7.140726129127625],[112.352022856709453,-7.141178297876224],[112.35202418499162,-7.141630466615739],[112.352025513360061,-7.142082635346167],[112.352026841814791,-7.142534804067505],[112.352028170355794,-7.142986972779756],[112.352029498983072,-7.143439141482919],[112.352030827696623,-7.143891310176991]]]}},
{"type":"Feature","properties":{"Line":"S105","begin":1360.5,"end":3060.5},"geometry":{"type":"MultiLineString","coordinates":[[[112.16345764701579,-7.138300841998859],[112.163910376961837,-7.138299700557612],[112.164363106833591,-7.138298558672528],[112.16481583663105,-7.13829741634361],[112.165268566354186,-7.138296273570858],[112.165721296002943,-7.138295130354272],[112.16617402557732,-7.138293986693852],[112.166626755077274,-7.138292842589601],[112.167079484502779,-7.138291698041515],[112.167532213853789,-7.138290553049597],[112.167984943130293,-7.138289407613847],[112.168437672332274,-7.138288261734266],[112.168890401459691,-7.138287115410854],[112.169343130512502,-7.13828596864361],[112.169795859490705,-7.138284821432536],[112.170248588394244,-7.138283673777631],[112.170701317223092,-7.138282525678898],[112.171154045977246,-7.138281377136335],[112.171606774656652,-7.138280228149941],[112.172059503261295,-7.138279078719719],[112.172512231791146,-7.138277928845668],[112.172964960246176,-7.13827677852779],[112.17341768862633,-7.138275627766084],[112.173870416931621,-7.13827447656055],[112.174323145161978,-7.138273324911188],[112.174775873317415,-7.138272172818002],[112.175228601397876,-7.138271020280989],[112.175681329403332,-7.13826986730015],[112.176134057333769,-7.138268713875484],[112.176586785189144,-7.138267560006994],[112.177039512969444,-7.138266405694679],[112.17749224067461,-7.138265250938539],[112.177944968304658,-7.138264095738575],[112.178397695859502,-7.138262940094788],[112.178850423339171,-7.138261784007176],[112.179303150743593,-7.138260627475741],[112.179755878072768,-7.138259470500484],[112.180208605326655,-7.138258313081403],[112.180661332505224,-7.138257155218504],[112.181114059608447,-7.138255996911779],[112.181566786636296,-7.138254838161236],[112.182019513588742,-7.13825367896687],[112.182472240465756,-7.138252519328684],[112.182924967267311,-7.138251359246677],[112.183377693993378,-7.138250198720851],[112.183830420643929,-7.138249037751206],[112.184283147218935,-7.138247876337741],[112.184735873718353,-7.138246714480457],[112.185188600142169,-7.138245552179355],[112.185641326490341,-7.138244389434434],[112.186094052762869,-7.138243226245698],[112.186546778959695,-7.138242062613141],[112.186999505080806,-7.138240898536771],[112.187452231126159,-7.138239734016583],[112.187904957095753,-7.138238569052577],[112.188357682989505,-7.138237403644756],[112.188810408807456,-7.138236237793121],[112.189263134549535,-7.13823507149767],[112.189715860215699,-7.138233904758402],[112.190168585805949,-7.138232737575321],[112.190621311320257,-7.138231569948427],[112.191074036758579,-7.138230401877719],[112.191526762120901,-7.138229233363197],[112.191979487407181,-7.138228064404862],[112.192432212617376,-7.138226895002715],[112.192884937751501,-7.138225725156754],[112.193337662809469,-7.138224554866984],[112.19379038779131,-7.138223384133401],[112.194243112696967,-7.138222212956005],[112.194695837526396,-7.138221041334801],[112.195148562279613,-7.138219869269785],[112.195601286956531,-7.13821869676096],[112.196054011557166,-7.138217523808324],[112.19650673608146,-7.13821635041188],[112.196959460529428,-7.138215176571627],[112.197412184900983,-7.138214002287564],[112.197864909196127,-7.138212827559693],[112.198317633414845,-7.138211652388014],[112.198770357557081,-7.138210476772528],[112.199223081622819,-7.138209300713235],[112.199675805612031,-7.138208124210135],[112.200128529524676,-7.13820694726323],[112.200581253360738,-7.138205769872516],[112.201033977120176,-7.138204592037998],[112.201486700802988,-7.138203413759674],[112.201939424409119,-7.138202235037546],[112.202392147938554,-7.138201055871613],[112.202844871391235,-7.138199876261877],[112.203297594767179,-7.138198696208335],[112.203750318066312,-7.138197515710991],[112.20420304128865,-7.138196334769842],[112.204655764434136,-7.138195153384891],[112.205108487502741,-7.138193971556139],[112.205561210494452,-7.138192789283583],[112.206013933409224,-7.138191606567227],[112.206466656247017,-7.138190423407068],[112.206919379007829,-7.138189239803109],[112.207372101691632,-7.13818805575535],[112.207824824298385,-7.138186871263791],[112.208277546828043,-7.138185686328431],[112.208730269280608,-7.138184500949271],[112.209182991656036,-7.138183315126313],[112.209635713954299,-7.138182128859555],[112.210088436175369,-7.138180942149003],[112.210541158319216,-7.138179754994648],[112.210993880385814,-7.138178567396498],[112.211446602375133,-7.13817737935455],[112.211899324287145,-7.138176190868805],[112.212352046121808,-7.138175001939263],[112.212804767879121,-7.138173812565927],[112.213257489559027,-7.138172622748793],[112.213710211161526,-7.138171432487863],[112.214162932686548,-7.138170241783138],[112.214615654134107,-7.138169050634621],[112.215068375504146,-7.138167859042308],[112.215521096796635,-7.1381666670062],[112.215973818011577,-7.1381654745263],[112.216426539148912,-7.138164281602607],[112.216879260208614,-7.138163088235121],[112.217331981190668,-7.138161894423842],[112.217784702095031,-7.138160700168772],[112.218237422921689,-7.138159505469909],[112.218690143670599,-7.138158310327254],[112.219142864341748,-7.138157114740809],[112.219595584935092,-7.138155918710574],[112.220048305450618,-7.138154722236549],[112.220501025888268,-7.138153525318732],[112.220953746248043,-7.138152327957128],[112.221406466529899,-7.138151130151734],[112.221859186733809,-7.138149931902552],[112.222311906859758,-7.13814873320958],[112.222764626907704,-7.138147534072822],[112.223217346877604,-7.138146334492274],[112.223670066769458,-7.138145134467941],[112.224122786583209,-7.138143933999818],[112.224575506318857,-7.138142733087912],[112.225028225976359,-7.138141531732218],[112.225480945555688,-7.138140329932739],[112.225933665056814,-7.138139127689474],[112.226386384479696,-7.138137925002424],[112.226839103824318,-7.138136721871589],[112.227291823090667,-7.138135518296973],[112.227744542278671,-7.138134314278569],[112.228197261388345,-7.138133109816384],[112.228649980419632,-7.138131904910414],[112.229102699372518,-7.138130699560661],[112.229555418246974,-7.138129493767128],[112.230008137042958,-7.138128287529812],[112.230460855760455,-7.138127080848713],[112.230913574399437,-7.138125873723835],[112.231366292959862,-7.138124666155174],[112.231819011441701,-7.138123458142733],[112.232271729844939,-7.138122249686512],[112.232724448169535,-7.138121040786513],[112.233177166415473,-7.138119831442733],[112.233629884582712,-7.138118621655174],[112.234082602671236,-7.138117411423835],[112.234535320681005,-7.13811620074872],[112.234988038611974,-7.138114989629826],[112.235440756464158,-7.138113778067154],[112.2358934742375,-7.138112566060708],[112.236346191931958,-7.138111353610482],[112.236798909547517,-7.138110140716481],[112.237251627084177,-7.138108927378704],[112.237704344541868,-7.138107713597151],[112.238157061920575,-7.138106499371822],[112.238609779220255,-7.138105284702719],[112.239062496440923,-7.138104069589841],[112.239515213582507,-7.138102854033189],[112.239967930644994,-7.138101638032764],[112.240420647628341,-7.138100421588565],[112.240873364532547,-7.138099204700594],[112.241326081357556,-7.138097987368848],[112.241778798103368,-7.138096769593331],[112.242231514769927,-7.138095551374041],[112.242684231357217,-7.138094332710983],[112.243136947865196,-7.138093113604152],[112.243589664293864,-7.13809189405355],[112.244042380643165,-7.138090674059178],[112.24449509691307,-7.138089453621035],[112.244947813103579,-7.138088232739124],[112.245400529214606,-7.138087011413441],[112.245853245246195,-7.138085789643991],[112.24630596119826,-7.138084567430774],[112.246758677070815,-7.138083344773787],[112.24721139286379,-7.138082121673035],[112.247664108577183,-7.138080898128512],[112.248116824210953,-7.138079674140224],[112.248569539765086,-7.13807844970817],[112.249022255239524,-7.138077224832348],[112.249474970634267,-7.138075999512762],[112.249927685949274,-7.13807477374941],[112.250380401184529,-7.138073547542294],[112.25083311633999,-7.138072320891411],[112.251285831415629,-7.138071093796765],[112.251738546411417,-7.138069866258355],[112.252191261327312,-7.138068638276182],[112.252643976163313,-7.138067409850246],[112.253096690919392,-7.138066180980546],[112.253549405595479,-7.138064951667085],[112.254002120191601,-7.138063721909861],[112.254454834707673,-7.138062491708876],[112.254907549143709,-7.138061261064129],[112.255360263499668,-7.138060029975622],[112.255812977775506,-7.138058798443354],[112.256265691971208,-7.138057566467326],[112.256718406086748,-7.13805633404754],[112.257171120122095,-7.138055101183992],[112.257623834077208,-7.138053867876686],[112.258076547952086,-7.138052634125622],[112.258529261746659,-7.138051399930801],[112.258981975460941,-7.13805016529222],[112.25943468909486,-7.138048930209882],[112.259887402648431,-7.138047694683789],[112.260340116121597,-7.138046458713937],[112.26079282951433,-7.138045222300331],[112.2612455428266,-7.138043985442967],[112.261698256058409,-7.138042748141848],[112.262150969209685,-7.138041510396975],[112.262603682280428,-7.138040272208348],[112.263056395270596,-7.138039033575964],[112.263509108180173,-7.138037794499827],[112.263961821009119,-7.138036554979937],[112.264414533757403,-7.138035315016294],[112.264867246424998,-7.138034074608898],[112.265319959011876,-7.13803283375775],[112.265772671518022,-7.138031592462849],[112.266225383943379,-7.138030350724197],[112.266678096287947,-7.138029108541795],[112.267130808551684,-7.138027865915639],[112.267583520734547,-7.138026622845735],[112.268036232836536,-7.13802537933208],[112.268488944857594,-7.138024135374676],[112.268941656797722,-7.138022890973524],[112.269394368656862,-7.138021646128622],[112.269847080434999,-7.13802040083997],[112.270299792132107,-7.138019155107571],[112.270752503748156,-7.138017908931423],[112.271205215283118,-7.138016662311529],[112.27165792673695,-7.138015415247888],[112.272110638109638,-7.1380141677405],[112.272563349401139,-7.138012919789365],[112.27301606061144,-7.138011671394485],[112.273468771740511,-7.138010422555861],[112.27392148278831,-7.138009173273492],[112.274374193754824,-7.138007923547375],[112.274826904640008,-7.138006673377517],[112.27527961544385,-7.138005422763913],[112.27573232616632,-7.138004171706567],[112.276185036807362,-7.138002920205476],[112.276637747366976,-7.138001668260644],[112.277090457845134,-7.13800041587207],[112.277543168241777,-7.137999163039753],[112.277995878556908,-7.137997909763694],[112.278448588790482,-7.137996656043896],[112.278901298942486,-7.137995401880356],[112.279354009012863,-7.137994147273076],[112.279806719001627,-7.137992892222054],[112.280259428908693,-7.137991636727294],[112.280712138734089,-7.137990380788795],[112.281164848477729,-7.137989124406558],[112.281617558139629,-7.137987867580581],[112.282070267719746,-7.137986610310866],[112.282522977218065,-7.137985352597414],[112.282975686634515,-7.137984094440225],[112.283428395969111,-7.137982835839298],[112.283881105221795,-7.137981576794637],[112.284333814392568,-7.137980317306237],[112.284786523481387,-7.137979057374102],[112.285239232488209,-7.137977796998232],[112.28569194141302,-7.137976536178628],[112.286144650255778,-7.137975274915289],[112.286597359016469,-7.137974013208215],[112.287050067695063,-7.137972751057408],[112.287502776291532,-7.137971488462867],[112.287955484805821,-7.137970225424595],[112.288408193237942,-7.137968961942589],[112.288860901587839,-7.13796769801685],[112.289313609855498,-7.13796643364738],[112.289766318040876,-7.137965168834178],[112.290219026143959,-7.137963903577249],[112.29067173416469,-7.137962637876584],[112.291124442103083,-7.137961371732192],[112.291577149959068,-7.137960105144069],[112.292029857732643,-7.137958838112215],[112.292482565423768,-7.137957570636634],[112.292935273032427,-7.137956302717325],[112.293387980558563,-7.137955034354287],[112.293840688002177,-7.137953765547521],[112.294293395363226,-7.137952496297027],[112.294746102641682,-7.137951226602808],[112.295198809837515,-7.137949956464859],[112.295651516950713,-7.137948685883186],[112.296104223981217,-7.137947414857786],[112.296556930929015,-7.137946143388662],[112.297009637794076,-7.137944871475812],[112.297462344576374,-7.137943599119238],[112.297915051275879,-7.13794232631894],[112.298367757892564,-7.137941053074916],[112.298820464426385,-7.13793977938717],[112.299273170877342,-7.137938505255702],[112.299725877245379,-7.137937230680508],[112.300178583530482,-7.137935955661595],[112.300631289732621,-7.137934680198958],[112.301083995851755,-7.137933404292602],[112.301536701887883,-7.137932127942523],[112.301989407840935,-7.137930851148722],[112.30244211371091,-7.137929573911204],[112.30289481949778,-7.137928296229963],[112.303347525201502,-7.137927018105004],[112.303800230822063,-7.137925739536325],[112.304252936359418,-7.137924460523928],[112.304705641813541,-7.137923181067811],[112.305158347184431,-7.13792190116798],[112.305611052472017,-7.137920620824428],[112.306063757676299,-7.13791934003716],[112.306516462797219,-7.137918058806173],[112.306969167834794,-7.137916777131472],[112.30742187278895,-7.137915495013056],[112.307874577659689,-7.137914212450923],[112.308327282446967,-7.137912929445076],[112.308779987150757,-7.137911645995511],[112.30923269177103,-7.137910362102236],[112.309685396307756,-7.137909077765245],[112.310138100760909,-7.13790779298454],[112.31059080513046,-7.137906507760122],[112.311043509416393,-7.137905222091992],[112.311496213618653,-7.137903935980147],[112.311948917737226,-7.137902649424593],[112.312401621772082,-7.137901362425327],[112.31285432572318,-7.137900074982349],[112.313307029590533,-7.13789878709566],[112.313759733374056,-7.137897498765263],[112.314212437073763,-7.137896209991153],[112.314665140689598,-7.137894920773333],[112.315117844221533,-7.137893631111807],[112.315570547669552,-7.13789234100657],[112.316023251033641,-7.137891050457626],[112.316475954313731,-7.137889759464972],[112.31692865750982,-7.137888468028613],[112.31738136062188,-7.137887176148545],[112.317834063649869,-7.137885883824771],[112.318286766593772,-7.137884591057291],[112.318739469453547,-7.137883297846104],[112.319192172229165,-7.137882004191214],[112.319644874920627,-7.137880710092617],[112.320097577527861,-7.137879415550312],[112.320550280050867,-7.137878120564307],[112.321002982489588,-7.137876825134596],[112.321455684844025,-7.137875529261184],[112.321908387114149,-7.137874232944067],[112.322361089299918,-7.137872936183245],[112.322813791401302,-7.137871638978724],[112.323266493418274,-7.1378703413305],[112.32371919535079,-7.137869043238574],[112.324171897198866,-7.137867744702948],[112.324624598962444,-7.137866445723619],[112.325077300641468,-7.137865146300594],[112.325530002235965,-7.137863846433865],[112.325982703745865,-7.137862546123437],[112.326435405171154,-7.137861245369312],[112.326888106511802,-7.137859944171487],[112.327340807767783,-7.137858642529963],[112.327793508939052,-7.137857340444742],[112.328246210025611,-7.137856037915823],[112.328698911027402,-7.137854734943207],[112.329151611944411,-7.137853431526895],[112.32960431277661,-7.137852127666886],[112.330057013523955,-7.13785082336318],[112.330509714186434,-7.137849518615781],[112.330962414764002,-7.137848213424685],[112.331415115256661,-7.137846907789897],[112.331867815664339,-7.137845601711412],[112.33232051598705,-7.137844295189233],[112.332773216224723,-7.137842988223362],[112.333225916377359,-7.137841680813797],[112.333678616444928,-7.13784037296054],[112.334131316427388,-7.137839064663591],[112.334584016324712,-7.137837755922948],[112.335036716136884,-7.137836446738617],[112.335489415863861,-7.137835137110593],[112.335942115505617,-7.137833827038879],[112.336394815062121,-7.137832516523473],[112.336847514533346,-7.13783120556438],[112.337300213919292,-7.137829894161595],[112.337752913219887,-7.137828582315123],[112.338205612435118,-7.137827270024962],[112.338658311564956,-7.137825957291112],[112.339111010609372,-7.137824644113576],[112.339563709568338,-7.137823330492351],[112.340016408441826,-7.137822016427439],[112.340469107229808,-7.137820701918842],[112.340921805932268,-7.137819386966558],[112.341374504549151,-7.137818071570588],[112.341827203080427,-7.137816755730932],[112.342279901526098,-7.137815439447592],[112.342732599886105,-7.137814122720568],[112.343185298160449,-7.137812805549859],[112.343637996349059,-7.137811487935466],[112.34409069445195,-7.137810169877392],[112.344543392469063,-7.137808851375633],[112.344996090400386,-7.137807532430193],[112.345448788245889,-7.13780621304107],[112.345901486005531,-7.137804893208265],[112.346354183679296,-7.13780357293178],[112.346806881267142,-7.137802252211613],[112.347259578769041,-7.137800931047766],[112.347712276184993,-7.13779960944024],[112.348164973514926,-7.137798287389032],[112.348617670758841,-7.137796964894148],[112.349070367916696,-7.137795641955583],[112.349523064988475,-7.13779431857334],[112.349975761974136,-7.137792994747418],[112.350428458873651,-7.13779167047782],[112.350881155687006,-7.137790345764547],[112.351333852414143,-7.137789020607594],[112.351786549055063,-7.137787695006965],[112.352239245609724,-7.137786368962661],[112.352691942078096,-7.137785042474681],[112.353144638460151,-7.137783715543026],[112.353597334755875,-7.137782388167697],[112.354050030965212,-7.137781060348694],[112.354502727088146,-7.137779732086016],[112.354955423124636,-7.137778403379665],[112.355408119074696,-7.137777074229642],[112.355860814938254,-7.137775744635946]]]}},
{"type":"Feature","properties":{"Line":"S134","begin":1360.5,"end":2604.5},"geometry":{"type":"MultiLineString","coordinates":[[[112.324552046750384,-7.033187307437819],[112.324553328172243,-7.033639483370359],[112.324554609678529,-7.034091659293956],[112.324555891269284,-7.034543835208609],[112.32455717294448,-7.034996011114316],[112.324558454704118,-7.03544818701108],[112.32455973654821,-7.035900362898901],[112.324561018476757,-7.036352538777772],[112.324562300489731,-7.036804714647699],[112.324563582587174,-7.037256890508679],[112.324564864769073,-7.037709066360709],[112.324566147035412,-7.038161242203795],[112.324567429386192,-7.038613418037931],[112.324568711821442,-7.039065593863116],[112.324569994341132,-7.039517769679353],[112.324571276945278,-7.03996994548664],[112.324572559633879,-7.040422121284974],[112.324573842406949,-7.040874297074359],[112.324575125264445,-7.041326472854792],[112.324576408206411,-7.041778648626268],[112.324577691232818,-7.042230824388795],[112.32457897434368,-7.042683000142369],[112.324580257539026,-7.043135175886986],[112.324581540818784,-7.043587351622649],[112.32458282418304,-7.044039527349358],[112.324584107631722,-7.044491703067109],[112.324585391164874,-7.044943878775905],[112.324586674782495,-7.045396054475743],[112.324587958484543,-7.045848230166624],[112.324589242271074,-7.046300405848545],[112.32459052614206,-7.046752581521511],[112.324591810097488,-7.047204757185514],[112.324593094137384,-7.047656932840558],[112.32459437826175,-7.048109108486643],[112.324595662470571,-7.048561284123766],[112.324596946763847,-7.049013459751929],[112.324598231141579,-7.049465635371128],[112.324599515603779,-7.049917810981364],[112.324600800150435,-7.050369986582637],[112.32460208478156,-7.050822162174946],[112.324603369497154,-7.05127433775829],[112.324604654297204,-7.051726513332671],[112.324605939181723,-7.052178688898085],[112.324607224150697,-7.052630864454533],[112.32460850920414,-7.053083040002015],[112.324609794342052,-7.05353521554053],[112.324611079564406,-7.053987391070076],[112.324612364871257,-7.054439566590655],[112.324613650262535,-7.054891742102264],[112.32461493573831,-7.055343917604904],[112.324616221298541,-7.055796093098574],[112.324617506943255,-7.056248268583274],[112.324618792672425,-7.056700444059],[112.324620078486049,-7.057152619525758],[112.324621364384157,-7.057604794983542],[112.32462265036672,-7.058056970432352],[112.324623936433767,-7.058509145872191],[112.324625222585269,-7.058961321303053],[112.324626508821254,-7.059413496724941],[112.324627795141694,-7.059865672137856],[112.324629081546618,-7.060317847541794],[112.324630368036011,-7.060770022936757],[112.324631654609874,-7.061222198322741],[112.324632941268206,-7.061674373699749],[112.324634228011007,-7.062126549067779],[112.324635514838292,-7.062578724426832],[112.324636801750032,-7.063030899776903],[112.324638088746255,-7.063483075117995],[112.324639375826962,-7.063935250450108],[112.324640662992138,-7.064387425773238],[112.324641950241769,-7.064839601087389],[112.324643237575899,-7.065291776392559],[112.324644524994497,-7.065743951688743],[112.324645812497565,-7.066196126975947],[112.324647100085116,-7.066648302254166],[112.324648387757136,-7.067100477523401],[112.324649675513641,-7.067552652783652],[112.324650963354614,-7.068004828034917],[112.324652251280071,-7.068457003277196],[112.324653539289997,-7.06890917851049],[112.324654827384421,-7.069361353734796],[112.324656115563315,-7.069813528950112],[112.324657403826691,-7.070265704156443],[112.324658692174523,-7.070717879353786],[112.324659980606867,-7.071170054542137],[112.324661269123666,-7.0716222297215],[112.324662557724963,-7.072074404891874],[112.324663846410743,-7.072526580053253],[112.324665135180993,-7.072978755205644],[112.32466642403574,-7.073430930349043],[112.324667712974957,-7.073883105483446],[112.324669001998657,-7.074335280608859],[112.324670291106841,-7.074787455725279],[112.324671580299523,-7.075239630832701],[112.324672869576673,-7.075691805931131],[112.324674158938322,-7.076143981020565],[112.324675448384426,-7.076596156101002],[112.324676737915041,-7.077048331172443],[112.32467802753014,-7.077500506234888],[112.324679317229723,-7.077952681288334],[112.324680607013789,-7.078404856332782],[112.324681896882339,-7.078857031368231],[112.324683186835387,-7.079309206394682],[112.324684476872918,-7.079761381412131],[112.324685766994946,-7.08021355642058],[112.324687057201444,-7.080665731420029],[112.32468834749244,-7.081117906410476],[112.324689637867934,-7.08157008139192],[112.324690928327897,-7.082022256364363],[112.324692218872372,-7.082474431327801],[112.32469350950133,-7.082926606282236],[112.324694800214786,-7.083378781227666],[112.324696091012711,-7.083830956164091],[112.324697381895149,-7.084283131091512],[112.32469867286207,-7.084735306009923],[112.324699963913488,-7.085187480919331],[112.324701255049391,-7.085639655819731],[112.324702546269805,-7.086091830711122],[112.324703837574688,-7.086544005593506],[112.324705128964084,-7.086996180466881],[112.324706420437977,-7.087448355331245],[112.324707711996354,-7.087900530186598],[112.324709003639228,-7.088352705032944],[112.3247102953666,-7.088804879870277],[112.324711587178456,-7.089257054698597],[112.324712879074823,-7.089709229517906],[112.324714171055689,-7.090161404328201],[112.324715463121052,-7.090613579129483],[112.324716755270913,-7.091065753921755],[112.324718047505257,-7.091517928705006],[112.324719339824114,-7.091970103479245],[112.324720632227482,-7.092422278244467],[112.32472192471532,-7.092874453000675],[112.324723217287683,-7.093326627747863],[112.324724509944531,-7.093778802486036],[112.32472580268589,-7.09423097721519],[112.324727095511733,-7.094683151935326],[112.324728388422102,-7.095135326646442],[112.324729681416954,-7.09558750134854],[112.324730974496319,-7.096039676041617],[112.324732267660181,-7.096491850725673],[112.324733560908555,-7.096944025400707],[112.324734854241413,-7.097396200066719],[112.324736147658797,-7.097848374723711],[112.324737441160664,-7.098300549371677],[112.324738734747058,-7.098752724010621],[112.324740028417949,-7.099204898640541],[112.324741322173338,-7.099657073261435],[112.324742616013253,-7.100109247873304],[112.324743909937652,-7.100561422476148],[112.324745203946563,-7.101013597069963],[112.324746498039985,-7.101465771654756],[112.32474779221792,-7.101917946230517],[112.324749086480352,-7.102370120797251],[112.324750380827311,-7.102822295354958],[112.324751675258753,-7.103274469903634],[112.324752969774721,-7.10372664444328],[112.324754264375187,-7.104178818973897],[112.324755559060179,-7.104630993495482],[112.324756853829669,-7.105083168008035],[112.324758148683671,-7.105535342511557],[112.324759443622185,-7.105987517006047],[112.32476073864521,-7.106439691491502],[112.324762033752762,-7.106891865967923],[112.324763328944812,-7.107344040435311],[112.324764624221373,-7.107796214893664],[112.324765919582447,-7.108248389342982],[112.324767215028047,-7.108700563783265],[112.324768510558158,-7.109152738214508],[112.324769806172782,-7.109604912636716],[112.324771101871917,-7.110057087049887],[112.324772397655565,-7.110509261454017],[112.324773693523724,-7.11096143584911],[112.324774989476424,-7.111413610235163],[112.324776285513607,-7.111865784612177],[112.324777581635331,-7.11231795898015],[112.324778877841567,-7.112770133339082],[112.324780174132314,-7.113222307688972],[112.324781470507588,-7.113674482029822],[112.324782766967374,-7.114126656361627],[112.324784063511686,-7.114578830684387],[112.32478536014051,-7.115031004998105],[112.324786656853874,-7.115483179302779],[112.324787953651736,-7.115935353598407],[112.32478925053411,-7.11638752788499],[112.324790547501038,-7.116839702162528],[112.32479184455245,-7.117291876431016],[112.324793141688417,-7.11774405069046],[112.324794438908881,-7.118196224940856],[112.324795736213886,-7.118648399182201],[112.324797033603403,-7.119100573414499],[112.324798331077446,-7.119552747637747],[112.324799628636015,-7.120004921851944],[112.32480092627911,-7.120457096057093],[112.324802224006717,-7.120909270253186],[112.324803521818865,-7.121361444440232],[112.324804819715538,-7.121813618618224],[112.324806117696738,-7.122265792787163],[112.32480741576245,-7.122717966947047],[112.324808713912702,-7.123170141097879],[112.324810012147481,-7.123622315239655],[112.324811310466785,-7.124074489372377],[112.324812608870616,-7.124526663496042],[112.324813907358973,-7.124978837610652],[112.324815205931856,-7.125431011716206],[112.324816504589265,-7.125883185812699],[112.3248178033312,-7.126335359900136],[112.324819102157676,-7.126787533978516],[112.324820401068692,-7.127239708047835],[112.324821700064234,-7.127691882108094],[112.324822999144303,-7.128144056159295],[112.324824298308897,-7.128596230201433],[112.324825597558032,-7.12904840423451],[112.324826896891693,-7.129500578258527],[112.324828196309895,-7.12995275227348],[112.324829495812622,-7.130404926279369],[112.324830795399876,-7.130857100276195],[112.324832095071685,-7.131309274263957],[112.324833394828019,-7.131761448242655],[112.32483469466888,-7.132213622212287],[112.324835994594295,-7.132665796172852],[112.324837294604222,-7.133117970124351],[112.32483859469869,-7.133570144066784],[112.324839894877712,-7.13402231800015],[112.324841195141261,-7.134474491924445],[112.324842495489335,-7.134926665839674],[112.324843795921964,-7.135378839745833],[112.32484509643912,-7.135831013642922],[112.32484639704083,-7.136283187530941],[112.324847697727066,-7.13673536140989],[112.324848998497842,-7.137187535279766],[112.324850299353159,-7.137639709140569],[112.324851600293016,-7.138091882992302],[112.324852901317414,-7.138544056834958],[112.324854202426351,-7.138996230668543],[112.324855503619844,-7.139448404493053],[112.324856804897863,-7.139900578308489],[112.324858106260422,-7.140352752114849],[112.324859407707535,-7.140804925912131],[112.324860709239175,-7.141257099700339],[112.324862010855369,-7.141709273479469],[112.324863312556118,-7.142161447249523],[112.324864614341394,-7.142613621010495],[112.324865916211223,-7.14306579476239],[112.324867218165593,-7.143517968505208],[112.324868520204518,-7.143970142238943],[112.324869822327969,-7.144422315963596],[112.324871124535989,-7.144874489679171],[112.324872426828549,-7.145326663385664],[112.324873729205649,-7.145778837083074],[112.32487503166729,-7.146231010771401],[112.324876334213499,-7.146683184450644],[112.324877636844235,-7.147135358120805],[112.32487893955954,-7.147587531781882],[112.324880242359399,-7.148039705433872],[112.324881545243784,-7.148491879076778],[112.324882848212724,-7.148944052710596],[112.324884151266218,-7.149396226335328],[112.324885454404267,-7.149848399950972],[112.324886757626871,-7.150300573557529],[112.324888060934015,-7.150752747154997],[112.324889364325713,-7.151204920743377],[112.324890667801967,-7.151657094322667],[112.324891971362774,-7.152109267892866],[112.324893275008137,-7.152561441453978],[112.324894578738053,-7.153013615005995],[112.324895882552511,-7.153465788548921],[112.324897186451537,-7.153917962082755],[112.324898490435103,-7.154370135607496],[112.324899794503253,-7.154822309123142],[112.324901098655928,-7.155274482629696],[112.324902402893187,-7.155726656127156],[112.324903707214986,-7.156178829615516],[112.324905011621325,-7.156631003094786],[112.324906316112248,-7.157083176564957],[112.324907620687725,-7.157535350026031],[112.324908925347756,-7.157987523478008],[112.324910230092343,-7.158439696920888],[112.324911534921483,-7.158891870354667],[112.324912839835207,-7.159344043779351],[112.324914144833471,-7.159796217194931],[112.32491544991629,-7.160248390601413],[112.324916755083677,-7.160700563998793],[112.324918060335619,-7.161152737387074],[112.32491936567213,-7.16160491076625],[112.32492067109321,-7.162057084136325],[112.324921976598844,-7.162509257497299],[112.324923282189033,-7.162961430849164],[112.324924587863805,-7.16341360419193],[112.324925893623131,-7.163865777525588],[112.324927199467012,-7.164317950850141],[112.324928505395462,-7.164770124165588],[112.324929811408495,-7.165222297471931],[112.324931117506068,-7.165674470769166],[112.32493242368821,-7.166126644057292],[112.324933729954921,-7.16657881733631],[112.324935036306201,-7.16703099060622],[112.324936342742049,-7.167483163867022],[112.324937649262466,-7.167935337118713],[112.324938955867452,-7.168387510361292],[112.324940262556993,-7.168839683594761],[112.324941569331116,-7.169291856819121],[112.324942876189795,-7.169744030034366],[112.324944183133056,-7.170196203240499],[112.324945490160871,-7.170648376437519],[112.32494679727327,-7.171100549625426],[112.324948104470238,-7.171552722804219],[112.324949411751774,-7.172004895973895],[112.324950719117879,-7.172457069134455],[112.324952026568553,-7.172909242285901],[112.32495333410381,-7.173361415428231],[112.324954641723636,-7.173813588561442]]]}},
{"type":"Feature","properties":{"Line":"S121","begin":1360.5,"end":3344.5},"geometry":{"type":"MultiLineString","coordinates":[[[112.154222588801687,-7.065970959868735],[112.154675249499462,-7.065969838896881],[112.155127910123596,-7.065968717485728],[112.155580570674061,-7.065967595635276],[112.156033231150829,-7.065966473345527],[112.156485891553871,-7.06596535061648],[112.156938551883144,-7.065964227448135],[112.157391212138634,-7.065963103840492],[112.157843872320299,-7.065961979793553],[112.158296532428139,-7.065960855307318],[112.158749192462096,-7.065959730381786],[112.159201852422143,-7.065958605016958],[112.159654512308265,-7.065957479212836],[112.160107172120433,-7.065956352969418],[112.160559831858592,-7.065955226286704],[112.161012491522754,-7.065954099164697],[112.161465151112864,-7.065952971603395],[112.161917810628893,-7.065951843602799],[112.162370470070826,-7.065950715162913],[112.162823129438621,-7.06594958628373],[112.16327578873225,-7.065948456965256],[112.163728447951698,-7.065947327207491],[112.164181107096923,-7.065946197010433],[112.164633766167896,-7.065945066374082],[112.165086425164588,-7.065943935298442],[112.165539084086973,-7.065942803783509],[112.16599174293502,-7.065941671829286],[112.166444401708716,-7.065940539435775],[112.166897060408004,-7.06593940660297],[112.167349719032885,-7.065938273330879],[112.167802377583314,-7.065937139619498],[112.168255036059264,-7.065936005468826],[112.168707694460707,-7.065934870878868],[112.169160352787586,-7.065933735849622],[112.169613011039928,-7.065932600381088],[112.170065669217664,-7.065931464473267],[112.170518327320792,-7.065930328126157],[112.170970985349243,-7.065929191339761],[112.171423643303015,-7.06592805411408],[112.171876301182095,-7.065926916449112],[112.172328958986427,-7.065925778344859],[112.172781616715994,-7.065924639801319],[112.173234274370756,-7.065923500818496],[112.173686931950684,-7.065922361396388],[112.174139589455777,-7.065921221534997],[112.174592246885979,-7.065920081234321],[112.175044904241261,-7.065918940494361],[112.17549756152161,-7.065917799315117],[112.175950218726996,-7.065916657696592],[112.176402875857377,-7.065915515638785],[112.176855532912725,-7.065914373141694],[112.177308189893012,-7.065913230205322],[112.177760846798236,-7.065912086829668],[112.178213503628328,-7.065910943014734],[112.178666160383273,-7.065909798760519],[112.179118817063056,-7.065908654067026],[112.179571473667636,-7.065907508934249],[112.180024130196983,-7.065906363362195],[112.18047678665107,-7.065905217350862],[112.180929443029882,-7.065904070900248],[112.181382099333362,-7.065902924010357],[112.181834755561511,-7.065901776681188],[112.182287411714285,-7.065900628912739],[112.182740067791642,-7.065899480705015],[112.183192723793582,-7.065898332058014],[112.183645379720048,-7.065897182971733],[112.18409803557104,-7.06589603344618],[112.184550691346502,-7.065894883481348],[112.185003347046418,-7.065893733077241],[112.185456002670762,-7.065892582233859],[112.185908658219503,-7.065891430951203],[112.186361313692601,-7.065890279229271],[112.186813969090053,-7.065889127068067],[112.187266624411791,-7.065887974467586],[112.187719279657827,-7.065886821427832],[112.188171934828105,-7.065885667948806],[112.188624589922611,-7.065884514030507],[112.189077244941302,-7.065883359672934],[112.189529899884178,-7.065882204876091],[112.189982554751168,-7.065881049639977],[112.190435209542272,-7.065879893964589],[112.190887864257462,-7.065878737849931],[112.191340518896681,-7.065877581296003],[112.191793173459928,-7.065876424302803],[112.192245827947175,-7.065875266870335],[112.192698482358381,-7.065874108998596],[112.193151136693501,-7.065872950687589],[112.193603790952551,-7.065871791937312],[112.194056445135473,-7.065870632747767],[112.194509099242239,-7.065869473118955],[112.194961753272821,-7.065868313050874],[112.19541440722719,-7.065867152543525],[112.195867061105318,-7.065865991596909],[112.196319714907204,-7.065864830211027],[112.196772368632764,-7.065863668385878],[112.197225022281998,-7.065862506121466],[112.197677675854891,-7.065861343417786],[112.198130329351386,-7.065860180274839],[112.198582982771484,-7.065859016692631],[112.199035636115127,-7.065857852671154],[112.199488289382316,-7.065856688210416],[112.199940942572994,-7.065855523310414],[112.200393595687132,-7.065854357971148],[112.20084624872473,-7.065853192192619],[112.201298901685746,-7.065852025974827],[112.201751554570137,-7.065850859317772],[112.202204207377889,-7.065849692221456],[112.202656860108959,-7.065848524685877],[112.203109512763348,-7.065847356711038],[112.203562165340983,-7.065846188296939],[112.204014817841895,-7.065845019443578],[112.204467470265982,-7.065843850150958],[112.20492012261326,-7.065842680419077],[112.205372774883699,-7.065841510247936],[112.205825427077272,-7.065840339637536],[112.206278079193936,-7.06583916858788],[112.206730731233662,-7.065837997098963],[112.207183383196437,-7.065836825170787],[112.207636035082217,-7.065835652803357],[112.208088686890974,-7.065834479996667],[112.208541338622695,-7.06583330675072],[112.208993990277321,-7.065832133065517],[112.209446641854854,-7.065830958941058],[112.209899293355249,-7.065829784377344],[112.210351944778495,-7.065828609374373],[112.210804596124532,-7.065827433932149],[112.211257247393348,-7.065826258050669],[112.211709898584928,-7.065825081729933],[112.212162549699229,-7.065823904969946],[112.212615200736224,-7.065822727770703],[112.213067851695868,-7.065821550132209],[112.213520502578163,-7.065820372054461],[112.213973153383051,-7.065819193537459],[112.214425804110533,-7.065818014581207],[112.214878454760552,-7.065816835185703],[112.215331105333092,-7.065815655350946],[112.215783755828113,-7.065814475076938],[112.216236406245613,-7.065813294363681],[112.216689056585551,-7.065812113211171],[112.217141706847883,-7.065810931619414],[112.217594357032581,-7.065809749588406],[112.218047007139631,-7.065808567118149],[112.218499657169019,-7.065807384208643],[112.218952307120674,-7.065806200859889],[112.219404956994595,-7.065805017071886],[112.219857606790754,-7.065803832844636],[112.220310256509109,-7.065802648178138],[112.220762906149631,-7.065801463072393],[112.22121555571232,-7.065800277527401],[112.221668205197105,-7.065799091543163],[112.222120854603972,-7.06579790511968],[112.222573503932921,-7.065796718256951],[112.223026153183881,-7.065795530954976],[112.223478802356851,-7.065794343213756],[112.22393145145179,-7.065793155033294],[112.224384100468669,-7.065791966413584],[112.224836749407459,-7.065790777354634],[112.225289398268146,-7.065789587856439],[112.225742047050687,-7.065788397919001],[112.226194695755041,-7.065787207542321],[112.22664734438122,-7.065786016726398],[112.227099992929141,-7.065784825471233],[112.227552641398816,-7.065783633776827],[112.228005289790204,-7.065782441643181],[112.228457938103276,-7.065781249070293],[112.228910586338003,-7.065780056058165],[112.229363234494343,-7.065778862606796],[112.229815882572296,-7.065777668716188],[112.230268530571806,-7.06577647438634],[112.230721178492857,-7.065775279617255],[112.231173826335421,-7.06577408440893],[112.231626474099471,-7.065772888761366],[112.232079121784963,-7.065771692674566],[112.232531769391869,-7.065770496148528],[112.232984416920189,-7.065769299183253],[112.23343706436988,-7.065768101778742],[112.233889711740886,-7.065766903934994],[112.234342359033221,-7.065765705652009],[112.234795006246813,-7.065764506929789],[112.235247653381677,-7.065763307768334],[112.235700300437756,-7.065762108167645],[112.236152947415036,-7.06576090812772],[112.23660559431346,-7.065759707648562],[112.237058241133042,-7.06575850673017],[112.237510887873711,-7.065757305372546],[112.237963534535453,-7.065756103575688],[112.238416181118268,-7.065754901339597],[112.238868827622085,-7.065753698664273],[112.239321474046889,-7.065752495549718],[112.239774120392667,-7.065751291995932],[112.240226766659376,-7.065750088002916],[112.240679412846987,-7.065748883570668],[112.241132058955486,-7.065747678699189],[112.241584704984817,-7.06574647338848],[112.242037350934964,-7.065745267638543],[112.242489996805915,-7.065744061449374],[112.242942642597612,-7.06574285482098],[112.243395288310055,-7.065741647753355],[112.243847933943172,-7.065740440246502],[112.244300579496979,-7.065739232300423],[112.244753224971433,-7.065738023915115],[112.245205870366505,-7.06573681509058],[112.245658515682166,-7.065735605826819],[112.246111160918375,-7.065734396123831],[112.246563806075116,-7.065733185981618],[112.247016451152362,-7.06573197540018],[112.247469096150084,-7.065730764379516],[112.247921741068239,-7.065729552919628],[112.248374385906814,-7.065728341020515],[112.248827030665765,-7.065727128682177],[112.249279675345079,-7.065725915904619],[112.249732319944727,-7.065724702687834],[112.250184964464665,-7.065723489031828],[112.250637608904867,-7.065722274936598],[112.251090253265318,-7.065721060402149],[112.251542897545988,-7.065719845428475],[112.251995541746837,-7.065718630015581],[112.25244818586782,-7.065717414163466],[112.252900829908953,-7.06571619787213],[112.253353473870177,-7.065714981141576],[112.253806117751466,-7.065713763971799],[112.254258761552776,-7.065712546362805],[112.254711405274136,-7.065711328314591],[112.255164048915447,-7.065710109827158],[112.255616692476721,-7.065708890900507],[112.256069335957918,-7.065707671534639],[112.256521979359007,-7.065706451729552],[112.256974622679962,-7.065705231485249],[112.257427265920754,-7.065704010801728],[112.257879909081353,-7.065702789678991],[112.258332552161733,-7.065701568117039],[112.258785195161863,-7.06570034611587],[112.259237838081717,-7.065699123675486],[112.25969048092125,-7.065697900795887],[112.260143123680464,-7.065696677477074],[112.260595766359302,-7.065695453719047],[112.261048408957748,-7.065694229521807],[112.26150105147579,-7.065693004885351],[112.261953693913355,-7.065691779809685],[112.262406336270459,-7.065690554294805],[112.262858978547044,-7.065689328340712],[112.263311620743082,-7.065688101947409],[112.263764262858572,-7.065686875114893],[112.264216904893445,-7.065685647843167],[112.264669546847713,-7.065684420132229],[112.265122188721321,-7.065683191982082],[112.26557483051424,-7.065681963392724],[112.266027472226455,-7.065680734364157],[112.266480113857924,-7.065679504896382],[112.266932755408632,-7.065678274989395],[112.267385396878538,-7.065677044643203],[112.267838038267627,-7.0656758138578],[112.268290679575841,-7.065674582633191],[112.268743320803196,-7.065673350969375],[112.26919596194962,-7.065672118866351],[112.269648603015099,-7.065670886324122],[112.270101243999619,-7.065669653342686],[112.270553884903137,-7.065668419922043],[112.271006525725625,-7.065667186062197],[112.271459166467039,-7.065665951763144],[112.271911807127395,-7.065664717024887],[112.272364447706622,-7.065663481847427],[112.272817088204704,-7.065662246230763],[112.273269728621614,-7.065661010174893],[112.273722368957337,-7.065659773679823],[112.274175009211817,-7.065658536745548],[112.274627649385025,-7.065657299372073],[112.275080289476961,-7.065656061559396],[112.275532929487568,-7.065654823307516],[112.275985569416846,-7.065653584616434],[112.276438209264739,-7.065652345486154],[112.276890849031233,-7.065651105916671],[112.277343488716284,-7.065649865907989],[112.277796128319892,-7.065648625460108],[112.278248767842001,-7.065647384573028],[112.278701407282583,-7.065646143246749],[112.279154046641622,-7.065644901481271],[112.279606685919092,-7.065643659276594],[112.280059325114962,-7.06564241663272],[112.280511964229177,-7.065641173549649],[112.280964603261737,-7.065639930027381],[112.281417242212598,-7.065638686065918],[112.281869881081761,-7.065637441665256],[112.282322519869155,-7.065636196825402],[112.282775158574779,-7.065634951546349],[112.283227797198592,-7.065633705828104],[112.283680435740564,-7.065632459670663],[112.284133074200682,-7.065631213074027],[112.284585712578902,-7.065629966038198],[112.285038350875197,-7.065628718563175],[112.285490989089553,-7.065627470648959],[112.285943627221911,-7.065626222295553],[112.286396265272259,-7.065624973502951],[112.286848903240582,-7.065623724271159],[112.287301541126823,-7.065622474600175],[112.287754178930982,-7.065621224489999],[112.288206816653016,-7.065619973940636],[112.288659454292883,-7.065618722952079],[112.289112091850583,-7.065617471524333],[112.289564729326059,-7.065616219657398],[112.290017366719312,-7.065614967351275],[112.290470004030283,-7.065613714605961],[112.290922641258959,-7.065612461421459],[112.291375278405297,-7.065611207797769],[112.291827915469312,-7.065609953734893],[112.292280552450919,-7.065608699232828],[112.292733189350102,-7.065607444291576],[112.293185826166862,-7.065606188911139],[112.293638462901143,-7.065604933091516],[112.294091099552929,-7.065603676832706],[112.294543736122193,-7.065602420134711],[112.294996372608892,-7.065601162997531],[112.295449009012998,-7.065599905421167],[112.295901645334496,-7.065598647405619],[112.296354281573343,-7.065597388950889],[112.296806917729526,-7.065596130056973],[112.297259553803002,-7.065594870723875],[112.297712189793756,-7.065593610951595],[112.298164825701747,-7.065592350740133],[112.298617461526945,-7.065591090089488],[112.299070097269336,-7.065589828999663],[112.299522732928864,-7.065588567470656],[112.299975368505542,-7.065587305502469],[112.300428003999286,-7.065586043095101],[112.300880639410124,-7.065584780248553],[112.301333274737999,-7.065583516962828],[112.301785909982868,-7.065582253237923],[112.302238545144732,-7.065580989073839],[112.302691180223533,-7.065579724470576],[112.303143815219272,-7.065578459428136],[112.303596450131906,-7.065577193946518],[112.304049084961392,-7.065575928025724],[112.30450171970773,-7.065574661665753],[112.304954354370878,-7.065573394866605],[112.305406988950779,-7.065572127628282],[112.305859623447461,-7.065570859950783],[112.306312257860853,-7.065569591834109],[112.306764892190927,-7.06556832327826],[112.307217526437668,-7.065567054283237],[112.307670160601063,-7.065565784849041],[112.30812279468104,-7.06556451497567],[112.308575428677614,-7.065563244663126],[112.309028062590727,-7.065561973911411],[112.309480696420366,-7.065560702720523],[112.309933330166487,-7.065559431090462],[112.310385963829077,-7.065558159021231],[112.310838597408093,-7.065556886512828],[112.311291230903507,-7.065555613565254],[112.311743864315304,-7.06555434017851],[112.312196497643455,-7.065553066352597],[112.31264913088792,-7.065551792087514],[112.313101764048682,-7.06555051738326],[112.313554397125685,-7.06554924223984],[112.314007030118944,-7.065547966657251],[112.314459663028373,-7.065546690635491],[112.314912295854,-7.065545414174567],[112.315364928595756,-7.065544137274475],[112.315817561253638,-7.065542859935215],[112.31627019382762,-7.06554158215679],[112.31672282631763,-7.0655403039392],[112.317175458723696,-7.065539025282442],[112.317628091045734,-7.06553774618652],[112.318080723283771,-7.065536466651432],[112.318533355437737,-7.065535186677183],[112.318985987507617,-7.065533906263766],[112.319438619493397,-7.065532625411187],[112.319891251395006,-7.065531344119446],[112.320343883212473,-7.06553006238854],[112.320796514945712,-7.065528780218472],[112.321249146594738,-7.065527497609243],[112.321701778159508,-7.065526214560853],[112.322154409639978,-7.065524931073299],[112.322607041036122,-7.065523647146587],[112.323059672347938,-7.065522362780714],[112.32351230357537,-7.065521077975681],[112.323964934718404,-7.065519792731488],[112.324417565776997,-7.065518507048134],[112.324870196751135,-7.065517220925623],[112.32532282764079,-7.065515934363955],[112.325775458445918,-7.065514647363127],[112.326228089166506,-7.065513359923142],[112.326680719802511,-7.065512072044],[112.327133350353904,-7.065510783725701],[112.327585980820672,-7.065509494968246],[112.328038611202786,-7.065508205771633],[112.328491241500188,-7.065506916135866],[112.32894387171288,-7.065505626060943],[112.329396501840833,-7.065504335546867],[112.329849131883989,-7.065503044593634],[112.33030176184235,-7.06550175320125],[112.330754391715871,-7.06550046136971],[112.331207021504511,-7.065499169099018],[112.331659651208284,-7.065497876389172],[112.332112280827118,-7.065496583240175],[112.332564910361015,-7.065495289652024],[112.333017539809916,-7.065493995624723],[112.333470169173822,-7.065492701158272],[112.333922798452676,-7.065491406252669],[112.334375427646478,-7.065490110907914],[112.334828056755171,-7.06548881512401],[112.335280685778741,-7.065487518900957],[112.33573331471716,-7.065486222238754],[112.336185943570399,-7.065484925137404],[112.336638572338416,-7.065483627596904],[112.337091201021209,-7.065482329617256],[112.337543829618738,-7.065481031198461],[112.337996458130945,-7.065479732340519],[112.338449086557844,-7.06547843304343],[112.338901714899379,-7.065477133307193],[112.339354343155534,-7.065475833131813],[112.339806971326283,-7.065474532517285],[112.340259599411581,-7.065473231463614],[112.340712227411416,-7.065471929970796],[112.341164855325744,-7.065470628038836],[112.341617483154536,-7.065469325667729],[112.342070110897794,-7.065468022857481],[112.342522738555445,-7.065466719608089],[112.34297536612749,-7.065465415919554],[112.343427993613886,-7.065464111791877],[112.34388062101462,-7.065462807225058],[112.344333248329647,-7.065461502219097],[112.344785875558941,-7.065460196773995],[112.345238502702472,-7.065458890889754],[112.34569112976024,-7.065457584566371],[112.346143756732161,-7.065456277803849],[112.346596383618248,-7.065454970602186],[112.347049010418459,-7.065453662961386],[112.347501637132765,-7.065452354881446],[112.347954263761153,-7.065451046362368],[112.348406890303565,-7.065449737404151],[112.348859516760001,-7.065448428006798],[112.349312143130405,-7.065447118170309],[112.349764769414762,-7.065445807894682],[112.350217395613058,-7.065444497179917],[112.350670021725236,-7.065443186026019],[112.351122647751282,-7.065441874432985],[112.351575273691154,-7.065440562400815],[112.352027899544851,-7.06543924992951],[112.35248052531233,-7.065437937019072],[112.352933150993536,-7.065436623669499],[112.353385776588496,-7.065435309880794],[112.353838402097125,-7.065433995652955],[112.354291027519423,-7.065432680985984],[112.354743652855362,-7.065431365879881],[112.355196278104899,-7.065430050334645],[112.355648903268019,-7.065428734350278],[112.356101528344681,-7.065427417926781],[112.356554153334883,-7.065426101064153],[112.357006778238556,-7.065424783762396],[112.357459403055699,-7.065423466021507],[112.35791202778627,-7.06542214784149],[112.358364652430254,-7.065420829222345],[112.358817276987608,-7.06541951016407],[112.359269901458305,-7.065418190666668],[112.359722525842329,-7.065416870730138],[112.360175150139639,-7.065415550354479],[112.36062777435022,-7.065414229539695],[112.361080398474016,-7.065412908285785],[112.361533022511011,-7.065411586592748],[112.361985646461193,-7.065410264460585],[112.362438270324517,-7.065408941889299],[112.362890894100957,-7.065407618878885],[112.363343517790483,-7.065406295429349],[112.363796141393067,-7.065404971540687],[112.36424876490868,-7.065403647212903],[112.364701388337295,-7.065402322445995],[112.365154011678882,-7.065400997239965],[112.365606634933414,-7.065399671594813],[112.366059258100847,-7.065398345510539],[112.366511881181182,-7.065397018987142],[112.366964504174376,-7.065395692024626],[112.367417127080387,-7.065394364622987],[112.367869749899199,-7.065393036782229],[112.368322372630786,-7.065391708502351],[112.368774995275103,-7.065390379783354],[112.369227617832138,-7.06538905062524],[112.369680240301861,-7.065387721028003],[112.370132862684244,-7.06538639099165],[112.370585484979244,-7.065385060516179],[112.371038107186834,-7.06538372960159],[112.371490729306998,-7.065382398247886],[112.371943351339709,-7.065381066455063],[112.372395973284924,-7.065379734223125],[112.372848595142628,-7.06537840155207],[112.373301216912765,-7.065377068441902],[112.373753838595348,-7.065375734892619],[112.374206460190322,-7.06537440090422],[112.374659081697658,-7.065373066476706],[112.375111703117327,-7.065371731610081],[112.375564324449314,-7.06537039630434],[112.376016945693564,-7.065369060559489],[112.376469566850076,-7.065367724375524],[112.376922187918808,-7.065366387752446],[112.377374808899745,-7.065365050690258],[112.377827429792831,-7.065363713188958],[112.37828005059805,-7.065362375248549],[112.37873267131539,-7.065361036869028]]]}},
{"type":"Feature","properties":{"Line":"S104","begin":1360.5,"end":2724.5},"geometry":{"type":"MultiLineString","coordinates":[[[112.188765041455753,-7.032195090088233],[112.188766191367762,-7.032647289701867],[112.188767341355586,-7.033099489306604],[112.188768491419196,-7.033551688902443],[112.188769641558608,-7.034003888489381],[112.188770791773806,-7.034456088067423],[112.188771942064804,-7.034908287636562],[112.188773092431603,-7.035360487196804],[112.188774242874203,-7.035812686748143],[112.188775393392575,-7.036264886290582],[112.188776543986762,-7.036717085824117],[112.18877769465675,-7.037169285348751],[112.188778845402538,-7.037621484864482],[112.188779996224113,-7.03807368437131],[112.188781147121503,-7.038525883869233],[112.188782298094679,-7.03897808335825],[112.188783449143656,-7.039430282838363],[112.188784600268434,-7.03988248230957],[112.188785751469013,-7.04033468177187],[112.188786902745406,-7.040786881225262],[112.188788054097586,-7.041239080669749],[112.188789205525566,-7.041691280105327],[112.188790357029347,-7.042143479531996],[112.188791508608929,-7.042595678949754],[112.188792660264326,-7.043047878358606],[112.188793811995509,-7.043500077758546],[112.188794963802508,-7.043952277149574],[112.188796115685307,-7.04440447653169],[112.188797267643906,-7.044856675904894],[112.188798419678307,-7.045308875269186],[112.188799571788536,-7.045761074624566],[112.188800723974538,-7.046213273971031],[112.188801876236369,-7.046665473308581],[112.188803028574,-7.047117672637217],[112.188804180987432,-7.047569871956938],[112.188805333476665,-7.048022071267743],[112.188806486041727,-7.04847427056963],[112.188807638682576,-7.0489264698626],[112.188808791399239,-7.049378669146655],[112.188809944191703,-7.049830868421791],[112.188811097059997,-7.050283067688007],[112.188812250004077,-7.050735266945304],[112.188813403023971,-7.05118746619368],[112.188814556119681,-7.051639665433137],[112.188815709291205,-7.052091864663672],[112.18881686253853,-7.052544063885287],[112.188818015861656,-7.052996263097976],[112.188819169260597,-7.053448462301747],[112.188820322735367,-7.053900661496591],[112.188821476285938,-7.054352860682512],[112.188822629912323,-7.05480505985951],[112.188823783614509,-7.055257259027583],[112.188824937392511,-7.05570945818673],[112.188826091246341,-7.056161657336951],[112.188827245175972,-7.056613856478243],[112.188828399181418,-7.05706605561061],[112.188829553262678,-7.05751825473405],[112.188830707419754,-7.057970453848561],[112.188831861652645,-7.058422652954141],[112.18883301596135,-7.058874852050794],[112.188834170345885,-7.059327051138515],[112.18883532480622,-7.059779250217308],[112.18883647934237,-7.060231449287168],[112.188837633954336,-7.060683648348097],[112.18883878864213,-7.061135847400094],[112.188839943405725,-7.061588046443158],[112.188841098245149,-7.062040245477287],[112.188842253160388,-7.062492444502483],[112.188843408151456,-7.062944643518746],[112.188844563218325,-7.063396842526072],[112.188845718361023,-7.063849041524464],[112.18884687357955,-7.064301240513918],[112.188848028873878,-7.064753439494436],[112.188849184244035,-7.065205638466018],[112.188850339690021,-7.06565783742866],[112.188851495211807,-7.066110036382364],[112.188852650809437,-7.06656223532713],[112.188853806482868,-7.067014434262956],[112.188854962232142,-7.067466633189841],[112.188856118057231,-7.067918832107787],[112.188857273958135,-7.068371031016791],[112.188858429934868,-7.068823229916852],[112.188859585987416,-7.069275428807972],[112.188860742115793,-7.069727627690149],[112.188861898319999,-7.070179826563382],[112.188863054600034,-7.070632025427672],[112.188864210955884,-7.071084224283016],[112.188865367387564,-7.071536423129416],[112.188866523895058,-7.071988621966869],[112.188867680478396,-7.072440820795378],[112.188868837137562,-7.072893019614936],[112.188869993872544,-7.07334521842555],[112.188871150683354,-7.073797417227217],[112.18887230756998,-7.074249616019931],[112.188873464532463,-7.0747018148037],[112.188874621570747,-7.075154013578519],[112.188875778684874,-7.075606212344385],[112.188876935874816,-7.076058411101302],[112.188878093140602,-7.076510609849269],[112.188879250482202,-7.076962808588282],[112.18888040789966,-7.077415007318344],[112.188881565392933,-7.077867206039452],[112.18888272296202,-7.078319404751605],[112.188883880606966,-7.078771603454807],[112.188885038327712,-7.079223802149052],[112.188886196124315,-7.079676000834343],[112.188887353996748,-7.080128199510677],[112.188888511945009,-7.080580398178056],[112.1888896699691,-7.081032596836477],[112.188890828069034,-7.081484795485942],[112.188891986244784,-7.081936994126446],[112.18889314449639,-7.082389192757994],[112.188894302823812,-7.082841391380582],[112.188895461227077,-7.083293589994209],[112.188896619706171,-7.083745788598876],[112.188897778261122,-7.084197987194585],[112.188898936891889,-7.08465018578133],[112.188900095598484,-7.085102384359113],[112.188901254380937,-7.085554582927936],[112.188902413239219,-7.086006781487792],[112.188903572173331,-7.086458980038687],[112.188904731183285,-7.086911178580617],[112.188905890269083,-7.087363377113582],[112.188907049430711,-7.087815575637581],[112.188908208668195,-7.088267774152615],[112.188909367981495,-7.088719972658684],[112.188910527370638,-7.089172171155784],[112.188911686835638,-7.089624369643915],[112.188912846376468,-7.09007656812308],[112.188914005993126,-7.090528766593277],[112.188915165685643,-7.090980965054504],[112.188916325453988,-7.09143316350676],[112.188917485298191,-7.091885361950046],[112.188918645218223,-7.092337560384361],[112.188919805214098,-7.092789758809705],[112.188920965285831,-7.093241957226078],[112.188922125433379,-7.093694155633474],[112.188923285656799,-7.094146354031903],[112.188924445956047,-7.094598552421354],[112.188925606331139,-7.095050750801832],[112.188926766782089,-7.095502949173333],[112.188927927308868,-7.095955147535861],[112.188929087911504,-7.096407345889411],[112.188930248589983,-7.096859544233988],[112.188931409344292,-7.097311742569587],[112.188932570174472,-7.097763940896204],[112.188933731080482,-7.098216139213847],[112.188934892062349,-7.098668337522509],[112.188936053120059,-7.099120535822194],[112.188937214253613,-7.099572734112896],[112.188938375463024,-7.10002493239462],[112.188939536748265,-7.100477130667362],[112.188940698109377,-7.100929328931122],[112.188941859546333,-7.1013815271859],[112.188943021059131,-7.101833725431695],[112.188944182647788,-7.102285923668508],[112.188945344312287,-7.102738121896336],[112.188946506052645,-7.103190320115179],[112.188947667868845,-7.103642518325039],[112.188948829760903,-7.104094716525911],[112.188949991728805,-7.104546914717799],[112.188951153772578,-7.104999112900701],[112.18895231589218,-7.105451311074612],[112.188953478087655,-7.105903509239538],[112.188954640358972,-7.106355707395475],[112.188955802706133,-7.106807905542424],[112.188956965129165,-7.107260103680383],[112.188958127628041,-7.107712301809351],[112.188959290202789,-7.108164499929329],[112.188960452853365,-7.108616698040316],[112.188961615579828,-7.109068896142312],[112.18896277838212,-7.109521094235315],[112.188963941260283,-7.109973292319324],[112.18896510421429,-7.110425490394341],[112.188966267244169,-7.110877688460364],[112.188967430349905,-7.111329886517391],[112.188968593531484,-7.111782084565426],[112.188969756788936,-7.112234282604462],[112.18897092012223,-7.112686480634504],[112.188972083531397,-7.113138678655548],[112.18897324701642,-7.113590876667595],[112.188974410577302,-7.114043074670645],[112.188975574214041,-7.114495272664697],[112.188976737926652,-7.114947470649748],[112.188977901715106,-7.115399668625799],[112.188979065579431,-7.115851866592853],[112.188980229519615,-7.116304064550904],[112.18898139353567,-7.116756262499954],[112.188982557627568,-7.117208460440004],[112.188983721795339,-7.117660658371048],[112.188984886038966,-7.118112856293092],[112.188986050358466,-7.118565054206131],[112.188987214753837,-7.119017252110168],[112.188988379225052,-7.119469450005197],[112.188989543772138,-7.119921647891224],[112.188990708395096,-7.120373845768243],[112.188991873093912,-7.120826043636258],[112.188993037868599,-7.121278241495264],[112.188994202719144,-7.121730439345264],[112.18899536764556,-7.122182637186255],[112.188996532647835,-7.122634835018239],[112.188997697725981,-7.123087032841213],[112.188998862879998,-7.123539230655178],[112.189000028109874,-7.12399142846013],[112.189001193415635,-7.124443626256074],[112.189002358797254,-7.124895824043006],[112.189003524254744,-7.125348021820925],[112.189004689788106,-7.125800219589833],[112.189005855397326,-7.126252417349728],[112.189007021082418,-7.126704615100608],[112.189008186843381,-7.127156812842474],[112.189009352680216,-7.127609010575328],[112.189010518592923,-7.128061208299163],[112.189011684581516,-7.128513406013985],[112.189012850645952,-7.12896560371979],[112.189014016786274,-7.129417801416578],[112.189015183002468,-7.129869999104349],[112.189016349294548,-7.1303221967831],[112.189017515662471,-7.130774394452834],[112.189018682106294,-7.131226592113547],[112.189019848625975,-7.131678789765242],[112.189021015221542,-7.132130987407916],[112.18902218189298,-7.132583185041569],[112.189023348640276,-7.133035382666201],[112.189024515463473,-7.13348758028181],[112.189025682362526,-7.133939777888399],[112.189026849337466,-7.134391975485963],[112.189028016388278,-7.134844173074502],[112.189029183514975,-7.13529637065402],[112.189030350717545,-7.135748568224511],[112.189031517995986,-7.136200765785978],[112.189032685350313,-7.136652963338419],[112.189033852780497,-7.137105160881831],[112.189035020286582,-7.137557358416219],[112.189036187868538,-7.138009555941577],[112.189037355526381,-7.13846175345791],[112.189038523260095,-7.138913950965209],[112.189039691069681,-7.139366148463484],[112.189040858955167,-7.139818345952728],[112.189042026916525,-7.14027054343294],[112.189043194953769,-7.140722740904121],[112.189044363066884,-7.141174938366271],[112.189045531255886,-7.141627135819389],[112.189046699520759,-7.142079333263476],[112.189047867861532,-7.142531530698529],[112.189049036278178,-7.142983728124547],[112.189050204770723,-7.143435925541531],[112.189051373339126,-7.14388812294948],[112.189052541983443,-7.144340320348395],[112.189053710703618,-7.144792517738272],[112.189054879499679,-7.145244715119114],[112.18905604837164,-7.145696912490918],[112.189057217319487,-7.146149109853685],[112.189058386343206,-7.146601307207411],[112.189059555442824,-7.147053504552101],[112.189060724618315,-7.147505701887752],[112.189061893869692,-7.147957899214362],[112.189063063196983,-7.148410096531931],[112.189064232600131,-7.148862293840461],[112.18906540207918,-7.149314491139948],[112.189066571634129,-7.149766688430393],[112.189067741264935,-7.150218885711794],[112.189068910971656,-7.150671082984152],[112.189070080754263,-7.151123280247467],[112.189071250612756,-7.151575477501738],[112.189072420547134,-7.152027674746964],[112.189073590557427,-7.152479871983143],[112.189074760643578,-7.152932069210277],[112.189075930805643,-7.153384266428366],[112.18907710104358,-7.153836463637405],[112.189078271357431,-7.154288660837397],[112.189079441747168,-7.154740858028342],[112.189080612212791,-7.155193055210236],[112.189081782754315,-7.155645252383083],[112.189082953371724,-7.156097449546879],[112.189084124065019,-7.156549646701622],[112.189085294834229,-7.157001843847317],[112.189086465679324,-7.15745404098396],[112.18908763660032,-7.15790623811155],[112.189088807597216,-7.158358435230086],[112.189089978669983,-7.15881063233957],[112.189091149818665,-7.159262829439998],[112.189092321043233,-7.159715026531376],[112.189093492343702,-7.160167223613696],[112.18909466372007,-7.16061942068696],[112.189095835172338,-7.161071617751168],[112.189097006700507,-7.16152381480632],[112.189098178304576,-7.161976011852413],[112.189099349984531,-7.16242820888945],[112.189100521740386,-7.162880405917429],[112.189101693572155,-7.163332602936348],[112.189102865479811,-7.163784799946209],[112.189104037463366,-7.164236996947006],[112.189105209522822,-7.164689193938745],[112.189106381658192,-7.165141390921423],[112.189107553869448,-7.16559358789504],[112.189108726156618,-7.166045784859593],[112.189109898519675,-7.166497981815082],[112.189111070958646,-7.16695017876151],[112.189112243473517,-7.167402375698871],[112.189113416064302,-7.167854572627171],[112.189114588730959,-7.168306769546402],[112.189115761473545,-7.168758966456571],[112.189116934292031,-7.169211163357673],[112.189118107186431,-7.169663360249708],[112.189119280156717,-7.170115557132674],[112.189120453202918,-7.170567754006574],[112.189121626325019,-7.171019950871404],[112.189122799523034,-7.171472147727163],[112.189123972796949,-7.171924344573857],[112.189125146146779,-7.172376541411479],[112.189126319572509,-7.172828738240029],[112.189127493074139,-7.173280935059508],[112.189128666651698,-7.173733131869918],[112.189129840305156,-7.174185328671252],[112.189131014034515,-7.174637525463514],[112.189132187839789,-7.175089722246703],[112.189133361720977,-7.175541919020817],[112.18913453567805,-7.175994115785857],[112.189135709711067,-7.176446312541822],[112.189136883819984,-7.176898509288711],[112.189138058004801,-7.177350706026524],[112.189139232265532,-7.177802902755261],[112.189140406602178,-7.178255099474917],[112.189141581014738,-7.178707296185498],[112.189142755503212,-7.179159492886998],[112.189143930067601,-7.179611689579421],[112.18914510470789,-7.180063886262764],[112.189146279424094,-7.180516082937025],[112.189147454216211,-7.180968279602207],[112.189148629084258,-7.181420476258308],[112.189149804028204,-7.181872672905324],[112.18915097904808,-7.18232486954326],[112.189152154143869,-7.182777066172114],[112.189153329315545,-7.183229262791883],[112.189154504563163,-7.183681459402568],[112.189155679886696,-7.184133656004166],[112.189156855286143,-7.184585852596681],[112.189158030761504,-7.18503804918011],[112.18915920631278,-7.185490245754454],[112.189160381939999,-7.185942442319706],[112.189161557643104,-7.186394638875875]]]}},
{"type":"Feature","properties":{"Line":"S142","begin":1360.5,"end":2276.5},"geometry":{"type":"MultiLineString","coordinates":[[[112.360787406525731,-7.04257904542627],[112.360788724772206,-7.043031214431435],[112.360790043105425,-7.043483383427632],[112.360791361525429,-7.043935552414863],[112.360792680032176,-7.044387721393123],[112.360793998625695,-7.044839890362415],[112.360795317305985,-7.045292059322739],[112.360796636073033,-7.045744228274089],[112.360797954926852,-7.046196397216471],[112.360799273867443,-7.046648566149881],[112.360800592894776,-7.047100735074318],[112.360801912008881,-7.047552903989786],[112.360803231209758,-7.048005072896277],[112.360804550497406,-7.048457241793797],[112.360805869871811,-7.048909410682343],[112.360807189333002,-7.049361579561913],[112.360808508880964,-7.049813748432508],[112.36080982851567,-7.050265917294128],[112.360811148237161,-7.050718086146771],[112.36081246804541,-7.051170254990438],[112.360813787940444,-7.051622423825126],[112.360815107922235,-7.052074592650837],[112.360816427990798,-7.052526761467568],[112.360817748146133,-7.052978930275322],[112.360819068388253,-7.053431099074095],[112.36082038871713,-7.053883267863887],[112.360821709132779,-7.054335436644698],[112.360823029635213,-7.05478760541653],[112.360824350224405,-7.055239774179379],[112.360825670900397,-7.055691942933245],[112.360826991663146,-7.056144111678128],[112.360828312512652,-7.056596280414026],[112.360829633448958,-7.057048449140942],[112.360830954472021,-7.057500617858873],[112.36083227558187,-7.057952786567816],[112.360833596778505,-7.058404955267775],[112.360834918061897,-7.058857123958745],[112.360836239432075,-7.059309292640731],[112.360837560889024,-7.059761461313729],[112.360838882432759,-7.060213629977737],[112.360840204063265,-7.060665798632757],[112.360841525780558,-7.061117967278789],[112.360842847584621,-7.061570135915828],[112.36084416947547,-7.062022304543879],[112.360845491453091,-7.06247447316294],[112.360846813517497,-7.062926641773006],[112.360848135668689,-7.063378810374084],[112.360849457906667,-7.063830978966166],[112.360850780231402,-7.064283147549255],[112.360852102642937,-7.064735316123352],[112.360853425141258,-7.065187484688454],[112.360854747726364,-7.065639653244558],[112.360856070398242,-7.06609182179167],[112.360857393156905,-7.066543990329785],[112.360858716002355,-7.066996158858903],[112.360860038934575,-7.067448327379024],[112.360861361953596,-7.067900495890147],[112.360862685059402,-7.06835266439227],[112.360864008251994,-7.068804832885397],[112.360865331531357,-7.069257001369524],[112.360866654897521,-7.069709169844648],[112.36086797835047,-7.070161338310774],[112.360869301890204,-7.070613506767898],[112.360870625516725,-7.07106567521602],[112.360871949230031,-7.07151784365514],[112.360873273030137,-7.071970012085257],[112.360874596917014,-7.072422180506369],[112.360875920890692,-7.072874348918481],[112.360877244951155,-7.073326517321585],[112.360878569098418,-7.073778685715685],[112.360879893332466,-7.074230854100779],[112.360881217653301,-7.074683022476867],[112.360882542060935,-7.075135190843947],[112.360883866555355,-7.075587359202021],[112.360885191136575,-7.076039527551086],[112.360886515804566,-7.076491695891143],[112.360887840559371,-7.076943864222192],[112.360889165400962,-7.077396032544229],[112.360890490329353,-7.077848200857257],[112.360891815344544,-7.078300369161274],[112.360893140446521,-7.078752537456281],[112.360894465635283,-7.079204705742275],[112.360895790910845,-7.079656874019256],[112.360897116273208,-7.080109042287223],[112.360898441722384,-7.080561210546177],[112.360899767258317,-7.081013378796118],[112.360901092881079,-7.081465547037045],[112.360902418590626,-7.081917715268955],[112.360903744386988,-7.082369883491848],[112.360905070270135,-7.082822051705728],[112.360906396240068,-7.083274219910588],[112.36090772229683,-7.083726388106432],[112.360909048440362,-7.084178556293256],[112.360910374670709,-7.084630724471062],[112.360911700987856,-7.08508289263985],[112.360913027391803,-7.085535060799617],[112.360914353882549,-7.085987228950364],[112.360915680460096,-7.086439397092089],[112.360917007124456,-7.086891565224795],[112.360918333875617,-7.087343733348477],[112.360919660713563,-7.087795901463136],[112.360920987638323,-7.088248069568773],[112.360922314649898,-7.088700237665385],[112.360923641748258,-7.089152405752974],[112.360924968933432,-7.089604573831537],[112.36092629620542,-7.090056741901074],[112.360927623564208,-7.090508909961587],[112.360928951009797,-7.090961078013073],[112.360930278542185,-7.091413246055529],[112.360931606161401,-7.091865414088959],[112.360932933867403,-7.092317582113362],[112.360934261660219,-7.092769750128736],[112.360935589539849,-7.093221918135078],[112.36093691750628,-7.093674086132393],[112.360938245559524,-7.094126254120675],[112.360939573699582,-7.094578422099927],[112.36094090192644,-7.095030590070148],[112.360942230240113,-7.095482758031335],[112.360943558640599,-7.09593492598349],[112.3609448871279,-7.096387093926612],[112.360946215702015,-7.096839261860699],[112.360947544362929,-7.097291429785752],[112.360948873110644,-7.09774359770177],[112.360950201945201,-7.098195765608754],[112.360951530866544,-7.098647933506701],[112.360952859874715,-7.09910010139561],[112.3609541889697,-7.099552269275481],[112.360955518151499,-7.100004437146316],[112.360956847420113,-7.100456605008113],[112.36095817677554,-7.100908772860868],[112.360959506217782,-7.101360940704586],[112.360960835746837,-7.101813108539263],[112.360962165362722,-7.102265276364898],[112.360963495065405,-7.102717444181494],[112.360964824854918,-7.103169611989047],[112.36096615473123,-7.103621779787557],[112.360967484694385,-7.104073947577024],[112.360968814744353,-7.10452611535745],[112.360970144881136,-7.104978283128829],[112.360971475104733,-7.105430450891164],[112.360972805415159,-7.105882618644455],[112.360974135812398,-7.106334786388699],[112.360975466296466,-7.106786954123896],[112.360976796867334,-7.107239121850047],[112.360978127525044,-7.107691289567151],[112.360979458269568,-7.108143457275207],[112.360980789100907,-7.108595624974214],[112.360982120019088,-7.109047792664169],[112.360983451024083,-7.109499960345079],[112.360984782115892,-7.109952128016936],[112.360986113294544,-7.110404295679744],[112.360987444559996,-7.110856463333497],[112.36098877591229,-7.111308630978201],[112.360990107351412,-7.11176079861385],[112.360991438877349,-7.112212966240449],[112.360992770490114,-7.112665133857991],[112.360994102189707,-7.113117301466482],[112.360995433976129,-7.113569469065915],[112.360996765849379,-7.114021636656295],[112.360998097809443,-7.114473804237618],[112.360999429856349,-7.114925971809885],[112.361000761990084,-7.115378139373093],[112.361002094210633,-7.115830306927244],[112.361003426518039,-7.116282474472339],[112.361004758912244,-7.116734642008375],[112.361006091393293,-7.117186809535349],[112.361007423961183,-7.117638977053265],[112.361008756615888,-7.11809114456212],[112.361010089357421,-7.118543312061914],[112.361011422185811,-7.118995479552645],[112.361012755101015,-7.119447647034314],[112.361014088103047,-7.119899814506924],[112.361015421191908,-7.120351981970467],[112.361016754367625,-7.120804149424946],[112.361018087630157,-7.121256316870363],[112.361019420979531,-7.121708484306714],[112.361020754415748,-7.122160651733998],[112.361022087938792,-7.122612819152219],[112.361023421548666,-7.123064986561371],[112.361024755245381,-7.123517153961455],[112.36102608902894,-7.123969321352473],[112.361027422899326,-7.124421488734422],[112.361028756856555,-7.124873656107301],[112.361030090900613,-7.125325823471112],[112.361031425031499,-7.125777990825853],[112.361032759249241,-7.126230158171523],[112.361034093553826,-7.12668232550812],[112.361035427945239,-7.127134492835646],[112.361036762423495,-7.1275866601541],[112.361038096988608,-7.128038827463482],[112.361039431640535,-7.128490994763791],[112.361040766379318,-7.128943162055025],[112.361042101204944,-7.129395329337184],[112.361043436117399,-7.129847496610268],[112.36104477111671,-7.130299663874276],[112.361046106202849,-7.130751831129207],[112.361047441375845,-7.131203998375065],[112.36104877663567,-7.131656165611841],[112.361050111982337,-7.13210833283954],[112.361051447415875,-7.132560500058162],[112.361052782936241,-7.133012667267705],[112.36105411854345,-7.133464834468168],[112.361055454237516,-7.13391700165955],[112.361056790018409,-7.134369168841851],[112.36105812588616,-7.134821336015071],[112.361059461840753,-7.13527350317921],[112.361060797882203,-7.135725670334266],[112.361062134010496,-7.136177837480238],[112.361063470225631,-7.136630004617127],[112.361064806527622,-7.137082171744932],[112.361066142916457,-7.137534338863652],[112.361067479392148,-7.137986505973286],[112.361068815954681,-7.138438673073835],[112.361070152604071,-7.138890840165297],[112.361071489340304,-7.139343007247673],[112.361072826163408,-7.139795174320961],[112.36107416307334,-7.14024734138516],[112.361075500070129,-7.14069950844027],[112.361076837153774,-7.141151675486292],[112.361078174324263,-7.141603842523225],[112.361079511581622,-7.142056009551066],[112.361080848925823,-7.142508176569815],[112.361082186356882,-7.142960343579476],[112.361083523874782,-7.143412510580043],[112.361084861479554,-7.143864677571517],[112.361086199171183,-7.144316844553896],[112.361087536949654,-7.144769011527185],[112.361088874814982,-7.145221178491377],[112.361090212767181,-7.145673345446475],[112.361091550806236,-7.146125512392477]]]}},
{"type":"Feature","properties":{"Line":"S110","begin":1360.5,"end":3616.5},"geometry":{"type":"MultiLineString","coordinates":[[[112.215915189030596,-7.029412204495174],[112.215916364731498,-7.02986439963572],[112.215917540509906,-7.030316594767362],[112.215918716365849,-7.030768789890103],[112.215919892299311,-7.03122098500394],[112.215921068310294,-7.031673180108873],[112.215922244398797,-7.032125375204902],[112.21592342056482,-7.032577570292025],[112.215924596808378,-7.033029765370241],[112.21592577312947,-7.033481960439551],[112.215926949528082,-7.033934155499955],[112.215928126004215,-7.034386350551451],[112.215929302557868,-7.034838545594038],[112.215930479189069,-7.035290740627717],[112.215931655897776,-7.035742935652486],[112.215932832684018,-7.036195130668347],[112.215934009547794,-7.036647325675295],[112.215935186489105,-7.037099520673334],[112.215936363507922,-7.037551715662462],[112.215937540604287,-7.038003910642677],[112.215938717778158,-7.03845610561398],[112.215939895029592,-7.038908300576369],[112.215941072358532,-7.039360495529843],[112.215942249765007,-7.039812690474406],[112.215943427249016,-7.040264885410052],[112.215944604810559,-7.040717080336782],[112.215945782449637,-7.041169275254598],[112.215946960166235,-7.041621470163497],[112.215948137960382,-7.042073665063477],[112.215949315832034,-7.042525859954541],[112.215950493781236,-7.042978054836687],[112.215951671807986,-7.043430249709914],[112.215952849912256,-7.04388244457422],[112.21595402809406,-7.044334639429611],[112.215955206353385,-7.044786834276074],[112.215956384690259,-7.045239029113621],[112.215957563104666,-7.045691223942246],[112.215958741596623,-7.046143418761948],[112.2159599201661,-7.046595613572726],[112.215961098813111,-7.047047808374583],[112.21596227753767,-7.047500003167515],[112.215963456339765,-7.047952197951523],[112.215964635219393,-7.048404392726606],[112.215965814176556,-7.048856587492764],[112.215966993211254,-7.049308782249996],[112.215968172323514,-7.049760976998299],[112.215969351513294,-7.050213171737677],[112.215970530780623,-7.050665366468128],[112.215971710125473,-7.05111756118965],[112.215972889547885,-7.051569755902241],[112.215974069047817,-7.052021950605905],[112.215975248625298,-7.052474145300637],[112.215976428280328,-7.052926339986439],[112.215977608012892,-7.05337853466331],[112.215978787823005,-7.05383072933125],[112.215979967710666,-7.054282923990257],[112.215981147675848,-7.054735118640332],[112.215982327718592,-7.055187313281475],[112.215983507838871,-7.055639507913681],[112.215984688036698,-7.056091702536953],[112.215985868312075,-7.05654389715129],[112.215987048664985,-7.056996091756692],[112.21598822909543,-7.057448286353158],[112.215989409603438,-7.057900480940688],[112.215990590188994,-7.058352675519278],[112.215991770852085,-7.058804870088933],[112.215992951592739,-7.059257064649648],[112.215994132410927,-7.059709259201424],[112.215995313306649,-7.060161453744261],[112.215996494279935,-7.060613648278157],[112.215997675330783,-7.061065842803113],[112.215998856459166,-7.061518037319129],[112.216000037665083,-7.061970231826201],[112.216001218948563,-7.062422426324331],[112.216002400309591,-7.062874620813519],[112.216003581748168,-7.063326815293762],[112.216004763264294,-7.063779009765063],[112.216005944857969,-7.064231204227419],[112.216007126529206,-7.064683398680829],[112.216008308277978,-7.065135593125293],[112.216009490104312,-7.065587787560813],[112.21601067200821,-7.066039981987383],[112.216011853989642,-7.066492176405006],[112.216013036048622,-7.066944370813683],[112.216014218185165,-7.067396565213411],[112.216015400399257,-7.067848759604187],[112.216016582690912,-7.068300953986016],[112.216017765060116,-7.068753148358894],[112.216018947506882,-7.069205342722822],[112.216020130031197,-7.069657537077799],[112.21602131263306,-7.070109731423822],[112.216022495312487,-7.070561925760894],[112.216023678069462,-7.071014120089013],[112.216024860904,-7.071466314408179],[112.2160260438161,-7.071918508718389],[112.21602722680575,-7.072370703019645],[112.216028409872948,-7.072822897311946],[112.216029593017737,-7.073275091595292],[112.216030776240046,-7.073727285869682],[112.216031959539933,-7.074179480135112],[112.216033142917382,-7.074631674391588],[112.21603432637238,-7.075083868639102],[112.216035509904955,-7.07553606287766],[112.216036693515065,-7.075988257107258],[112.216037877202751,-7.076440451327897],[112.216039060967987,-7.076892645539575],[112.216040244810799,-7.077344839742291],[112.21604142873116,-7.077797033936047],[112.216042612729098,-7.07824922812084],[112.216043796804584,-7.078701422296673],[112.216044980957633,-7.079153616463542],[112.21604616518826,-7.079605810621445],[112.216047349496449,-7.080058004770385],[112.216048533882187,-7.08051019891036],[112.216049718345488,-7.08096239304137],[112.216050902886366,-7.081414587163414],[112.216052087504806,-7.081866781276491],[112.21605327220081,-7.082318975380601],[112.216054456974376,-7.082771169475744],[112.21605564182552,-7.083223363561918],[112.216056826754212,-7.083675557639123],[112.216058011760481,-7.084127751707359],[112.216059196844313,-7.084579945766627],[112.216060382005736,-7.085032139816922],[112.216061567244708,-7.085484333858249],[112.216062752561243,-7.085936527890602],[112.216063937955354,-7.086388721913983],[112.216065123427029,-7.086840915928391],[112.216066308976281,-7.087293109933827],[112.216067494603095,-7.087745303930288],[112.216068680307487,-7.088197497917775],[112.216069866089441,-7.088649691896287],[112.216071051948973,-7.089101885865825],[112.216072237886067,-7.089554079826385],[112.216073423900738,-7.09000627377797],[112.216074609992987,-7.090458467720575],[112.216075796162798,-7.090910661654206],[112.2160769824102,-7.091362855578857],[112.216078168735166,-7.091815049494528],[112.216079355137694,-7.092267243401221],[112.216080541617799,-7.092719437298933],[112.216081728175496,-7.093171631187664],[112.216082914810755,-7.093623825067415],[112.216084101523592,-7.094076018938186],[112.216085288313991,-7.094528212799974],[112.216086475181982,-7.094980406652776],[112.216087662127549,-7.095432600496597],[112.21608884915068,-7.095884794331433],[112.216090036251387,-7.096336988157286],[112.216091223429686,-7.096789181974155],[112.216092410685562,-7.097241375782035],[112.216093598019015,-7.097693569580932],[112.21609478543003,-7.09814576337084],[112.216095972918637,-7.098597957151761],[112.216097160484821,-7.099050150923696],[112.216098348128583,-7.099502344686642],[112.216099535849935,-7.099954538440597],[112.21610072364885,-7.100406732185566],[112.216101911525357,-7.100858925921542],[112.21610309947944,-7.101311119648527],[112.216104287511101,-7.101763313366523],[112.216105475620367,-7.102215507075525],[112.216106663807196,-7.102667700775537],[112.216107852071616,-7.103119894466555],[112.216109040413599,-7.10357208814858],[112.216110228833173,-7.104024281821609],[112.216111417330339,-7.104476475485646],[112.216112605905096,-7.104928669140687],[112.216113794557415,-7.105380862786729],[112.216114983287341,-7.10583305642378],[112.216116172094843,-7.106285250051832],[112.216117360979922,-7.106737443670886],[112.216118549942593,-7.107189637280943],[112.216119738982869,-7.107641830882001],[112.216120928100707,-7.10809402447406],[112.216122117296138,-7.108546218057119],[112.216123306569159,-7.10899841163118],[112.216124495919772,-7.109450605196236],[112.216125685347961,-7.109902798752294],[112.216126874853742,-7.11035499229935],[112.216128064437115,-7.110807185837402],[112.216129254098078,-7.111259379366452],[112.216130443836633,-7.111711572886498],[112.216131633652779,-7.11216376639754],[112.216132823546502,-7.112615959899578],[112.216134013517831,-7.113068153392609],[112.216135203566736,-7.113520346876636],[112.216136393693247,-7.113972540351656],[112.21613758389735,-7.114424733817668],[112.216138774179029,-7.114876927274675],[112.216139964538314,-7.115329120722671],[112.21614115497519,-7.11578131416166],[112.216142345489658,-7.116233507591641],[112.216143536081717,-7.11668570101261],[112.216144726751381,-7.11713789442457],[112.216145917498622,-7.117590087827518],[112.216147108323469,-7.118042281221455],[112.216148299225893,-7.118494474606381],[112.216149490205936,-7.118946667982295],[112.216150681263571,-7.119398861349195],[112.216151872398797,-7.11985105470708],[112.216153063611628,-7.120303248055951],[112.216154254902037,-7.12075544139581],[112.216155446270065,-7.12120763472665],[112.21615663771567,-7.121659828048476],[112.216157829238895,-7.122112021361287],[112.216159020839697,-7.122564214665078],[112.216160212518119,-7.123016407959852],[112.216161404274132,-7.12346860124561],[112.21616259610775,-7.123920794522347],[112.21616378801896,-7.124372987790067],[112.216164980007761,-7.124825181048766],[112.216166172074182,-7.125277374298443],[112.216167364218194,-7.125729567539101],[112.216168556439797,-7.126181760770737],[112.21616974873902,-7.12663395399335],[112.216170941115834,-7.12708614720694],[112.216172133570268,-7.127538340411509],[112.216173326102279,-7.127990533607053],[112.21617451871191,-7.128442726793573],[112.216175711399146,-7.128894919971069],[112.216176904163987,-7.129347113139538],[112.21617809700642,-7.129799306298982],[112.216179289926458,-7.1302514994494],[112.216180482924116,-7.130703692590788],[112.216181675999366,-7.131155885723151],[112.216182869152235,-7.131608078846484],[112.216184062382709,-7.132060271960789],[112.216185255690775,-7.132512465066065],[112.21618644907646,-7.13296465816231],[112.216187642539751,-7.133416851249526],[112.216188836080647,-7.133869044327711],[112.216190029699163,-7.134321237396863],[112.216191223395271,-7.134773430456982],[112.216192417168998,-7.135225623508071],[112.21619361102033,-7.135677816550125],[112.216194804949268,-7.136130009583145],[112.216195998955826,-7.136582202607132],[112.216197193039974,-7.137034395622083],[112.216198387201757,-7.137486588627996],[112.216199581441145,-7.137938781624877],[112.216200775758139,-7.13839097461272],[112.216201970152738,-7.138843167591524],[112.216203164624972,-7.139295360561293],[112.21620435917481,-7.139747553522023],[112.216205553802254,-7.140199746473712],[112.216206748507318,-7.140651939416363],[112.216207943289987,-7.141104132349974],[112.216209138150276,-7.141556325274544],[112.216210333088171,-7.142008518190074],[112.216211528103699,-7.142460711096562],[112.216212723196833,-7.142912903994006],[112.216213918367572,-7.143365096882407],[112.216215113615945,-7.143817289761769],[112.216216308941924,-7.144269482632082],[112.216217504345522,-7.144721675493352],[112.21621869982674,-7.145173868345578],[112.216219895385578,-7.145626061188757],[112.216221091022021,-7.14607825402289],[112.216222286736098,-7.146530446847977],[112.216223482527781,-7.146982639664016],[112.216224678397097,-7.147434832471009],[112.216225874344019,-7.147887025268952],[112.216227070368575,-7.148339218057845],[112.216228266470736,-7.148791410837689],[112.216229462650517,-7.149243603608484],[112.216230658907932,-7.149695796370226],[112.216231855242967,-7.150147989122919],[112.216233051655607,-7.15060018186656],[112.216234248145895,-7.151052374601147],[112.216235444713789,-7.151504567326683],[112.216236641359302,-7.151956760043165],[112.216237838082449,-7.152408952750591],[112.216239034883216,-7.152861145448965],[112.216240231761603,-7.153313338138282],[112.216241428717623,-7.153765530818545],[112.216242625751264,-7.15421772348975],[112.216243822862538,-7.154669916151899],[112.216245020051417,-7.15512210880499],[112.216246217317931,-7.155574301449023],[112.216247414662078,-7.156026494083998],[112.216248612083845,-7.156478686709912],[112.216249809583246,-7.156930879326771],[112.216251007160253,-7.157383071934565],[112.216252204814921,-7.157835264533301],[112.216253402547196,-7.158287457122974],[112.216254600357104,-7.158739649703587],[112.216255798244646,-7.159191842275134],[112.216256996209793,-7.159644034837622],[112.216258194252603,-7.160096227391045],[112.216259392373018,-7.160548419935401],[112.216260590571082,-7.161000612470696],[112.216261788846765,-7.161452804996924],[112.216262987200082,-7.161904997514087],[112.216264185631033,-7.162357190022181],[112.216265384139618,-7.162809382521212],[112.216266582725822,-7.163261575011175],[112.216267781389675,-7.163713767492066],[112.216268980131147,-7.164165959963892],[112.216270178950253,-7.164618152426647],[112.216271377846994,-7.165070344880334],[112.216272576821382,-7.165522537324949],[112.216273775873404,-7.165974729760495],[112.216274975003046,-7.166426922186967],[112.216276174210336,-7.166879114604368],[112.216277373495245,-7.167331307012696],[112.216278572857817,-7.167783499411951],[112.216279772297995,-7.168235691802134],[112.21628097181582,-7.168687884183242],[112.216282171411294,-7.169140076555274],[112.216283371084401,-7.169592268918231],[112.216284570835143,-7.170044461272111],[112.216285770663518,-7.170496653616917],[112.216286970569541,-7.170948845952646],[112.216288170553199,-7.171401038279296],[112.216289370614504,-7.171853230596867],[112.216290570753429,-7.172305422905359],[112.216291770970017,-7.172757615204772],[112.216292971264224,-7.173209807495106],[112.216294171636079,-7.173661999776362],[112.216295372085582,-7.174114192048533],[112.216296572612734,-7.174566384311625],[112.216297773217519,-7.175018576565635],[112.216298973899939,-7.17547076881056],[112.216300174660006,-7.175922961046403],[112.216301375497721,-7.176375153273161],[112.216302576413071,-7.176827345490837],[112.216303777406083,-7.177279537699428],[112.216304978476714,-7.177731729898932],[112.216306179625008,-7.17818392208935],[112.216307380850935,-7.178636114270684],[112.216308582154511,-7.179088306442927],[112.216309783535749,-7.179540498606083],[112.216310984994607,-7.179992690760153],[112.216312186531127,-7.180444882905133],[112.216313388145295,-7.180897075041022],[112.216314589837111,-7.181349267167823],[112.216315791606561,-7.181801459285531],[112.21631699345366,-7.18225365139415],[112.21631819537842,-7.182705843493678],[112.216319397380829,-7.183158035584111],[112.216320599460872,-7.183610227665456],[112.216321801618577,-7.184062419737704],[112.21632300385393,-7.184514611800857],[112.216324206166931,-7.184966803854918],[112.216325408557594,-7.185418995899885],[112.216326611025892,-7.185871187935752],[112.216327813571851,-7.186323379962528],[112.216329016195459,-7.186775571980204],[112.216330218896729,-7.187227763988784],[112.216331421675633,-7.187679955988266],[112.216332624532214,-7.188132147978648],[112.216333827466428,-7.188584339959934],[112.216335030478291,-7.189036531932119],[112.216336233567816,-7.189488723895204],[112.216337436735003,-7.189940915849188],[112.216338639979838,-7.190393107794071],[112.216339843302322,-7.190845299729855],[112.216341046702482,-7.191297491656532],[112.21634225018029,-7.191749683574108],[112.216343453735746,-7.192201875482581],[112.216344657368865,-7.192654067381949],[112.216345861079631,-7.193106259272214],[112.21634706486806,-7.193558451153373],[112.216348268734151,-7.194010643025424],[112.216349472677905,-7.194462834888374],[112.216350676699307,-7.194915026742216],[112.216351880798371,-7.195367218586948],[112.216353084975097,-7.195819410422573],[112.216354289229486,-7.196271602249091],[112.216355493561522,-7.196723794066495],[112.216356697971221,-7.197175985874796],[112.216357902458583,-7.197628177673984],[112.216359107023607,-7.198080369464058],[112.216360311666307,-7.198532561245024],[112.216361516386655,-7.19898475301688],[112.216362721184666,-7.199436944779622],[112.216363926060339,-7.199889136533249],[112.216365131013674,-7.200341328277767],[112.216366336044686,-7.200793520013164],[112.216367541153346,-7.201245711739451],[112.216368746339668,-7.201697903456623],[112.216369951603667,-7.202150095164678],[112.216371156945328,-7.202602286863617],[112.216372362364652,-7.20305447855344],[112.216373567861638,-7.203506670234146],[112.2163747734363,-7.203958861905732],[112.216375979088625,-7.204411053568199],[112.216377184818612,-7.204863245221548],[112.216378390626275,-7.205315436865778],[112.216379596511587,-7.205767628500887],[112.216380802474603,-7.206219820126875],[112.216382008515254,-7.20667201174374],[112.216383214633595,-7.207124203351488],[112.216384420829584,-7.207576394950109],[112.216385627103264,-7.208028586539609],[112.216386833454592,-7.208480778119983],[112.216388039883611,-7.208932969691235],[112.216389246390278,-7.209385161253362],[112.216390452974636,-7.209837352806364],[112.216391659636656,-7.210289544350239],[112.216392866376353,-7.210741735884988],[112.216394073193712,-7.211193927410612],[112.216395280088747,-7.211646118927105],[112.216396487061473,-7.212098310434473],[112.216397694111862,-7.212550501932711],[112.216398901239913,-7.21300269342182],[112.216400108445654,-7.213454884901799],[112.216401315729058,-7.213907076372647],[112.216402523090139,-7.214359267834364],[112.216403730528896,-7.214811459286949],[112.216404938045343,-7.215263650730405],[112.216406145639453,-7.215715842164728],[112.21640735331124,-7.216168033589913],[112.216408561060703,-7.216620225005967],[112.216409768887843,-7.217072416412888],[112.216410976792645,-7.217524607810675],[112.216412184775152,-7.217976799199325],[112.216413392835321,-7.21842899057884],[112.216414600973167,-7.218881181949218],[112.216415809188703,-7.21933337331046],[112.216417017481916,-7.21978556466256],[112.21641822585282,-7.220237756005523],[112.216419434301386,-7.220689947339349],[112.216420642827643,-7.221142138664039],[112.216421851431562,-7.221594329979584],[112.216423060113172,-7.222046521285991],[112.216424268872473,-7.222498712583255],[112.21642547770945,-7.222950903871378],[112.216426686624118,-7.223403095150361],[112.216427895616462,-7.223855286420201],[112.216429104686483,-7.224307477680894],[112.216430313834195,-7.22475966893245],[112.216431523059583,-7.225211860174857],[112.216432732362662,-7.225664051408117],[112.216433941743418,-7.226116242632237],[112.216435151201878,-7.226568433847205],[112.216436360738015,-7.22702062505303],[112.216437570351829,-7.227472816249709],[112.216438780043333,-7.227925007437236],[112.216439989812528,-7.228377198615616],[112.216441199659414,-7.228829389784853],[112.216442409583976,-7.229281580944935],[112.216443619586229,-7.229733772095866],[112.216444829666159,-7.230185963237652],[112.216446039823794,-7.23063815437028],[112.216447250059119,-7.231090345493761],[112.216448460372121,-7.231542536608088],[112.216449670762827,-7.231994727713263],[112.216450881231225,-7.232446918809281],[112.216452091777299,-7.232899109896151],[112.216453302401064,-7.233351300973863],[112.216454513102533,-7.233803492042421],[112.21645572388168,-7.234255683101825],[112.216456934738517,-7.234707874152072],[112.216458145673059,-7.23516006519316],[112.216459356685291,-7.235612256225093],[112.216460567775215,-7.236064447247867],[112.216461778942829,-7.236516638261482],[112.216462990188148,-7.23696882926594],[112.216464201511144,-7.237421020261237],[112.216465412911845,-7.237873211247376],[112.216466624390236,-7.238325402224352],[112.216467835946318,-7.238777593192169],[112.216469047580105,-7.239229784150821],[112.216470259291597,-7.239681975100313],[112.216471471080766,-7.240134166040643],[112.216472682947639,-7.240586356971806],[112.216473894892218,-7.24103854789381],[112.216475106914487,-7.241490738806646],[112.216476319014461,-7.241942929710318],[112.216477531192112,-7.242395120604823],[112.216478743447482,-7.242847311490165],[112.216479955780542,-7.243299502366338],[112.216481168191308,-7.243751693233341],[112.216482380679778,-7.244203884091179],[112.216483593245925,-7.244656074939848],[112.216484805889806,-7.245108265779349],[112.216486018611363,-7.245560456609679],[112.216487231410625,-7.24601264743084],[112.216488444287592,-7.24646483824283],[112.216489657242263,-7.246917029045649],[112.21649087027464,-7.247369219839293],[112.216492083384722,-7.247821410623769],[112.216493296572494,-7.248273601399069],[112.216494509837972,-7.248725792165198],[112.216495723181168,-7.249177982922149],[112.216496936602056,-7.249630173669931],[112.216498150100648,-7.250082364408533],[112.216499363676959,-7.250534555137963],[112.216500577330976,-7.250986745858214],[112.216501791062669,-7.251438936569289],[112.216503004872095,-7.251891127271185],[112.216504218759226,-7.252343317963907],[112.216505432724063,-7.252795508647445],[112.216506646766604,-7.253247699321809],[112.21650786088685,-7.253699889986989],[112.216509075084815,-7.254152080642992],[112.216510289360471,-7.254604271289812],[112.216511503713846,-7.255056461927452],[112.216512718144941,-7.25550865255591],[112.216513932653726,-7.255960843175183],[112.21651514724023,-7.256413033785276],[112.216516361904439,-7.256865224386182],[112.216517576646368,-7.257317414977909],[112.216518791466015,-7.257769605560449],[112.216520006363353,-7.258221796133802],[112.216521221338425,-7.258673986697973],[112.216522436391188,-7.259126177252953],[112.216523651521683,-7.259578367798746],[112.216524866729884,-7.260030558335354],[112.216526082015804,-7.260482748862774],[112.216527297379415,-7.260934939381003],[112.216528512820773,-7.261387129890047],[112.216529728339822,-7.261839320389897],[112.21653094393659,-7.262291510880559],[112.216532159611077,-7.262743701362031],[112.216533375363284,-7.263195891834309],[112.216534591193195,-7.263648082297396],[112.21653580710084,-7.26410027275129],[112.21653702308619,-7.264552463195994],[112.216538239149273,-7.265004653631498],[112.216539455290047,-7.265456844057812],[112.216540671508568,-7.26590903447493],[112.21654188780478,-7.266361224882854],[112.216543104178726,-7.266813415281584],[112.216544320630391,-7.267265605671111],[112.216545537159774,-7.267717796051444],[112.216546753766877,-7.268169986422582],[112.2165479704517,-7.26862217678452],[112.216549187214255,-7.269074367137256],[112.216550404054516,-7.269526557480797],[112.21655162097251,-7.269978747815139],[112.216552837968209,-7.270430938140278],[112.216554055041641,-7.270883128456217],[112.216555272192792,-7.271335318762951],[112.216556489421677,-7.271787509060484],[112.216557706728267,-7.272239699348818],[112.216558924112604,-7.272691889627947],[112.216560141574661,-7.273144079897873],[112.216561359114422,-7.273596270158595],[112.216562576731931,-7.274048460410109],[112.216563794427159,-7.274500650652419],[112.216565012200107,-7.274952840885522],[112.216566230050773,-7.275405031109419],[112.216567447979187,-7.275857221324111],[112.216568665985307,-7.276309411529595],[112.216569884069173,-7.276761601725869],[112.216571102230759,-7.277213791912932],[112.216572320470064,-7.27766598209079],[112.216573538787117,-7.278118172259436],[112.216574757181888,-7.278570362418874],[112.216575975654379,-7.279022552569097],[112.216577194204618,-7.279474742710109],[112.216578412832575,-7.27992693284191],[112.216579631538266,-7.280379122964501],[112.216580850321691,-7.280831313077876],[112.216582069182834,-7.281283503182034],[112.216583288121726,-7.281735693276985],[112.21658450713835,-7.282187883362715],[112.216585726232694,-7.282640073439228],[112.216586945404771,-7.28309226350653],[112.216588164654596,-7.283544453564611],[112.216589383982139,-7.283996643613476],[112.216590603387417,-7.284448833653125]]]}},
{"type":"Feature","properties":{"Line":"S123","begin":1360.5,"end":3076.5},"geometry":{"type":"MultiLineString","coordinates":[[[112.153747513886586,-7.05692798561646],[112.154200165868957,-7.05692686653217],[112.154652817777716,-7.056925747009152],[112.155105469612849,-7.056924627047401],[112.155558121374312,-7.05692350664692],[112.156010773062064,-7.056922385807708],[112.156463424676119,-7.056921264529767],[112.156916076216405,-7.056920142813095],[112.157368727682922,-7.056919020657695],[112.157821379075628,-7.056917898063563],[112.158274030394495,-7.056916775030705],[112.158726681639493,-7.056915651559116],[112.159179332810595,-7.056914527648802],[112.159631983907772,-7.056913403299759],[112.160084634930996,-7.056912278511989],[112.160537285880253,-7.056911153285491],[112.16098993675547,-7.056910027620267],[112.161442587556678,-7.056908901516317],[112.161895238283805,-7.056907774973641],[112.162347888936836,-7.056906647992239],[112.162800539515729,-7.056905520572112],[112.163253190020484,-7.05690439271326],[112.163705840451044,-7.056903264415684],[112.164158490807395,-7.056902135679383],[112.164611141089509,-7.05690100650436],[112.165063791297342,-7.056899876890611],[112.165516441430881,-7.056898746838139],[112.165969091490084,-7.056897616346946],[112.166421741474949,-7.05689648541703],[112.166874391385406,-7.056895354048391],[112.167327041221469,-7.056894222241031],[112.167779690983082,-7.056893089994949],[112.168232340670215,-7.056891957310148],[112.168684990282841,-7.056890824186624],[112.16913763982096,-7.05688969062438],[112.1695902892845,-7.056888556623417],[112.170042938673461,-7.056887422183734],[112.170495587987801,-7.056886287305331],[112.170948237227506,-7.05688515198821],[112.171400886392519,-7.05688401623237],[112.171853535482853,-7.056882880037812],[112.172306184498439,-7.056881743404536],[112.172758833439261,-7.056880606332544],[112.173211482305305,-7.056879468821833],[112.173664131096515,-7.056878330872405],[112.174116779812891,-7.056877192484261],[112.174569428454376,-7.056876053657401],[112.175022077020969,-7.056874914391826],[112.175474725512629,-7.056873774687534],[112.175927373929312,-7.056872634544529],[112.176380022271019,-7.056871493962808],[112.176832670537692,-7.056870352942372],[112.177285318729318,-7.056869211483223],[112.177737966845882,-7.056868069585362],[112.178190614887328,-7.056866927248786],[112.178643262853626,-7.056865784473497],[112.179095910744778,-7.056864641259496],[112.179548558560725,-7.056863497606781],[112.180001206301455,-7.056862353515356],[112.180453853966924,-7.05686120898522],[112.180906501557132,-7.056860064016372],[112.181359149072009,-7.056858918608812],[112.181811796511553,-7.056857772762544],[112.182264443875752,-7.056856626477564],[112.182717091164534,-7.056855479753875],[112.183169738377899,-7.056854332591477],[112.183622385515804,-7.05685318499037],[112.184075032578235,-7.056852036950552],[112.18452767956515,-7.05685088847203],[112.18498032647652,-7.056849739554798],[112.185432973312331,-7.056848590198858],[112.18588562007254,-7.05684744040421],[112.186338266757119,-7.056846290170857],[112.186790913366053,-7.056845139498798],[112.187243559899301,-7.056843988388031],[112.187696206356819,-7.056842836838559],[112.188148852738621,-7.056841684850381],[112.188601499044637,-7.056840532423498],[112.189054145274852,-7.056839379557911],[112.189506791429238,-7.056838226253619],[112.189959437507767,-7.056837072510624],[112.190412083510438,-7.056835918328925],[112.190864729437166,-7.056834763708522],[112.191317375287937,-7.056833608649416],[112.191770021062766,-7.056832453151609],[112.19222266676158,-7.056831297215099],[112.192675312384353,-7.056830140839886],[112.193127957931097,-7.056828984025972],[112.193580603401728,-7.056827826773358],[112.194033248796245,-7.056826669082043],[112.194485894114621,-7.056825510952026],[112.194938539356826,-7.05682435238331],[112.195391184522819,-7.056823193375894],[112.195843829612585,-7.05682203392978],[112.196296474626081,-7.056820874044967],[112.196749119563293,-7.056819713721453],[112.197201764424207,-7.056818552959242],[112.197654409208738,-7.056817391758333],[112.198107053916914,-7.056816230118727],[112.198559698548678,-7.056815068040423],[112.199012343104002,-7.056813905523423],[112.199464987582871,-7.056812742567728],[112.199917631985258,-7.056811579173335],[112.200370276311119,-7.056810415340245],[112.200822920560427,-7.056809251068463],[112.201275564733152,-7.056808086357984],[112.201728208829266,-7.056806921208811],[112.202180852848755,-7.056805755620943],[112.202633496791563,-7.056804589594381],[112.203086140657703,-7.056803423129127],[112.20353878444709,-7.056802256225177],[112.203991428159753,-7.056801088882536],[112.204444071795621,-7.056799921101204],[112.204896715354693,-7.056798752881178],[112.205349358836912,-7.056797584222462],[112.205802002242265,-7.056796415125053],[112.206254645570723,-7.056795245588952],[112.206707288822258,-7.056794075614162],[112.207159931996856,-7.05679290520068],[112.207612575094458,-7.056791734348511],[112.208065218115038,-7.056790563057651],[112.208517861058581,-7.056789391328101],[112.208970503925059,-7.056788219159863],[112.209423146714457,-7.056787046552937],[112.209875789426704,-7.056785873507322],[112.2103284320618,-7.056784700023019],[112.210781074619732,-7.056783526100029],[112.211233717100441,-7.056782351738352],[112.211686359503886,-7.056781176937988],[112.212139001830081,-7.056780001698939],[112.212591644078969,-7.056778826021203],[112.213044286250536,-7.056777649904782],[112.213496928344753,-7.056776473349676],[112.213949570361564,-7.056775296355884],[112.214402212300982,-7.056774118923409],[112.214854854162937,-7.056772941052249],[112.215307495947428,-7.056771762742406],[112.215760137654414,-7.056770583993878],[112.216212779283865,-7.056769404806668],[112.216665420835767,-7.056768225180776],[112.217118062310078,-7.056767045116201],[112.21757070370677,-7.056765864612945],[112.218023345025813,-7.056764683671006],[112.218475986267194,-7.056763502290385],[112.218928627430842,-7.056762320471088],[112.219381268516784,-7.056761138213106],[112.219833909524965,-7.056759955516447],[112.220286550455342,-7.056758772381105],[112.220739191307914,-7.056757588807087],[112.221191832082624,-7.056756404794387],[112.221644472779474,-7.05675522034301],[112.222097113398405,-7.056754035452955],[112.222549753939418,-7.056752850124222],[112.223002394402442,-7.056751664356811],[112.223455034787492,-7.056750478150723],[112.223907675094523,-7.056749291505959],[112.224360315323509,-7.056748104422517],[112.224812955474405,-7.056746916900399],[112.225265595547199,-7.056745728939607],[112.225718235541848,-7.056744540540141],[112.226170875458337,-7.056743351701997],[112.226623515296637,-7.056742162425179],[112.227076155056707,-7.056740972709688],[112.227528794738518,-7.056739782555525],[112.22798143434207,-7.056738591962684],[112.228434073867291,-7.056737400931172],[112.228886713314196,-7.056736209460988],[112.229339352682715,-7.056735017552132],[112.229791991972846,-7.056733825204602],[112.230244631184547,-7.056732632418403],[112.230697270317805,-7.056731439193531],[112.231149909372576,-7.056730245529988],[112.231602548348832,-7.056729051427777],[112.232055187246559,-7.056727856886893],[112.232507826065699,-7.05672666190734],[112.232960464806268,-7.056725466489118],[112.233413103468195,-7.056724270632228],[112.233865742051449,-7.056723074336668],[112.234318380556047,-7.056721877602439],[112.234771018981917,-7.056720680429545],[112.235223657329044,-7.05671948281798],[112.235676295597415,-7.056718284767752],[112.236128933786972,-7.056717086278854],[112.236581571897702,-7.05671588735129],[112.237034209929575,-7.056714687985061],[112.237486847882565,-7.056713488180167],[112.237939485756641,-7.056712287936605],[112.238392123551776,-7.056711087254381],[112.238844761267927,-7.056709886133492],[112.23929739890508,-7.056708684573938],[112.239750036463207,-7.056707482575718],[112.240202673942278,-7.056706280138839],[112.240655311342238,-7.056705077263294],[112.241107948663114,-7.056703873949087],[112.241560585904821,-7.056702670196219],[112.24201322306736,-7.056701466004689],[112.242465860150702,-7.056700261374496],[112.242918497154804,-7.056699056305642],[112.243371134079652,-7.056697850798128],[112.243823770925204,-7.056696644851953],[112.244276407691444,-7.056695438467118],[112.244729044378332,-7.056694231643624],[112.245181680985837,-7.05669302438147],[112.245634317513932,-7.056691816680656],[112.246086953962603,-7.056690608541185],[112.246539590331821,-7.056689399963057],[112.246992226621529,-7.05668819094627],[112.247444862831728,-7.056686981490826],[112.247897498962374,-7.056685771596723],[112.248350135013439,-7.056684561263965],[112.248802770984895,-7.056683350492551],[112.249255406876713,-7.056682139282482],[112.24970804268888,-7.056680927633755],[112.250160678421352,-7.056679715546372],[112.250613314074087,-7.056678503020339],[112.251065949647071,-7.056677290055647],[112.251518585140289,-7.056676076652304],[112.251971220553685,-7.056674862810304],[112.252423855887244,-7.056673648529654],[112.252876491140938,-7.05667243381035],[112.253329126314739,-7.056671218652394],[112.253781761408618,-7.056670003055785],[112.254234396422532,-7.056668787020525],[112.254687031356482,-7.056667570546612],[112.255139666210397,-7.056666353634049],[112.25559230098429,-7.056665136282836],[112.256044935678105,-7.056663918492972],[112.256497570291828,-7.056662700264459],[112.256950204825415,-7.056661481597295],[112.257402839278868,-7.056660262491482],[112.257855473652114,-7.056659042947021],[112.258308107945155,-7.056657822963913],[112.258760742157961,-7.056656602542155],[112.259213376290489,-7.056655381681749],[112.259666010342727,-7.056654160382698],[112.260118644314616,-7.056652938644999],[112.260571278206172,-7.056651716468653],[112.261023912017322,-7.056650493853662],[112.261476545748067,-7.056649270800024],[112.261929179398351,-7.056648047307743],[112.262381812968187,-7.056646823376815],[112.262834446457518,-7.056645599007243],[112.263287079866302,-7.056644374199027],[112.263739713194539,-7.056643148952167],[112.264192346442186,-7.056641923266663],[112.264644979609216,-7.056640697142516],[112.265097612695612,-7.056639470579728],[112.265550245701306,-7.056638243578296],[112.26600287862631,-7.056637016138223],[112.266455511470582,-7.056635788259507],[112.266908144234108,-7.056634559942151],[112.267360776916817,-7.056633331186155],[112.267813409518737,-7.056632101991517],[112.268266042039784,-7.05663087235824],[112.26871867447997,-7.056629642286323],[112.269171306839254,-7.056628411775768],[112.269623939117579,-7.056627180826573],[112.270076571314959,-7.05662594943874],[112.270529203431352,-7.056624717612269],[112.270981835466699,-7.056623485347158],[112.271434467421017,-7.056622252643413],[112.271887099294261,-7.056621019501029],[112.27233973108639,-7.056619785920009],[112.272792362797389,-7.056618551900353],[112.273244994427202,-7.05661731744206],[112.273697625975842,-7.056616082545134],[112.274150257443253,-7.056614847209572],[112.274602888829421,-7.056613611435375],[112.275055520134302,-7.056612375222543],[112.275508151357869,-7.056611138571079],[112.275960782500107,-7.05660990148098],[112.276413413560959,-7.056608663952247],[112.276866044540441,-7.056607425984883],[112.27731867543848,-7.056606187578888],[112.277771306255062,-7.056604948734258],[112.278223936990187,-7.056603709450998],[112.278676567643785,-7.056602469729107],[112.279129198215841,-7.056601229568584],[112.279581828706327,-7.056599988969433],[112.280034459115228,-7.05659874793165],[112.280487089442488,-7.056597506455237],[112.280939719688106,-7.056596264540197],[112.281392349852027,-7.056595022186526],[112.281844979934249,-7.056593779394228],[112.282297609934716,-7.056592536163299],[112.282750239853414,-7.056591292493747],[112.283202869690314,-7.056590048385563],[112.283655499445388,-7.056588803838754],[112.284108129118607,-7.05658755885332],[112.284560758709929,-7.056586313429257],[112.28501338821934,-7.056585067566569],[112.285466017646826,-7.056583821265257],[112.285918646992315,-7.05658257452532],[112.286371276255821,-7.056581327346756],[112.286823905437288,-7.05658007972957],[112.287276534536701,-7.056578831673759],[112.287729163554005,-7.056577583179325],[112.288181792489212,-7.05657633424627],[112.288634421342266,-7.05657508487459],[112.289087050113153,-7.056573835064286],[112.289539678801845,-7.056572584815363],[112.289992307408284,-7.056571334127818],[112.29044493593247,-7.056570083001652],[112.290897564374362,-7.056568831436864],[112.291350192733944,-7.056567579433456],[112.291802821011174,-7.056566326991429],[112.292255449206039,-7.056565074110782],[112.29270807731848,-7.056563820791514],[112.293160705348498,-7.056562567033631],[112.293613333296051,-7.056561312837127],[112.294065961161095,-7.056560058202006],[112.294518588943646,-7.056558803128266],[112.294971216643631,-7.056557547615911],[112.295423844261052,-7.056556291664936],[112.29587647179585,-7.056555035275347],[112.296329099248013,-7.05655377844714],[112.296781726617525,-7.056552521180318],[112.297234353904329,-7.056551263474883],[112.297686981108427,-7.056550005330831],[112.298139608229761,-7.056548746748165],[112.298592235268316,-7.056547487726886],[112.299044862224065,-7.05654622826699],[112.299497489096964,-7.056544968368485],[112.299950115887015,-7.056543708031363],[112.300402742594159,-7.05654244725563],[112.300855369218382,-7.056541186041285],[112.301307995759657,-7.056539924388328],[112.301760622217941,-7.05653866229676],[112.302213248593219,-7.056537399766582],[112.302665874885449,-7.056536136797791],[112.303118501094616,-7.056534873390391],[112.303571127220678,-7.056533609544382],[112.304023753263635,-7.056532345259763],[112.304476379223431,-7.056531080536535],[112.304929005100036,-7.056529815374699],[112.305381630893422,-7.056528549774254],[112.305834256603561,-7.056527283735201],[112.306286882230452,-7.056526017257541],[112.30673950777404,-7.056524750341272],[112.307192133234281,-7.056523482986399],[112.307644758611175,-7.056522215192918],[112.308097383904681,-7.056520946960831],[112.308550009114782,-7.05651967829014],[112.309002634241438,-7.056518409180843],[112.309455259284618,-7.056517139632944],[112.309907884244282,-7.056515869646438],[112.310360509120443,-7.056514599221327],[112.31081313391303,-7.056513328357614],[112.311265758622028,-7.056512057055298],[112.31171838324741,-7.056510785314379],[112.312171007789146,-7.056509513134858],[112.31262363224721,-7.056508240516734],[112.313076256621571,-7.05650696746001],[112.313528880912202,-7.056505693964684],[112.313981505119088,-7.056504420030756],[112.314434129242159,-7.05650314565823],[112.314886753281414,-7.056501870847102],[112.315339377236825,-7.056500595597376],[112.315792001108363,-7.056499319909049],[112.316244624896001,-7.056498043782124],[112.316697248599695,-7.056496767216601],[112.317149872219431,-7.05649549021248],[112.317602495755182,-7.056494212769763],[112.318055119206903,-7.056492934888447],[112.318507742574567,-7.056491656568536],[112.318960365858175,-7.056490377810026],[112.319412989057668,-7.056489098612922],[112.319865612173018,-7.056487818977222],[112.320318235204198,-7.056486538902926],[112.320770858151192,-7.056485258390036],[112.321223481013973,-7.056483977438551],[112.321676103792484,-7.056482696048472],[112.322128726486724,-7.0564814142198],[112.322581349096666,-7.056480131952534],[112.323033971622266,-7.056478849246675],[112.323486594063482,-7.056477566102225],[112.323939216420328,-7.056476282519182],[112.324391838692733,-7.056474998497547],[112.324844460880684,-7.056473714037322],[112.325297082984164,-7.056472429138505],[112.325749705003133,-7.056471143801098],[112.326202326937548,-7.056469858025101],[112.326654948787407,-7.056468571810515],[112.32710757055267,-7.05646728515734],[112.327560192233307,-7.056465998065575],[112.328012813829275,-7.056464710535221],[112.328465435340576,-7.056463422566281],[112.328918056767151,-7.056462134158751],[112.329370678108987,-7.056460845312635],[112.329823299366069,-7.056459556027932],[112.330275920538341,-7.056458266304643],[112.330728541625774,-7.056456976142767],[112.331181162628368,-7.056455685542307],[112.331633783546067,-7.056454394503262],[112.332086404378856,-7.05645310302563],[112.332539025126692,-7.056451811109416],[112.332991645789562,-7.056450518754616],[112.333444266367437,-7.056449225961233],[112.333896886860273,-7.056447932729267],[112.334349507268058,-7.056446639058718],[112.334802127590748,-7.056445344949587],[112.33525474782833,-7.056444050401874],[112.33570736798076,-7.056442755415578],[112.33615998804801,-7.056441459990702],[112.336612608030066,-7.056440164127245],[112.337065227926885,-7.056438867825207],[112.337517847738454,-7.056437571084589],[112.337970467464729,-7.056436273905393],[112.338423087105681,-7.056434976287617],[112.338875706661284,-7.056433678231262],[112.339328326131536,-7.056432379736329],[112.339780945516353,-7.056431080802817],[112.340233564815748,-7.056429781430729],[112.340686184029678,-7.056428481620062],[112.341138803158117,-7.056427181370818],[112.341591422201049,-7.056425880682998],[112.342044041158417,-7.056424579556603],[112.342496660030207,-7.056423277991635],[112.342949278816377,-7.056421975988088],[112.343401897516941,-7.056420673545967],[112.343854516131827,-7.056419370665272],[112.344307134661022,-7.056418067346002],[112.344759753104498,-7.05641676358816],[112.345212371462225,-7.056415459391745],[112.345664989734161,-7.056414154756756],[112.346117607920291,-7.056412849683195],[112.346570226020575,-7.056411544171062],[112.34702284403501,-7.056410238220358],[112.347475461963541,-7.056408931831083],[112.347928079806152,-7.056407625003236]]]}},
{"type":"Feature","properties":{"Line":"S138","begin":1360.5,"end":2436.5},"geometry":{"type":"MultiLineString","coordinates":[[[112.342655963550868,-7.033135750533422],[112.342657262474404,-7.033587923119066],[112.342658561483532,-7.034040095695761],[112.342659860578252,-7.034492268263505],[112.342661159758578,-7.034944440822301],[112.342662459024524,-7.035396613372144],[112.342663758376062,-7.035848785913037],[112.342665057813193,-7.036300958444976],[112.342666357335929,-7.036753130967965],[112.342667656944272,-7.037205303482001],[112.342668956638221,-7.03765747598708],[112.342670256417776,-7.038109648483207],[112.342671556282937,-7.038561820970378],[112.342672856233676,-7.039013993448596],[112.34267415627005,-7.039466165917857],[112.34267545639203,-7.039918338378161],[112.342676756599602,-7.040370510829507],[112.34267805689278,-7.040822683271896],[112.342679357271578,-7.041274855705328],[112.342680657735968,-7.041727028129801],[112.342681958285979,-7.042179200545313],[112.342683258921596,-7.042631372951867],[112.342684559642819,-7.043083545349458],[112.342685860449649,-7.043535717738092],[112.342687161342099,-7.04398789011776],[112.34268846232014,-7.044440062488468],[112.342689763383802,-7.044892234850213],[112.342691064533071,-7.045344407202997],[112.342692365767959,-7.045796579546813],[112.342693667088454,-7.046248751881667],[112.342694968494555,-7.046700924207554],[112.342696269986277,-7.047153096524478],[112.342697571563619,-7.047605268832434],[112.342698873226553,-7.048057441131425],[112.342700174975107,-7.048509613421447],[112.342701476809282,-7.048961785702502],[112.342702778729077,-7.049413957974591],[112.342704080734478,-7.049866130237707],[112.342705382825486,-7.050318302491855],[112.342706685002128,-7.050770474737035],[112.342707987264376,-7.05122264697324],[112.34270928961223,-7.051674819200478],[112.342710592045719,-7.052126991418743],[112.342711894564815,-7.052579163628033],[112.34271319716953,-7.053031335828355],[112.342714499859852,-7.0534835080197],[112.342715802635823,-7.053935680202073],[112.342717105497385,-7.05438785237547],[112.342718408444568,-7.054840024539893],[112.342719711477386,-7.055292196695338],[112.34272101459581,-7.055744368841809],[112.342722317799868,-7.056196540979302],[112.342723621089533,-7.056648713107817],[112.342724924464818,-7.057100885227356],[112.342726227925752,-7.057553057337915],[112.342727531472278,-7.058005229439496],[112.342728835104438,-7.058457401532097],[112.342730138822219,-7.058909573615717],[112.34273144262562,-7.059361745690357],[112.342732746514656,-7.059813917756015],[112.342734050489298,-7.060266089812691],[112.342735354549589,-7.060718261860386],[112.342736658695486,-7.061170433899097],[112.342737962927004,-7.061622605928825],[112.342739267244156,-7.062074777949567],[112.342740571646942,-7.062526949961327],[112.342741876135349,-7.0629791219641],[112.342743180709391,-7.063431293957887],[112.342744485369039,-7.063883465942688],[112.342745790114336,-7.064335637918501],[112.342747094945253,-7.064787809885328],[112.34274839986179,-7.065239981843166],[112.342749704863976,-7.065692153792015],[112.342751009951769,-7.066144325731876],[112.342752315125196,-7.066596497662745],[112.342753620384272,-7.067048669584627],[112.342754925728954,-7.067500841497515],[112.342756231159285,-7.067953013401413],[112.342757536675236,-7.068405185296317],[112.342758842276837,-7.068857357182232],[112.342760147964057,-7.069309529059151],[112.342761453736898,-7.069761700927075],[112.342762759595388,-7.070213872786008],[112.342764065539512,-7.070666044635945],[112.342765371569271,-7.071118216476886],[112.342766677684651,-7.07157038830883],[112.342767983885665,-7.07202256013178],[112.342769290172342,-7.07247473194573],[112.342770596544625,-7.072926903750685],[112.342771903002557,-7.073379075546641],[112.342773209546124,-7.073831247333596],[112.342774516175325,-7.074283419111554],[112.342775822890175,-7.074735590880512],[112.342777129690646,-7.075187762640468],[112.342778436576751,-7.075639934391424],[112.342779743548519,-7.076092106133379],[112.342781050605907,-7.076544277866328],[112.342782357748931,-7.076996449590278],[112.342783664977603,-7.077448621305223],[112.342784972291923,-7.077900793011165],[112.342786279691879,-7.078352964708102],[112.342787587177469,-7.078805136396035],[112.342788894748693,-7.079257308074962],[112.342790202405581,-7.079709479744881],[112.342791510148103,-7.080161651405795],[112.34279281797626,-7.080613823057702],[112.342794125890052,-7.0810659947006],[112.342795433889506,-7.08151816633449],[112.342796741974595,-7.081970337959371],[112.342798050145348,-7.082422509575243],[112.34279935840172,-7.082874681182102],[112.342800666743742,-7.083326852779953],[112.342801975171412,-7.083779024368792],[112.342803283684731,-7.084231195948619],[112.342804592283684,-7.084683367519435],[112.342805900968301,-7.085135539081238],[112.342807209738552,-7.085587710634027],[112.342808518594452,-7.0860398821778],[112.342809827536016,-7.086492053712561],[112.342811136563213,-7.086944225238306],[112.34281244567606,-7.087396396755034],[112.342813754874555,-7.087848568262747],[112.3428150641587,-7.088300739761443],[112.342816373528507,-7.088752911251121],[112.342817682983949,-7.08920508273178],[112.342818992525039,-7.089657254203423],[112.342820302151793,-7.090109425666045],[112.342821611864181,-7.090561597119647],[112.342822921662247,-7.091013768564231],[112.342824231545947,-7.09146593999979],[112.34282554151531,-7.091918111426331],[112.342826851570322,-7.09237028284385],[112.342828161710983,-7.092822454252346],[112.342829471937307,-7.093274625651818],[112.34283078224928,-7.093726797042266],[112.342832092646901,-7.094178968423692],[112.342833403130186,-7.094631139796092],[112.342834713699119,-7.095083311159466],[112.342836024353716,-7.095535482513815],[112.342837335093975,-7.095987653859137],[112.342838645919883,-7.096439825195433],[112.34283995683144,-7.0968919965227],[112.342841267828661,-7.097344167840939],[112.342842578911544,-7.09779633915015],[112.34284389008009,-7.09824851045033],[112.342845201334285,-7.098700681741481],[112.342846512674143,-7.099152853023603],[112.342847824099664,-7.099605024296691],[112.342849135610834,-7.100057195560751],[112.342850447207667,-7.100509366815778],[112.342851758890177,-7.10096153806177],[112.34285307065835,-7.10141370929873],[112.342854382512172,-7.101865880526657],[112.342855694451643,-7.10231805174555],[112.342857006476791,-7.102770222955407],[112.342858318587602,-7.103222394156228],[112.342859630784091,-7.103674565348012],[112.342860943066214,-7.104126736530762],[112.342862255434014,-7.104578907704475],[112.342863567887491,-7.105031078869147],[112.342864880426617,-7.105483250024783],[112.342866193051421,-7.105935421171381],[112.342867505761873,-7.106387592308936],[112.342868818558017,-7.106839763437454],[112.34287013143981,-7.107291934556931],[112.342871444407265,-7.107744105667368],[112.342872757460398,-7.108196276768761],[112.342874070599208,-7.108648447861111],[112.342875383823667,-7.109100618944421],[112.342876697133804,-7.109552790018685],[112.342878010529617,-7.110004961083908],[112.342879324011093,-7.110457132140083],[112.342880637578233,-7.110909303187213],[112.34288195123105,-7.1113614742253],[112.342883264969544,-7.111813645254339],[112.342884578793687,-7.112265816274333],[112.342885892703521,-7.112717987285278],[112.342887206699032,-7.113170158287176],[112.342888520780193,-7.113622329280026],[112.342889834947044,-7.114074500263824],[112.342891149199573,-7.114526671238576],[112.342892463537765,-7.114978842204275],[112.342893777961635,-7.115431013160926],[112.342895092471167,-7.115883184108525],[112.342896407066391,-7.116335355047071],[112.342897721747278,-7.116787525976563],[112.342899036513856,-7.117239696897005],[112.342900351366112,-7.117691867808392],[112.342901666304016,-7.118144038710725],[112.342902981327626,-7.118596209604004],[112.342904296436899,-7.119048380488227],[112.342905611631849,-7.119500551363393],[112.342906926912491,-7.119952722229504],[112.342908242278796,-7.12040489308656],[112.342909557730792,-7.120857063934555],[112.342910873268465,-7.121309234773493],[112.342912188891816,-7.121761405603373],[112.342913504600844,-7.122213576424194],[112.342914820395563,-7.122665747235954],[112.34291613627596,-7.123117918038655],[112.34291745224202,-7.123570088832295],[112.342918768293785,-7.124022259616873],[112.342920084431228,-7.124474430392389],[112.342921400654348,-7.124926601158843],[112.342922716963145,-7.125378771916233],[112.342924033357633,-7.12583094266456],[112.342925349837813,-7.126283113403822],[112.342926666403656,-7.12673528413402],[112.342927983055205,-7.127187454855153],[112.342929299792431,-7.127639625567219],[112.342930616615348,-7.128091796270219],[112.342931933523943,-7.128543966964152],[112.342933250518229,-7.128996137649016],[112.342934567598206,-7.129448308324813],[112.342935884763861,-7.129900478991541],[112.342937202015221,-7.130352649649199],[112.342938519352245,-7.130804820297787],[112.342939836774974,-7.131256990937306],[112.34294115428338,-7.131709161567754],[112.342942471877492,-7.132161332189129],[112.342943789557282,-7.132613502801432],[112.342945107322763,-7.133065673404663],[112.342946425173935,-7.133517843998819],[112.342947743110798,-7.133970014583903],[112.342949061133353,-7.13442218515991],[112.3429503792416,-7.134874355726845],[112.342951697435538,-7.135326526284704],[112.342953015715182,-7.135778696833486],[112.342954334080503,-7.136230867373191],[112.342955652531529,-7.13668303790382],[112.342956971068233,-7.137135208425371],[112.342958289690642,-7.137587378937844],[112.342959608398758,-7.138039549441237],[112.34296092719255,-7.13849171993555],[112.342962246072034,-7.138943890420783],[112.342963565037238,-7.139396060896937],[112.342964884088119,-7.139848231364008],[112.342966203224705,-7.140300401821998],[112.342967522446983,-7.140752572270906],[112.342968841754953,-7.141204742710729],[112.342970161148642,-7.141656913141472],[112.342971480628009,-7.142109083563129],[112.342972800193081,-7.142561253975702],[112.342974119843859,-7.143013424379189],[112.342975439580329,-7.143465594773592],[112.342976759402504,-7.143917765158908],[112.342978079310384,-7.144369935535135],[112.342979399303957,-7.144822105902277],[112.34298071938322,-7.145274276260331],[112.342982039548204,-7.145726446609296],[112.342983359798879,-7.146178616949171],[112.342984680135274,-7.146630787279958],[112.34298600055736,-7.147082957601653],[112.342987321065152,-7.147535127914258],[112.34298864165865,-7.147987298217772],[112.342989962337839,-7.148439468512193],[112.342991283102748,-7.148891638797524],[112.342992603953348,-7.14934380907376],[112.342993924889669,-7.149795979340904],[112.342995245911681,-7.150248149598951],[112.342996567019398,-7.150700319847904],[112.342997888212835,-7.151152490087763],[112.342999209491978,-7.151604660318527],[112.343000530856827,-7.152056830540192],[112.343001852307381,-7.152509000752761],[112.343003173843655,-7.152961170956235],[112.343004495465621,-7.153413341150608],[112.343005817173292,-7.153865511335883],[112.343007138966698,-7.154317681512057],[112.343008460845795,-7.154769851679133]]]}},
{"type":"Feature","properties":{"Line":"S119","begin":1360.5,"end":3460.5},"geometry":{"type":"MultiLineString","coordinates":[[[112.155150380103024,-7.075012804352643],[112.155603049454029,-7.075011681052168],[112.156055718731338,-7.075010557311827],[112.156508387934892,-7.075009433131621],[112.156961057064706,-7.075008308511547],[112.157413726120708,-7.07500718345161],[112.1578663951029,-7.075006057951809],[112.158319064011238,-7.075004932012142],[112.158771732845679,-7.075003805632613],[112.159224401606224,-7.075002678813218],[112.15967707029283,-7.07500155155396],[112.160129738905468,-7.075000423854841],[112.16058240744411,-7.074999295715857],[112.161035075908728,-7.074998167137013],[112.161487744299293,-7.074997038118306],[112.161940412615778,-7.074995908659739],[112.162393080858138,-7.07499477876131],[112.162845749026374,-7.074993648423018],[112.16329841712043,-7.074992517644868],[112.163751085140305,-7.074991386426857],[112.164203753085928,-7.074990254768988],[112.164656420957314,-7.074989122671258],[112.165109088754406,-7.074987990133668],[112.165561756477189,-7.074986857156222],[112.166014424125621,-7.074985723738915],[112.166467091699687,-7.074984589881751],[112.166919759199359,-7.07498345558473],[112.167372426624596,-7.074982320847851],[112.167825093975367,-7.074981185671116],[112.168277761251673,-7.074980050054523],[112.168730428453429,-7.074978913998075],[112.169183095580678,-7.074977777501769],[112.169635762633334,-7.074976640565611],[112.170088429611397,-7.074975503189595],[112.170541096514825,-7.074974365373725],[112.170993763343589,-7.074973227118001],[112.171446430097674,-7.074972088422423],[112.171899096777025,-7.074970949286991],[112.172351763381656,-7.074969809711705],[112.17280442991148,-7.074968669696566],[112.173257096366513,-7.074967529241576],[112.173709762746725,-7.074966388346732],[112.17416242905206,-7.074965247012035],[112.174615095282505,-7.074964105237488],[112.175067761438044,-7.074962963023089],[112.17552042751862,-7.07496182036884],[112.175973093524235,-7.07496067727474],[112.17642575945483,-7.07495953374079],[112.176878425310392,-7.074958389766989],[112.177331091090892,-7.074957245353339],[112.177783756796302,-7.074956100499842],[112.178236422426593,-7.074954955206494],[112.178689087981724,-7.074953809473297],[112.179141753461678,-7.074952663300254],[112.179594418866429,-7.074951516687363],[112.180047084195934,-7.074950369634623],[112.180499749450192,-7.074949222142037],[112.180952414629132,-7.074948074209604],[112.18140507973277,-7.074946925837325],[112.181857744761047,-7.0749457770252],[112.182310409713949,-7.074944627773228],[112.182763074591421,-7.074943478081413],[112.183215739393461,-7.074942327949753],[112.183668404120056,-7.074941177378247],[112.184121068771134,-7.074940026366899],[112.184573733346681,-7.074938874915705],[112.185026397846684,-7.074937723024668],[112.185479062271099,-7.074936570693788],[112.185931726619913,-7.074935417923065],[112.186384390893082,-7.074934264712502],[112.186837055090578,-7.074933111062094],[112.187289719212373,-7.074931956971844],[112.187742383258438,-7.074930802441756],[112.188195047228746,-7.074929647471824],[112.188647711123281,-7.074928492062054],[112.189100374942001,-7.074927336212442],[112.189553038684863,-7.074926179922991],[112.190005702351868,-7.074925023193699],[112.190458365942959,-7.07492386602457],[112.190911029458135,-7.074922708415601],[112.191363692897355,-7.074921550366794],[112.191816356260588,-7.074920391878148],[112.19226901954778,-7.074919232949666],[112.192721682758958,-7.074918073581346],[112.193174345894036,-7.074916913773188],[112.19362700895303,-7.074915753525194],[112.194079671935881,-7.074914592837364],[112.194532334842577,-7.0749134317097],[112.194984997673089,-7.074912270142196],[112.195437660427373,-7.074911108134859],[112.195890323105417,-7.074909945687688],[112.19634298570719,-7.074908782800682],[112.196795648232651,-7.074907619473842],[112.197248310681772,-7.074906455707167],[112.197700973054538,-7.074905291500661],[112.19815363535092,-7.07490412685432],[112.198606297570876,-7.074902961768148],[112.199058959714378,-7.074901796242142],[112.199511621781411,-7.074900630276304],[112.199964283771934,-7.074899463870636],[112.200416945685916,-7.074898297025137],[112.200869607523344,-7.074897129739806],[112.201322269284177,-7.074895962014645],[112.201774930968384,-7.074894793849654],[112.202227592575937,-7.074893625244831],[112.202680254106824,-7.074892456200182],[112.203132915560985,-7.074891286715701],[112.203585576938423,-7.074890116791393],[112.204038238239079,-7.074888946427257],[112.204490899462968,-7.074887775623292],[112.204943560610005,-7.0748866043795],[112.205396221680203,-7.074885432695882],[112.205848882673507,-7.074884260572436],[112.206301543589902,-7.074883088009162],[112.206754204429373,-7.074881915006064],[112.207206865191878,-7.07488074156314],[112.207659525877375,-7.07487956768039],[112.208112186485835,-7.074878393357815],[112.208564847017257,-7.074877218595416],[112.2090175074716,-7.074876043393192],[112.209470167848821,-7.074874867751145],[112.209922828148905,-7.074873691669273],[112.21037548837181,-7.074872515147578],[112.210828148517507,-7.074871338186061],[112.211280808585997,-7.074870160784721],[112.211733468577222,-7.07486898294356],[112.212186128491169,-7.074867804662576],[112.212638788327794,-7.074866625941771],[112.213091448087084,-7.074865446781146],[112.213544107768982,-7.074864267180699],[112.213996767373501,-7.074863087140431],[112.214449426900572,-7.074861906660344],[112.214902086350207,-7.074860725740438],[112.215354745722337,-7.074859544380713],[112.215807405016946,-7.074858362581169],[112.216260064234021,-7.074857180341805],[112.216712723373533,-7.074855997662625],[112.217165382435425,-7.074854814543625],[112.217618041419684,-7.07485363098481],[112.218070700326294,-7.074852446986178],[112.218523359155199,-7.074851262547728],[112.2189760179064,-7.074850077669461],[112.219428676579852,-7.07484889235138],[112.219881335175515,-7.074847706593482],[112.220333993693387,-7.074846520395771],[112.220786652133427,-7.074845333758244],[112.221239310495591,-7.074844146680902],[112.221691968779865,-7.074842959163747],[112.222144626986221,-7.074841771206778],[112.222597285114645,-7.074840582809996],[112.22304994316508,-7.0748393939734],[112.223502601137497,-7.074838204696992],[112.223955259031882,-7.074837014980772],[112.224407916848222,-7.074835824824742],[112.224860574586444,-7.074834634228898],[112.225313232246549,-7.074833443193244],[112.225765889828523,-7.074832251717777],[112.226218547332294,-7.074831059802504],[112.226671204757878,-7.074829867447418],[112.227123862105202,-7.074828674652522],[112.227576519374267,-7.074827481417819],[112.22802917656503,-7.074826287743305],[112.228481833677478,-7.074825093628983],[112.22893449071158,-7.074823899074854],[112.229387147667282,-7.074822704080916],[112.229839804544596,-7.074821508647172],[112.230292461343453,-7.07482031277362],[112.230745118063837,-7.074819116460262],[112.231197774705734,-7.074817919707097],[112.231650431269102,-7.074816722514126],[112.232103087753913,-7.074815524881351],[112.232555744160152,-7.074814326808769],[112.233008400487762,-7.074813128296383],[112.233461056736743,-7.074811929344194],[112.233913712907039,-7.074810729952199],[112.23436636899865,-7.074809530120401],[112.234819025011532,-7.074808329848799],[112.235271680945644,-7.074807129137396],[112.235724336800985,-7.074805927986189],[112.236176992577498,-7.07480472639518],[112.236629648275184,-7.074803524364368],[112.23708230389397,-7.074802321893758],[112.237534959433887,-7.074801118983344],[112.237987614894863,-7.074799915633131],[112.238440270276882,-7.074798711843115],[112.23889292557989,-7.074797507613303],[112.239345580803914,-7.074796302943688],[112.239798235948868,-7.074795097834277],[112.240250891014753,-7.074793892285065],[112.240703546001541,-7.074792686296054],[112.241156200909202,-7.074791479867247],[112.241608855737695,-7.074790272998641],[112.242061510487005,-7.074789065690237],[112.242514165157075,-7.074787857942038],[112.24296681974792,-7.074786649754042],[112.243419474259483,-7.07478544112625],[112.243872128691734,-7.07478423205866],[112.244324783044647,-7.074783022551276],[112.24477743731822,-7.074781812604098],[112.245230091512383,-7.074780602217125],[112.245682745627136,-7.074779391390357],[112.246135399662421,-7.074778180123794],[112.24658805361824,-7.07477696841744],[112.247040707494563,-7.074775756271291],[112.247493361291333,-7.074774543685352],[112.247946015008537,-7.074773330659616],[112.248398668646161,-7.07477211719409],[112.24885132220416,-7.074770903288773],[112.249303975682494,-7.074769688943665],[112.249756629081162,-7.074768474158764],[112.250209282400121,-7.074767258934075],[112.250661935639329,-7.074766043269594],[112.251114588798785,-7.074764827165324],[112.251567241878433,-7.074763610621265],[112.252019894878259,-7.074762393637417],[112.252472547798234,-7.074761176213779],[112.25292520063833,-7.074759958350353],[112.253377853398518,-7.074758740047141],[112.253830506078756,-7.07475752130414],[112.25428315867903,-7.074756302121352],[112.254735811199311,-7.074755082498778],[112.255188463639556,-7.074753862436417],[112.255641115999751,-7.074752641934269],[112.256093768279868,-7.074751420992337],[112.256546420479864,-7.074750199610619],[112.256999072599712,-7.074748977789118],[112.257451724639395,-7.074747755527828],[112.257904376598873,-7.074746532826759],[112.25835702847813,-7.074745309685903],[112.258809680277139,-7.074744086105264],[112.259262331995842,-7.074742862084844],[112.25971498363424,-7.074741637624639],[112.260167635192303,-7.074740412724654],[112.260620286669976,-7.074739187384885],[112.261072938067272,-7.074737961605337],[112.261525589384107,-7.074736735386005],[112.261978240620508,-7.074735508726895],[112.262430891776404,-7.074734281628004],[112.262883542851796,-7.074733054089331],[112.263336193846641,-7.074731826110881],[112.263788844760896,-7.074730597692652],[112.264241495594561,-7.074729368834643],[112.264694146347594,-7.074728139536856],[112.265146797019966,-7.07472690979929],[112.265599447611635,-7.074725679621948],[112.2660520981226,-7.074724449004827],[112.266504748552819,-7.074723217947931],[112.26695739890225,-7.074721986451258],[112.267410049170863,-7.074720754514807],[112.267862699358659,-7.074719522138582],[112.268315349465595,-7.074718289322583],[112.268767999491644,-7.074717056066806],[112.269220649436761,-7.074715822371257],[112.269673299300919,-7.074714588235932],[112.270125949084118,-7.074713353660835],[112.270578598786315,-7.074712118645963],[112.271031248407454,-7.074710883191318],[112.271483897947547,-7.074709647296902],[112.271936547406526,-7.074708410962713],[112.272389196784403,-7.074707174188751],[112.272841846081107,-7.074705936975018],[112.273294495296653,-7.074704699321515],[112.27374714443097,-7.074703461228241],[112.274199793484058,-7.074702222695195],[112.274652442455874,-7.07470098372238],[112.27510509134639,-7.074699744309797],[112.275557740155591,-7.074698504457443],[112.276010388883449,-7.07469726416532],[112.276463037529908,-7.074696023433428],[112.276915686094952,-7.07469478226177],[112.277368334578568,-7.074693540650345],[112.277820982980714,-7.07469229859915],[112.27827363130136,-7.07469105610819],[112.278726279540479,-7.074689813177462],[112.279178927698041,-7.074688569806968],[112.279631575774019,-7.07468732599671],[112.280084223768384,-7.074686081746685],[112.280536871681107,-7.074684837056895],[112.280989519512147,-7.074683591927342],[112.281442167261503,-7.074682346358023],[112.281894814929132,-7.074681100348942],[112.282347462514991,-7.074679853900096],[112.282800110019082,-7.074678607011489],[112.283252757441346,-7.074677359683117],[112.283705404781756,-7.074676111914984],[112.284158052040311,-7.074674863707089],[112.284610699216955,-7.074673615059432],[112.285063346311674,-7.074672365972015],[112.285515993324424,-7.074671116444836],[112.285968640255192,-7.074669866477898],[112.286421287103948,-7.0746686160712],[112.286873933870652,-7.074667365224742],[112.287326580555288,-7.074666113938524],[112.287779227157813,-7.074664862212548],[112.288231873678214,-7.074663610046815],[112.288684520116433,-7.074662357441322],[112.289137166472486,-7.074661104396073],[112.289589812746314,-7.074659850911066],[112.29004245893789,-7.074658596986302],[112.290495105047185,-7.074657342621782],[112.290947751074171,-7.074656087817505],[112.291400397018833,-7.074654832573474],[112.291853042881129,-7.074653576889687],[112.292305688661031,-7.074652320766146],[112.292758334358524,-7.074651064202848],[112.293210979973551,-7.074649807199799],[112.293663625506113,-7.074648549756994],[112.294116270956152,-7.074647291874437],[112.294568916323669,-7.074646033552126],[112.295021561608607,-7.074644774790062],[112.295474206810951,-7.074643515588249],[112.295926851930687,-7.074642255946681],[112.296379496967774,-7.074640995865363],[112.296832141922152,-7.074639735344293],[112.297284786793853,-7.074638474383476],[112.297737431582789,-7.074637212982904],[112.298190076288975,-7.074635951142585],[112.298642720912355,-7.074634688862516],[112.299095365452914,-7.074633426142698],[112.299548009910623,-7.074632162983132],[112.300000654285455,-7.074630899383817],[112.300453298577366,-7.074629635344754],[112.300905942786329,-7.074628370865944],[112.301358586912329,-7.074627105947386],[112.301811230955337,-7.074625840589086],[112.302263874915312,-7.074624574791033],[112.302716518792252,-7.074623308553238],[112.303169162586087,-7.074622041875696],[112.303621806296817,-7.074620774758411],[112.3040744499244,-7.07461950720138],[112.304527093468806,-7.074618239204605],[112.304979736930022,-7.074616970768086],[112.305432380307991,-7.074615701891822],[112.305885023602713,-7.074614432575817],[112.306337666814159,-7.074613162820069],[112.306790309942286,-7.074611892624577],[112.307242952987067,-7.074610621989344],[112.307695595948474,-7.074609350914371],[112.308148238826476,-7.074608079399656],[112.308600881621047,-7.074606807445201],[112.309053524332171,-7.074605535051004],[112.309506166959807,-7.074604262217068],[112.309958809503911,-7.074602988943391],[112.310411451964455,-7.074601715229976],[112.310864094341454,-7.074600441076822],[112.311316736634851,-7.07459916648393],[112.311769378844588,-7.0745978914513],[112.312222020970694,-7.074596615978932],[112.312674663013084,-7.074595340066828],[112.313127304971772,-7.074594063714986],[112.313579946846701,-7.074592786923409],[112.314032588637843,-7.074591509692094],[112.314485230345213,-7.074590232021045],[112.314937871968723,-7.07458895391026],[112.315390513508376,-7.07458767535974],[112.315843154964142,-7.074586396369487],[112.316295796335979,-7.074585116939498],[112.316748437623872,-7.074583837069777],[112.317201078827779,-7.074582556760324],[112.317653719947685,-7.074581276011135],[112.318106360983549,-7.074579994822215],[112.318559001935355,-7.074578713193564],[112.319011642803062,-7.07457743112518],[112.31946428358664,-7.074576148617065],[112.319916924286076,-7.074574865669219],[112.320369564901327,-7.074573582281642],[112.320822205432378,-7.074572298454338],[112.321274845879174,-7.074571014187301],[112.321727486241713,-7.074569729480536],[112.322180126519953,-7.074568444334044],[112.322632766713866,-7.074567158747821],[112.323085406823438,-7.07456587272187],[112.323538046848611,-7.074564586256192],[112.323990686789372,-7.074563299350788],[112.324443326645707,-7.074562012005657],[112.324895966417557,-7.074560724220798],[112.325348606104924,-7.074559435996213],[112.325801245707751,-7.074558147331903],[112.326253885226038,-7.074556858227868],[112.326706524659727,-7.074555568684109],[112.327159164008805,-7.074554278700623],[112.327611803273243,-7.074552988277416],[112.328064442453012,-7.074551697414483],[112.328517081548085,-7.074550406111828],[112.328969720558419,-7.07454911436945],[112.329422359483999,-7.074547822187348],[112.329874998324783,-7.074546529565526],[112.330327637080771,-7.074545236503982],[112.330780275751906,-7.074543943002717],[112.331232914338173,-7.07454264906173],[112.331685552839531,-7.074541354681024],[112.33213819125595,-7.074540059860597],[112.332590829587431,-7.074538764600452],[112.333043467833917,-7.074537468900585],[112.33349610599538,-7.074536172761001],[112.33394874407179,-7.0745348761817],[112.334401382063135,-7.074533579162678],[112.33485401996937,-7.074532281703939],[112.335306657790483,-7.074530983805485],[112.335759295526429,-7.074529685467313],[112.336211933177182,-7.074528386689423],[112.336664570742712,-7.074527087471819],[112.337117208223006,-7.074525787814499],[112.33756984561802,-7.074524487717463],[112.338022482927727,-7.074523187180713],[112.338475120152097,-7.074521886204248],[112.338927757291103,-7.074520584788069],[112.339380394344715,-7.074519282932177],[112.339833031312921,-7.074517980636573],[112.340285668195648,-7.074516677901254],[112.340738304992925,-7.074515374726224],[112.341190941704681,-7.074514071111482],[112.341643578330903,-7.074512767057027],[112.34209621487156,-7.074511462562863],[112.342548851326612,-7.074510157628986],[112.343001487696057,-7.0745088522554],[112.343454123979839,-7.074507546442105],[112.343906760177944,-7.074506240189099],[112.344359396290358,-7.074504933496385],[112.344812032317009,-7.074503626363962],[112.345264668257897,-7.074502318791829],[112.345717304112995,-7.074501010779988],[112.346169939882273,-7.074499702328443],[112.346622575565675,-7.074498393437187],[112.347075211163215,-7.074497084106227],[112.347527846674836,-7.074495774335562],[112.34798048210051,-7.074494464125188],[112.348433117440237,-7.074493153475109],[112.348885752693946,-7.074491842385325],[112.349338387861636,-7.074490530855838],[112.349791022943265,-7.074489218886646],[112.350243657938819,-7.074487906477749],[112.350696292848255,-7.074486593629149],[112.351148927671531,-7.074485280340847],[112.351601562408661,-7.074483966612842],[112.352054197059587,-7.074482652445134],[112.352506831624282,-7.074481337837724],[112.352959466102703,-7.074480022790614],[112.35341210049485,-7.074478707303802],[112.353864734800695,-7.07447739137729],[112.35431736902018,-7.074476075011079],[112.354770003153305,-7.074474758205167],[112.355222637200015,-7.074473440959556],[112.355675271160308,-7.074472123274245],[112.356127905034128,-7.074470805149236],[112.356580538821461,-7.07446948658453],[112.357033172522293,-7.074468167580124],[112.357485806136552,-7.074466848136023],[112.357938439664252,-7.074465528252223],[112.358391073105352,-7.074464207928728],[112.358843706459808,-7.074462887165537],[112.359296339727607,-7.07446156596265],[112.359748972908719,-7.074460244320067],[112.360201606003102,-7.074458922237792],[112.360654239010756,-7.074457599715819],[112.361106871931611,-7.074456276754154],[112.36155950476568,-7.074454953352795],[112.362012137512906,-7.074453629511743],[112.362464770173261,-7.074452305230997],[112.362917402746746,-7.07445098051056],[112.363370035233288,-7.074449655350431],[112.363822667632888,-7.074448329750609],[112.364275299945504,-7.074447003711098],[112.364727932171121,-7.074445677231895],[112.365180564309711,-7.074444350313001],[112.365633196361216,-7.074443022954419],[112.366085828325637,-7.074441695156146],[112.366538460202932,-7.074440366918185],[112.366991091993071,-7.074439038240534],[112.367443723696027,-7.074437709123194],[112.3678963553118,-7.074436379566169],[112.368348986840303,-7.074435049569455],[112.368801618281552,-7.074433719133054],[112.369254249635503,-7.074432388256968],[112.369706880902129,-7.074431056941193],[112.370159512081401,-7.074429725185735],[112.370612143173304,-7.07442839299059],[112.371064774177782,-7.07442706035576],[112.371517405094821,-7.074425727281246],[112.371970035924392,-7.074424393767049],[112.372422666666452,-7.074423059813165],[112.372875297321002,-7.0744217254196],[112.373327927887999,-7.074420390586353],[112.3737805583674,-7.074419055313421],[112.374233188759192,-7.074417719600809],[112.374685819063345,-7.074416383448515],[112.375138449279831,-7.074415046856539],[112.375591079408608,-7.074413709824884],[112.376043709449647,-7.074412372353547],[112.376496339402948,-7.074411034442531],[112.376948969268454,-7.074409696091833],[112.377401599046152,-7.074408357301458],[112.377854228735998,-7.074407018071405],[112.378306858337979,-7.074405678401672],[112.378759487852051,-7.074404338292261],[112.379212117278186,-7.074402997743173],[112.379664746616371,-7.074401656754408],[112.380117375866561,-7.074400315325968],[112.380570005028744,-7.074398973457851],[112.381022634102877,-7.074397631150057],[112.38147526308893,-7.074396288402587],[112.381927891986891,-7.074394945215444],[112.382380520796715,-7.074393601588625],[112.382833149518376,-7.074392257522133],[112.383285778151844,-7.074390913015966],[112.383738406697105,-7.074389568070126],[112.384191035154103,-7.074388222684616],[112.384643663522823,-7.074386876859429],[112.385096291803251,-7.074385530594571],[112.385548919995344,-7.074384183890044],[112.38600154809906,-7.074382836745843],[112.386454176114398,-7.074381489161973],[112.386906804041303,-7.074380141138431],[112.387359431879759,-7.074378792675222],[112.387812059629752,-7.07437744377234],[112.388264687291212,-7.07437609442979],[112.388717314864166,-7.074374744647571],[112.389169942348531,-7.074373394425685],[112.389622569744319,-7.074372043764131],[112.390075197051473,-7.074370692662908],[112.390527824269967,-7.074369341122019],[112.390980451399798,-7.074367989141463],[112.391433078440912,-7.074366636721242],[112.391885705393292,-7.074365283861355],[112.392338332256898,-7.074363930561802],[112.392790959031714,-7.074362576822584]]]}},
{"type":"Feature","properties":{"Line":"S108","begin":1360.5,"end":2728.5},"geometry":{"type":"MultiLineString","coordinates":[[[112.206869874120031,-7.032148788357569],[112.206871041534882,-7.032600984964883],[112.206872209026656,-7.033053181563291],[112.206873376595397,-7.033505378152799],[112.206874544241089,-7.0339575747334],[112.206875711963718,-7.034409771305098],[112.206876879763314,-7.034861967867888],[112.206878047639847,-7.035314164421774],[112.206879215593332,-7.035766360966756],[112.206880383623769,-7.03621855750283],[112.206881551731158,-7.036670754029993],[112.206882719915498,-7.03712295054825],[112.206883888176804,-7.037575147057599],[112.206885056515034,-7.038027343558038],[112.20688622493023,-7.038479540049568],[112.206887393422392,-7.038931736532188],[112.206888561991491,-7.039383933005894],[112.206889730637556,-7.039836129470692],[112.206890899360559,-7.040288325926577],[112.206892068160528,-7.040740522373548],[112.206893237037448,-7.041192718811607],[112.206894405991321,-7.041644915240753],[112.206895575022159,-7.042097111660984],[112.206896744129949,-7.042549308072299],[112.206897913314691,-7.0430015044747],[112.206899082576399,-7.043453700868183],[112.206900251915044,-7.043905897252753],[112.20690142133067,-7.044358093628404],[112.206902590823233,-7.044810289995135],[112.206903760392763,-7.045262486352953],[112.206904930039258,-7.045714682701849],[112.206906099762705,-7.046166879041825],[112.206907269563104,-7.046619075372883],[112.206908439440483,-7.047071271695019],[112.206909609394813,-7.047523468008236],[112.206910779426096,-7.047975664312528],[112.206911949534344,-7.048427860607901],[112.206913119719545,-7.048880056894349],[112.206914289981725,-7.049332253171877],[112.206915460320857,-7.049784449440478],[112.206916630736956,-7.050236645700156],[112.206917801230006,-7.050688841950909],[112.206918971800036,-7.051141038192736],[112.206920142447004,-7.051593234425638],[112.206921313170952,-7.052045430649613],[112.20692248397188,-7.05249762686466],[112.206923654849746,-7.052949823070778],[112.206924825804592,-7.05340201926797],[112.206925996836389,-7.053854215456232],[112.206927167945167,-7.054306411635565],[112.206928339130897,-7.054758607805968],[112.206929510393593,-7.055210803967441],[112.206930681733269,-7.055663000119981],[112.206931853149911,-7.056115196263593],[112.206933024643519,-7.05656739239827],[112.206934196214092,-7.057019588524013],[112.206935367861632,-7.057471784640825],[112.206936539586124,-7.057923980748702],[112.20693771138761,-7.058376176847644],[112.206938883266048,-7.058828372937652],[112.206940055221466,-7.059280569018723],[112.206941227253864,-7.05973276509086],[112.2069423993632,-7.060184961154059],[112.20694357154953,-7.06063715720832],[112.206944743812826,-7.061089353253644],[112.206945916153103,-7.061541549290031],[112.206947088570331,-7.061993745317478],[112.206948261064554,-7.062445941335984],[112.206949433635742,-7.062898137345551],[112.206950606283897,-7.063350333346177],[112.206951779009032,-7.063802529337863],[112.206952951811132,-7.064254725320606],[112.206954124690213,-7.064706921294407],[112.206955297646275,-7.065159117259265],[112.206956470679287,-7.065611313215179],[112.206957643789281,-7.066063509162149],[112.206958816976268,-7.066515705100175],[112.206959990240222,-7.066967901029257],[112.206961163581155,-7.06742009694939],[112.206962336999055,-7.067872292860581],[112.206963510493949,-7.068324488762822],[112.206964684065795,-7.068776684656116],[112.206965857714636,-7.069228880540463],[112.206967031440456,-7.069681076415861],[112.206968205243257,-7.070133272282309],[112.206969379123024,-7.070585468139808],[112.206970553079785,-7.071037663988358],[112.206971727113498,-7.071489859827956],[112.206972901224219,-7.071942055658602],[112.206974075411907,-7.072394251480299],[112.206975249676574,-7.072846447293041],[112.206976424018237,-7.07329864309683],[112.206977598436865,-7.073750838891667],[112.206978772932487,-7.074203034677548],[112.206979947505076,-7.074655230454476],[112.206981122154659,-7.075107426222448],[112.206982296881222,-7.075559621981462],[112.206983471684765,-7.076011817731523],[112.206984646565289,-7.076464013472625],[112.206985821522807,-7.07691620920477],[112.206986996557305,-7.077368404927959],[112.206988171668783,-7.077820600642187],[112.206989346857256,-7.078272796347456],[112.206990522122709,-7.078724992043766],[112.206991697465142,-7.079177187731116],[112.20699287288457,-7.079629383409504],[112.206994048380977,-7.08008157907893],[112.20699522395438,-7.080533774739395],[112.206996399604762,-7.080985970390897],[112.206997575332139,-7.081438166033437],[112.206998751136496,-7.081890361667012],[112.206999927017847,-7.082342557291623],[112.207001102976193,-7.082794752907271],[112.207002279011505,-7.083246948513953],[112.207003455123825,-7.083699144111667],[112.207004631313126,-7.084151339700416],[112.207005807579421,-7.084603535280198],[112.20700698392271,-7.085055730851011],[112.207008160342994,-7.085507926412859],[112.207009336840258,-7.085960121965736],[112.207010513414517,-7.086412317509644],[112.207011690065755,-7.086864513044582],[112.207012866794003,-7.08731670857055],[112.207014043599244,-7.087768904087545],[112.207015220481466,-7.088221099595571],[112.207016397440697,-7.088673295094624],[112.207017574476922,-7.089125490584705],[112.207018751590113,-7.089577686065811],[112.207019928780326,-7.090029881537946],[112.20702110604752,-7.090482077001104],[112.207022283391723,-7.090934272455288],[112.207023460812906,-7.091386467900499],[112.207024638311097,-7.09183866333673],[112.207025815886297,-7.092290858763985],[112.207026993538463,-7.092743054182265],[112.207028171267638,-7.093195249591567],[112.207029349073821,-7.093647444991888],[112.207030526956984,-7.094099640383233],[112.207031704917156,-7.094551835765598],[112.207032882954337,-7.095004031138983],[112.207034061068498,-7.095456226503387],[112.207035239259667,-7.09590842185881],[112.207036417527846,-7.096360617205252],[112.207037595873004,-7.096812812542711],[112.207038774295171,-7.097265007871189],[112.207039952794347,-7.097717203190681],[112.207041131370502,-7.098169398501191],[112.207042310023681,-7.098621593802716],[112.207043488753854,-7.099073789095256],[112.207044667561036,-7.09952598437881],[112.207045846445212,-7.099978179653379],[112.207047025406396,-7.10043037491896],[112.207048204444575,-7.100882570175557],[112.207049383559777,-7.101334765423162],[112.207050562751959,-7.101786960661779],[112.20705174202115,-7.102239155891409],[112.20705292136735,-7.102691351112048],[112.207054100790572,-7.103143546323698],[112.207055280290788,-7.103595741526359],[112.207056459867999,-7.104047936720025],[112.207057639522233,-7.104500131904701],[112.207058819253461,-7.104952327080386],[112.207059999061698,-7.105404522247077],[112.207061178946944,-7.105856717404774],[112.207062358909198,-7.106308912553478],[112.207063538948461,-7.106761107693186],[112.207064719064732,-7.107213302823901],[112.207065899258012,-7.10766549794562],[112.207067079528301,-7.108117693058341],[112.207068259875612,-7.108569888162067],[112.207069440299918,-7.109022083256796],[112.207070620801233,-7.109474278342525],[112.20707180137957,-7.109926473419256],[112.207072982034916,-7.110378668486988],[112.20707416276727,-7.11083086354572],[112.207075343576619,-7.111283058595454],[112.207076524463005,-7.111735253636186],[112.207077705426386,-7.112187448667916],[112.207078886466803,-7.112639643690647],[112.207080067584215,-7.113091838704372],[112.20708124877865,-7.113544033709094],[112.207082430050093,-7.113996228704816],[112.207083611398545,-7.114448423691532],[112.207084792824034,-7.114900618669244],[112.207085974326503,-7.11535281363795],[112.207087155906024,-7.115805008597651],[112.207088337562539,-7.116257203548344],[112.207089519296076,-7.116709398490033],[112.207090701106623,-7.117161593422712],[112.207091882994206,-7.117613788346382],[112.207093064958798,-7.118065983261047],[112.207094247000398,-7.118518178166701],[112.207095429119022,-7.118970373063346],[112.207096611314668,-7.11942256795098],[112.207097793587323,-7.119874762829601],[112.207098975937015,-7.120326957699215],[112.207100158363716,-7.120779152559814],[112.207101340867425,-7.121231347411401],[112.207102523448171,-7.121683542253976],[112.20710370610594,-7.122135737087538],[112.207104888840718,-7.122587931912085],[112.207106071652532,-7.123040126727615],[112.207107254541341,-7.123492321534133],[112.207108437507202,-7.123944516331632],[112.207109620550071,-7.124396711120117],[112.207110803669963,-7.124848905899584],[112.207111986866892,-7.125301100670033],[112.207113170140829,-7.125753295431466],[112.207114353491804,-7.12620549018388],[112.207115536919787,-7.126657684927273],[112.207116720424807,-7.127109879661646],[112.20711790400685,-7.127562074387001],[112.207119087665902,-7.128014269103333],[112.207120271402005,-7.128466463810645],[112.20712145521513,-7.128918658508933],[112.207122639105265,-7.129370853198201],[112.207123823072436,-7.129823047878443],[112.207125007116645,-7.130275242549663],[112.207126191237876,-7.130727437211859],[112.20712737543613,-7.131179631865028],[112.207128559711421,-7.131631826509176],[112.207129744063721,-7.132084021144293],[112.207130928493072,-7.132536215770387],[112.207132112999446,-7.132988410387453],[112.207133297582843,-7.13344060499549],[112.207134482243276,-7.133892799594501],[112.207135666980733,-7.134344994184482],[112.207136851795241,-7.134797188765432],[112.207138036686771,-7.135249383337354],[112.207139221655325,-7.135701577900246],[112.207140406700915,-7.136153772454107],[112.207141591823543,-7.136605966998936],[112.207142777023194,-7.137058161534733],[112.207143962299895,-7.137510356061497],[112.20714514765362,-7.137962550579227],[112.207146333084367,-7.138414745087926],[112.207147518592166,-7.138866939587587],[112.207148704177001,-7.139319134078214],[112.207149889838846,-7.139771328559807],[112.207151075577755,-7.140223523032363],[112.207152261393688,-7.140675717495881],[112.207153447286672,-7.141127911950364],[112.207154633256664,-7.141580106395808],[112.207155819303708,-7.142032300832216],[112.207157005427788,-7.142484495259583],[112.20715819162892,-7.14293668967791],[112.207159377907075,-7.143388884087199],[112.207160564262281,-7.143841078487447],[112.20716175069451,-7.144293272878652],[112.20716293720379,-7.144745467260817],[112.207164123790108,-7.145197661633938],[112.207165310453462,-7.145649855998018],[112.207166497193853,-7.146102050353056],[112.207167684011296,-7.146554244699048],[112.207168870905775,-7.147006439035995],[112.207170057877292,-7.147458633363899],[112.20717124492586,-7.147910827682756],[112.207172432051451,-7.148363021992567],[112.207173619254107,-7.148815216293331],[112.2071748065338,-7.149267410585049],[112.20717599389053,-7.149719604867718],[112.207177181324298,-7.150171799141339],[112.20717836883513,-7.15062399340591],[112.207179556422986,-7.151076187661432],[112.207180744087907,-7.151528381907904],[112.207181931829851,-7.151980576145328],[112.20718311964886,-7.152432770373698],[112.207184307544907,-7.152884964593015],[112.207185495518004,-7.153337158803285],[112.207186683568139,-7.153789353004496],[112.207187871695339,-7.154241547196658],[112.207189059899576,-7.154693741379761],[112.207190248180865,-7.155145935553814],[112.20719143653919,-7.155598129718811],[112.207192624974567,-7.156050323874752],[112.207193813486995,-7.156502518021636],[112.207195002076475,-7.156954712159464],[112.207196190743005,-7.157406906288234],[112.207197379486587,-7.157859100407944],[112.20719856830722,-7.158311294518599],[112.20719975720489,-7.158763488620195],[112.207200946179626,-7.15921568271273],[112.207202135231412,-7.159667876796204],[112.20720332436025,-7.160120070870621],[112.20720451356614,-7.160572264935972],[112.20720570284908,-7.161024458992263],[112.207206892209072,-7.161476653039492],[112.207208081646115,-7.161928847077658],[112.207209271160224,-7.16238104110676],[112.207210460751369,-7.162833235126798],[112.20721165041958,-7.163285429137771],[112.207212840164857,-7.16373762313968],[112.207214029987185,-7.164189817132523],[112.20721521988655,-7.164642011116297],[112.20721640986298,-7.165094205091009],[112.207217599916476,-7.165546399056649],[112.207218790047023,-7.165998593013224],[112.207219980254621,-7.166450786960728],[112.207221170539285,-7.166902980899163],[112.207222360901,-7.167355174828529],[112.20722355133978,-7.167807368748826],[112.207224741855626,-7.168259562660052],[112.207225932448523,-7.168711756562204],[112.207227123118471,-7.169163950455286],[112.207228313865485,-7.169616144339297],[112.20722950468955,-7.170068338214231],[112.207230695590695,-7.170520532080095],[112.207231886568891,-7.170972725936884],[112.207233077624153,-7.171424919784596],[112.207234268756466,-7.171877113623235],[112.207235459965858,-7.172329307452797],[112.207236651252302,-7.172781501273283],[112.207237842615797,-7.173233695084692],[112.207239034056371,-7.173685888887025],[112.207240225573997,-7.174138082680276],[112.207241417168703,-7.174590276464453],[112.207242608840474,-7.175042470239546],[112.207243800589296,-7.175494664005564],[112.207244992415198,-7.175946857762498],[112.207246184318151,-7.176399051510352],[112.20724737629817,-7.176851245249125],[112.207248568355269,-7.177303438978815],[112.207249760489418,-7.177755632699425],[112.207250952700633,-7.178207826410948],[112.207252144988928,-7.17866002011339],[112.207253337354274,-7.179112213806747],[112.207254529796714,-7.179564407491019],[112.207255722316205,-7.180016601166206],[112.207256914912776,-7.180468794832306],[112.207258107586398,-7.18092098848932],[112.2072593003371,-7.181373182137248],[112.207260493164867,-7.181825375776087],[112.207261686069714,-7.18227756940584],[112.207262879051626,-7.182729763026502],[112.207264072110618,-7.183181956638073],[112.207265265246676,-7.183634150240557],[112.207266458459799,-7.18408634383395],[112.207267651750001,-7.184538537418252],[112.20726884511727,-7.184990730993461],[112.207270038561617,-7.18544292455958],[112.207271232083045,-7.185895118116605],[112.207272425681523,-7.186347311664536],[112.207273619357096,-7.186799505203377]]]}},
{"type":"Feature","properties":{"Line":"S102","begin":1360.5,"end":2636.5},"geometry":{"type":"MultiLineString","coordinates":[[[112.179736559696209,-7.041714199886887],[112.179737702436242,-7.042166400799744],[112.179738845251521,-7.042618601703694],[112.179739988142018,-7.043070802598738],[112.179741131107733,-7.043523003484875],[112.17974227414868,-7.043975204362102],[112.179743417264845,-7.044427405230421],[112.179744560456257,-7.044879606089829],[112.179745703722872,-7.04533180694033],[112.179746847064749,-7.045784007781919],[112.179747990481829,-7.046236208614596],[112.179749133974141,-7.046688409438364],[112.179750277541672,-7.047140610253217],[112.179751421184449,-7.04759281105916],[112.179752564902444,-7.048045011856188],[112.179753708695685,-7.048497212644303],[112.179754852564145,-7.048949413423503],[112.179755996507836,-7.049401614193789],[112.179757140526746,-7.04985381495516],[112.179758284620902,-7.050306015707613],[112.179759428790291,-7.05075821645115],[112.179760573034912,-7.051210417185771],[112.179761717354765,-7.051662617911473],[112.17976286174985,-7.052114818628258],[112.179764006220168,-7.052567019336122],[112.179765150765718,-7.053019220035067],[112.1797662953865,-7.053471420725095],[112.179767440082514,-7.0539236214062],[112.179768584853775,-7.054375822078383],[112.179769729700254,-7.054828022741646],[112.17977087462198,-7.055280223395988],[112.179772019618937,-7.055732424041405],[112.179773164691127,-7.056184624677901],[112.179774309838564,-7.05663682530547],[112.179775455061232,-7.057089025924116],[112.179776600359133,-7.057541226533836],[112.179777745732281,-7.057993427134631],[112.179778891180646,-7.058445627726501],[112.179780036704273,-7.058897828309444],[112.179781182303131,-7.059350028883459],[112.179782327977236,-7.059802229448546],[112.179783473726559,-7.060254430004705],[112.179784619551143,-7.060706630551936],[112.179785765450944,-7.061158831090236],[112.179786911426007,-7.061611031619607],[112.179788057476301,-7.062063232140046],[112.179789203601842,-7.062515432651554],[112.17979034980263,-7.062967633154132],[112.179791496078636,-7.063419833647776],[112.179792642429902,-7.063872034132489],[112.179793788856415,-7.064324234608266],[112.17979493535816,-7.064776435075109],[112.179796081935152,-7.06522863553302],[112.17979722858739,-7.065680835981996],[112.17979837531486,-7.066133036422033],[112.179799522117577,-7.066585236853136],[112.179800668995554,-7.067037437275302],[112.179801815948764,-7.067489637688531],[112.179802962977234,-7.067941838092823],[112.179804110080923,-7.068394038488173],[112.179805257259872,-7.068846238874587],[112.179806404514068,-7.069298439252061],[112.179807551843524,-7.069750639620596],[112.179808699248198,-7.070202839980187],[112.179809846728148,-7.070655040330839],[112.179810994283329,-7.071107240672547],[112.179812141913771,-7.071559441005316],[112.179813289619446,-7.07201164132914],[112.179814437400367,-7.07246384164402],[112.179815585256563,-7.072916041949956],[112.179816733187977,-7.073368242246949],[112.179817881194666,-7.073820442534997],[112.179819029276601,-7.074272642814097],[112.179820177433783,-7.07472484308425],[112.179821325666211,-7.07517704334546],[112.1798224739739,-7.075629243597719],[112.179823622356835,-7.076081443841032],[112.179824770815017,-7.076533644075396],[112.179825919348474,-7.076985844300809],[112.179827067957163,-7.077438044517274],[112.179828216641098,-7.077890244724789],[112.179829365400309,-7.078342444923353],[112.179830514234766,-7.078794645112965],[112.179831663144483,-7.079246845293627],[112.179832812129433,-7.079699045465333],[112.179833961189658,-7.080151245628089],[112.179835110325143,-7.08060344578189],[112.179836259535861,-7.081055645926738],[112.179837408821854,-7.08150784606263],[112.179838558183093,-7.081960046189567],[112.179839707619593,-7.082412246307548],[112.179840857131353,-7.082864446416574],[112.179842006718374,-7.083316646516643],[112.179843156380642,-7.083768846607751],[112.17984430611817,-7.084221046689904],[112.179845455930959,-7.084673246763098],[112.179846605819009,-7.085125446827332],[112.179847755782319,-7.085577646882606],[112.179848905820876,-7.086029846928922],[112.179850055934722,-7.086482046966273],[112.1798512061238,-7.086934246994666],[112.179852356388153,-7.087386447014096],[112.179853506727767,-7.087838647024562],[112.179854657142641,-7.088290847026066],[112.179855807632777,-7.088743047018608],[112.179856958198172,-7.089195247002183],[112.179858108838829,-7.089647446976795],[112.17985925955476,-7.090099646942442],[112.179860410345938,-7.090551846899121],[112.179861561212391,-7.091004046846835],[112.179862712154105,-7.091456246785581],[112.179863863171079,-7.091908446715359],[112.179865014263314,-7.092360646636171],[112.179866165430838,-7.092812846548012],[112.179867316673608,-7.093265046450884],[112.179868467991639,-7.093717246344786],[112.179869619384959,-7.09416944622972],[112.179870770853526,-7.094621646105681],[112.179871922397368,-7.095073845972671],[112.17987307401647,-7.095526045830687],[112.179874225710847,-7.095978245679731],[112.179875377480485,-7.096430445519803],[112.179876529325398,-7.096882645350902],[112.179877681245586,-7.097334845173025],[112.179878833241034,-7.097787044986173],[112.179879985311757,-7.098239244790346],[112.179881137457741,-7.098691444585541],[112.179882289679,-7.099143644371763],[112.179883441975534,-7.099595844149006],[112.179884594347328,-7.100048043917272],[112.179885746794398,-7.100500243676558],[112.179886899316742,-7.100952443426869],[112.179888051914361,-7.101404643168197],[112.179889204587241,-7.101856842900546],[112.17989035733541,-7.102309042623915],[112.179891510158839,-7.102761242338301],[112.179892663057544,-7.103213442043707],[112.179893816031537,-7.10366564174013],[112.179894969080777,-7.104117841427572],[112.179896122205321,-7.10457004110603],[112.179897275405125,-7.105022240775503],[112.179898428680204,-7.105474440435992],[112.179899582030572,-7.105926640087495],[112.179900735456187,-7.106378839730015],[112.179901888957104,-7.106831039363547],[112.179903042533283,-7.107283238988092],[112.179904196184751,-7.107735438603651],[112.179905349911479,-7.108187638210222],[112.179906503713511,-7.108639837807804],[112.179907657590803,-7.109092037396397],[112.17990881154337,-7.109544236976],[112.179909965571227,-7.109996436546616],[112.179911119674358,-7.110448636108238],[112.179912273852779,-7.11090083566087],[112.179913428106474,-7.111353035204509],[112.179914582435444,-7.111805234739157],[112.179915736839689,-7.112257434264812],[112.179916891319237,-7.112709633781475],[112.179918045874047,-7.113161833289142],[112.179919200504145,-7.113614032787814],[112.179920355209518,-7.114066232277493],[112.179921509990194,-7.114518431758176],[112.179922664846131,-7.114970631229862],[112.179923819777372,-7.115422830692551],[112.179924974783873,-7.115875030146243],[112.179926129865663,-7.116327229590938],[112.179927285022742,-7.116779429026633],[112.179928440255111,-7.117231628453329],[112.179929595562768,-7.117683827871026],[112.179930750945701,-7.118136027279724],[112.179931906403922,-7.118588226679422],[112.179933061937433,-7.119040426070116],[112.179934217546219,-7.119492625451808],[112.179935373230308,-7.119944824824498],[112.179936528989671,-7.120397024188187],[112.179937684824338,-7.120849223542871],[112.17993884073428,-7.121301422888551],[112.179939996719511,-7.121753622225227],[112.179941152780032,-7.122205821552897],[112.179942308915841,-7.122658020871563],[112.179943465126939,-7.123110220181219],[112.179944621413327,-7.12356241948187],[112.179945777775004,-7.124014618773516],[112.179946934211983,-7.124466818056152],[112.179948090724238,-7.12491901732978],[112.179949247311782,-7.125371216594396],[112.17995040397463,-7.125823415850006],[112.17995156071278,-7.126275615096605],[112.179952717526191,-7.126727814334193],[112.17995387441492,-7.127180013562769],[112.179955031378924,-7.127632212782334],[112.179956188418245,-7.128084411992885],[112.179957345532841,-7.128536611194424],[112.179958502722741,-7.128988810386949],[112.179959659987929,-7.129441009570461],[112.179960817328407,-7.129893208744958],[112.179961974744188,-7.130345407910438],[112.179963132235258,-7.130797607066904],[112.179964289801632,-7.131249806214353],[112.179965447443308,-7.131702005352786],[112.179966605160274,-7.1321542044822],[112.179967762952529,-7.132606403602596],[112.179968920820087,-7.133058602713973],[112.179970078762935,-7.133510801816331],[112.1799712367811,-7.133963000909671],[112.179972394874554,-7.13441519999399],[112.179973553043311,-7.134867399069286],[112.179974711287358,-7.135319598135562],[112.179975869606707,-7.135771797192817],[112.17997702800136,-7.136223996241049],[112.179978186471317,-7.136676195280257],[112.179979345016562,-7.137128394310443],[112.179980503637111,-7.137580593331602],[112.179981662332963,-7.138032792343738],[112.179982821104119,-7.138484991346849],[112.179983979950578,-7.138937190340933],[112.17998513887234,-7.139389389325991],[112.179986297869405,-7.139841588302023],[112.179987456941774,-7.140293787269025],[112.179988616089446,-7.140745986227],[112.179989775312421,-7.141198185175948],[112.1799909346107,-7.141650384115864],[112.179992093984268,-7.142102583046752],[112.179993253433167,-7.142554781968609],[112.179994412957356,-7.143006980881434],[112.179995572556848,-7.143459179785228],[112.179996732231658,-7.143911378679992],[112.17999789198177,-7.144363577565721],[112.179999051807187,-7.144815776442417],[112.18000021170792,-7.145267975310081],[112.180001371683943,-7.145720174168709],[112.180002531735283,-7.146172373018302],[112.180003691861941,-7.146624571858859],[112.180004852063902,-7.147076770690381],[112.180006012341167,-7.147528969512868],[112.180007172693749,-7.147981168326316],[112.180008333121634,-7.148433367130726],[112.180009493624823,-7.148885565926098],[112.180010654203329,-7.149337764712431],[112.180011814857153,-7.149789963489727],[112.18001297558628,-7.150242162257981],[112.180014136390724,-7.150694361017195],[112.180015297270472,-7.151146559767368],[112.180016458225538,-7.151598758508499],[112.180017619255921,-7.152050957240587],[112.180018780361607,-7.152503155963633],[112.180019941542611,-7.152955354677636],[112.180021102798918,-7.153407553382595],[112.180022264130557,-7.153859752078509],[112.180023425537499,-7.154311950765381],[112.180024587019759,-7.154764149443204],[112.180025748577336,-7.155216348111982],[112.180026910210231,-7.155668546771714],[112.180028071918443,-7.156120745422398],[112.180029233701973,-7.156572944064035],[112.18003039556082,-7.157025142696622],[112.180031557494971,-7.157477341320162],[112.180032719504439,-7.15792953993465],[112.180033881589239,-7.15838173854009],[112.180035043749342,-7.15883393713648],[112.180036205984777,-7.159286135723817],[112.18003736829553,-7.159738334302104],[112.1800385306816,-7.160190532871339],[112.180039693142987,-7.160642731431519],[112.180040855679692,-7.161094929982648],[112.180042018291715,-7.16154712852472],[112.180043180979069,-7.161999327057739],[112.180044343741727,-7.162451525581704],[112.180045506579731,-7.162903724096613],[112.180046669493038,-7.163355922602465],[112.180047832481677,-7.163808121099262],[112.180048995545633,-7.164260319586999],[112.180050158684907,-7.164712518065679],[112.180051321899512,-7.165164716535303],[112.180052485189435,-7.165616914995868],[112.18005364855469,-7.16606911344737],[112.180054811995277,-7.166521311889813],[112.180055975511166,-7.166973510323196],[112.180057139102388,-7.167425708747517],[112.180058302768941,-7.167877907162778],[112.180059466510826,-7.168330105568975],[112.180060630328015,-7.168782303966108],[112.180061794220549,-7.16923450235418],[112.180062958188401,-7.169686700733188],[112.180064122231585,-7.170138899103129],[112.1800652863501,-7.170591097464008],[112.180066450543947,-7.171043295815819],[112.180067614813112,-7.171495494158565],[112.180068779157594,-7.171947692492245],[112.180069943577422,-7.172399890816854],[112.180071108072582,-7.172852089132396],[112.180072272643059,-7.173304287438873],[112.180073437288883,-7.173756485736279],[112.180074602010023,-7.174208684024614],[112.18007576680651,-7.17466088230388],[112.1800769316783,-7.175113080574075],[112.180078096625437,-7.175565278835199],[112.180079261647919,-7.176017477087251],[112.180080426745718,-7.17646967533023],[112.180081591918849,-7.176921873564137],[112.180082757167327,-7.177374071788971],[112.180083922491121,-7.177826270004731],[112.180085087890262,-7.178278468211413],[112.180086253364735,-7.178730666409022],[112.180087418914539,-7.179182864597556],[112.180088584539675,-7.179635062777013],[112.180089750240157,-7.180087260947391],[112.180090916015956,-7.180539459108696],[112.180092081867116,-7.180991657260919],[112.180093247793579,-7.181443855404066],[112.180094413795416,-7.181896053538131],[112.180095579872571,-7.18234825166312],[112.180096746025058,-7.182800449779026],[112.180097912252904,-7.18325264788585],[112.180099078556069,-7.183704845983597],[112.180100244934579,-7.18415704407226],[112.180101411388421,-7.184609242151837],[112.180102577917609,-7.185061440222336],[112.180103744522128,-7.185513638283751],[112.180104911202008,-7.185965836336077]]]}},
{"type":"Feature","properties":{"Line":"S136","begin":1360.5,"end":2512.5},"geometry":{"type":"MultiLineString","coordinates":[[[112.333604022155313,-7.033161616409936],[112.333605312328075,-7.033613790674703],[112.333606602585874,-7.034065964930525],[112.333607892928683,-7.034518139177399],[112.333609183356543,-7.034970313415324],[112.333610473869399,-7.035422487644306],[112.333611764467292,-7.035874661864336],[112.333613055150209,-7.036326836075418],[112.333614345918164,-7.03677901027755],[112.333615636771128,-7.037231184470733],[112.33361692770913,-7.037683358654965],[112.333618218732155,-7.038135532830245],[112.333619509840219,-7.038587706996574],[112.333620801033291,-7.03903988115395],[112.333622092311401,-7.039492055302375],[112.333623383674549,-7.039944229441845],[112.333624675122721,-7.040396403572362],[112.333625966655916,-7.040848577693923],[112.333627258274149,-7.04130075180653],[112.333628549977405,-7.041752925910181],[112.333629841765699,-7.042205100004876],[112.333631133639017,-7.042657274090614],[112.333632425597372,-7.043109448167395],[112.333633717640765,-7.043561622235218],[112.333635009769182,-7.044013796294083],[112.333636301982636,-7.044465970343989],[112.333637594281129,-7.044918144384934],[112.333638886664644,-7.04537031841692],[112.333640179133198,-7.045822492439946],[112.333641471686789,-7.046274666454008],[112.333642764325418,-7.046726840459111],[112.333644057049085,-7.047179014455248],[112.333645349857761,-7.047631188442425],[112.333646642751503,-7.048083362420638],[112.333647935730269,-7.048535536389886],[112.333649228794073,-7.04898771035017],[112.333650521942914,-7.049439884301488],[112.333651815176808,-7.049892058243842],[112.333653108495724,-7.050344232177226],[112.333654401899679,-7.050796406101647],[112.333655695388686,-7.051248580017099],[112.333656988962716,-7.051700753923584],[112.333658282621798,-7.052152927821098],[112.333659576365918,-7.052605101709642],[112.333660870195075,-7.053057275589221],[112.333662164109285,-7.053509449459826],[112.333663458108518,-7.053961623321461],[112.333664752192803,-7.054413797174124],[112.333666046362126,-7.054865971017816],[112.3336673406165,-7.055318144852535],[112.333668634955913,-7.05577031867828],[112.333669929380363,-7.056222492495052],[112.333671223889866,-7.056674666302849],[112.333672518484406,-7.057126840101674],[112.333673813163998,-7.05757901389152],[112.333675107928642,-7.058031187672391],[112.333676402778309,-7.058483361444287],[112.333677697713028,-7.058935535207205],[112.333678992732814,-7.059387708961145],[112.333680287837637,-7.059839882706107],[112.333681583027499,-7.06029205644209],[112.333682878302412,-7.060744230169093],[112.333684173662377,-7.061196403887118],[112.333685469107394,-7.06164857759616],[112.333686764637449,-7.062100751296223],[112.333688060252555,-7.062552924987304],[112.333689355952728,-7.063005098669402],[112.333690651737925,-7.063457272342519],[112.333691947608187,-7.063909446006651],[112.333693243563502,-7.064361619661798],[112.333694539603854,-7.064813793307963],[112.333695835729287,-7.065265966945144],[112.333697131939729,-7.065718140573335],[112.333698428235266,-7.066170314192544],[112.333699724615826,-7.066622487802765],[112.333701021081453,-7.067074661403998],[112.333702317632145,-7.067526834996245],[112.333703614267876,-7.067979008579502],[112.333704910988658,-7.06843118215377],[112.333706207794506,-7.068883355719049],[112.333707504685407,-7.069335529275338],[112.333708801661359,-7.069787702822635],[112.333710098722364,-7.070239876360943],[112.333711395868434,-7.070692049890258],[112.333712693099542,-7.071144223410581],[112.333713990415731,-7.071596396921911],[112.333715287816972,-7.072048570424249],[112.333716585303279,-7.07250074391759],[112.333717882874623,-7.072952917401938],[112.333719180531034,-7.073405090877292],[112.333720478272511,-7.073857264343647],[112.33372177609904,-7.074309437801008],[112.333723074010635,-7.074761611249373],[112.333724372007296,-7.07521378468874],[112.333725670089009,-7.075665958119107],[112.333726968255803,-7.076118131540478],[112.333728266507634,-7.076570304952848],[112.333729564844532,-7.07702247835622],[112.33373086326651,-7.07747465175059],[112.333732161773526,-7.07792682513596],[112.333733460365622,-7.07837899851233],[112.33373475904277,-7.078831171879698],[112.333736057804998,-7.079283345238061],[112.333737356652293,-7.079735518587422],[112.333738655584639,-7.080187691927781],[112.333739954602052,-7.080639865259134],[112.333741253704531,-7.081092038581484],[112.333742552892076,-7.081544211894826],[112.333743852164687,-7.081996385199164],[112.333745151522379,-7.082448558494496],[112.333746450965123,-7.08290073178082],[112.333747750492947,-7.083352905058137],[112.333749050105837,-7.083805078326446],[112.333750349803779,-7.084257251585746],[112.333751649586816,-7.084709424836036],[112.333752949454905,-7.085161598077317],[112.333754249408059,-7.085613771309587],[112.333755549446309,-7.086065944532848],[112.33375684956961,-7.086518117747095],[112.333758149777978,-7.086970290952331],[112.333759450071426,-7.087422464148554],[112.333760750449954,-7.087874637335764],[112.333762050913549,-7.08832681051396],[112.33376335146221,-7.088778983683143],[112.333764652095951,-7.08923115684331],[112.333765952814758,-7.089683329994462],[112.333767253618646,-7.090135503136597],[112.333768554507614,-7.090587676269716],[112.333769855481648,-7.091039849393818],[112.333771156540749,-7.091492022508902],[112.333772457684944,-7.091944195614968],[112.333773758914205,-7.092396368712016],[112.333775060228547,-7.092848541800042],[112.333776361627969,-7.09330071487905],[112.333777663112471,-7.093752887949039],[112.333778964682026,-7.094205061010003],[112.333780266336689,-7.09465723406195],[112.333781568076418,-7.095109407104871],[112.333782869901228,-7.095561580138769],[112.333784171811104,-7.096013753163646],[112.333785473806074,-7.0964659261795],[112.333786775886125,-7.096918099186326],[112.333788078051256,-7.097370272184127],[112.333789380301468,-7.097822445172907],[112.33379068263676,-7.098274618152656],[112.333791985057132,-7.098726791123381],[112.333793287562585,-7.099178964085079],[112.333794590153133,-7.099631137037746],[112.333795892828746,-7.100083309981386],[112.333797195589455,-7.100535482915999],[112.333798498435229,-7.10098765584158],[112.333799801366112,-7.101439828758133],[112.333801104382061,-7.101892001665654],[112.33380240748312,-7.102344174564144],[112.333803710669244,-7.102796347453602],[112.333805013940449,-7.103248520334028],[112.333806317296748,-7.103700693205421],[112.333807620738142,-7.10415286606778],[112.333808924264616,-7.104605038921107],[112.333810227876185,-7.105057211765396],[112.33381153157282,-7.105509384600651],[112.333812835354564,-7.105961557426872],[112.333814139221388,-7.106413730244054],[112.333815443173322,-7.1068659030522],[112.333816747210321,-7.10731807585131],[112.333818051332415,-7.107770248641382],[112.333819355539603,-7.108222421422414],[112.333820659831886,-7.108674594194409],[112.33382196420925,-7.10912676695736],[112.333823268671708,-7.109578939711274],[112.33382457321926,-7.110031112456148],[112.333825877851922,-7.110483285191978],[112.333827182569649,-7.110935457918766],[112.333828487372486,-7.111387630636514],[112.333829792260403,-7.111839803345217],[112.333831097233428,-7.112291976044878],[112.333832402291534,-7.112744148735493],[112.333833707434749,-7.113196321417065],[112.333835012663059,-7.11364849408959],[112.333836317976449,-7.11410066675307],[112.333837623374947,-7.114552839407502],[112.33383892885854,-7.115005012052888],[112.333840234427228,-7.115457184689228],[112.333841540081011,-7.115909357316518],[112.333842845819902,-7.11636152993476],[112.333844151643888,-7.116813702543952],[112.333845457552968,-7.117265875144094],[112.333846763547157,-7.117718047735187],[112.333848069626441,-7.118170220317229],[112.33384937579082,-7.118622392890217],[112.333850682040293,-7.119074565454155],[112.333851988374875,-7.11952673800904],[112.333853294794565,-7.11997891055487],[112.333854601299336,-7.120431083091649],[112.33385590788923,-7.120883255619372],[112.333857214564219,-7.121335428138042],[112.333858521324302,-7.121787600647653],[112.333859828169494,-7.12223977314821],[112.333861135099795,-7.122691945639711],[112.333862442115205,-7.123144118122155],[112.333863749215709,-7.123596290595541],[112.333865056401322,-7.124048463059868],[112.33386636367203,-7.124500635515137],[112.333867671027846,-7.124952807961344],[112.333868978468786,-7.125404980398494],[112.33387028599482,-7.125857152826583],[112.333871593605963,-7.12630932524561],[112.3338729013022,-7.126761497655575],[112.333874209083561,-7.127213670056477],[112.33387551695003,-7.127665842448319],[112.333876824901594,-7.128118014831094],[112.333878132938281,-7.128570187204808],[112.333879441060063,-7.129022359569455],[112.333880749266982,-7.129474531925039],[112.333882057558981,-7.129926704271559],[112.333883365936103,-7.13037887660901],[112.333884674398334,-7.130831048937393],[112.333885982945688,-7.131283221256713],[112.333887291578137,-7.131735393566961],[112.333888600295708,-7.132187565868144],[112.333889909098389,-7.132639738160255],[112.333891217986178,-7.133091910443297],[112.333892526959076,-7.133544082717269],[112.333893836017097,-7.133996254982171],[112.333895145160227,-7.134448427238001],[112.33389645438848,-7.13490059948476],[112.333897763701842,-7.135352771722447],[112.333899073100326,-7.135804943951061],[112.33390038258392,-7.1362571161706],[112.333901692152637,-7.136709288381065],[112.333903001806462,-7.137161460582456],[112.33390431154541,-7.137613632774773],[112.333905621369468,-7.138065804958013],[112.333906931278648,-7.138517977132175],[112.333908241272951,-7.138970149297262],[112.333909551352363,-7.139422321453271],[112.333910861516898,-7.139874493600203],[112.333912171766556,-7.140326665738055],[112.333913482101323,-7.140778837866828],[112.333914792521227,-7.141231009986522],[112.33391610302624,-7.141683182097136],[112.333917413616376,-7.142135354198668],[112.333918724291649,-7.142587526291119],[112.333920035052031,-7.143039698374488],[112.333921345897522,-7.143491870448775],[112.333922656828165,-7.143944042513978],[112.333923967843916,-7.144396214570099],[112.333925278944776,-7.144848386617134],[112.333926590130787,-7.145300558655084],[112.333927901401907,-7.145752730683951],[112.33392921275815,-7.146204902703729],[112.333930524199531,-7.146657074714422],[112.333931835726034,-7.147109246716028],[112.33393314733766,-7.147561418708547],[112.333934459034396,-7.148013590691977],[112.333935770816282,-7.148465762666318],[112.333937082683292,-7.14891793463157],[112.333938394635425,-7.149370106587732],[112.33393970667268,-7.149822278534804],[112.333941018795073,-7.150274450472785],[112.333942331002589,-7.150726622401673],[112.333943643295243,-7.151178794321471],[112.333944955673033,-7.151630966232175],[112.333946268135932,-7.152083138133786],[112.333947580683983,-7.152535310026303],[112.333948893317142,-7.152987481909727],[112.333950206035453,-7.153439653784052],[112.333951518838887,-7.153891825649286],[112.333952831727444,-7.154343997505423],[112.333954144701138,-7.154796169352462],[112.33395545775997,-7.155248341190405],[112.333956770903939,-7.155700513019251],[112.33395808413303,-7.156152684838996],[112.333959397447273,-7.156604856649643],[112.33396071084664,-7.157057028451192],[112.333962024331143,-7.15750920024364],[112.333963337900784,-7.157961372026986],[112.333964651555561,-7.158413543801232],[112.333965965295477,-7.158865715566377],[112.333967279120529,-7.15931788732242],[112.333968593030704,-7.159770059069359],[112.333969907026031,-7.160222230807195],[112.333971221106495,-7.160674402535927],[112.333972535272096,-7.161126574255555],[112.333973849522835,-7.161578745966077],[112.333975163858724,-7.162030917667493],[112.333976478279737,-7.162483089359805],[112.333977792785888,-7.162935261043009],[112.333979107377189,-7.163387432717105]]]}},
{"type":"Feature","properties":{"Line":"S114","begin":1360.5,"end":2728.5},"geometry":{"type":"MultiLineString","coordinates":[[[112.23402689169599,-7.032078024339434],[112.23402808536396,-7.032530216352117],[112.234029279110615,-7.032982408355888],[112.234030472935927,-7.033434600350748],[112.23403166683994,-7.033886792336695],[112.234032860822637,-7.034338984313728],[112.234034054883992,-7.034791176281848],[112.234035249024046,-7.035243368241052],[112.234036443242786,-7.035695560191344],[112.234037637540183,-7.036147752132719],[112.23403883191628,-7.036599944065178],[112.234040026371062,-7.03705213598872],[112.234041220904516,-7.037504327903346],[112.234042415516655,-7.037956519809053],[112.234043610207479,-7.038408711705841],[112.234044804976975,-7.038860903593712],[112.23404599982517,-7.039313095472663],[112.234047194752037,-7.039765287342695],[112.234048389757604,-7.040217479203806],[112.234049584841856,-7.040669671055992],[112.234050780004779,-7.041121862899262],[112.234051975246388,-7.041574054733607],[112.234053170566696,-7.042026246559029],[112.234054365965676,-7.042478438375527],[112.234055561443355,-7.042930630183104],[112.234056756999721,-7.043382821981753],[112.234057952634771,-7.04383501377148],[112.234059148348507,-7.04428720555228],[112.234060344140929,-7.044739397324153],[112.23406154001205,-7.0451915890871],[112.234062735961857,-7.045643780841121],[112.234063931990349,-7.046095972586212],[112.234065128097527,-7.046548164322376],[112.234066324283404,-7.047000356049611],[112.234067520547967,-7.047452547767914],[112.234068716891215,-7.047904739477289],[112.234069913313164,-7.048356931177733],[112.234071109813797,-7.048809122869247],[112.234072306393131,-7.049261314551828],[112.23407350305115,-7.049713506225477],[112.234074699787868,-7.050165697890193],[112.234075896603272,-7.050617889545975],[112.23407709349739,-7.051070081192823],[112.234078290470165,-7.051522272830737],[112.234079487521669,-7.051974464459716],[112.234080684651857,-7.052426656079758],[112.234081881860732,-7.052878847690864],[112.234083079148306,-7.053331039293035],[112.234084276514579,-7.053783230886267],[112.234085473959553,-7.054235422470559],[112.234086671483212,-7.054687614045917],[112.234087869085585,-7.055139805612333],[112.234089066766643,-7.055591997169809],[112.234090264526401,-7.056044188718347],[112.234091462364844,-7.056496380257943],[112.234092660282002,-7.056948571788596],[112.234093858277845,-7.05740076331031],[112.234095056352402,-7.057852954823081],[112.234096254505658,-7.058305146326907],[112.234097452737601,-7.058757337821791],[112.234098651048257,-7.059209529307729],[112.234099849437612,-7.059661720784725],[112.234101047905668,-7.060113912252773],[112.234102246452423,-7.060566103711878],[112.234103445077878,-7.061018295162034],[112.234104643782032,-7.061470486603246],[112.234105842564901,-7.061922678035508],[112.234107041426469,-7.062374869458822],[112.234108240366737,-7.062827060873189],[112.234109439385705,-7.063279252278605],[112.234110638483386,-7.063731443675072],[112.234111837659754,-7.064183635062589],[112.234113036914849,-7.064635826441154],[112.234114236248629,-7.065088017810767],[112.234115435661138,-7.065540209171432],[112.234116635152333,-7.065992400523139],[112.234117834722255,-7.066444591865896],[112.234119034370863,-7.0668967831997],[112.234120234098185,-7.067348974524547],[112.234121433904207,-7.067801165840441],[112.234122633788942,-7.06825335714738],[112.234123833752392,-7.068705548445362],[112.234125033794555,-7.069157739734388],[112.234126233915418,-7.069609931014457],[112.234127434114995,-7.070062122285568],[112.234128634393272,-7.070514313547721],[112.234129834750263,-7.070966504800915],[112.234131035185968,-7.07141869604515],[112.234132235700386,-7.071870887280424],[112.234133436293519,-7.07232307850674],[112.234134636965351,-7.072775269724093],[112.234135837715897,-7.073227460932484],[112.234137038545157,-7.073679652131914],[112.234138239453145,-7.07413184332238],[112.234139440439819,-7.074584034503885],[112.234140641505221,-7.075036225676425],[112.234141842649336,-7.075488416840001],[112.23414304387218,-7.075940607994611],[112.234144245173709,-7.076392799140256],[112.234145446553981,-7.076844990276935],[112.234146648012953,-7.077297181404647],[112.234147849550638,-7.077749372523394],[112.234149051167037,-7.078201563633169],[112.234150252862179,-7.078653754733979],[112.234151454636006,-7.07910594582582],[112.234152656488561,-7.07955813690869],[112.234153858419845,-7.080010327982591],[112.234155060429828,-7.08046251904752],[112.234156262518553,-7.08091471010348],[112.234157464685978,-7.081366901150467],[112.234158666932132,-7.081819092188483],[112.234159869256999,-7.082271283217525],[112.234161071660594,-7.082723474237594],[112.234162274142889,-7.08317566524869],[112.234163476703927,-7.083627856250811],[112.234164679343678,-7.084080047243956],[112.234165882062157,-7.084532238228126],[112.234167084859351,-7.084984429203319],[112.234168287735258,-7.085436620169538],[112.234169490689908,-7.085888811126775],[112.234170693723271,-7.086341002075037],[112.234171896835349,-7.086793193014321],[112.234173100026155,-7.087245383944627],[112.234174303295688,-7.087697574865949],[112.23417550664395,-7.088149765778295],[112.23417671007094,-7.08860195668166],[112.234177913576644,-7.089054147576042],[112.234179117161077,-7.089506338461442],[112.234180320824237,-7.089958529337861],[112.234181524566125,-7.090410720205297],[112.234182728386742,-7.090862911063749],[112.234183932286072,-7.091315101913217],[112.234185136264145,-7.0917672927537],[112.234186340320946,-7.092219483585199],[112.234187544456461,-7.092671674407712],[112.234188748670718,-7.093123865221238],[112.234189952963703,-7.093576056025777],[112.234191157335403,-7.094028246821329],[112.234192361785844,-7.094480437607894],[112.234193566315014,-7.094932628385469],[112.234194770922912,-7.095384819154056],[112.234195975609552,-7.095837009913652],[112.23419718037492,-7.096289200664258],[112.234198385219003,-7.096741391405875],[112.234199590141841,-7.097193582138499],[112.23420079514338,-7.097645772862132],[112.234202000223689,-7.098097963576771],[112.234203205382713,-7.098550154282418],[112.234204410620478,-7.099002344979072],[112.234205615936958,-7.099454535666731],[112.23420682133218,-7.099906726345395],[112.234208026806144,-7.100358917015066],[112.234209232358836,-7.100811107675739],[112.234210437990271,-7.101263298327416],[112.234211643700434,-7.101715488970096],[112.234212849489339,-7.102167679603777],[112.234214055356986,-7.102619870228462],[112.234215261303362,-7.103072060844148],[112.23421646732848,-7.103524251450835],[112.234217673432326,-7.103976442048521],[112.234218879614914,-7.104428632637208],[112.234220085876245,-7.104880823216894],[112.234221292216318,-7.105333013787577],[112.23422249863512,-7.105785204349259],[112.234223705132678,-7.106237394901941],[112.234224911708949,-7.106689585445616],[112.234226118363978,-7.107141775980288],[112.234227325097748,-7.107593966505958],[112.234228531910261,-7.108046157022621],[112.234229738801503,-7.108498347530278],[112.2342309457715,-7.108950538028931],[112.234232152820226,-7.109402728518575],[112.234233359947709,-7.109854918999215],[112.234234567153919,-7.110307109470846],[112.234235774438886,-7.110759299933469],[112.234236981802596,-7.111211490387082],[112.234238189245048,-7.111663680831688],[112.234239396766242,-7.112115871267283],[112.234240604366178,-7.112568061693867],[112.234241812044857,-7.113020252111441],[112.234243019802292,-7.113472442520003],[112.23424422763847,-7.11392463291955],[112.23424543555339,-7.114376823310089],[112.234246643547053,-7.114829013691613],[112.234247851619472,-7.115281204064121],[112.234249059770647,-7.115733394427617],[112.234250268000551,-7.116185584782098],[112.234251476309211,-7.116637775127565],[112.234252684696628,-7.117089965464011],[112.234253893162787,-7.117542155791443],[112.234255101707689,-7.11799434610986],[112.234256310331347,-7.118446536419258],[112.234257519033761,-7.118898726719636],[112.234258727814904,-7.119350917010996],[112.234259936674817,-7.119803107293337],[112.234261145613488,-7.120255297566658],[112.234262354630886,-7.120707487830959],[112.234263563727055,-7.121159678086237],[112.234264772901966,-7.121611868332494],[112.234265982155634,-7.12206405856973],[112.234267191488058,-7.122516248797942],[112.234268400899239,-7.122968439017131],[112.234269610389163,-7.123420629227296],[112.234270819957857,-7.123872819428438],[112.234272029605307,-7.124325009620555],[112.234273239331486,-7.124777199803644],[112.234274449136436,-7.125229389977708],[112.234275659020142,-7.125681580142745],[112.234276868982604,-7.126133770298755],[112.234278079023838,-7.126585960445737],[112.234279289143799,-7.12703815058369],[112.234280499342532,-7.127490340712614],[112.234281709620035,-7.12794253083251],[112.234282919976266,-7.128394720943374],[112.234284130411268,-7.128846911045208],[112.234285340925041,-7.129299101138011],[112.23428655151757,-7.129751291221783],[112.234287762188856,-7.130203481296522],[112.234288972938899,-7.130655671362227],[112.234290183767712,-7.1311078614189],[112.234291394675267,-7.131560051466538],[112.234292605661594,-7.132012241505143],[112.234293816726691,-7.132464431534712],[112.234295027870544,-7.132916621555244],[112.234296239093155,-7.13336881156674],[112.234297450394536,-7.133821001569201],[112.234298661774673,-7.134273191562625],[112.234299873233567,-7.134725381547007],[112.234301084771232,-7.135177571522354],[112.234302296387668,-7.135629761488662],[112.23430350808286,-7.136081951445929],[112.234304719856823,-7.136534141394157],[112.234305931709542,-7.136986331333342],[112.234307143641033,-7.137438521263486],[112.234308355651294,-7.13789071118459],[112.234309567740311,-7.13834290109665],[112.234310779908114,-7.138795090999667],[112.234311992154659,-7.139247280893642],[112.234313204479989,-7.139699470778573],[112.234314416884075,-7.140151660654458],[112.234315629366947,-7.140603850521297],[112.234316841928575,-7.141056040379092],[112.234318054568973,-7.141508230227839],[112.234319267288143,-7.141960420067541],[112.234320480086083,-7.142412609898193],[112.234321692962794,-7.142864799719797],[112.234322905918276,-7.143316989532354],[112.234324118952514,-7.143769179335863],[112.234325332065538,-7.14422136913032],[112.234326545257332,-7.144673558915727],[112.234327758527911,-7.145125748692084],[112.234328971877233,-7.145577938459389],[112.234330185305353,-7.146030128217642],[112.23433139881223,-7.146482317966842],[112.234332612397893,-7.146934507706988],[112.234333826062326,-7.147386697438083],[112.234335039805543,-7.147838887160123],[112.234336253627518,-7.148291076873107],[112.234337467528277,-7.148743266577036],[112.234338681507808,-7.14919545627191],[112.234339895566123,-7.149647645957726],[112.234341109703195,-7.150099835634486],[112.234342323919066,-7.150552025302188],[112.234343538213707,-7.151004214960833],[112.234344752587134,-7.151456404610418],[112.234345967039317,-7.151908594250943],[112.234347181570286,-7.152360783882409],[112.234348396180039,-7.152812973504814],[112.234349610868577,-7.15326516311816],[112.234350825635886,-7.153717352722443],[112.234352040481966,-7.154169542317663],[112.234353255406845,-7.154621731903822],[112.234354470410494,-7.155073921480916],[112.234355685492929,-7.155526111048947],[112.234356900654134,-7.155978300607916],[112.234358115894125,-7.156430490157817],[112.234359331212914,-7.156882679698654],[112.234360546610461,-7.157334869230424],[112.234361762086806,-7.157787058753128],[112.234362977641936,-7.158239248266764],[112.234364193275837,-7.158691437771334],[112.234365408988523,-7.159143627266833],[112.234366624780009,-7.159595816753266],[112.234367840650279,-7.160048006230629],[112.23436905659932,-7.160500195698921],[112.23437027262716,-7.160952385158144],[112.234371488733771,-7.161404574608294],[112.234372704919167,-7.161856764049374],[112.234373921183376,-7.16230895348138],[112.234375137526342,-7.162761142904316],[112.234376353948107,-7.163213332318176],[112.234377570448672,-7.163665521722963],[112.234378787028007,-7.164117711118675],[112.234380003686141,-7.164569900505312],[112.23438122042306,-7.165022089882875],[112.234382437238764,-7.165474279251361],[112.234383654133268,-7.16592646861077],[112.234384871106542,-7.166378657961101],[112.234386088158629,-7.166830847302355],[112.234387305289502,-7.16728303663453],[112.23438852249916,-7.167735225957628],[112.234389739787602,-7.168187415271645],[112.234390957154858,-7.168639604576582],[112.234392174600885,-7.169091793872438],[112.234393392125725,-7.169543983159215],[112.23439460972935,-7.169996172436908],[112.23439582741176,-7.170448361705519],[112.234397045172969,-7.170900550965047],[112.234398263012977,-7.171352740215492],[112.234399480931785,-7.171804929456854],[112.234400698929363,-7.172257118689129],[112.234401917005755,-7.17270930791232],[112.234403135160946,-7.173161497126427],[112.234404353394936,-7.173613686331445],[112.234405571707711,-7.174065875527377],[112.234406790099285,-7.174518064714222],[112.234408008569645,-7.17497025389198],[112.234409227118817,-7.175422443060649],[112.234410445746803,-7.175874632220228],[112.23441166445356,-7.176326821370719],[112.234412883239131,-7.176779010512117],[112.234414102103486,-7.177231199644426],[112.234415321046654,-7.177683388767645],[112.234416540068622,-7.178135577881771],[112.234417759169389,-7.178587766986803],[112.234418978348955,-7.179039956082746],[112.234420197607321,-7.179492145169592],[112.234421416944485,-7.179944334247344],[112.234422636360449,-7.180396523316004],[112.234423855855226,-7.180848712375566],[112.234425075428803,-7.181300901426034],[112.234426295081192,-7.181753090467403],[112.234427514812367,-7.182205279499678],[112.234428734622355,-7.182657468522856],[112.234429954511143,-7.183109657536932],[112.234431174478729,-7.183561846541914],[112.234432394525129,-7.184014035537793],[112.234433614650342,-7.184466224524575],[112.234434834854355,-7.184918413502255],[112.234436055137166,-7.185370602470834],[112.234437275498792,-7.185822791430311],[112.234438495939216,-7.18627498038069],[112.234439716458468,-7.186727169321965]]]}},
{"type":"Feature","properties":{"Line":"S132","begin":1360.5,"end":2640.5},"geometry":{"type":"MultiLineString","coordinates":[[[112.315500037566778,-7.03321282361388],[112.315501310237551,-7.03366500120284],[112.315502582992181,-7.034117178782862],[112.315503855830698,-7.034569356353943],[112.315505128753088,-7.035021533916082],[112.315506401759336,-7.03547371146928],[112.315507674849471,-7.035925889013535],[112.315508948023464,-7.036378066548849],[112.315510221281343,-7.03683024407522],[112.315511494623095,-7.037282421592646],[112.315512768048706,-7.037734599101126],[112.315514041558203,-7.038186776600664],[112.315515315151572,-7.038638954091255],[112.315516588828814,-7.0390911315729],[112.315517862589928,-7.039543309045597],[112.315519136434915,-7.039995486509349],[112.315520410363803,-7.040447663964153],[112.315521684376534,-7.040899841410008],[112.315522958473167,-7.041352018846914],[112.315524232653672,-7.04180419627487],[112.315525506918036,-7.042256373693876],[112.315526781266286,-7.042708551103932],[112.315528055698437,-7.043160728505036],[112.315529330214446,-7.043612905897189],[112.315530604814342,-7.044065083280389],[112.31553187949811,-7.044517260654636],[112.315533154265765,-7.044969438019931],[112.315534429117292,-7.045421615376272],[112.315535704052706,-7.045873792723656],[112.315536979071993,-7.046325970062086],[112.315538254175166,-7.046778147391561],[112.315539529362241,-7.047230324712079],[112.315540804633173,-7.047682502023641],[112.315542079988006,-7.048134679326245],[112.315543355426698,-7.048586856619892],[112.31554463094929,-7.049039033904579],[112.315545906555769,-7.049491211180308],[112.315547182246121,-7.049943388447077],[112.315548458020373,-7.050395565704886],[112.315549733878498,-7.050847742953734],[112.31555100982051,-7.05129992019362],[112.315552285846422,-7.051752097424546],[112.315553561956193,-7.052204274646508],[112.315554838149865,-7.052656451859506],[112.315556114427437,-7.053108629063543],[112.315557390788882,-7.053560806258614],[112.315558667234214,-7.054012983444719],[112.315559943763446,-7.054465160621862],[112.315561220376551,-7.054917337790038],[112.315562497073557,-7.055369514949248],[112.31556377385445,-7.05582169209949],[112.315565050719229,-7.056273869240764],[112.315566327667909,-7.056726046373071],[112.315567604700462,-7.057178223496408],[112.315568881816915,-7.057630400610777],[112.31557015901727,-7.058082577716175],[112.315571436301511,-7.058534754812605],[112.315572713669638,-7.058986931900061],[112.315573991121667,-7.059439108978548],[112.315575268657582,-7.059891286048062],[112.315576546277384,-7.060343463108603],[112.315577823981087,-7.060795640160172],[112.315579101768691,-7.061247817202768],[112.315580379640181,-7.061699994236387],[112.315581657595573,-7.062152171261032],[112.315582935634865,-7.062604348276703],[112.315584213758044,-7.063056525283395],[112.315585491965109,-7.063508702281114],[112.31558677025609,-7.063960879269853],[112.315588048630957,-7.064413056249616],[112.315589327089725,-7.0648652332204],[112.315590605632394,-7.065317410182207],[112.315591884258964,-7.065769587135031],[112.315593162969421,-7.066221764078877],[112.315594441763778,-7.066673941013744],[112.315595720642051,-7.067126117939627],[112.31559699960421,-7.067578294856532],[112.31559827865027,-7.068030471764452],[112.315599557780232,-7.06848264866339],[112.315600836994093,-7.068934825553344],[112.315602116291871,-7.069387002434316],[112.315603395673534,-7.0698391793063],[112.315604675139113,-7.070291356169303],[112.315605954688593,-7.070743533023319],[112.315607234321959,-7.071195709868349],[112.315608514039241,-7.07164788670439],[112.315609793840423,-7.072100063531447],[112.315611073725506,-7.072552240349514],[112.315612353694519,-7.073004417158595],[112.315613633747404,-7.073456593958685],[112.315614913884218,-7.073908770749785],[112.315616194104919,-7.074360947531897],[112.315617474409549,-7.074813124305018],[112.315618754798066,-7.075265301069145],[112.315620035270499,-7.075717477824282],[112.315621315826846,-7.076169654570427],[112.31562259646708,-7.076621831307579],[112.315623877191243,-7.077074008035739],[112.315625157999293,-7.077526184754903],[112.315626438891272,-7.077978361465073],[112.315627719867166,-7.078430538166248],[112.315629000926961,-7.078882714858427],[112.315630282070657,-7.079334891541609],[112.315631563298268,-7.079787068215794],[112.315632844609794,-7.080239244880983],[112.315634126005236,-7.080691421537173],[112.315635407484578,-7.081143598184366],[112.315636689047835,-7.081595774822559],[112.315637970695022,-7.082047951451751],[112.315639252426095,-7.082500128071946],[112.315640534241112,-7.082952304683137],[112.31564181614003,-7.083404481285328],[112.315643098122862,-7.083856657878517],[112.315644380189596,-7.084308834462703],[112.315645662340259,-7.084761011037886],[112.315646944574837,-7.085213187604066],[112.31564822689333,-7.085665364161241],[112.315649509295739,-7.086117540709411],[112.315650791782062,-7.086569717248579],[112.3156520743523,-7.087021893778737],[112.315653357006468,-7.087474070299891],[112.315654639744537,-7.087926246812036],[112.315655922566549,-7.088378423315176],[112.315657205472462,-7.088830599809307],[112.31565848846229,-7.089282776294427],[112.315659771536048,-7.089734952770541],[112.31566105469372,-7.090187129237643],[112.315662337935322,-7.090639305695737],[112.315663621260839,-7.091091482144818],[112.315664904670271,-7.091543658584885],[112.315666188163632,-7.091995835015944],[112.315667471740909,-7.092448011437991],[112.315668755402115,-7.092900187851022],[112.31567003914725,-7.093352364255041],[112.315671322976286,-7.093804540650044],[112.315672606889265,-7.094256717036034],[112.31567389088616,-7.094708893413006],[112.315675174966984,-7.095161069780965],[112.315676459131737,-7.095613246139905],[112.315677743380405,-7.096065422489829],[112.315679027713017,-7.096517598830737],[112.31568031212953,-7.096969775162624],[112.315681596629986,-7.097421951485494],[112.315682881214357,-7.097874127799343],[112.315684165882658,-7.098326304104173],[112.315685450634902,-7.098778480399982],[112.315686735471061,-7.099230656686768],[112.31568802039115,-7.099682832964536],[112.315689305395168,-7.100135009233282],[112.315690590483115,-7.100587185493004],[112.315691875654991,-7.101039361743702],[112.315693160910797,-7.101491537985376],[112.315694446250546,-7.101943714218026],[112.315695731674211,-7.102395890441651],[112.315697017181805,-7.102848066656249],[112.315698302773342,-7.103300242861823],[112.315699588448808,-7.103752419058368],[112.315700874208204,-7.104204595245888],[112.315702160051529,-7.10465677142438],[112.315703445978798,-7.105108947593842],[112.315704731989996,-7.105561123754275],[112.315706018085123,-7.106013299905681],[112.315707304264194,-7.106465476048054],[112.315708590527194,-7.106917652181398],[112.315709876874138,-7.107369828305711],[112.315711163305011,-7.107822004420991],[112.315712449819813,-7.10827418052724],[112.315713736418544,-7.108726356624455],[112.315715023101234,-7.109178532712637],[112.315716309867867,-7.109630708791784],[112.315717596718414,-7.110082884861899],[112.315718883652906,-7.110535060922976],[112.315720170671341,-7.110987236975018],[112.315721457773719,-7.111439413018025],[112.315722744960027,-7.111891589051993],[112.315724032230278,-7.112343765076925],[112.315725319584473,-7.112795941092819],[112.315726607022611,-7.113248117099674],[112.315727894544679,-7.11370029309749],[112.315729182150704,-7.114152469086267],[112.315730469840659,-7.114604645066003],[112.315731757614557,-7.115056821036697],[112.315733045472399,-7.115508996998353],[112.315734333414184,-7.115961172950964],[112.315735621439913,-7.116413348894535],[112.315736909549585,-7.116865524829062],[112.315738197743201,-7.117317700754542],[112.31573948602076,-7.117769876670982],[112.315740774382263,-7.118222052578377],[112.315742062827724,-7.118674228476725],[112.315743351357114,-7.119126404366027],[112.315744639970461,-7.119578580246284],[112.315745928667766,-7.120030756117494],[112.315747217448987,-7.120482931979655],[112.315748506314179,-7.12093510783277],[112.315749795263315,-7.121387283676833],[112.315751084296394,-7.12183945951185],[112.315752373413417,-7.122291635337816],[112.315753662614412,-7.122743811154731],[112.315754951899336,-7.123195986962595],[112.315756241268218,-7.123648162761409],[112.315757530721044,-7.12410033855117],[112.315758820257827,-7.124552514331879],[112.315760109878553,-7.125004690103533],[112.315761399583238,-7.125456865866135],[112.31576268937188,-7.125909041619682],[112.315763979244466,-7.126361217364175],[112.315765269200995,-7.126813393099611],[112.315766559241496,-7.127265568825991],[112.315767849365955,-7.127717744543316],[112.315769139574343,-7.128169920251584],[112.315770429866703,-7.128622095950792],[112.315771720243006,-7.129074271640944],[112.315773010703268,-7.129526447322035],[112.315774301247487,-7.129978622994068],[112.315775591875678,-7.130430798657041],[112.315776882587812,-7.130882974310955],[112.31577817338389,-7.131335149955805],[112.31577946426394,-7.131787325591594],[112.315780755227948,-7.132239501218323],[112.315782046275913,-7.132691676835987],[112.315783337407822,-7.133143852444588],[112.315784628623717,-7.133596028044126],[112.315785919923542,-7.134048203634599],[112.315787211307338,-7.134500379216007],[112.315788502775106,-7.134952554788349],[112.315789794326832,-7.135404730351626],[112.315791085962502,-7.135856905905834],[112.315792377682143,-7.136309081450977],[112.315793669485743,-7.136761256987051],[112.315794961373314,-7.137213432514057],[112.315796253344828,-7.137665608031994],[112.315797545400329,-7.138117783540862],[112.315798837539788,-7.138569959040658],[112.315800129763204,-7.139022134531386],[112.315801422070578,-7.139474310013042],[112.315802714461924,-7.139926485485625],[112.315804006937228,-7.140378660949136],[112.315805299496517,-7.140830836403575],[112.315806592139765,-7.141283011848939],[112.315807884866956,-7.141735187285231],[112.315809177678148,-7.142187362712448],[112.315810470573282,-7.142639538130588],[112.315811763552389,-7.143091713539652],[112.315813056615454,-7.143543888939643],[112.315814349762505,-7.143996064330555],[112.315815642993513,-7.144448239712389],[112.315816936308494,-7.144900415085147],[112.31581822970746,-7.145352590448825],[112.31581952319037,-7.145804765803424],[112.315820816757267,-7.146256941148944],[112.315822110408121,-7.146709116485383],[112.315823404142961,-7.147161291812742],[112.315824697961773,-7.147613467131019],[112.315825991864543,-7.148065642440215],[112.315827285851299,-7.148517817740326],[112.315828579922012,-7.148969993031357],[112.315829874076698,-7.149422168313302],[112.31583116831537,-7.149874343586165],[112.315832462637999,-7.150326518849941],[112.315833757044629,-7.150778694104634],[112.315835051535217,-7.15123086935024],[112.315836346109776,-7.151683044586759],[112.315837640768322,-7.152135219814191],[112.31583893551084,-7.152587395032536],[112.315840230337329,-7.153039570241793],[112.315841525247791,-7.153491745441962],[112.315842820242253,-7.15394392063304],[112.315844115320672,-7.154396095815029],[112.315845410483064,-7.154848270987929],[112.315846705729442,-7.155300446151736],[112.315848001059805,-7.155752621306453],[112.315849296474141,-7.156204796452076],[112.315850591972463,-7.156656971588609],[112.315851887554757,-7.157109146716047],[112.315853183221023,-7.157561321834392],[112.315854478971289,-7.158013496943641],[112.315855774805527,-7.158465672043798],[112.315857070723752,-7.158917847134856],[112.315858366725948,-7.159370022216821],[112.31585966281213,-7.15982219728969],[112.315860958982299,-7.160274372353458],[112.315862255236453,-7.160726547408131],[112.315863551574594,-7.161178722453707],[112.315864847996707,-7.161630897490181],[112.31586614450282,-7.162083072517558],[112.315867441092905,-7.162535247535835],[112.315868737766962,-7.162987422545009],[112.31587003452502,-7.163439597545085],[112.315871331367077,-7.163891772536058],[112.315872628293107,-7.164343947517928],[112.315873925303109,-7.164796122490697],[112.315875222397125,-7.165248297454363],[112.315876519575127,-7.165700472408923],[112.315877816837087,-7.166152647354377],[112.315879114183062,-7.16660482229073],[112.315880411613009,-7.167056997217975],[112.31588170912697,-7.167509172136115],[112.315883006724903,-7.167961347045149],[112.315884304406822,-7.168413521945073],[112.315885602172756,-7.168865696835891],[112.315886900022662,-7.169317871717602],[112.315888197956554,-7.169770046590201],[112.315889495974446,-7.170222221453693],[112.315890794076338,-7.170674396308074],[112.315892092262203,-7.171126571153343],[112.315893390532068,-7.171578745989502],[112.315894688885933,-7.17203092081655],[112.315895987323785,-7.172483095634483],[112.315897285845637,-7.172935270443308],[112.315898584451475,-7.173387445243016],[112.315899883141313,-7.173839620033609],[112.315901181915152,-7.174291794815088],[112.315902480772976,-7.174743969587455],[112.315903779714802,-7.175196144350703],[112.315905078740641,-7.175648319104836],[112.315906377850453,-7.176100493849853],[112.315907677044265,-7.176552668585751],[112.315908976322092,-7.177004843312532],[112.315910275683905,-7.177457018030195],[112.315911575129704,-7.177909192738736]]]}},
{"type":"Feature","properties":{"Line":"S144","begin":1360.5,"end":2216.5},"geometry":{"type":"MultiLineString","coordinates":[[[112.369864656489369,-7.051143796057995],[112.36986598515773,-7.051595963179386],[112.369867313913431,-7.052048130291793],[112.369868642756487,-7.052500297395218],[112.369869971686882,-7.052952464489663],[112.369871300704631,-7.053404631575123],[112.369872629809734,-7.0538567986516],[112.369873959002192,-7.054308965719093],[112.369875288281975,-7.054761132777601],[112.369876617649126,-7.055213299827124],[112.369877947103618,-7.055665466867662],[112.369879276645477,-7.056117633899213],[112.369880606274663,-7.056569800921777],[112.369881935991216,-7.057021967935354],[112.369883265795124,-7.057474134939941],[112.369884595686372,-7.057926301935541],[112.369885925664988,-7.058378468922153],[112.369887255730958,-7.058830635899775],[112.369888585884269,-7.059282802868405],[112.369889916124933,-7.059734969828046],[112.369891246452966,-7.060187136778694],[112.369892576868338,-7.060639303720351],[112.369893907371079,-7.061091470653016],[112.36989523796116,-7.061543637576688],[112.369896568638609,-7.061995804491365],[112.369897899403412,-7.062447971397049],[112.369899230255569,-7.062900138293736],[112.369900561195095,-7.063352305181429],[112.369901892221961,-7.063804472060126],[112.369903223336195,-7.064256638929826],[112.369904554537783,-7.064708805790531],[112.369905885826739,-7.065160972642238],[112.36990721720305,-7.065613139484944],[112.369908548666714,-7.066065306318653],[112.369909880217747,-7.066517473143363],[112.369911211856135,-7.066969639959074],[112.369912543581904,-7.067421806765783],[112.369913875395014,-7.067873973563492],[112.369915207295492,-7.068326140352199],[112.369916539283324,-7.068778307131903],[112.369917871358524,-7.069230473902604],[112.369919203521093,-7.069682640664302],[112.36992053577103,-7.070134807416999],[112.369921868108321,-7.070586974160689],[112.36992320053298,-7.071039140895375],[112.369924533044994,-7.071491307621054],[112.36992586564439,-7.071943474337728],[112.369927198331126,-7.072395641045395],[112.369928531105259,-7.072847807744056],[112.369929863966746,-7.073299974433709],[112.369931196915601,-7.07375214111435],[112.369932529951811,-7.074204307785986],[112.369933863075403,-7.074656474448612],[112.369935196286363,-7.075108641102227],[112.369936529584692,-7.075560807746832],[112.369937862970389,-7.076012974382427],[112.36993919644344,-7.076465141009007],[112.369940530003873,-7.076917307626577],[112.36994186365169,-7.077369474235134],[112.36994319738686,-7.077821640834678],[112.369944531209413,-7.078273807425206],[112.369945865119334,-7.078725974006721],[112.369947199116623,-7.07917814057922],[112.369948533201281,-7.079630307142704],[112.369949867373307,-7.080082473697172],[112.36995120163273,-7.080534640242622],[112.369952535979508,-7.080986806779056],[112.369953870413667,-7.081438973306471],[112.369955204935209,-7.081891139824867],[112.369956539544106,-7.082343306334245],[112.369957874240384,-7.082795472834603],[112.369959209024046,-7.083247639325941],[112.369960543895075,-7.083699805808259],[112.369961878853502,-7.084151972281554],[112.369963213899268,-7.084604138745828],[112.369964549032446,-7.085056305201081],[112.369965884252991,-7.085508471647309],[112.369967219560905,-7.085960638084512],[112.369968554956216,-7.086412804512693],[112.369969890438895,-7.086864970931851],[112.369971226008957,-7.087317137341979],[112.369972561666387,-7.087769303743085],[112.369973897411214,-7.088221470135163],[112.369975233243409,-7.088673636518214],[112.369976569163001,-7.089125802892237],[112.369977905169947,-7.089577969257234],[112.369979241264303,-7.0900301356132],[112.369980577446029,-7.090482301960138],[112.369981913715137,-7.090934468298046],[112.369983250071641,-7.091386634626923],[112.369984586515514,-7.091838800946769],[112.369985923046769,-7.092290967257585],[112.369987259665422,-7.092743133559367],[112.369988596371456,-7.093195299852117],[112.369989933164874,-7.093647466135834],[112.369991270045674,-7.094099632410518],[112.369992607013856,-7.094551798676165],[112.369993944069435,-7.095003964932781],[112.369995281212411,-7.095456131180359],[112.369996618442755,-7.095908297418901],[112.369997955760496,-7.096360463648408],[112.36999929316562,-7.096812629868877],[112.37000063065814,-7.097264796080307],[112.370001968238043,-7.097716962282702],[112.370003305905342,-7.098169128476053],[112.370004643660025,-7.098621294660369],[112.370005981502089,-7.099073460835643],[112.370007319431565,-7.099525627001876],[112.370008657448423,-7.099977793159071],[112.370009995552664,-7.100429959307221],[112.370011333744301,-7.100882125446328],[112.37001267202335,-7.101334291576396],[112.370014010389781,-7.101786457697419],[112.370015348843594,-7.102238623809397],[112.370016687384805,-7.102690789912332],[112.370018026013412,-7.103142956006222],[112.370019364729416,-7.103595122091064],[112.370020703532816,-7.104047288166863],[112.370022042423599,-7.104499454233613],[112.370023381401793,-7.104951620291315],[112.370024720467384,-7.105403786339972],[112.370026059620372,-7.105855952379578],[112.370027398860756,-7.106308118410136],[112.370028738188523,-7.106760284431645],[112.370030077603701,-7.107212450444103],[112.370031417106276,-7.107664616447509],[112.370032756696261,-7.108116782441868],[112.370034096373615,-7.108568948427171],[112.370035436138394,-7.109021114403421],[112.37003677599057,-7.109473280370621],[112.370038115930143,-7.109925446328767],[112.370039455957112,-7.110377612277858],[112.370040796071493,-7.110829778217894],[112.37004213627327,-7.111281944148877],[112.370043476562444,-7.111734110070802],[112.370044816939028,-7.112186275983672],[112.37004615740301,-7.112638441887484],[112.370047497954403,-7.113090607782238],[112.370048838593192,-7.113542773667936],[112.370050179319378,-7.113994939544575],[112.370051520132989,-7.114447105412153],[112.370052861033997,-7.114899271270671],[112.370054202022416,-7.115351437120132],[112.370055543098232,-7.11580360296053],[112.370056884261444,-7.116255768791866],[112.370058225512082,-7.11670793461414],[112.370059566850117,-7.117160100427352],[112.370060908275576,-7.117612266231501],[112.370062249788418,-7.118064432026587],[112.370063591388686,-7.118516597812607],[112.37006493307635,-7.118968763589564],[112.370066274851439,-7.119420929357454],[112.370067616713925,-7.119873095116279],[112.370068958663836,-7.120325260866038],[112.370070300701144,-7.120777426606727],[112.370071642825863,-7.121229592338351],[112.370072985038007,-7.121681758060907],[112.370074327337548,-7.122133923774394],[112.3700756697245,-7.122586089478811],[112.370077012198877,-7.123038255174158],[112.370078354760651,-7.123490420860435],[112.370079697409864,-7.123942586537641],[112.370081040146474,-7.124394752205775],[112.370082382970494,-7.124846917864836],[112.370083725881926,-7.125299083514827],[112.370085068880783,-7.125751249155742],[112.370086411967065,-7.126203414787584],[112.370087755140744,-7.12665558041035],[112.370089098401863,-7.127107746024045],[112.370090441750378,-7.12755991162866],[112.370091785186318,-7.128012077224203],[112.370093128709669,-7.128464242810667],[112.370094472320446,-7.128916408388053],[112.370095816018647,-7.129368573956363],[112.37009715980426,-7.129820739515594],[112.370098503677298,-7.130272905065746],[112.370099847637732,-7.130725070606816],[112.37010119168562,-7.13117723613881],[112.370102535820919,-7.131629401661722],[112.370103880043629,-7.132081567175552],[112.370105224353765,-7.132533732680301],[112.370106568751311,-7.132985898175966],[112.370107913236296,-7.133438063662551],[112.370109257808693,-7.13389022914005],[112.370110602468529,-7.134342394608465],[112.370111947215776,-7.134794560067797],[112.370113292050448,-7.135246725518044],[112.370114636972545,-7.135698890959205],[112.370115981982082,-7.136151056391278],[112.370117327079015,-7.136603221814266],[112.370118672263402,-7.137055387228166],[112.3701200175352,-7.137507552632978],[112.370121362894423,-7.137959718028702],[112.370122708341086,-7.138411883415335],[112.370124053875159,-7.138864048792879],[112.370125399496686,-7.139316214161334],[112.37012674520561,-7.139768379520697],[112.370128091001988,-7.14022054487097],[112.37012943688579,-7.140672710212151],[112.370130782857004,-7.141124875544238],[112.370132128915657,-7.141577040867232],[112.370133475061749,-7.142029206181134],[112.370134821295267,-7.14248137148594],[112.370136167616209,-7.142933536781652],[112.370137514024591,-7.14338570206827],[112.370138860520413,-7.143837867345789],[112.370140207103645,-7.144290032614216],[112.370141553774332,-7.144742197873543],[112.370142900532443,-7.145194363123772],[112.370144247377993,-7.145646528364904],[112.370145594310969,-7.146098693596938],[112.370146941331384,-7.146550858819872],[112.370148288439225,-7.147003024033705],[112.370149635634519,-7.14745518923844],[112.370150982917238,-7.147907354434071]]]}},
{"type":"Feature","properties":{"Line":"S125","begin":1360.5,"end":2852.5},"geometry":{"type":"MultiLineString","coordinates":[[[112.173641360181321,-7.047834296779267],[112.174094000120519,-7.047833159864316],[112.17454663998484,-7.047832022511218],[112.174999279774283,-7.047830884719972],[112.175451919488779,-7.047829746490579],[112.175904559128327,-7.047828607823038],[112.176357198692884,-7.04782746871735],[112.176809838182422,-7.047826329173514],[112.177262477596926,-7.047825189191532],[112.177715116936369,-7.047824048771406],[112.178167756200708,-7.047822907913134],[112.178620395389913,-7.047821766616716],[112.179073034503958,-7.047820624882154],[112.179525673542813,-7.047819482709446],[112.179978312506464,-7.047818340098596],[112.180430951394868,-7.0478171970496],[112.180883590207998,-7.047816053562463],[112.181336228945824,-7.047814909637181],[112.181788867608319,-7.047813765273758],[112.182241506195453,-7.047812620472191],[112.182694144707213,-7.047811475232483],[112.183146783143528,-7.047810329554633],[112.183599421504425,-7.047809183438643],[112.184052059789835,-7.04780803688451],[112.184504697999742,-7.047806889892236],[112.184957336134119,-7.047805742461825],[112.185409974192922,-7.047804594593271],[112.185862612176152,-7.047803446286579],[112.186315250083751,-7.047802297541748],[112.186767887915707,-7.047801148358778],[112.187220525671975,-7.047799998737669],[112.187673163352557,-7.047798848678423],[112.188125800957394,-7.047797698181039],[112.188578438486459,-7.047796547245517],[112.189031075939738,-7.047795395871859],[112.189483713317202,-7.047794244060064],[112.189936350618808,-7.047793091810133],[112.190388987844543,-7.047791939122066],[112.190841624994363,-7.047790785995863],[112.191294262068254,-7.047789632431525],[112.191746899066175,-7.047788478429052],[112.192199535988109,-7.047787323988444],[112.192652172834016,-7.047786169109702],[112.193104809603867,-7.047785013792827],[112.193557446297632,-7.047783858037818],[112.194010082915298,-7.047782701844677],[112.194462719456808,-7.047781545213402],[112.194915355922177,-7.047780388143996],[112.195367992311333,-7.047779230636458],[112.195820628624276,-7.047778072690786],[112.196273264860963,-7.047776914306985],[112.196725901021352,-7.047775755485053],[112.197178537105444,-7.04777459622499],[112.197631173113194,-7.047773436526796],[112.198083809044576,-7.047772276390474],[112.198536444899545,-7.047771115816021],[112.198989080678103,-7.04776995480344],[112.199441716380193,-7.04776879335273],[112.199894352005813,-7.047767631463891],[112.200346987554909,-7.047766469136925],[112.200799623027464,-7.04776530637183],[112.201252258423466,-7.047764143168608],[112.201704893742843,-7.04776297952726],[112.202157528985609,-7.047761815447786],[112.202610164151693,-7.047760650930184],[112.20306279924111,-7.047759485974456],[112.203515434253816,-7.047758320580604],[112.203968069189756,-7.047757154748627],[112.204420704048943,-7.047755988478524],[112.20487333883132,-7.047754821770298],[112.205325973536858,-7.047753654623946],[112.205778608165559,-7.047752487039473],[112.206231242717365,-7.047751319016874],[112.206683877192248,-7.047750150556153],[112.207136511590178,-7.04774898165731],[112.207589145911143,-7.047747812320344],[112.208041780155099,-7.047746642545258],[112.208494414322018,-7.047745472332049],[112.208947048411886,-7.047744301680718],[112.20939968242466,-7.047743130591268],[112.209852316360312,-7.047741959063697],[112.210304950218827,-7.047740787098006],[112.210757584000149,-7.047739614694194],[112.211210217704277,-7.047738441852265],[112.211662851331155,-7.047737268572216],[112.212115484880783,-7.047736094854048],[112.212568118353133,-7.047734920697762],[112.213020751748132,-7.047733746103358],[112.213473385065797,-7.047732571070837],[112.213926018306083,-7.047731395600198],[112.214378651468962,-7.047730219691443],[112.214831284554407,-7.047729043344571],[112.215283917562374,-7.047727866559584],[112.215736550492849,-7.04772668933648],[112.216189183345804,-7.047725511675262],[112.216641816121211,-7.047724333575927],[112.21709444881904,-7.04772315503848],[112.217547081439264,-7.04772197606292],[112.21799971398184,-7.047720796649243],[112.218452346446739,-7.047719616797453],[112.218904978833962,-7.047718436507551],[112.219357611143451,-7.047717255779535],[112.219810243375179,-7.047716074613407],[112.22026287552913,-7.047714893009167],[112.220715507605277,-7.047713710966817],[112.221168139603563,-7.047712528486354],[112.221620771524002,-7.047711345567779],[112.222073403366537,-7.047710162211095],[112.222526035131139,-7.047708978416302],[112.222978666817795,-7.047707794183397],[112.223431298426462,-7.047706609512385],[112.223883929957111,-7.047705424403262],[112.224336561409729,-7.04770423885603],[112.224789192784272,-7.047703052870691],[112.225241824080697,-7.047701866447245],[112.225694455299006,-7.047700679585689],[112.22614708643917,-7.047699492286026],[112.226599717501131,-7.047698304548258],[112.227052348484889,-7.047697116372381],[112.227504979390403,-7.0476959277584],[112.227957610217643,-7.047694738706312],[112.228410240966554,-7.047693549216119],[112.228862871637162,-7.047692359287822],[112.229315502229412,-7.047691168921419],[112.22976813274326,-7.047689978116914],[112.230220763178693,-7.047688786874301],[112.230673393535696,-7.047687595193588],[112.231126023814213,-7.047686403074771],[112.231578654014228,-7.047685210517851],[112.232031284135701,-7.047684017522828],[112.23248391417863,-7.047682824089702],[112.232936544142959,-7.047681630218476],[112.233389174028659,-7.047680435909148],[112.233841803835716,-7.04767924116172],[112.234294433564102,-7.047678045976191],[112.234747063213788,-7.047676850352562],[112.235199692784732,-7.047675654290833],[112.23565232227692,-7.047674457791007],[112.236104951690308,-7.047673260853077],[112.236557581024883,-7.047672063477051],[112.237010210280587,-7.047670865662926],[112.237462839457422,-7.047669667410704],[112.237915468555357,-7.047668468720384],[112.238368097574352,-7.047667269591966],[112.23882072651439,-7.047666070025452],[112.239273355375431,-7.04766487002084],[112.239725984157445,-7.047663669578134],[112.240178612860404,-7.047662468697332],[112.24063124148428,-7.047661267378434],[112.241083870029058,-7.047660065621441],[112.241536498494696,-7.047658863426354],[112.241989126881165,-7.047657660793171],[112.242441755188437,-7.047656457721896],[112.24289438341647,-7.047655254212526],[112.243347011565263,-7.047654050265065],[112.243799639634773,-7.047652845879508],[112.244252267624987,-7.047651641055861],[112.244704895535833,-7.047650435794123],[112.245157523367325,-7.047649230094293],[112.245610151119422,-7.047648023956369],[112.24606277879208,-7.047646817380357],[112.246515406385285,-7.047645610366253],[112.246968033899023,-7.047644402914059],[112.247420661333237,-7.047643195023775],[112.247873288687899,-7.047641986695402],[112.248325915963008,-7.047640777928942],[112.248778543158494,-7.04763956872439],[112.249231170274371,-7.047638359081751],[112.249683797310581,-7.047637149001026],[112.250136424267112,-7.047635938482212],[112.250589051143919,-7.047634727525309],[112.251041677940989,-7.047633516130322],[112.25149430465828,-7.047632304297247],[112.251946931295777,-7.047631092026087],[112.252399557853437,-7.047629879316841],[112.252852184331246,-7.047628666169511],[112.253304810729162,-7.047627452584095],[112.253757437047156,-7.047626238560595],[112.254210063285214,-7.04762502409901],[112.254662689443293,-7.047623809199342],[112.255115315521365,-7.047622593861589],[112.255567941519402,-7.047621378085755],[112.256020567437375,-7.047620161871837],[112.256473193275269,-7.047618945219838],[112.256925819033057,-7.047617728129756],[112.257378444710668,-7.047616510601595],[112.257831070308114,-7.047615292635349],[112.258283695825355,-7.047614074231025],[112.258736321262376,-7.047612855388621],[112.259188946619105,-7.047611636108137],[112.259641571895571,-7.047610416389571],[112.260094197091703,-7.047609196232927],[112.260546822207473,-7.047607975638205],[112.260999447242895,-7.047606754605406],[112.261452072197883,-7.047605533134526],[112.261904697072438,-7.04760431122557],[112.262357321866531,-7.047603088878535],[112.262809946580134,-7.047601866093423],[112.263262571213218,-7.047600642870236],[112.263715195765741,-7.047599419208973],[112.264167820237688,-7.047598195109633],[112.264620444629031,-7.047596970572219],[112.265073068939728,-7.047595745596729],[112.265525693169764,-7.047594520183164],[112.265978317319096,-7.047593294331526],[112.266430941387711,-7.047592068041814],[112.266883565375565,-7.047590841314028],[112.267336189282645,-7.047589614148168],[112.267788813108908,-7.047588386544237],[112.268241436854325,-7.047587158502233],[112.268694060518882,-7.047585930022155],[112.269146684102552,-7.047584701104008],[112.269599307605276,-7.04758347174779],[112.270051931027055,-7.0475822419535],[112.270504554367847,-7.047581011721139],[112.270957177627622,-7.047579781050709],[112.271409800806367,-7.047578549942208],[112.271862423904039,-7.047577318395638],[112.27231504692061,-7.047576086411001],[112.272767669856037,-7.047574853988293],[112.27322029271032,-7.047573621127519],[112.273672915483417,-7.047572387828676],[112.274125538175298,-7.047571154091767],[112.27457816078595,-7.047569919916789],[112.275030783315302,-7.047568685303745],[112.275483405763367,-7.047567450252635],[112.275936028130104,-7.04756621476346],[112.27638865041547,-7.047564978836219],[112.276841272619464,-7.047563742470913],[112.27729389474203,-7.047562505667542],[112.277746516783154,-7.047561268426105],[112.278199138742806,-7.047560030746605],[112.278651760620946,-7.047558792629043],[112.279104382417557,-7.047557554073417],[112.279557004132613,-7.047556315079727],[112.280009625766084,-7.047555075647976],[112.280462247317914,-7.047553835778165],[112.280914868788116,-7.047552595470289],[112.281367490176635,-7.047551354724352],[112.281820111483455,-7.047550113540355],[112.282272732708535,-7.047548871918298],[112.282725353851859,-7.04754762985818],[112.283177974913386,-7.047546387360002],[112.283630595893086,-7.047545144423766],[112.284083216790947,-7.047543901049472],[112.284535837606924,-7.047542657237116],[112.284988458341005,-7.047541412986704],[112.285441078993117,-7.047540168298233],[112.285893699563303,-7.047538923171707],[112.286346320051479,-7.047537677607123],[112.286798940457629,-7.047536431604481],[112.287251560781726,-7.047535185163785],[112.287704181023756,-7.047533938285031],[112.288156801183675,-7.047532690968223],[112.288609421261455,-7.04753144321336],[112.289062041257054,-7.047530195020441],[112.289514661170472,-7.047528946389468],[112.289967281001665,-7.047527697320442],[112.290419900750592,-7.047526447813361],[112.290872520417253,-7.047525197868227],[112.291325140001589,-7.047523947485042],[112.291777759503603,-7.047522696663804],[112.292230378923236,-7.047521445404514],[112.292682998260474,-7.047520193707173],[112.293135617515276,-7.04751894157178],[112.29358823668764,-7.047517688998336],[112.294040855777524,-7.047516435986842],[112.294493474784872,-7.047515182537298],[112.294946093709683,-7.047513928649702],[112.295398712551943,-7.047512674324061],[112.295851331311596,-7.047511419560369],[112.296303949988612,-7.047510164358629],[112.296756568582978,-7.047508908718839],[112.297209187094666,-7.047507652641005],[112.297661805523617,-7.047506396125121],[112.298114423869833,-7.047505139171189],[112.298567042133286,-7.047503881779212],[112.299019660313931,-7.047502623949191],[112.299472278411741,-7.047501365681121],[112.299924896426703,-7.047500106975008],[112.300377514358786,-7.047498847830849],[112.300830132207935,-7.047497588248646],[112.301282749974135,-7.047496328228398],[112.301735367657372,-7.047495067770106],[112.302187985257603,-7.047493806873772],[112.302640602774815,-7.047492545539394],[112.303093220208936,-7.047491283766974],[112.303545837559994,-7.047490021556511],[112.303998454827919,-7.047488758908006],[112.304451072012711,-7.04748749582146],[112.304903689114312,-7.047486232296873],[112.305356306132722,-7.047484968334246],[112.305808923067886,-7.047483703933578],[112.306261539919788,-7.04748243909487],[112.3067141566884,-7.047481173818124],[112.307166773373709,-7.047479908103336],[112.307619389975642,-7.047478641950513],[112.308072006494214,-7.047477375359649],[112.308524622929369,-7.047476108330748],[112.308977239281106,-7.04747484086381],[112.309429855549368,-7.047473572958833],[112.309882471734142,-7.047472304615821],[112.310335087835384,-7.047471035834773],[112.310787703853066,-7.047469766615688],[112.311240319787188,-7.047468496958569],[112.311692935637694,-7.047467226863413],[112.312145551404569,-7.047465956330223],[112.312598167087756,-7.047464685359],[112.31305078268727,-7.04746341394974],[112.313503398203054,-7.047462142102448],[112.313956013635078,-7.047460869817123],[112.314408628983344,-7.047459597093765],[112.314861244247766,-7.047458323932376],[112.315313859428372,-7.047457050332953],[112.315766474525091,-7.047455776295499],[112.316219089537924,-7.047454501820014],[112.316671704466842,-7.0474532269065],[112.317124319311802,-7.047451951554953],[112.317576934072761,-7.047450675765377],[112.31802954874972,-7.047449399537771],[112.318482163342637,-7.047448122872136],[112.318934777851481,-7.047446845768472],[112.319387392276241,-7.047445568226781],[112.319840006616857,-7.047444290247061],[112.320292620873317,-7.047443011829312],[112.320745235045592,-7.047441732973537],[112.321197849133654,-7.047440453679735],[112.321650463137473,-7.047439173947908],[112.322103077057022,-7.047437893778055],[112.322555690892258,-7.047436613170173],[112.323008304643182,-7.047435332124268],[112.323460918309735,-7.047434050640339],[112.323913531891918,-7.047432768718386],[112.324366145389661,-7.047431486358406],[112.324818758802977,-7.047430203560403],[112.325271372131823,-7.047428920324378],[112.325723985376158,-7.047427636650331],[112.326176598535952,-7.04742635253826],[112.326629211611191,-7.047425067988166],[112.327081824601848,-7.047423783000053],[112.327534437507879,-7.047422497573916],[112.327987050329284,-7.04742121170976],[112.328439663065978,-7.047419925407583],[112.32889227571799,-7.047418638667386],[112.329344888285277,-7.04741735148917],[112.329797500767782,-7.047416063872934],[112.330250113165505,-7.047414775818678],[112.330702725478403,-7.047413487326406],[112.331155337706463,-7.047412198396115],[112.331607949849626,-7.047410909027805],[112.332060561907909,-7.04740961922148],[112.332513173881239,-7.047408328977136],[112.332965785769616,-7.047407038294778],[112.333418397572984,-7.047405747174402],[112.333871009291343,-7.04740445561601],[112.33432362092465,-7.047403163619603],[112.334776232472876,-7.047401871185182],[112.33522884393598,-7.047400578312748],[112.33568145531396,-7.047399285002297],[112.336134066606789,-7.047397991253833],[112.33658667781441,-7.047396697067357],[112.337039288936793,-7.047395402442867],[112.337491899973941,-7.047394107380364],[112.337944510925809,-7.047392811879852],[112.338397121792354,-7.047391515941325],[112.338849732573578,-7.047390219564789],[112.339302343269409,-7.04738892275024],[112.339754953879861,-7.047387625497682],[112.340207564404892,-7.047386327807114],[112.340660174844459,-7.047385029678536],[112.341112785198533,-7.04738373111195],[112.341565395467114,-7.047382432107353],[112.342018005650147,-7.047381132664749],[112.342470615747601,-7.047379832784137]]]}},
{"type":"Feature","properties":{"Line":"S117","begin":1360.5,"end":3464.5},"geometry":{"type":"MultiLineString","coordinates":[[[112.163773752019679,-7.084035442069304],[112.164226428777269,-7.084034308950567],[112.164679105460593,-7.084033175391403],[112.165131782069622,-7.084032041391811],[112.165584458604343,-7.084030906951794],[112.166037135064713,-7.084029772071351],[112.166489811450688,-7.084028636750482],[112.16694248776227,-7.084027500989186],[112.167395163999416,-7.084026364787467],[112.167847840162082,-7.084025228145321],[112.16830051625027,-7.084024091062752],[112.168753192263935,-7.08402295353976],[112.169205868203036,-7.084021815576342],[112.169658544067573,-7.084020677172503],[112.170111219857503,-7.084019538328239],[112.170563895572784,-7.084018399043554],[112.171016571213386,-7.084017259318445],[112.17146924677931,-7.084016119152917],[112.171921922270514,-7.084014978546964],[112.172374597686954,-7.084013837500592],[112.172827273028616,-7.084012696013798],[112.173279948295459,-7.084011554086585],[112.173732623487467,-7.084010411718949],[112.174185298604598,-7.084009268910896],[112.174637973646838,-7.084008125662423],[112.175090648614159,-7.08400698197353],[112.175543323506517,-7.084005837844219],[112.175995998323884,-7.08400469327449],[112.176448673066247,-7.084003548264343],[112.176901347733576,-7.084002402813777],[112.177354022325815,-7.084001256922796],[112.177806696842964,-7.084000110591396],[112.17825937128498,-7.083998963819579],[112.178712045651849,-7.083997816607346],[112.179164719943529,-7.083996668954698],[112.179617394159976,-7.083995520861636],[112.180070068301191,-7.083994372328156],[112.180522742367145,-7.083993223354262],[112.180975416357782,-7.083992073939954],[112.181428090273087,-7.083990924085233],[112.181880764113046,-7.083989773790097],[112.182333437877602,-7.083988623054548],[112.182786111566756,-7.083987471878585],[112.18323878518045,-7.083986320262211],[112.18369145871867,-7.083985168205423],[112.184144132181402,-7.083984015708224],[112.184596805568589,-7.083982862770613],[112.185049478880217,-7.083981709392591],[112.185502152116257,-7.083980555574158],[112.185954825276667,-7.083979401315315],[112.186407498361447,-7.083978246616061],[112.186860171370526,-7.083977091476398],[112.187312844303918,-7.083975935896325],[112.18776551716158,-7.083974779875843],[112.188218189943456,-7.083973623414953],[112.188670862649559,-7.083972466513654],[112.189123535279819,-7.083971309171947],[112.18957620783425,-7.083970151389831],[112.190028880312795,-7.083968993167311],[112.190481552715426,-7.083967834504382],[112.190934225042128,-7.083966675401046],[112.191386897292873,-7.083965515857304],[112.191839569467618,-7.083964355873157],[112.192292241566335,-7.083963195448604],[112.192744913588996,-7.083962034583646],[112.193197585535572,-7.083960873278285],[112.193650257406048,-7.083959711532516],[112.194102929200398,-7.083958549346345],[112.194555600918562,-7.083957386719769],[112.195008272560528,-7.083956223652792],[112.195460944126282,-7.08395506014541],[112.19591361561578,-7.083953896197627],[112.19636628702898,-7.083952731809441],[112.196818958365881,-7.083951566980854],[112.197271629626442,-7.083950401711864],[112.197724300810634,-7.083949236002473],[112.198176971918414,-7.083948069852682],[112.198629642949783,-7.083946903262491],[112.199082313904682,-7.083945736231899],[112.199534984783099,-7.083944568760908],[112.199987655585005,-7.083943400849517],[112.200440326310371,-7.083942232497726],[112.200892996959169,-7.083941063705537],[112.201345667531356,-7.083939894472951],[112.201798338026919,-7.083938724799966],[112.202251008445842,-7.083937554686583],[112.202703678788041,-7.083936384132804],[112.203156349053558,-7.083935213138629],[112.203609019242307,-7.083934041704057],[112.20406168935429,-7.083932869829088],[112.204514359389478,-7.083931697513724],[112.204967029347827,-7.083930524757964],[112.205419699229324,-7.083929351561808],[112.205872369033926,-7.083928177925259],[112.206325038761619,-7.083927003848316],[112.206777708412346,-7.083925829330979],[112.207230377986107,-7.083924654373247],[112.20768304748286,-7.083923478975124],[112.208135716902589,-7.083922303136608],[112.208588386245253,-7.083921126857698],[112.209041055510824,-7.083919950138397],[112.209493724699286,-7.083918772978704],[112.209946393810583,-7.083917595378617],[112.210399062844701,-7.083916417338144],[112.210851731801625,-7.083915238857278],[112.211304400681314,-7.083914059936022],[112.211757069483724,-7.083912880574374],[112.212209738208855,-7.083911700772339],[112.212662406856666,-7.083910520529916],[112.213115075427112,-7.083909339847101],[112.213567743920194,-7.083908158723899],[112.214020412335856,-7.08390697716031],[112.214473080674097,-7.083905795156333],[112.21492574893486,-7.083904612711967],[112.215378417118117,-7.083903429827216],[112.215831085223854,-7.083902246502077],[112.216283753252057,-7.083901062736553],[112.216736421202668,-7.083899878530643],[112.21718908907566,-7.083898693884346],[112.217641756871032,-7.083897508797666],[112.218094424588713,-7.083896323270601],[112.218547092228718,-7.083895137303149],[112.218999759790989,-7.083893950895316],[112.219452427275499,-7.083892764047099],[112.219905094682233,-7.083891576758497],[112.220357762011162,-7.083890389029514],[112.220810429262244,-7.083889200860148],[112.22126309643545,-7.0838880122504],[112.221715763530753,-7.083886823200269],[112.222168430548138,-7.083885633709757],[112.222621097487561,-7.083884443778865],[112.22307376434901,-7.083883253407592],[112.223526431132427,-7.083882062595937],[112.223979097837812,-7.083880871343903],[112.224431764465123,-7.083879679651491],[112.224884431014331,-7.083878487518699],[112.225337097485408,-7.083877294945528],[112.225789763878339,-7.083876101931977],[112.226242430193068,-7.083874908478049],[112.22669509642958,-7.083873714583746],[112.227147762587862,-7.083872520249062],[112.227600428667856,-7.083871325474003],[112.228053094669562,-7.083870130258567],[112.228505760592924,-7.083868934602754],[112.228958426437927,-7.083867738506566],[112.229411092204543,-7.083866541970001],[112.22986375789273,-7.083865344993063],[112.230316423502472,-7.083864147575747],[112.230769089033757,-7.083862949718061],[112.231221754486526,-7.08386175142],[112.231674419860752,-7.083860552681564],[112.232127085156435,-7.083859353502754],[112.232579750373503,-7.083858153883574],[112.233032415511971,-7.083856953824018],[112.233485080571782,-7.083855753324091],[112.233937745552907,-7.083854552383793],[112.234390410455333,-7.083853351003125],[112.234843075279031,-7.083852149182082],[112.235295740023957,-7.083850946920671],[112.235748404690085,-7.083849744218889],[112.236201069277399,-7.083848541076739],[112.236653733785857,-7.083847337494218],[112.237106398215431,-7.083846133471327],[112.237559062566092,-7.083844929008068],[112.23801172683784,-7.08384372410444],[112.238464391030604,-7.083842518760446],[112.23891705514437,-7.083841312976083],[112.239369719179123,-7.083840106751352],[112.239822383134822,-7.083838900086254],[112.240275047011423,-7.083837692980792],[112.240727710808926,-7.083836485434961],[112.241180374527289,-7.083835277448767],[112.241633038166469,-7.083834069022206],[112.242085701726467,-7.08383286015528],[112.242538365207238,-7.083831650847988],[112.242991028608756,-7.083830441100335],[112.243443691930992,-7.083829230912315],[112.243896355173902,-7.083828020283931],[112.244349018337473,-7.083826809215187],[112.244801681421677,-7.083825597706078],[112.245254344426499,-7.083824385756606],[112.245707007351868,-7.083823173366775],[112.246159670197784,-7.08382196053658],[112.246612332964219,-7.083820747266024],[112.247064995651144,-7.083819533555107],[112.247517658258516,-7.08381831940383],[112.247970320786322,-7.083817104812194],[112.248422983234519,-7.083815889780197],[112.248875645603093,-7.08381467430784],[112.249328307892014,-7.083813458395125],[112.249780970101241,-7.083812242042051],[112.250233632230746,-7.083811025248619],[112.250686294280513,-7.08380980801483],[112.251138956250486,-7.083808590340682],[112.251591618140679,-7.083807372226176],[112.252044279951036,-7.083806153671316],[112.252496941681528,-7.083804934676098],[112.252949603332141,-7.083803715240522],[112.253402264902817,-7.083802495364595],[112.253854926393544,-7.083801275048311],[112.25430758780432,-7.08380005429167],[112.254760249135074,-7.083798833094676],[112.255212910385794,-7.083797611457327],[112.255665571556435,-7.083796389379625],[112.256118232647012,-7.083795166861571],[112.256570893657454,-7.083793943903163],[112.257023554587747,-7.083792720504402],[112.257476215437876,-7.083791496665289],[112.257928876207785,-7.083790272385825],[112.258381536897446,-7.083789047666007],[112.258834197506857,-7.083787822505842],[112.259286858035978,-7.083786596905323],[112.259739518484764,-7.083785370864455],[112.260192178853217,-7.083784144383239],[112.260644839141264,-7.083782917461671],[112.261097499348921,-7.083781690099754],[112.26155015947613,-7.083780462297488],[112.262002819522877,-7.083779234054875],[112.262455479489134,-7.083778005371913],[112.262908139374858,-7.083776776248603],[112.263360799180035,-7.083775546684946],[112.263813458904622,-7.083774316680944],[112.264266118548605,-7.083773086236594],[112.264718778111927,-7.083771855351896],[112.265171437594603,-7.083770624026855],[112.265624096996575,-7.083769392261467],[112.266076756317815,-7.083768160055737],[112.26652941555831,-7.083766927409659],[112.26698207471803,-7.083765694323239],[112.267434733796904,-7.083764460796474],[112.267887392794961,-7.083763226829366],[112.268340051712144,-7.083761992421914],[112.268792710548411,-7.083760757574121],[112.269245369303775,-7.083759522285985],[112.269698027978166,-7.083758286557508],[112.270150686571583,-7.083757050388688],[112.27060334508397,-7.083755813779527],[112.271056003515312,-7.083754576730026],[112.271508661865596,-7.083753339240184],[112.271961320134764,-7.083752101310004],[112.272413978322803,-7.083750862939482],[112.272866636429697,-7.083749624128623],[112.273319294455391,-7.083748384877423],[112.273771952399869,-7.083747145185885],[112.274224610263104,-7.083745905054009],[112.274677268045053,-7.083744664481797],[112.275129925745716,-7.083743423469246],[112.275582583365036,-7.083742182016358],[112.276035240903013,-7.083740940123135],[112.276487898359562,-7.083739697789574],[112.276940555734726,-7.08373845501568],[112.277393213028418,-7.083737211801448],[112.277845870240654,-7.083735968146882],[112.278298527371376,-7.083734724051981],[112.278751184420571,-7.083733479516748],[112.279203841388195,-7.083732234541178],[112.279656498274221,-7.083730989125276],[112.280109155078634,-7.083729743269043],[112.280561811801391,-7.083728496972474],[112.281014468442478,-7.083727250235574],[112.281467125001839,-7.083726003058342],[112.281919781479488,-7.083724755440778],[112.282372437875367,-7.083723507382885],[112.282825094189448,-7.08372225888466],[112.283277750421689,-7.083721009946104],[112.28373040657209,-7.083719760567218],[112.284183062640622,-7.083718510748003],[112.284635718627229,-7.08371726048846],[112.285088374531909,-7.083716009788588],[112.285541030354622,-7.083714758648386],[112.285993686095338,-7.083713507067857],[112.286446341754015,-7.083712255047001],[112.286898997330653,-7.083711002585816],[112.287351652825194,-7.083709749684306],[112.287804308237639,-7.08370849634247],[112.288256963567932,-7.083707242560307],[112.288709618816071,-7.083705988337817],[112.289162273982001,-7.083704733675003],[112.289614929065692,-7.083703478571864],[112.290067584067145,-7.083702223028401],[112.290520238986318,-7.083700967044614],[112.290972893823167,-7.083699710620503],[112.291425548577664,-7.083698453756068],[112.291878203249809,-7.083697196451311],[112.292330857839545,-7.08369593870623],[112.292783512346844,-7.083694680520829],[112.293236166771706,-7.083693421895103],[112.293688821114074,-7.08369216282906],[112.29414147537392,-7.083690903322693],[112.294594129551228,-7.083689643376005],[112.295046783645958,-7.083688382989],[112.29549943765808,-7.083687122161672],[112.29595209158758,-7.083685860894027],[112.296404745434415,-7.083684599186062],[112.296857399198572,-7.083683337037777],[112.297310052880007,-7.083682074449174],[112.297762706478693,-7.083680811420256],[112.298215359994614,-7.083679547951019],[112.298668013427715,-7.083678284041465],[112.299120666777995,-7.083677019691592],[112.299573320045411,-7.083675754901407],[112.300025973229921,-7.083674489670902],[112.300478626331525,-7.083673224000084],[112.300931279350181,-7.083671957888952],[112.301383932285859,-7.083670691337502],[112.301836585138531,-7.083669424345739],[112.30228923790817,-7.083668156913663],[112.302741890594746,-7.083666889041274],[112.303194543198231,-7.083665620728569],[112.303647195718582,-7.083664351975553],[112.304099848155786,-7.083663082782225],[112.304552500509828,-7.083661813148585],[112.305005152780652,-7.083660543074633],[112.305457804968242,-7.08365927256037],[112.305910457072557,-7.083658001605798],[112.306363109093581,-7.083656730210912],[112.306815761031288,-7.083655458375719],[112.307268412885634,-7.083654186100214],[112.307721064656619,-7.083652913384403],[112.308173716344172,-7.08365164022828],[112.308626367948293,-7.08365036663185],[112.309079019468953,-7.083649092595113],[112.309531670906111,-7.083647818118067],[112.309984322259737,-7.083646543200715],[112.310436973529818,-7.083645267843056],[112.31088962471631,-7.083643992045089],[112.3113422758192,-7.083642715806818],[112.311794926838445,-7.083641439128239],[112.312247577774016,-7.083640162009358],[112.312700228625886,-7.08363888445017],[112.313152879394039,-7.083637606450678],[112.313605530078434,-7.083636328010882],[112.314058180679041,-7.083635049130781],[112.314510831195832,-7.083633769810379],[112.314963481628794,-7.083632490049673],[112.315416131977869,-7.083631209848664],[112.315868782243058,-7.083629929207355],[112.316321432424303,-7.083628648125742],[112.31677408252159,-7.08362736660383],[112.317226732534905,-7.083626084641615],[112.317679382464192,-7.0836248022391],[112.318132032309435,-7.083623519396286],[112.318584682070608,-7.083622236113173],[112.31903733174768,-7.08362095238976],[112.319489981340624,-7.083619668226047],[112.319942630849411,-7.083618383622037],[112.320395280273999,-7.083617098577727],[112.320847929614374,-7.083615813093122],[112.321300578870492,-7.083614527168216],[112.32175322804234,-7.083613240803017],[112.322205877129903,-7.08361195399752],[112.322658526133111,-7.083610666751726],[112.323111175051963,-7.083609379065638],[112.323563823886417,-7.083608090939253],[112.324016472636472,-7.083606802372575],[112.324469121302059,-7.083605513365601],[112.32492176988319,-7.083604223918334],[112.325374418379795,-7.083602934030773],[112.325827066791859,-7.083601643702917],[112.326279715119384,-7.083600352934771],[112.326732363362311,-7.083599061726331],[112.327185011520598,-7.083597770077599],[112.327637659594245,-7.083596477988576],[112.32809030758321,-7.083595185459261],[112.328542955487478,-7.083593892489656],[112.328995603306993,-7.08359259907976],[112.329448251041754,-7.083591305229574],[112.329900898691733,-7.083590010939099],[112.330353546256859,-7.083588716208333],[112.330806193737146,-7.083587421037279],[112.331258841132552,-7.083586125425937],[112.331711488443062,-7.083584829374308],[112.332164135668606,-7.083583532882389],[112.332616782809197,-7.083582235950184],[112.333069429864793,-7.083580938577692],[112.333522076835365,-7.083579640764913],[112.333974723720885,-7.083578342511849],[112.334427370521311,-7.083577043818498],[112.334880017236628,-7.083575744684863],[112.335332663866808,-7.083574445110944],[112.335785310411822,-7.083573145096739],[112.336237956871628,-7.08357184464225],[112.336690603246211,-7.083570543747478],[112.337143249535544,-7.083569242412422],[112.337595895739582,-7.083567940637085],[112.338048541858299,-7.083566638421464],[112.33850118789168,-7.083565335765561],[112.338953833839696,-7.083564032669377],[112.339406479702319,-7.083562729132912],[112.339859125479506,-7.083561425156166],[112.34031177117123,-7.08356012073914],[112.340764416777475,-7.083558815881833],[112.341217062298199,-7.083557510584247],[112.341669707733374,-7.08355620484638],[112.342122353082971,-7.083554898668236],[112.342574998346976,-7.083553592049815],[112.343027643525346,-7.083552284991114],[112.343480288618068,-7.083550977492136],[112.343932933625084,-7.083549669552882],[112.344385578546394,-7.083548361173349],[112.344838223381956,-7.083547052353542],[112.345290868131741,-7.083545743093458],[112.345743512795707,-7.083544433393098],[112.346196157373868,-7.083543123252464],[112.346648801866138,-7.083541812671555],[112.347101446272532,-7.083540501650372],[112.347554090593007,-7.083539190188914],[112.348006734827536,-7.083537878287183],[112.348459378976074,-7.083536565945179],[112.348912023038622,-7.083535253162903],[112.349364667015124,-7.083533939940354],[112.349817310905564,-7.083532626277533],[112.350269954709916,-7.08353131217444],[112.350722598428149,-7.083529997631078],[112.351175242060222,-7.083528682647444],[112.351627885606121,-7.083527367223541],[112.352080529065802,-7.083526051359367],[112.352533172439266,-7.083524735054923],[112.352985815726456,-7.083523418310211],[112.353438458927357,-7.08352210112523],[112.353891102041914,-7.08352078349998],[112.354343745070125,-7.083519465434464],[112.354796388011962,-7.08351814692868],[112.355249030867398,-7.083516827982631],[112.355701673636375,-7.083515508596312],[112.356154316318907,-7.08351418876973],[112.356606958914924,-7.083512868502878],[112.35705960142441,-7.083511547795765],[112.357512243847353,-7.083510226648385],[112.357964886183709,-7.08350890506074],[112.358417528433463,-7.083507583032832],[112.358870170596575,-7.08350626056466],[112.359322812673,-7.083504937656226],[112.359775454662739,-7.083503614307529],[112.360228096565763,-7.083502290518569],[112.360680738382015,-7.083500966289345],[112.361133380111482,-7.083499641619861],[112.361586021754135,-7.083498316510116],[112.362038663309946,-7.083496990960112],[112.362491304778885,-7.083495664969845],[112.362943946160925,-7.083494338539319],[112.363396587456052,-7.083493011668533],[112.363849228664193,-7.083491684357489],[112.364301869785365,-7.083490356606183],[112.364754510819509,-7.083489028414622],[112.365207151766612,-7.083487699782802],[112.365659792626644,-7.083486370710725],[112.366112433399579,-7.083485041198391],[112.366565074085372,-7.0834837112458],[112.36701771468401,-7.083482380852953],[112.367470355195465,-7.08348105001985],[112.367922995619693,-7.083479718746491],[112.368375635956681,-7.083478387032877],[112.368828276206401,-7.083477054879009],[112.369280916368794,-7.083475722284888],[112.369733556443862,-7.083474389250512],[112.370186196431575,-7.083473055775881],[112.370638836331892,-7.083471721860999],[112.371091476144798,-7.083470387505865],[112.37154411587025,-7.083469052710477],[112.371996755508221,-7.083467717474838],[112.37244939505868,-7.083466381798948],[112.372902034521616,-7.083465045682808],[112.373354673896984,-7.083463709126415],[112.37380731318477,-7.083462372129775],[112.374259952384918,-7.083461034692885],[112.374712591497413,-7.083459696815744],[112.375165230522242,-7.083458358498355],[112.375617869459361,-7.083457019740717],[112.376070508308729,-7.083455680542832],[112.376523147070344,-7.083454340904699],[112.376975785744165,-7.083453000826317],[112.377428424330162,-7.083451660307691],[112.377881062828294,-7.08345031934882],[112.37833370123856,-7.083448977949701],[112.378786339560904,-7.083447636110336],[112.379238977795325,-7.083446293830726],[112.379691615941766,-7.083444951110872],[112.380144254000214,-7.083443607950774],[112.380596891970626,-7.083442264350431],[112.381049529853001,-7.083440920309847],[112.381502167647284,-7.083439575829018],[112.381954805353459,-7.083438230907946],[112.382407442971498,-7.083436885546634],[112.382860080501345,-7.083435539745079],[112.383312717943014,-7.083434193503285],[112.383765355296447,-7.083432846821246],[112.384217992561631,-7.083431499698968],[112.384670629738523,-7.083430152136452],[112.385123266827094,-7.083428804133695],[112.385575903827331,-7.083427455690697],[112.386028540739204,-7.083426106807462],[112.386481177562672,-7.083424757483989],[112.386933814297706,-7.083423407720276],[112.387386450944291,-7.083422057516328],[112.387839087502371,-7.083420706872142],[112.38829172397196,-7.08341935578772],[112.388744360352973,-7.083418004263061],[112.389196996645438,-7.083416652298166],[112.389649632849299,-7.083415299893035],[112.390102268964512,-7.083413947047671],[112.390554904991077,-7.083412593762071],[112.391007540928953,-7.083411240036237],[112.391460176778111,-7.08340988587017],[112.391912812538521,-7.083408531263869],[112.392365448210157,-7.083407176217334],[112.392818083792974,-7.083405820730567],[112.393270719286974,-7.083404464803569],[112.393723354692114,-7.083403108436339],[112.39417599000835,-7.083401751628878],[112.394628625235683,-7.083400394381185],[112.395081260374056,-7.083399036693262],[112.395533895423455,-7.08339767856511],[112.395986530383851,-7.083396319996726],[112.396439165255202,-7.083394960988117],[112.396891800037508,-7.083393601539276],[112.397344434730698,-7.083392241650208],[112.397797069334786,-7.083390881320911],[112.3982497038497,-7.083389520551388],[112.398702338275456,-7.083388159341638],[112.399154972611996,-7.083386797691661],[112.399607606859306,-7.083385435601458],[112.400060241017329,-7.083384073071028],[112.400512875086079,-7.083382710100373],[112.4009655090655,-7.083381346689495],[112.401418142955563,-7.083379982838392],[112.401870776756255,-7.083378618547064]]]}},
{"type":"Feature","properties":{"Line":"S115","begin":1360.5,"end":3464.5},"geometry":{"type":"MultiLineString","coordinates":[[[112.168775985895024,-7.093066989499439],[112.16922867065756,-7.093065850068855],[112.169681355345503,-7.093064710197279],[112.170134039958825,-7.093063569884714],[112.170586724497497,-7.093062429131158],[112.171039408961519,-7.09306128793661],[112.171492093350821,-7.093060146301074],[112.171944777665388,-7.093059004224548],[112.172397461905192,-7.093057861707035],[112.172850146070218,-7.093056718748532],[112.173302830160424,-7.09305557534904],[112.173755514175781,-7.09305443150856],[112.174208198116261,-7.093053287227093],[112.174660881981836,-7.093052142504638],[112.175113565772463,-7.093050997341197],[112.175566249488142,-7.093049851736769],[112.176018933128844,-7.093048705691356],[112.176471616694514,-7.093047559204955],[112.176924300185121,-7.09304641227757],[112.177376983600652,-7.0930452649092],[112.177829666941093,-7.093044117099845],[112.178282350206388,-7.093042968849505],[112.178735033396521,-7.093041820158181],[112.179187716511464,-7.093040671025875],[112.179640399551175,-7.093039521452583],[112.18009308251564,-7.093038371438309],[112.180545765404815,-7.093037220983054],[112.180998448218702,-7.093036070086814],[112.181451130957228,-7.093034918749594],[112.181903813620409,-7.093033766971393],[112.182356496208186,-7.093032614752209],[112.182809178720532,-7.093031462092044],[112.183261861157419,-7.093030308990901],[112.183714543518846,-7.093029155448776],[112.184167225804728,-7.093028001465672],[112.184619908015108,-7.093026847041587],[112.1850725901499,-7.093025692176524],[112.185525272209091,-7.093024536870483],[112.185977954192666,-7.093023381123463],[112.186430636100582,-7.093022224935466],[112.186883317932811,-7.09302106830649],[112.187335999689324,-7.093019911236538],[112.187788681370108,-7.093018753725609],[112.18824136297512,-7.093017595773702],[112.188694044504317,-7.09301643738082],[112.189146725957684,-7.093015278546962],[112.189599407335209,-7.093014119272127],[112.190052088636847,-7.09301295955632],[112.190504769862557,-7.093011799399537],[112.190957451012338,-7.093010638801777],[112.191410132086148,-7.093009477763047],[112.191862813083929,-7.09300831628334],[112.192315494005712,-7.093007154362663],[112.192768174851423,-7.093005992001011],[112.19322085562105,-7.093004829198386],[112.193673536314549,-7.093003665954789],[112.194126216931906,-7.093002502270222],[112.194578897473079,-7.093001338144682],[112.195031577938067,-7.093000173578171],[112.195484258326815,-7.092999008570691],[112.195936938639292,-7.092997843122238],[112.1963896188755,-7.092996677232817],[112.196842299035382,-7.092995510902425],[112.197294979118908,-7.092994344131063],[112.197747659126051,-7.092993176918734],[112.198200339056797,-7.092992009265435],[112.198653018911116,-7.092990841171169],[112.199105698688967,-7.092989672635935],[112.199558378390321,-7.092988503659732],[112.200011058015164,-7.092987334242563],[112.200463737563439,-7.092986164384426],[112.200916417035145,-7.092984994085325],[112.201369096430241,-7.092983823345256],[112.201821775748698,-7.092982652164222],[112.202274454990501,-7.092981480542223],[112.202727134155609,-7.092980308479257],[112.203179813243977,-7.092979135975328],[112.203632492255608,-7.092977963030434],[112.204085171190457,-7.092976789644578],[112.204537850048496,-7.092975615817759],[112.204990528829683,-7.092974441549974],[112.205443207534017,-7.092973266841227],[112.205895886161457,-7.09297209169152],[112.206348564711973,-7.092970916100848],[112.206801243185524,-7.092969740069215],[112.207253921582094,-7.092968563596621],[112.207706599901655,-7.092967386683068],[112.208159278144166,-7.092966209328551],[112.208611956309625,-7.092965031533074],[112.209064634397976,-7.09296385329664],[112.209517312409204,-7.092962674619244],[112.209969990343268,-7.092961495500892],[112.210422668200138,-7.092960315941577],[112.210875345979815,-7.092959135941307],[112.211328023682242,-7.092957955500077],[112.211780701307404,-7.09295677461789],[112.21223337885526,-7.092955593294747],[112.212686056325779,-7.092954411530644],[112.213138733718949,-7.092953229325587],[112.213591411034727,-7.092952046679573],[112.214044088273099,-7.092950863592604],[112.214496765434021,-7.092949680064678],[112.214949442517465,-7.092948496095798],[112.215402119523418,-7.092947311685964],[112.215854796451836,-7.092946126835173],[112.216307473302678,-7.09294494154343],[112.216760150075942,-7.092943755810735],[112.217212826771586,-7.092942569637085],[112.217665503389597,-7.092941383022482],[112.218118179929931,-7.092940195966925],[112.218570856392546,-7.092939008470419],[112.219023532777427,-7.092937820532959],[112.219476209084561,-7.092936632154548],[112.219928885313877,-7.092935443335186],[112.220381561465402,-7.092934254074873],[112.220834237539066,-7.092933064373611],[112.221286913534854,-7.092931874231398],[112.221739589452739,-7.092930683648237],[112.222192265292676,-7.092929492624126],[112.222644941054668,-7.092928301159064],[112.223097616738656,-7.092927109253057],[112.223550292344626,-7.0929259169061],[112.224002967872551,-7.092924724118196],[112.224455643322386,-7.092923530889344],[112.224908318694105,-7.092922337219544],[112.225360993987707,-7.0929211431088],[112.225813669203134,-7.092919948557108],[112.22626634434036,-7.09291875356447],[112.226719019399368,-7.092917558130887],[112.227171694380118,-7.092916362256358],[112.227624369282594,-7.092915165940886],[112.228077044106755,-7.092913969184469],[112.228529718852585,-7.092912771987108],[112.228982393520042,-7.092911574348803],[112.229435068109112,-7.092910376269557],[112.229887742619738,-7.092909177749366],[112.230340417051906,-7.092907978788231],[112.230793091405616,-7.092906779386158],[112.231245765680796,-7.09290557954314],[112.231698439877434,-7.092904379259181],[112.232151113995499,-7.09290317853428],[112.232603788034979,-7.092901977368441],[112.233056461995815,-7.09290077576166],[112.233509135878009,-7.09289957371394],[112.233961809681503,-7.092898371225281],[112.234414483406297,-7.09289716829568],[112.234867157052335,-7.092895964925143],[112.235319830619616,-7.092894761113667],[112.235772504108084,-7.092893556861253],[112.236225177517738,-7.092892352167901],[112.236677850848508,-7.092891147033613],[112.237130524100422,-7.092889941458385],[112.237583197273395,-7.092888735442223],[112.238035870367426,-7.092887528985125],[112.238488543382473,-7.092886322087089],[112.238941216318551,-7.092885114748121],[112.239393889175574,-7.092883906968215],[112.239846561953541,-7.092882698747376],[112.240299234652412,-7.092881490085602],[112.240751907272156,-7.092880280982892],[112.241204579812774,-7.092879071439253],[112.241657252274209,-7.092877861454678],[112.242109924656432,-7.092876651029171],[112.242562596959431,-7.09287544016273],[112.243015269183161,-7.092874228855359],[112.243467941327609,-7.092873017107054],[112.243920613392731,-7.09287180491782],[112.244373285378487,-7.092870592287654],[112.244825957284888,-7.092869379216558],[112.24527862911188,-7.092868165704534],[112.245731300859418,-7.092866951751576],[112.246183972527504,-7.092865737357692],[112.246636644116109,-7.092864522522878],[112.247089315625175,-7.092863307247133],[112.247541987054689,-7.092862091530463],[112.247994658404622,-7.092860875372863],[112.24844732967496,-7.092859658774338],[112.248900000865646,-7.092858441734883],[112.249352671976681,-7.092857224254502],[112.249805343008006,-7.092856006333194],[112.250258013959609,-7.092854787970963],[112.250710684831461,-7.092853569167804],[112.251163355623532,-7.09285234992372],[112.251616026335782,-7.092851130238712],[112.252068696968209,-7.092849910112779],[112.252521367520757,-7.092848689545922],[112.252974037993411,-7.09284746853814],[112.253426708386144,-7.092846247089436],[112.253879378698912,-7.092845025199809],[112.254332048931701,-7.092843802869259],[112.254784719084469,-7.092842580097788],[112.255237389157202,-7.092841356885391],[112.25569005914987,-7.092840133232077],[112.256142729062432,-7.092838909137842],[112.256595398894859,-7.092837684602684],[112.257048068647137,-7.092836459626608],[112.257500738319237,-7.09283523420961],[112.257953407911117,-7.092834008351693],[112.258406077422734,-7.092832782052857],[112.258858746854102,-7.092831555313101],[112.259311416205165,-7.092830328132429],[112.259764085475879,-7.092829100510838],[112.26021675466626,-7.092827872448329],[112.260669423776235,-7.092826643944901],[112.261122092805792,-7.092825415000559],[112.261574761754915,-7.0928241856153],[112.262027430623561,-7.092822955789124],[112.26248009941169,-7.092821725522032],[112.262932768119299,-7.092820494814027],[112.263385436746347,-7.092819263665104],[112.263838105292805,-7.092818032075268],[112.264290773758646,-7.092816800044518],[112.264743442143839,-7.092815567572853],[112.265196110448343,-7.092814334660276],[112.265648778672158,-7.092813101306784],[112.266101446815227,-7.092811867512381],[112.266554114877536,-7.092810633277066],[112.267006782859056,-7.092809398600838],[112.267459450759759,-7.0928081634837],[112.267912118579588,-7.092806927925649],[112.268364786318571,-7.092805691926688],[112.268817453976624,-7.092804455486816],[112.26927012155376,-7.092803218606036],[112.269722789049908,-7.092801981284343],[112.270175456465068,-7.092800743521743],[112.270628123799213,-7.092799505318235],[112.271080791052313,-7.092798266673818],[112.271533458224326,-7.092797027588492],[112.271986125315223,-7.092795788062259],[112.272438792324991,-7.092794548095118],[112.272891459253586,-7.092793307687071],[112.27334412610098,-7.092792066838117],[112.273796792867159,-7.092790825548256],[112.274249459552067,-7.09278958381749],[112.274702126155717,-7.092788341645819],[112.275154792678038,-7.092787099033244],[112.27560745911903,-7.092785855979763],[112.276060125478637,-7.092784612485377],[112.276512791756858,-7.09278336855009],[112.276965457953651,-7.092782124173898],[112.277418124068987,-7.092780879356801],[112.277870790102853,-7.092779634098803],[112.278323456055176,-7.092778388399903],[112.278776121925972,-7.0927771422601],[112.279228787715212,-7.092775895679396],[112.279681453422825,-7.092774648657792],[112.280134119048839,-7.092773401195286],[112.280586784593169,-7.092772153291881],[112.281039450055815,-7.092770904947575],[112.281492115436748,-7.09276965616237],[112.281944780735955,-7.092768406936265],[112.282397445953364,-7.092767157269261],[112.28285011108899,-7.092765907161359],[112.283302776142776,-7.092764656612559],[112.283755441114707,-7.092763405622862],[112.284208106004741,-7.092762154192267],[112.284660770812863,-7.092760902320776],[112.285113435539046,-7.092759650008388],[112.285566100183232,-7.092758397255103],[112.286018764745435,-7.092757144060924],[112.286471429225585,-7.09275589042585],[112.286924093623696,-7.092754636349879],[112.287376757939711,-7.092753381833016],[112.287829422173601,-7.092752126875256],[112.288282086325339,-7.092750871476604],[112.288734750394909,-7.092749615637059],[112.289187414382269,-7.09274835935662],[112.289640078287391,-7.092747102635289],[112.290092742110261,-7.092745845473066],[112.290545405850835,-7.09274458786995],[112.290998069509072,-7.092743329825943],[112.291450733084972,-7.092742071341045],[112.291903396578491,-7.092740812415256],[112.292356059989601,-7.092739553048579],[112.292808723318288,-7.092738293241011],[112.293261386564481,-7.092737032992552],[112.293714049728209,-7.092735772303206],[112.294166712809385,-7.09273451117297],[112.294619375808026,-7.092733249601847],[112.295072038724086,-7.092731987589834],[112.29552470155754,-7.092730725136936],[112.295977364308342,-7.09272946224315],[112.296430026976495,-7.092728198908477],[112.29688268956194,-7.092726935132918],[112.29733535206465,-7.092725670916474],[112.297788014484624,-7.092724406259141],[112.298240676821806,-7.092723141160926],[112.298693339076166,-7.092721875621825],[112.299146001247706,-7.09272060964184],[112.299598663336354,-7.092719343220972],[112.300051325342125,-7.09271807635922],[112.300503987264946,-7.092716809056584],[112.300956649104833,-7.092715541313065],[112.301409310861729,-7.092714273128665],[112.301861972535619,-7.092713004503381],[112.302314634126446,-7.092711735437218],[112.302767295634212,-7.092710465930173],[112.303219957058886,-7.092709195982247],[112.303672618400412,-7.09270792559344],[112.304125279658791,-7.092706654763754],[112.30457794083398,-7.092705383493187],[112.305030601925949,-7.092704111781742],[112.305483262934686,-7.092702839629417],[112.305935923860147,-7.092701567036215],[112.306388584702304,-7.092700294002134],[112.306841245461129,-7.092699020527176],[112.307293906136593,-7.092697746611339],[112.307746566728667,-7.092696472254628],[112.30819922723731,-7.092695197457039],[112.308651887662535,-7.092693922218573],[112.309104548004257,-7.092692646539231],[112.30955720826249,-7.092691370419016],[112.310009868437191,-7.092690093857925],[112.310462528528319,-7.092688816855961],[112.310915188535873,-7.09268753941312],[112.311367848459795,-7.092686261529408],[112.311820508300073,-7.092684983204821],[112.312273168056677,-7.092683704439361],[112.312725827729551,-7.092682425233028],[112.313178487318723,-7.092681145585825],[112.313631146824108,-7.092679865497749],[112.314083806245719,-7.092678584968803],[112.314536465583487,-7.092677303998985],[112.31498912483741,-7.092676022588297],[112.315441784007461,-7.092674740736739],[112.315894443093597,-7.092673458444311],[112.316347102095818,-7.092672175711013],[112.316799761014039,-7.092670892536846],[112.317252419848288,-7.092669608921812],[112.317705078598493,-7.092668324865907],[112.31815773726467,-7.092667040369138],[112.318610395846761,-7.092665755431499],[112.319063054344724,-7.092664470052994],[112.319515712758559,-7.092663184233623],[112.319968371088223,-7.092661897973386],[112.320421029333701,-7.092660611272282],[112.320873687494952,-7.092659324130314],[112.321326345571933,-7.09265803654748],[112.321779003564629,-7.092656748523781],[112.32223166147304,-7.09265546005922],[112.322684319297096,-7.092654171153793],[112.323136977036768,-7.092652881807504],[112.323589634692055,-7.092651592020353],[112.324042292262916,-7.092650301792337],[112.324494949749322,-7.09264901112346],[112.32494760715123,-7.092647720013722],[112.325400264468627,-7.092646428463122],[112.325852921701483,-7.09264513647166],[112.32630557884977,-7.092643844039339],[112.326758235913459,-7.092642551166158],[112.327210892892523,-7.092641257852116],[112.327663549786905,-7.092639964097216],[112.328116206596619,-7.092638669901456],[112.328568863321621,-7.092637375264839],[112.32902151996187,-7.092636080187363],[112.329474176517337,-7.092634784669029],[112.329926832988022,-7.092633488709837],[112.330379489373854,-7.092632192309789],[112.330832145674847,-7.092630895468885],[112.331284801890931,-7.092629598187124],[112.331737458022104,-7.092628300464509],[112.332190114068339,-7.092627002301037],[112.33264277002958,-7.09262570369671],[112.333095425905825,-7.092624404651529],[112.333548081697032,-7.092623105165495],[112.334000737403187,-7.092621805238605],[112.334453393024248,-7.092620504870864],[112.334906048560185,-7.092619204062269],[112.335358704010972,-7.092617902812822],[112.335811359376578,-7.092616601122523],[112.33626401465699,-7.092615298991372],[112.336716669852152,-7.092613996419368],[112.337169324962062,-7.092612693406516],[112.337621979986679,-7.092611389952813],[112.33807463492596,-7.092610086058259],[112.338527289779918,-7.092608781722854],[112.33897994454847,-7.092607476946603],[112.339432599231614,-7.092606171729502],[112.339885253829337,-7.092604866071553],[112.340337908341581,-7.092603559972753],[112.340790562768333,-7.092602253433109],[112.341243217109565,-7.092600946452617],[112.341695871365232,-7.092599639031276],[112.342148525535336,-7.09259833116909],[112.34260117961982,-7.092597022866058],[112.343053833618654,-7.092595714122182],[112.34350648753184,-7.092594404937458],[112.343959141359306,-7.092593095311892],[112.344411795101067,-7.09259178524548],[112.344864448757065,-7.092590474738224],[112.345317102327272,-7.092589163790125],[112.345769755811688,-7.092587852401183],[112.346222409210242,-7.092586540571398],[112.346675062522934,-7.092585228300771],[112.347127715749721,-7.092583915589302],[112.34758036889059,-7.092582602436991],[112.348033021945483,-7.092581288843839],[112.348485674914414,-7.092579974809846],[112.348938327797327,-7.092578660335013],[112.34939098059418,-7.092577345419341],[112.349843633304971,-7.092576030062829],[112.350296285929659,-7.092574714265477],[112.350748938468215,-7.092573398027286],[112.351201590920624,-7.092572081348259],[112.351654243286845,-7.092570764228394],[112.352106895566834,-7.09256944666769],[112.352559547760592,-7.092568128666149],[112.353012199868061,-7.092566810223771],[112.353464851889242,-7.092565491340559],[112.353917503824093,-7.092564172016509],[112.354370155672569,-7.092562852251625],[112.354822807434658,-7.092561532045905],[112.355275459110331,-7.092560211399351],[112.355728110699559,-7.092558890311964],[112.356180762202314,-7.092557568783741],[112.356633413618567,-7.092556246814685],[112.357086064948277,-7.092554924404799],[112.357538716191428,-7.092553601554077],[112.357991367347992,-7.092552278262525],[112.358444018417927,-7.09255095453014],[112.358896669401204,-7.092549630356926],[112.359349320297824,-7.092548305742878],[112.359801971107728,-7.092546980688001],[112.360254621830904,-7.092545655192293],[112.360707272467309,-7.092544329255756],[112.361159923016913,-7.092543002878392],[112.361612573479704,-7.092541676060196],[112.362065223855637,-7.092540348801173],[112.3625178741447,-7.092539021101322],[112.362970524346849,-7.092537692960644],[112.363423174462056,-7.092536364379137],[112.363875824490307,-7.092535035356804],[112.364328474431559,-7.092533705893645],[112.364781124285784,-7.09253237598966],[112.365233774052953,-7.092531045644851],[112.365686423733052,-7.092529714859215],[112.366139073326011,-7.092528383632754],[112.36659172283187,-7.09252705196547],[112.367044372250533,-7.092525719857361],[112.367497021582011,-7.09252438730843],[112.367949670826263,-7.092523054318674],[112.368402319983247,-7.092521720888098],[112.368854969052961,-7.092520387016698],[112.36930761803535,-7.092519052704477],[112.369760266930399,-7.092517717951434],[112.370212915738094,-7.09251638275757],[112.370665564458378,-7.092515047122887],[112.371118213091236,-7.092513711047381],[112.371570861636627,-7.092512374531057],[112.37202351009455,-7.092511037573915],[112.372476158464949,-7.092509700175953],[112.372928806747808,-7.092508362337171],[112.373381454943086,-7.092507024057572],[112.373834103050783,-7.092505685337156],[112.374286751070827,-7.092504346175922],[112.374739399003218,-7.092503006573871],[112.375192046847928,-7.092501666531005],[112.375644694604915,-7.092500326047323],[112.376097342274164,-7.092498985122823],[112.376549989855633,-7.092497643757509],[112.377002637349307,-7.092496301951381],[112.377455284755129,-7.092494959704439],[112.3779079320731,-7.092493617016682],[112.378360579303191,-7.092492273888113],[112.378813226445359,-7.092490930318729],[112.379265873499577,-7.092489586308535],[112.379718520465815,-7.092488241857526],[112.380171167344059,-7.092486896965706],[112.380623814134253,-7.092485551633074],[112.381076460836397,-7.092484205859634],[112.381529107450447,-7.09248285964538],[112.381981753976376,-7.092481512990317],[112.382434400414155,-7.092480165894445],[112.382887046763756,-7.092478818357764],[112.38333969302515,-7.092477470380273],[112.383792339198308,-7.092476121961974],[112.384244985283203,-7.092474773102866],[112.384697631279806,-7.092473423802952],[112.385150277188075,-7.09247207406223],[112.385602923008008,-7.092470723880701],[112.38605556873955,-7.092469373258366],[112.386508214382687,-7.092468022195225],[112.386960859937375,-7.092466670691278],[112.387413505403615,-7.092465318746526],[112.387866150781363,-7.092463966360969],[112.388318796070564,-7.092462613534608],[112.388771441271231,-7.092461260267446],[112.389224086383308,-7.092459906559477],[112.38967673140678,-7.092458552410705],[112.390129376341591,-7.092457197821132],[112.390582021187754,-7.092455842790757],[112.391034665945213,-7.092454487319579],[112.39148731061394,-7.092453131407599],[112.391939955193934,-7.09245177505482],[112.392392599685124,-7.092450418261239],[112.392845244087511,-7.092449061026859],[112.393297888401051,-7.092447703351678],[112.393750532625731,-7.092446345235699],[112.394203176761479,-7.092444986678922],[112.394655820808339,-7.092443627681345],[112.395108464766224,-7.092442268242972],[112.395561108635121,-7.092440908363801],[112.396013752415001,-7.09243954804383],[112.396466396105851,-7.092438187283065],[112.396919039707626,-7.092436826081505],[112.397371683220285,-7.092435464439146],[112.397824326643814,-7.092434102355993],[112.398276969978198,-7.092432739832044],[112.398729613223395,-7.092431376867301],[112.399182256379362,-7.092430013461764],[112.399634899446085,-7.092428649615435],[112.400087542423549,-7.092427285328311],[112.400540185311698,-7.092425920600392],[112.400992828110518,-7.092424555431683],[112.401445470819965,-7.092423189822183],[112.401898113440041,-7.09242182377189],[112.402350755970701,-7.092420457280805],[112.402803398411891,-7.092419090348931],[112.403256040763623,-7.092417722976266],[112.40370868302584,-7.09241635516281],[112.40416132519853,-7.092414986908566],[112.404613967281648,-7.092413618213532],[112.405066609275181,-7.09241224907771],[112.405519251179101,-7.0924108795011],[112.405971892993364,-7.092409509483701],[112.406424534717942,-7.092408139025514],[112.406877176352822,-7.092406768126543]]]}},
{"type":"Feature","properties":{"Line":"S126","begin":1360.5,"end":2724.5},"geometry":{"type":"MultiLineString","coordinates":[[[112.288325123258446,-7.026505584576412],[112.288326368442966,-7.026957767200428],[112.288327613709626,-7.027409949815522],[112.288328859058424,-7.027862132421693],[112.288330104489347,-7.02831431501894],[112.288331350002409,-7.028766497607262],[112.288332595597609,-7.029218680186661],[112.288333841274948,-7.029670862757134],[112.288335087034412,-7.030123045318682],[112.288336332876028,-7.030575227871303],[112.288337578799769,-7.031027410414997],[112.288338824805649,-7.031479592949763],[112.288340070893668,-7.031931775475603],[112.288341317063839,-7.032383957992512],[112.288342563316135,-7.032836140500494],[112.28834380965057,-7.033288322999545],[112.288345056067158,-7.033740505489666],[112.28834630256587,-7.034192687970858],[112.288347549146735,-7.034644870443116],[112.288348795809739,-7.035097052906443],[112.288350042554882,-7.035549235360837],[112.288351289382163,-7.0360014178063],[112.288352536291598,-7.036453600242825],[112.288353783283171,-7.036905782670419],[112.288355030356882,-7.037357965089078],[112.288356277512733,-7.037810147498801],[112.288357524750722,-7.038262329899589],[112.288358772070879,-7.038714512291438],[112.28836001947316,-7.039166694674353],[112.288361266957594,-7.039618877048329],[112.288362514524181,-7.040071059413367],[112.288363762172892,-7.040523241769467],[112.288365009903771,-7.040975424116627],[112.288366257716802,-7.041427606454847],[112.288367505611959,-7.041879788784127],[112.288368753589282,-7.042331971104466],[112.28837000164873,-7.042784153415863],[112.288371249790345,-7.043236335718318],[112.288372498014084,-7.04368851801183],[112.288373746319991,-7.044140700296401],[112.28837499470805,-7.044592882572026],[112.288376243178249,-7.045045064838707],[112.288377491730614,-7.045497247096443],[112.288378740365118,-7.045949429345232],[112.288379989081776,-7.046401611585077],[112.288381237880571,-7.046853793815976],[112.288382486761549,-7.047305976037927],[112.288383735724651,-7.047758158250931],[112.28838498476992,-7.048210340454985],[112.288386233897327,-7.04866252265009],[112.288387483106902,-7.049114704836248],[112.28838873239863,-7.049566887013455],[112.288389981772497,-7.050019069181711],[112.288391231228545,-7.050471251341015],[112.288392480766717,-7.050923433491368],[112.288393730387057,-7.05137561563277],[112.288394980089549,-7.051827797765218],[112.288396229874209,-7.052279979888712],[112.288397479741022,-7.052732162003253],[112.288398729689987,-7.05318434410884],[112.288399979721106,-7.053636526205472],[112.288401229834392,-7.054088708293147],[112.288402480029831,-7.054540890371866],[112.288403730307422,-7.054993072441629],[112.288404980667181,-7.055445254502436],[112.288406231109093,-7.055897436554284],[112.288407481633158,-7.056349618597173],[112.288408732239404,-7.056801800631102],[112.288409982927803,-7.057253982656071],[112.288411233698341,-7.057706164672083],[112.28841248455106,-7.058158346679133],[112.288413735485946,-7.058610528677222],[112.288414986502971,-7.059062710666348],[112.288416237602178,-7.059514892646512],[112.288417488783551,-7.059967074617714],[112.288418740047078,-7.060419256579951],[112.288419991392757,-7.060871438533226],[112.288421242820618,-7.061323620477537],[112.288422494330632,-7.06177580241288],[112.288423745922813,-7.062227984339257],[112.288424997597161,-7.06268016625667],[112.288426249353677,-7.063132348165115],[112.288427501192359,-7.063584530064594],[112.288428753113209,-7.064036711955102],[112.288430005116211,-7.064488893836643],[112.288431257201395,-7.064941075709216],[112.288432509368747,-7.065393257572819],[112.288433761618251,-7.065845439427449],[112.288435013949936,-7.066297621273111],[112.288436266363789,-7.066749803109802],[112.288437518859809,-7.067201984937518],[112.288438771437981,-7.067654166756265],[112.28844002409835,-7.068106348566037],[112.288441276840885,-7.068558530366834],[112.288442529665573,-7.069010712158661],[112.288443782572443,-7.06946289394151],[112.28844503556148,-7.069915075715384],[112.288446288632684,-7.070367257480282],[112.288447541786084,-7.070819439236205],[112.288448795021637,-7.07127162098315],[112.288450048339371,-7.071723802721117],[112.288451301739272,-7.072175984450106],[112.288452555221355,-7.072628166170118],[112.28845380878559,-7.073080347881149],[112.288455062432021,-7.073532529583201],[112.28845631616062,-7.07398471127627],[112.288457569971399,-7.074436892960362],[112.288458823864346,-7.074889074635471],[112.288460077839474,-7.075341256301597],[112.288461331896769,-7.07579343795874],[112.288462586036246,-7.076245619606902],[112.288463840257904,-7.076697801246079],[112.288465094561744,-7.077149982876272],[112.28846634894775,-7.077602164497479],[112.288467603415953,-7.078054346109701],[112.288468857966322,-7.078506527712936],[112.288470112598858,-7.078958709307187],[112.288471367313576,-7.079410890892451],[112.28847262211049,-7.079863072468724],[112.28847387698957,-7.080315254036011],[112.288475131950847,-7.080767435594308],[112.288476386994304,-7.081219617143617],[112.288477642119929,-7.081671798683935],[112.288478897327735,-7.082123980215264],[112.288480152617737,-7.0825761617376],[112.288481407989906,-7.083028343250945],[112.28848266344427,-7.083480524755299],[112.288483918980816,-7.083932706250658],[112.288485174599543,-7.084384887737025],[112.288486430300452,-7.084837069214396],[112.288487686083556,-7.085289250682777],[112.288488941948842,-7.085741432142159],[112.288490197896294,-7.086193613592546],[112.288491453925957,-7.086645795033939],[112.288492710037801,-7.087097976466334],[112.288493966231826,-7.087550157889731],[112.288495222508033,-7.08800233930413],[112.288496478866435,-7.088454520709532],[112.288497735307018,-7.088906702105935],[112.288498991829798,-7.089358883493339],[112.288500248434758,-7.089811064871739],[112.288501505121914,-7.090263246241142],[112.288502761891252,-7.090715427601543],[112.288504018742799,-7.091167608952943],[112.288505275676513,-7.091619790295339],[112.288506532692423,-7.092071971628734],[112.288507789790529,-7.092524152953124],[112.288509046970816,-7.09297633426851],[112.288510304233313,-7.093428515574892],[112.288511561577991,-7.093880696872269],[112.288512819004865,-7.094332878160638],[112.28851407651392,-7.094785059440003],[112.28851533410517,-7.095237240710361],[112.288516591778631,-7.095689421971712],[112.288517849534273,-7.096141603224054],[112.28851910737211,-7.096593784467388],[112.288520365292158,-7.097045965701712],[112.288521623294372,-7.097498146927029],[112.28852288137881,-7.097950328143333],[112.28852413954543,-7.098402509350626],[112.288525397794245,-7.09885469054891],[112.288526656125256,-7.09930687173818],[112.288527914538477,-7.099759052918437],[112.288529173033879,-7.100211234089683],[112.288530431611491,-7.100663415251915],[112.288531690271299,-7.101115596405132],[112.288532949013302,-7.101567777549335],[112.2885342078375,-7.102019958684523],[112.288535466743909,-7.102472139810694],[112.288536725732499,-7.10292432092785],[112.288537984803312,-7.103376502035989],[112.288539243956322,-7.103828683135108],[112.288540503191527,-7.104280864225212],[112.288541762508927,-7.104733045306296],[112.288543021908538,-7.105185226378359],[112.288544281390344,-7.105637407441404],[112.28854554095436,-7.106089588495427],[112.288546800600585,-7.106541769540431],[112.288548060329006,-7.106993950576413],[112.288549320139623,-7.107446131603374],[112.288550580032449,-7.107898312621312],[112.288551840007486,-7.108350493630224],[112.288553100064732,-7.108802674630118],[112.288554360204174,-7.109254855620981],[112.288555620425825,-7.109707036602825],[112.288556880729672,-7.11015921757564],[112.288558141115757,-7.110611398539429],[112.28855940158401,-7.111063579494193],[112.2885606621345,-7.11151576043993],[112.288561922767173,-7.111967941376637],[112.288563183482069,-7.112420122304318],[112.288564444279174,-7.112872303222969],[112.28856570515849,-7.11332448413259],[112.288566966120015,-7.113776665033184],[112.288568227163736,-7.114228845924746],[112.288569488289681,-7.114681026807276],[112.288570749497836,-7.115133207680775],[112.288572010788201,-7.115585388545242],[112.288573272160775,-7.116037569400675],[112.288574533615559,-7.116489750247078],[112.288575795152553,-7.116941931084445],[112.288577056771771,-7.117394111912777],[112.288578318473185,-7.117846292732073],[112.288579580256823,-7.118298473542337],[112.288580842122684,-7.118750654343563],[112.288582104070741,-7.119202835135751],[112.288583366101022,-7.119655015918903],[112.288584628213513,-7.120107196693017],[112.288585890408228,-7.120559377458093],[112.288587152685153,-7.121011558214129],[112.288588415044302,-7.121463738961128],[112.28858967748566,-7.121915919699086],[112.288590940009229,-7.122368100428003],[112.288592202615021,-7.122820281147877],[112.288593465303038,-7.123272461858711],[112.288594728073264,-7.123724642560502],[112.288595990925714,-7.124176823253251],[112.288597253860388,-7.124629003936957],[112.288598516877272,-7.125081184611617],[112.28859977997638,-7.125533365277235],[112.288601043157698,-7.125985545933807],[112.288602306421254,-7.126437726581332],[112.28860356976702,-7.126889907219811],[112.288604833194995,-7.127342087849244],[112.288606096705223,-7.127794268469628],[112.288607360297647,-7.128246449080967],[112.288608623972308,-7.128698629683256],[112.28860988772918,-7.129150810276495],[112.288611151568276,-7.129602990860685],[112.288612415489609,-7.130055171435827],[112.288613679493153,-7.130507352001915],[112.288614943578921,-7.130959532558952],[112.288616207746927,-7.13141171310694],[112.288617471997156,-7.131863893645872],[112.288618736329596,-7.132316074175753],[112.288620000744274,-7.132768254696582],[112.288621265241176,-7.133220435208353],[112.288622529820302,-7.133672615711072],[112.288623794481651,-7.134124796204736],[112.28862505922524,-7.134576976689341],[112.288626324051052,-7.135029157164893],[112.288627588959102,-7.135481337631387],[112.288628853949376,-7.135933518088823],[112.288630119021875,-7.136385698537203],[112.288631384176597,-7.136837878976522],[112.288632649413557,-7.137290059406782],[112.288633914732742,-7.137742239827982],[112.288635180134165,-7.138194420240123],[112.288636445617811,-7.138646600643203],[112.288637711183696,-7.13909878103722],[112.288638976831805,-7.139550961422178],[112.288640242562153,-7.140003141798071],[112.288641508374724,-7.140455322164901],[112.288642774269547,-7.140907502522669],[112.288644040246595,-7.141359682871371],[112.288645306305881,-7.141811863211009],[112.288646572447391,-7.142264043541581],[112.288647838671139,-7.142716223863088],[112.288649104977125,-7.143168404175527],[112.288650371365335,-7.1436205844789],[112.288651637835798,-7.144072764773205],[112.288652904388485,-7.144524945058443],[112.288654171023424,-7.14497712533461],[112.288655437740573,-7.145429305601709],[112.288656704539989,-7.145881485859738],[112.288657971421628,-7.146333666108697],[112.28865923838552,-7.146785846348584],[112.288660505431636,-7.1472380265794],[112.28866177255999,-7.147690206801145],[112.288663039770597,-7.148142387013817],[112.288664307063428,-7.148594567217414],[112.288665574438511,-7.149046747411938],[112.288666841895818,-7.149498927597388],[112.288668109435378,-7.149951107773762],[112.28866937705719,-7.150403287941061],[112.288670644761226,-7.150855468099285],[112.288671912547528,-7.151307648248431],[112.288673180416041,-7.151759828388499],[112.288674448366805,-7.152212008519492],[112.288675716399837,-7.152664188641404],[112.288676984515092,-7.15311636875424],[112.2886782527126,-7.153568548857995],[112.288679520992346,-7.15402072895267],[112.288680789354345,-7.154472909038266],[112.288682057798582,-7.154925089114777],[112.288683326325057,-7.155377269182209],[112.288684594933798,-7.155829449240558],[112.288685863624764,-7.156281629289825],[112.28868713239801,-7.156733809330008],[112.288688401253481,-7.157185989361108],[112.288689670191204,-7.157638169383122],[112.288690939211165,-7.15809034939605],[112.288692208313378,-7.158542529399895],[112.288693477497844,-7.158994709394652],[112.288694746764563,-7.159446889380325],[112.288696016113519,-7.159899069356909],[112.288697285544742,-7.160351249324403],[112.288698555058204,-7.160803429282812],[112.288699824653932,-7.16125560923213],[112.288701094331898,-7.161707789172358],[112.288702364092117,-7.162159969103496],[112.288703633934603,-7.162612149025545],[112.288704903859326,-7.163064328938501],[112.288706173866302,-7.163516508842365],[112.288707443955545,-7.163968688737138],[112.288708714127026,-7.164420868622817],[112.288709984380773,-7.164873048499404],[112.288711254716759,-7.165325228366895],[112.288712525135011,-7.165777408225293],[112.28871379563553,-7.166229588074595],[112.288715066218273,-7.166681767914802],[112.288716336883297,-7.167133947745911],[112.288717607630574,-7.167586127567925],[112.288718878460116,-7.16803830738084],[112.288720149371898,-7.168490487184658],[112.288721420365945,-7.168942666979377],[112.28872269144226,-7.169394846764998],[112.288723962600812,-7.169847026541516],[112.288725233841646,-7.170299206308938],[112.288726505164732,-7.170751386067256],[112.28872777657007,-7.171203565816476],[112.288729048057675,-7.171655745556591],[112.288730319627547,-7.172107925287603],[112.288731591279671,-7.172560105009514],[112.288732863014047,-7.17301228472232],[112.288734134830705,-7.173464464426025],[112.288735406729614,-7.173916644120621],[112.288736678710777,-7.174368823806113],[112.28873795077422,-7.174821003482499],[112.288739222919915,-7.17527318314978],[112.288740495147877,-7.175725362807952],[112.288741767458106,-7.176177542457018],[112.288743039850601,-7.176629722096973],[112.288744312325363,-7.177081901727822],[112.288745584882392,-7.177534081349563],[112.288746857521673,-7.177986260962192],[112.288748130243235,-7.178438440565711],[112.288749403047049,-7.178890620160121],[112.288750675933144,-7.179342799745416],[112.288751948901506,-7.179794979321602],[112.28875322195212,-7.180247158888672],[112.288754495085016,-7.180699338446632]]]}},
{"type":"Feature","properties":{"Line":"S101","begin":1360.5,"end":2976.5},"geometry":{"type":"MultiLineString","coordinates":[[[112.165767146494247,-7.156383176001456],[112.166219893865673,-7.15638202941394],[112.166672641162663,-7.156380882381454],[112.167125388385188,-7.156379734903998],[112.167578135533233,-7.156378586981574],[112.168030882606743,-7.156377438614183],[112.168483629605703,-7.156376289801824],[112.168936376530084,-7.156375140544497],[112.169389123379858,-7.156373990842204],[112.169841870154997,-7.156372840694945],[112.170294616855458,-7.15637169010272],[112.170747363481226,-7.156370539065527],[112.171200110032274,-7.15636938758337],[112.171652856508587,-7.15636823565625],[112.172105602910094,-7.15636708328416],[112.17255834923678,-7.156365930467111],[112.173011095488647,-7.156364777205096],[112.173463841665637,-7.156363623498115],[112.173916587767735,-7.156362469346172],[112.1743693337949,-7.156361314749266],[112.174822079747116,-7.1563601597074],[112.175274825624342,-7.156359004220569],[112.175727571426563,-7.156357848288777],[112.176180317153737,-7.156356691912024],[112.176633062805834,-7.156355535090309],[112.177085808382841,-7.156354377823633],[112.177538553884716,-7.156353220111996],[112.177991299311415,-7.156352061955402],[112.178444044662953,-7.156350903353843],[112.178896789939273,-7.15634974430733],[112.179349535140332,-7.156348584815855],[112.179802280266131,-7.156347424879423],[112.180255025316626,-7.156346264498032],[112.180707770291789,-7.156345103671682],[112.181160515191593,-7.156343942400374],[112.181613260016007,-7.156342780684112],[112.182066004765005,-7.156341618522892],[112.182518749438557,-7.156340455916713],[112.182971494036622,-7.156339292865579],[112.183424238559198,-7.156338129369491],[112.183876983006243,-7.156336965428447],[112.184329727377715,-7.156335801042447],[112.1847824716736,-7.156334636211492],[112.185235215893854,-7.156333470935583],[112.185687960038479,-7.156332305214721],[112.186140704107416,-7.156331139048905],[112.186593448100652,-7.156329972438136],[112.187046192018144,-7.156328805382414],[112.187498935859878,-7.156327637881739],[112.187951679625812,-7.156326469936112],[112.188404423315944,-7.156325301545533],[112.188857166930205,-7.156324132710003],[112.189309910468594,-7.156322963429522],[112.189762653931069,-7.15632179370409],[112.190215397317615,-7.156320623533707],[112.19066814062819,-7.156319452918376],[112.191120883862766,-7.156318281858094],[112.191573627021342,-7.156317110352863],[112.192026370103832,-7.156315938402683],[112.192479113110252,-7.156314766007555],[112.192931856040573,-7.156313593167479],[112.193384598894738,-7.156312419882455],[112.193837341672747,-7.156311246152483],[112.194290084374558,-7.156310071977564],[112.194742827000141,-7.156308897357698],[112.195195569549455,-7.156307722292887],[112.195648312022499,-7.15630654678313],[112.196101054419216,-7.156305370828425],[112.196553796739607,-7.156304194428777],[112.197006538983629,-7.156303017584183],[112.197459281151254,-7.156301840294646],[112.197912023242438,-7.156300662560163],[112.198364765257153,-7.156299484380738],[112.1988175071954,-7.156298305756368],[112.199270249057136,-7.156297126687057],[112.199722990842318,-7.156295947172802],[112.200175732550932,-7.156294767213604],[112.200628474182935,-7.156293586809465],[112.201081215738327,-7.156292405960386],[112.201533957217052,-7.156291224666362],[112.201986698619066,-7.1562900429274],[112.202439439944399,-7.156288860743497],[112.202892181192965,-7.156287678114654],[112.203344922364764,-7.156286495040871],[112.203797663459753,-7.156285311522149],[112.204250404477918,-7.156284127558487],[112.204703145419217,-7.156282943149886],[112.20515588628362,-7.15628175829635],[112.205608627071101,-7.156280572997871],[112.206061367781629,-7.156279387254458],[112.206514108415192,-7.156278201066107],[112.20696684897176,-7.15627701443282],[112.207419589451291,-7.156275827354596],[112.207872329853743,-7.156274639831435],[112.2083250701791,-7.156273451863341],[112.20877781042735,-7.156272263450309],[112.209230550598448,-7.156271074592344],[112.209683290692354,-7.156269885289442],[112.210136030709066,-7.156268695541607],[112.210588770648528,-7.156267505348838],[112.211041510510739,-7.156266314711137],[112.211494250295644,-7.156265123628502],[112.211946990003227,-7.156263932100932],[112.212399729633461,-7.156262740128432],[112.212852469186316,-7.156261547711001],[112.213305208661765,-7.156260354848636],[112.213757948059751,-7.156259161541341],[112.214210687380287,-7.156257967789116],[112.214663426623332,-7.156256773591958],[112.215116165788828,-7.156255578949872],[112.215568904876804,-7.156254383862856],[112.216021643887174,-7.156253188330909],[112.216474382819939,-7.156251992354034],[112.216927121675042,-7.156250795932231],[112.217379860452496,-7.156249599065498],[112.217832599152246,-7.15624840175384],[112.218285337774276,-7.156247203997252],[112.218738076318544,-7.156246005795738],[112.219190814785023,-7.156244807149296],[112.219643553173697,-7.156243608057928],[112.220096291484523,-7.156242408521635],[112.220549029717461,-7.156241208540415],[112.221001767872522,-7.156240008114271],[112.221454505949623,-7.156238807243201],[112.221907243948792,-7.156237605927207],[112.222359981869971,-7.156236404166288],[112.222812719713119,-7.156235201960446],[112.22326545747822,-7.156233999309681],[112.223718195165276,-7.156232796213993],[112.2241709327742,-7.156231592673381],[112.224623670305007,-7.156230388687847],[112.225076407757641,-7.156229184257391],[112.225529145132086,-7.156227979382015],[112.225981882428329,-7.156226774061716],[112.226434619646298,-7.156225568296497],[112.226887356786008,-7.156224362086358],[112.227340093847417,-7.156223155431298],[112.227792830830481,-7.156221948331318],[112.228245567735172,-7.15622074078642],[112.22869830456149,-7.156219532796602],[112.229151041309379,-7.156218324361866],[112.229603777978824,-7.156217115482211],[112.230056514569782,-7.156215906157639],[112.230509251082239,-7.156214696388149],[112.230961987516167,-7.156213486173743],[112.231414723871524,-7.156212275514419],[112.231867460148266,-7.15621106441018],[112.232320196346407,-7.156209852861024],[112.232772932465892,-7.156208640866953],[112.233225668506705,-7.156207428427966],[112.23367840446879,-7.156206215544064],[112.234131140352147,-7.156205002215248],[112.234583876156734,-7.156203788441519],[112.235036611882521,-7.156202574222876],[112.235489347529494,-7.156201359559319],[112.235942083097598,-7.15620014445085],[112.236394818586831,-7.156198928897468],[112.236847553997151,-7.156197712899173],[112.237300289328516,-7.156196496455967],[112.237753024580925,-7.156195279567849],[112.238205759754337,-7.156194062234821],[112.238658494848707,-7.156192844456881],[112.239111229864037,-7.156191626234031],[112.239563964800283,-7.156190407566273],[112.240016699657403,-7.156189188453603],[112.240469434435383,-7.156187968896027],[112.240922169134194,-7.156186748893539],[112.241374903753808,-7.156185528446143],[112.241827638294197,-7.15618430755384],[112.242280372755317,-7.156183086216628],[112.242733107137141,-7.156181864434511],[112.243185841439669,-7.156180642207485],[112.243638575662843,-7.156179419535553],[112.244091309806649,-7.156178196418717],[112.244544043871045,-7.156176972856973],[112.244996777856002,-7.156175748850326],[112.245449511761507,-7.156174524398772],[112.24590224558753,-7.156173299502313],[112.246354979334029,-7.15617207416095],[112.24680771300099,-7.156170848374685],[112.247260446588356,-7.156169622143515],[112.247713180096127,-7.156168395467439],[112.248165913524261,-7.156167168346465],[112.248618646872728,-7.156165940780587],[112.249071380141515,-7.156164712769807],[112.24952411333058,-7.156163484314126],[112.249976846439893,-7.156162255413544],[112.250429579469426,-7.15616102606806],[112.250882312419151,-7.156159796277677],[112.251335045289039,-7.156158566042392],[112.251787778079077,-7.15615733536221],[112.252240510789193,-7.156156104237127],[112.252693243419415,-7.156154872667146],[112.253145975969673,-7.156153640652265],[112.253598708439952,-7.156152408192488],[112.254051440830224,-7.156151175287811],[112.254504173140447,-7.156149941938239],[112.254956905370619,-7.156148708143768],[112.255409637520685,-7.156147473904403],[112.255862369590631,-7.156146239220139],[112.256315101580427,-7.15614500409098],[112.256767833490031,-7.156143768516927],[112.257220565319429,-7.156142532497977],[112.257673297068592,-7.156141296034133],[112.258126028737479,-7.156140059125396],[112.25857876032606,-7.156138821771764],[112.259031491834321,-7.156137583973238],[112.259484223262234,-7.15613634572982],[112.259936954609771,-7.156135107041509],[112.260389685876874,-7.156133867908305],[112.260842417063543,-7.156132628330209],[112.261295148169737,-7.156131388307222],[112.261747879195426,-7.156130147839344],[112.262200610140596,-7.156128906926575],[112.262653341005205,-7.156127665568914],[112.263106071789238,-7.156126423766366],[112.263558802492639,-7.156125181518926],[112.264011533115394,-7.156123938826599],[112.264464263657487,-7.156122695689381],[112.264916994118877,-7.156121452107274],[112.265369724499536,-7.15612020808028],[112.265822454799434,-7.156118963608398],[112.266275185018543,-7.156117718691628],[112.266727915156835,-7.156116473329972],[112.267180645214282,-7.156115227523429],[112.26763337519084,-7.156113981272002],[112.26808610508651,-7.156112734575686],[112.268538834901236,-7.156111487434486],[112.268991564635016,-7.156110239848402],[112.26944429428778,-7.156108991817433],[112.269897023859542,-7.156107743341578],[112.27034975335026,-7.156106494420839],[112.27080248275989,-7.156105245055219],[112.27125521208842,-7.156103995244714],[112.271707941335819,-7.156102744989327],[112.272160670502032,-7.156101494289058],[112.272613399587073,-7.156100243143907],[112.273066128590884,-7.156098991553874],[112.273518857513437,-7.15609773951896],[112.273971586354719,-7.156096487039165],[112.274424315114686,-7.156095234114492],[112.274877043793339,-7.156093980744936],[112.275329772390592,-7.156092726930502],[112.275782500906473,-7.156091472671188],[112.276235229340926,-7.156090217966995],[112.276687957693923,-7.156088962817924],[112.277140685965435,-7.156087707223976],[112.277593414155447,-7.156086451185149],[112.278046142263904,-7.156085194701445],[112.278498870290804,-7.156083937772864],[112.278951598236105,-7.156082680399408],[112.27940432609978,-7.156081422581074],[112.279857053881798,-7.156080164317864],[112.280309781582133,-7.156078905609781],[112.280762509200741,-7.156077646456823],[112.281215236737637,-7.156076386858988],[112.281667964192749,-7.156075126816281],[112.28212069156605,-7.1560738663287],[112.282573418857538,-7.156072605396245],[112.283026146067158,-7.156071344018917],[112.283478873194895,-7.156070082196718],[112.28393160024072,-7.156068819929644],[112.284384327204606,-7.156067557217701],[112.284837054086509,-7.156066294060884],[112.285289780886416,-7.156065030459198],[112.285742507604297,-7.156063766412642],[112.286195234240111,-7.156062501921214],[112.286647960793843,-7.156061236984918],[112.28710068726545,-7.156059971603749],[112.287553413654919,-7.156058705777715],[112.288006139962206,-7.156057439506809],[112.288458866187298,-7.156056172791039],[112.288911592330152,-7.156054905630397],[112.289364318390739,-7.156053638024892],[112.289817044369045,-7.156052369974516],[112.290269770265041,-7.156051101479274],[112.290722496078658,-7.156049832539167],[112.291175221809922,-7.156048563154193],[112.291627947458778,-7.156047293324354],[112.292080673025197,-7.15604602304965],[112.29253339850915,-7.156044752330081],[112.292986123910623,-7.156043481165649],[112.29343884922956,-7.156042209556351],[112.293891574465945,-7.156040937502192],[112.294344299619766,-7.156039665003168],[112.294797024690979,-7.156038392059282],[112.295249749679542,-7.156037118670532],[112.29570247458544,-7.156035844836922],[112.296155199408659,-7.15603457055845],[112.296607924149143,-7.156033295835117],[112.297060648806877,-7.156032020666923],[112.297513373381818,-7.15603074505387],[112.297966097873953,-7.156029468995955],[112.298418822283267,-7.156028192493181],[112.298871546609689,-7.156026915545548],[112.299324270853234,-7.156025638153057],[112.299776995013858,-7.156024360315708],[112.300229719091504,-7.156023082033499],[112.300682443086188,-7.156021803306434],[112.301135166997838,-7.156020524134511],[112.301587890826468,-7.156019244517731],[112.302040614572022,-7.156017964456096],[112.302493338234484,-7.156016683949604],[112.302946061813813,-7.156015402998257],[112.30339878530998,-7.156014121602054],[112.303851508722957,-7.156012839760998],[112.304304232052729,-7.156011557475086],[112.304756955299254,-7.156010274744321],[112.305209678462518,-7.156008991568701],[112.305662401542463,-7.156007707948229],[112.306115124539104,-7.156006423882903],[112.306567847452371,-7.156005139372726],[112.307020570282248,-7.156003854417696],[112.307473293028707,-7.156002569017816],[112.307926015691734,-7.156001283173082],[112.308378738271273,-7.155999996883501],[112.308831460767308,-7.155998710149067],[112.309284183179813,-7.155997422969782],[112.309736905508757,-7.155996135345649],[112.310189627754127,-7.155994847276667],[112.310642349915867,-7.155993558762835],[112.311095071993961,-7.155992269804156],[112.311547793988368,-7.155990980400628],[112.312000515899086,-7.155989690552254],[112.312453237726075,-7.155988400259031],[112.31290595946929,-7.155987109520963],[112.313358681128705,-7.155985818338047],[112.313811402704303,-7.155984526710286],[112.314264124196072,-7.155983234637678],[112.31471684560394,-7.155981942120227],[112.315169566927906,-7.155980649157931],[112.315622288167944,-7.155979355750789],[112.31607500932401,-7.155978061898803],[112.316527730396089,-7.155976767601974],[112.31698045138414,-7.155975472860303],[112.317433172288148,-7.155974177673786],[112.317885893108055,-7.155972882042428],[112.318338613843878,-7.15597158596623],[112.318791334495543,-7.15597028944519],[112.319244055063052,-7.155968992479308],[112.319696775546362,-7.155967695068585],[112.320149495945444,-7.155966397213022],[112.320602216260269,-7.155965098912619],[112.321054936490825,-7.155963800167375],[112.321507656637067,-7.155962500977294],[112.321960376698954,-7.155961201342373],[112.322413096676499,-7.155959901262615],[112.322865816569617,-7.155958600738018],[112.323318536378324,-7.155957299768582],[112.323771256102575,-7.155955998354311],[112.324223975742342,-7.155954696495203],[112.324676695297583,-7.155953394191259],[112.325129414768298,-7.155952091442478],[112.32558213415443,-7.155950788248863],[112.326034853455965,-7.155949484610411],[112.326487572672875,-7.155948180527125],[112.32694029180513,-7.155946875999005],[112.327393010852688,-7.15594557102605],[112.327845729815536,-7.155944265608263],[112.32829844869363,-7.155942959745643],[112.328751167486971,-7.15594165343819],[112.329203886195501,-7.155940346685904],[112.329656604819192,-7.155939039488787],[112.33010932335803,-7.155937731846838],[112.330562041811987,-7.155936423760059],[112.33101476018102,-7.155935115228447],[112.3314674784651,-7.155933806252007],[112.3319201966642,-7.155932496830737],[112.332372914778318,-7.155931186964636],[112.332825632807385,-7.155929876653707],[112.333278350751385,-7.155928565897948],[112.333731068610305,-7.155927254697364],[112.334183786384102,-7.155925943051948],[112.334636504072762,-7.155924630961708],[112.335089221676228,-7.155923318426641],[112.335541939194499,-7.155922005446745],[112.335994656627534,-7.155920692022026],[112.336447373975304,-7.155919378152477],[112.336900091237766,-7.155918063838106],[112.33735280841492,-7.155916749078909],[112.337805525506724,-7.155915433874887],[112.338258242513149,-7.155914118226042],[112.338710959434167,-7.155912802132373],[112.339163676269735,-7.15591148559388],[112.339616393019853,-7.155910168610565],[112.340069109684464,-7.155908851182427],[112.340521826263569,-7.155907533309466],[112.340974542757095,-7.155906214991684],[112.341427259165044,-7.15590489622908],[112.341879975487402,-7.155903577021657],[112.34233269172411,-7.155902257369412],[112.342785407875155,-7.155900937272347],[112.343238123940495,-7.155899616730464],[112.3436908399201,-7.155898295743759],[112.344143555813957,-7.155896974312239],[112.344596271622038,-7.155895652435898],[112.345048987344299,-7.155894330114739],[112.345501702980727,-7.155893007348763],[112.345954418531278,-7.15589168413797],[112.346407133995925,-7.155890360482359],[112.346859849374667,-7.155889036381934],[112.347312564667419,-7.155887711836691],[112.34776527987421,-7.155886386846633],[112.348217994994982,-7.155885061411759],[112.348670710029708,-7.155883735532073]]]}},
{"type":"Feature","properties":{"Line":"S112","begin":1360.5,"end":2720.5},"geometry":{"type":"MultiLineString","coordinates":[[[112.224974583667688,-7.032101787197879],[112.224975768584756,-7.03255398075346],[112.22497695357994,-7.033006174300128],[112.224978138653228,-7.033458367837891],[112.224979323804604,-7.033910561366743],[112.224980509034083,-7.034362754886684],[112.224981694341679,-7.034814948397714],[112.224982879727378,-7.035267141899832],[112.224984065191165,-7.03571933539304],[112.22498525073307,-7.036171528877333],[112.224986436353078,-7.036623722352712],[112.224987622051188,-7.037075915819179],[112.224988807827415,-7.037528109276733],[112.224989993681731,-7.037980302725371],[112.224991179614165,-7.038432496165093],[112.224992365624701,-7.038884689595901],[112.224993551713339,-7.039336883017788],[112.224994737880095,-7.039789076430761],[112.22499592412494,-7.040241269834818],[112.224997110447902,-7.040693463229954],[112.224998296848995,-7.041145656616171],[112.224999483328176,-7.04159784999347],[112.225000669885461,-7.042050043361849],[112.225001856520862,-7.042502236721306],[112.225003043234381,-7.042954430071844],[112.225004230026002,-7.043406623413459],[112.225005416895726,-7.043858816746153],[112.225006603843582,-7.044311010069923],[112.225007790869526,-7.044763203384768],[112.225008977973602,-7.045215396690693],[112.225010165155794,-7.045667589987691],[112.225011352416075,-7.046119783275765],[112.225012539754474,-7.046571976554914],[112.225013727171003,-7.047024169825136],[112.225014914665636,-7.04747636308643],[112.225016102238385,-7.0479285563388],[112.225017289889252,-7.048380749582239],[112.225018477618221,-7.04883294281675],[112.225019665425322,-7.049285136042334],[112.225020853310525,-7.049737329258988],[112.22502204127386,-7.050189522466711],[112.225023229315283,-7.050641715665504],[112.225024417434852,-7.051093908855366],[112.225025605632524,-7.051546102036294],[112.225026793908313,-7.051998295208293],[112.225027982262219,-7.052450488371357],[112.225029170694256,-7.052902681525489],[112.225030359204396,-7.053354874670687],[112.225031547792653,-7.053807067806949],[112.225032736459042,-7.054259260934275],[112.225033925203562,-7.054711454052669],[112.22503511402617,-7.055163647162125],[112.225036302926924,-7.055615840262643],[112.22503749190578,-7.056068033354226],[112.225038680962783,-7.056520226436868],[112.225039870097874,-7.056972419510573],[112.22504105931111,-7.057424612575341],[112.225042248602463,-7.057876805631167],[112.225043437971948,-7.058328998678052],[112.225044627419535,-7.058781191716],[112.225045816945254,-7.059233384745003],[112.225047006549104,-7.059685577765066],[112.225048196231072,-7.060137770776185],[112.22504938599117,-7.060589963778362],[112.225050575829385,-7.061042156771597],[112.225051765745732,-7.061494349755885],[112.225052955740196,-7.06194654273123],[112.225054145812791,-7.062398735697631],[112.225055335963518,-7.062850928655084],[112.225056526192361,-7.063303121603591],[112.225057716499336,-7.063755314543152],[112.225058906884442,-7.064207507473765],[112.225060097347679,-7.064659700395429],[112.225061287889048,-7.065111893308146],[112.225062478508534,-7.065564086211914],[112.225063669206151,-7.066016279106732],[112.225064859981899,-7.066468471992599],[112.225066050835764,-7.066920664869516],[112.225067241767775,-7.067372857737482],[112.225068432777917,-7.067825050596495],[112.225069623866176,-7.068277243446555],[112.225070815032581,-7.068729436287661],[112.225072006277117,-7.069181629119815],[112.225073197599784,-7.069633821943016],[112.225074389000582,-7.07008601475726],[112.225075580479512,-7.07053820756255],[112.225076772036573,-7.070990400358884],[112.225077963671765,-7.07144259314626],[112.225079155385089,-7.071894785924681],[112.225080347176558,-7.072346978694143],[112.225081539046158,-7.072799171454649],[112.22508273099389,-7.073251364206196],[112.225083923019753,-7.073703556948783],[112.225085115123761,-7.074155749682408],[112.225086307305887,-7.074607942407074],[112.225087499566172,-7.075060135122779],[112.225088691904588,-7.075512327829524],[112.22508988432115,-7.075964520527306],[112.225091076815829,-7.076416713216123],[112.225092269388654,-7.07686890589598],[112.225093462039624,-7.077321098566872],[112.225094654768725,-7.077773291228801],[112.225095847575957,-7.078225483881763],[112.22509704046135,-7.078677676525762],[112.225098233424873,-7.079129869160793],[112.225099426466528,-7.079582061786858],[112.225100619586328,-7.080034254403954],[112.225101812784288,-7.080486447012086],[112.22510300606038,-7.080938639611247],[112.225104199414588,-7.08139083220144],[112.225105392846956,-7.081843024782665],[112.225106586357469,-7.082295217354917],[112.225107779946129,-7.082747409918202],[112.225108973612919,-7.083199602472514],[112.225110167357869,-7.083651795017854],[112.22511136118095,-7.084103987554222],[112.225112555082191,-7.084556180081619],[112.225113749061563,-7.085008372600041],[112.225114943119081,-7.08546056510949],[112.225116137254744,-7.085912757609964],[112.225117331468553,-7.086364950101462],[112.225118525760507,-7.086817142583985],[112.225119720130607,-7.087269335057535],[112.225120914578866,-7.087721527522105],[112.225122109105271,-7.088173719977699],[112.225123303709807,-7.088625912424314],[112.225124498392503,-7.089078104861953],[112.225125693153345,-7.08953029729061],[112.225126887992332,-7.089982489710289],[112.225128082909478,-7.090434682120988],[112.225129277904756,-7.090886874522707],[112.225130472978208,-7.091339066915446],[112.225131668129791,-7.091791259299199],[112.225132863359534,-7.092243451673974],[112.225134058667436,-7.092695644039763],[112.22513525405347,-7.093147836396569],[112.225136449517663,-7.093600028744394],[112.225137645060016,-7.094052221083232],[112.225138840680515,-7.094504413413085],[112.225140036379173,-7.094956605733953],[112.225141232155963,-7.095408798045836],[112.225142428010926,-7.095860990348729],[112.225143623944035,-7.096313182642636],[112.225144819955318,-7.096765374927557],[112.225146016044732,-7.097217567203487],[112.22514721221232,-7.097669759470429],[112.22514840845804,-7.098121951728383],[112.225149604781933,-7.098574143977342],[112.225150801183986,-7.099026336217315],[112.225151997664199,-7.099478528448296],[112.225153194222557,-7.099930720670284],[112.225154390859061,-7.100382912883281],[112.225155587573738,-7.100835105087284],[112.225156784366575,-7.101287297282292],[112.225157981237572,-7.101739489468307],[112.225159178186715,-7.102191681645328],[112.225160375214031,-7.102643873813355],[112.225161572319493,-7.103096065972386],[112.225162769503129,-7.103548258122418],[112.225163966764924,-7.104000450263455],[112.22516516410488,-7.104452642395493],[112.225166361522994,-7.104904834518535],[112.225167559019255,-7.105357026632578],[112.225168756593703,-7.10580921873762],[112.225169954246297,-7.106261410833664],[112.225171151977065,-7.106713602920707],[112.225172349785979,-7.107165794998751],[112.225173547673066,-7.107617987067792],[112.225174745638313,-7.108070179127831],[112.225175943681734,-7.10852237117887],[112.225177141803314,-7.108974563220903],[112.225178340003055,-7.109426755253933],[112.225179538280983,-7.109878947277958],[112.225180736637057,-7.11033113929298],[112.225181935071291,-7.110783331298996],[112.225183133583712,-7.111235523296006],[112.22518433217428,-7.111687715284011],[112.225185530843021,-7.112139907263007],[112.225186729589936,-7.112592099232997],[112.225187928415011,-7.113044291193977],[112.225189127318259,-7.113496483145948],[112.225190326299668,-7.113948675088912],[112.225191525359264,-7.114400867022866],[112.225192724497006,-7.114853058947809],[112.225193923712936,-7.115305250863741],[112.22519512300704,-7.11575744277066],[112.22519632237929,-7.11620963466857],[112.225197521829728,-7.116661826557466],[112.225198721358353,-7.117114018437348],[112.225199920965125,-7.117566210308216],[112.225201120650084,-7.118018402170072],[112.225202320413203,-7.118470594022911],[112.225203520254496,-7.118922785866737],[112.225204720173963,-7.119374977701544],[112.225205920171604,-7.119827169527336],[112.225207120247433,-7.120279361344111],[112.225208320401421,-7.120731553151868],[112.225209520633584,-7.121183744950605],[112.22521072094392,-7.121635936740327],[112.225211921332445,-7.12208812852103],[112.225213121799129,-7.122540320292709],[112.225214322344002,-7.122992512055369],[112.225215522967062,-7.123444703809009],[112.225216723668282,-7.123896895553624],[112.225217924447676,-7.124349087289223],[112.225219125305244,-7.124801279015795],[112.225220326241001,-7.125253470733344],[112.225221527254945,-7.125705662441869],[112.225222728347049,-7.126157854141373],[112.225223929517341,-7.126610045831849],[112.225225130765821,-7.1270622375133],[112.225226332092475,-7.127514429185723],[112.225227533497304,-7.127966620849121],[112.22522873498032,-7.128418812503494],[112.225229936541524,-7.128871004148836],[112.225231138180888,-7.129323195785151],[112.225232339898454,-7.129775387412438],[112.225233541694195,-7.130227579030696],[112.225234743568109,-7.130679770639921],[112.225235945520225,-7.131131962240117],[112.225237147550516,-7.131584153831282],[112.22523834965898,-7.132036345413414],[112.225239551845632,-7.132488536986517],[112.225240754110487,-7.132940728550584],[112.225241956453502,-7.133392920105618],[112.225243158874719,-7.133845111651619],[112.225244361374109,-7.134297303188587],[112.225245563951702,-7.134749494716516],[112.225246766607469,-7.135201686235413],[112.225247969341424,-7.135653877745272],[112.225249172153568,-7.136106069246095],[112.225250375043913,-7.136558260737881],[112.225251578012418,-7.137010452220628],[112.225252781059126,-7.137462643694336],[112.225253984184036,-7.137914835159006],[112.22525518738712,-7.138367026614637],[112.225256390668392,-7.138819218061227],[112.225257594027852,-7.139271409498777],[112.2252587974655,-7.139723600927287],[112.225260000981351,-7.140175792346752],[112.225261204575389,-7.140627983757176],[112.22526240824763,-7.141080175158558],[112.225263611998045,-7.141532366550897],[112.225264815826648,-7.141984557934189],[112.225266019733454,-7.142436749308441],[112.225267223718447,-7.142888940673643],[112.225268427781629,-7.143341132029803],[112.225269631923027,-7.143793323376914],[112.225270836142599,-7.144245514714979],[112.225272040440373,-7.144697706043996],[112.225273244816336,-7.145149897363968],[112.225274449270501,-7.145602088674888],[112.225275653802854,-7.146054279976761],[112.225276858413409,-7.146506471269581],[112.225278063102166,-7.146958662553355],[112.225279267869112,-7.147410853828077],[112.22528047271426,-7.147863045093748],[112.225281677637597,-7.148315236350365],[112.225282882639121,-7.14876742759793],[112.225284087718862,-7.149219618836445],[112.225285292876791,-7.149671810065903],[112.225286498112936,-7.150124001286309],[112.22528770342727,-7.15057619249766],[112.225288908819792,-7.151028383699955],[112.22529011429053,-7.151480574893194],[112.225291319839457,-7.151932766077377],[112.2252925254666,-7.152384957252501],[112.225293731171931,-7.152837148418571],[112.225294936955464,-7.153289339575581],[112.2252961428172,-7.153741530723532],[112.225297348757138,-7.154193721862425],[112.225298554775279,-7.154645912992258],[112.225299760871636,-7.155098104113031],[112.225300967046181,-7.155550295224742],[112.225302173298942,-7.156002486327393],[112.225303379629892,-7.156454677420981],[112.225304586039059,-7.156906868505505],[112.225305792526413,-7.157359059580968],[112.225306999091998,-7.157811250647367],[112.225308205735772,-7.158263441704702],[112.225309412457761,-7.158715632752971],[112.225310619257954,-7.159167823792175],[112.225311826136348,-7.159620014822313],[112.225313033092959,-7.160072205843388],[112.225314240127759,-7.160524396855389],[112.225315447240789,-7.160976587858327],[112.225316654432007,-7.161428778852197],[112.225317861701441,-7.161880969836997],[112.225319069049078,-7.162333160812728],[112.225320276474946,-7.162785351779389],[112.225321483979016,-7.16323754273698],[112.225322691561288,-7.163689733685501],[112.225323899221777,-7.164141924624948],[112.225325106960469,-7.164594115555325],[112.225326314777377,-7.165046306476627],[112.225327522672501,-7.165498497388858],[112.225328730645828,-7.165950688292015],[112.225329938697371,-7.166402879186096],[112.225331146827131,-7.166855070071103],[112.225332355035093,-7.167307260947034],[112.225333563321286,-7.167759451813892],[112.225334771685681,-7.168211642671669],[112.225335980128293,-7.168663833520371],[112.225337188649135,-7.169116024359995],[112.225338397248166,-7.169568215190542],[112.225339605925413,-7.170020406012006],[112.225340814680905,-7.170472596824396],[112.225342023514585,-7.170924787627703],[112.225343232426496,-7.171376978421931],[112.225344441416624,-7.171829169207077],[112.225345650484968,-7.17228135998314],[112.225346859631529,-7.172733550750123],[112.225348068856306,-7.173185741508023],[112.2253492781593,-7.173637932256839],[112.22535048754051,-7.17409012299657],[112.225351696999937,-7.174542313727219],[112.225352906537594,-7.174994504448783],[112.225354116153468,-7.175446695161258],[112.225355325847573,-7.175898885864649],[112.225356535619881,-7.176351076558954],[112.225357745470419,-7.17680326724417],[112.225358955399173,-7.1772554579203],[112.225360165406158,-7.177707648587341],[112.22536137549136,-7.178159839245294],[112.225362585654779,-7.178612029894156],[112.225363795896428,-7.179064220533927],[112.225365006216308,-7.179516411164609],[112.225366216614404,-7.1799686017862],[112.225367427090717,-7.180420792398699],[112.225368637645261,-7.180872983002105],[112.225369848278035,-7.18132517359642],[112.225371058989026,-7.18177736418164],[112.225372269778248,-7.182229554757765],[112.2253734806457,-7.182681745324798],[112.225374691591369,-7.183133935882735],[112.225375902615255,-7.183586126431576],[112.225377113717386,-7.184038316971319],[112.225378324897747,-7.184490507501967],[112.225379536156339,-7.184942698023518],[112.225380747493134,-7.18539488853597],[112.225381958908173,-7.185847079039325]]]}},
{"type":"Feature","properties":{"Line":"S103","begin":1360.5,"end":2956.5},"geometry":{"type":"MultiLineString","coordinates":[[[112.165744206368686,-7.147339154984361],[112.166196944835804,-7.14733800986042],[112.166649683228499,-7.147336864292081],[112.167102421546744,-7.147335718279336],[112.167555159790496,-7.147334571822193],[112.16800789795974,-7.147333424920649],[112.168460636054419,-7.147332277574708],[112.168913374074549,-7.147331129784366],[112.169366112020057,-7.147329981549625],[112.169818849890959,-7.147328832870486],[112.170271587687182,-7.147327683746949],[112.170724325408713,-7.147326534179014],[112.171177063055538,-7.147325384166681],[112.171629800627613,-7.14732423370995],[112.172082538124926,-7.147323082808825],[112.172535275547418,-7.147321931463301],[112.172988012895075,-7.147320779673383],[112.173440750167885,-7.147319627439067],[112.173893487365802,-7.147318474760358],[112.174346224488801,-7.147317321637252],[112.174798961536837,-7.147316168069752],[112.175251698509896,-7.147315014057857],[112.175704435407965,-7.147313859601569],[112.176157172231001,-7.147312704700887],[112.176609908978961,-7.147311549355813],[112.17706264565183,-7.147310393566345],[112.177515382249581,-7.147309237332484],[112.177968118772185,-7.147308080654232],[112.178420855219599,-7.147306923531588],[112.17887359159181,-7.147305765964554],[112.179326327888788,-7.147304607953127],[112.179779064110505,-7.14730344949731],[112.180231800256905,-7.147302290597102],[112.180684536328002,-7.147301131252505],[112.181137272323738,-7.147299971463518],[112.1815900082441,-7.147298811230141],[112.182042744089046,-7.147297650552375],[112.182495479858559,-7.147296489430222],[112.182948215552585,-7.147295327863681],[112.183400951171123,-7.14729416585275],[112.183853686714144,-7.147293003397433],[112.184306422181606,-7.147291840497729],[112.184759157573495,-7.147290677153639],[112.185211892889754,-7.147289513365161],[112.185664628130382,-7.147288349132297],[112.186117363295324,-7.147287184455048],[112.186570098384593,-7.147286019333416],[112.187022833398117,-7.147284853767397],[112.187475568335884,-7.147283687756993],[112.187928303197864,-7.147282521302205],[112.188381037984044,-7.147281354403034],[112.188833772694366,-7.147280187059478],[112.189286507328816,-7.14727901927154],[112.189739241887366,-7.147277851039219],[112.190191976369988,-7.147276682362516],[112.190644710776667,-7.14727551324143],[112.191097445107332,-7.147274343675963],[112.191550179361997,-7.147273173666115],[112.19200291354062,-7.147272003211887],[112.192455647643143,-7.147270832313277],[112.192908381669596,-7.147269660970286],[112.193361115619894,-7.147268489182917],[112.193813849494035,-7.147267316951167],[112.194266583291991,-7.147266144275039],[112.194719317013721,-7.147264971154532],[112.19517205065921,-7.147263797589646],[112.195624784228414,-7.147262623580384],[112.196077517721335,-7.147261449126742],[112.196530251137901,-7.147260274228723],[112.196982984478097,-7.147259098886329],[112.197435717741925,-7.147257923099557],[112.197888450929312,-7.147256746868409],[112.19834118404026,-7.147255570192884],[112.198793917074724,-7.147254393072985],[112.199246650032677,-7.147253215508711],[112.199699382914105,-7.147252037500063],[112.20015211571895,-7.147250859047038],[112.200604848447227,-7.14724968014964],[112.201057581098866,-7.14724850080787],[112.20151031367385,-7.147247321021726],[112.201963046172153,-7.147246140791209],[112.20241577859376,-7.147244960116318],[112.202868510938615,-7.147243778997057],[112.203321243206688,-7.147242597433422],[112.203773975397993,-7.147241415425419],[112.204226707512461,-7.147240232973042],[112.204679439550077,-7.147239050076295],[112.205132171510812,-7.147237866735178],[112.205584903394623,-7.147236682949691],[112.206037635201511,-7.147235498719834],[112.206490366931419,-7.147234314045607],[112.206943098584318,-7.147233128927014],[112.207395830160209,-7.147231943364051],[112.207848561659048,-7.14723075735672],[112.20830129308078,-7.14722957090502],[112.208754024425417,-7.147228384008953],[112.20920675569289,-7.147227196668519],[112.209659486883211,-7.14722600888372],[112.210112217996326,-7.147224820654553],[112.210564949032204,-7.147223631981021],[112.211017679990832,-7.147222442863123],[112.211470410872167,-7.147221253300859],[112.211923141676195,-7.147220063294232],[112.212375872402873,-7.14721887284324],[112.212828603052159,-7.147217681947883],[112.213281333624067,-7.147216490608161],[112.21373406411854,-7.14721529882408],[112.21418679453555,-7.147214106595633],[112.214639524875068,-7.147212913922824],[112.21509225513708,-7.147211720805654],[112.215544985321515,-7.147210527244121],[112.215997715428401,-7.147209333238226],[112.216450445457681,-7.147208138787971],[112.2169031754093,-7.147206943893353],[112.217355905283299,-7.147205748554378],[112.217808635079578,-7.147204552771042],[112.218261364798138,-7.147203356543346],[112.218714094438965,-7.14720215987129],[112.219166824001988,-7.147200962754876],[112.21961955348722,-7.147199765194102],[112.220072282894606,-7.147198567188973],[112.220525012224144,-7.147197368739483],[112.220977741475778,-7.147196169845637],[112.221430470649494,-7.147194970507434],[112.22188319974525,-7.147193770724876],[112.22233592876303,-7.147192570497959],[112.222788657702822,-7.147191369826687],[112.223241386564553,-7.147190168711059],[112.223694115348209,-7.147188967151077],[112.224146844053791,-7.147187765146739],[112.224599572681228,-7.147186562698049],[112.225052301230534,-7.147185359805003],[112.225505029701637,-7.147184156467604],[112.225957758094538,-7.147182952685851],[112.226410486409208,-7.147181748459746],[112.226863214645604,-7.147180543789289],[112.227315942803699,-7.147179338674477],[112.227768670883449,-7.147178133115315],[112.22822139888487,-7.147176927111803],[112.228674126807888,-7.14717572066394],[112.229126854652506,-7.147174513771724],[112.22957958241868,-7.147173306435157],[112.230032310106381,-7.147172098654243],[112.230485037715582,-7.147170890428978],[112.230937765246253,-7.147169681759364],[112.231390492698367,-7.147168472645402],[112.231843220071895,-7.14716726308709],[112.232295947366808,-7.147166053084431],[112.232748674583064,-7.147164842637424],[112.233201401720677,-7.14716363174607],[112.233654128779563,-7.147162420410369],[112.23410685575972,-7.147161208630322],[112.23455958266112,-7.147159996405928],[112.235012309483736,-7.147158783737189],[112.235465036227538,-7.147157570624105],[112.235917762892484,-7.147156357066674],[112.236370489478546,-7.1471551430649],[112.236823215985723,-7.14715392861878],[112.237275942413959,-7.147152713728318],[112.237728668763225,-7.147151498393513],[112.238181395033521,-7.147150282614363],[112.238634121224777,-7.147149066390872],[112.239086847336992,-7.147147849723037],[112.239539573370138,-7.14714663261086],[112.239992299324157,-7.147145415054342],[112.240445025199051,-7.147144197053483],[112.24089775099479,-7.147142978608282],[112.241350476711332,-7.147141759718743],[112.241803202348635,-7.147140540384862],[112.242255927906712,-7.147139320606641],[112.242708653385492,-7.147138100384082],[112.243161378784976,-7.147136879717182],[112.24361410410512,-7.147135658605946],[112.244066829345897,-7.14713443705037],[112.244519554507278,-7.147133215050457],[112.24497227958922,-7.147131992606205],[112.245425004591738,-7.147130769717618],[112.24587772951476,-7.147129546384693],[112.246330454358258,-7.147128322607433],[112.246783179122232,-7.147127098385835],[112.247235903806626,-7.147125873719903],[112.247688628411439,-7.147124648609635],[112.248141352936614,-7.147123423055033],[112.248594077382151,-7.147122197056096],[112.24904680174798,-7.147120970612825],[112.249499526034114,-7.14711974372522],[112.249952250240497,-7.147118516393283],[112.250404974367129,-7.147117288617013],[112.250857698413938,-7.147116060396408],[112.251310422380925,-7.147114831731473],[112.251763146268061,-7.147113602622207],[112.252215870075304,-7.147112373068608],[112.252668593802625,-7.147111143070679],[112.253121317450024,-7.147109912628418],[112.253574041017444,-7.14710868174183],[112.254026764504857,-7.147107450410908],[112.254479487912235,-7.14710621863566],[112.254932211239549,-7.147104986416081],[112.255384934486798,-7.147103753752173],[112.255837657653913,-7.147102520643936],[112.256290380740893,-7.147101287091374],[112.256743103747695,-7.147100053094483],[112.257195826674277,-7.147098818653266],[112.257648549520638,-7.14709758376772],[112.258101272286751,-7.147096348437849],[112.258553994972559,-7.14709511266365],[112.259006717578046,-7.147093876445129],[112.2594594401032,-7.147092639782281],[112.259912162547963,-7.147091402675106],[112.260364884912335,-7.14709016512361],[112.260817607196259,-7.147088927127787],[112.261270329399736,-7.147087688687642],[112.261723051522694,-7.147086449803174],[112.262175773565147,-7.147085210474382],[112.262628495527053,-7.147083970701268],[112.26308121740837,-7.147082730483832],[112.263533939209083,-7.147081489822074],[112.263986660929163,-7.147080248715994],[112.264439382568582,-7.147079007165593],[112.264892104127298,-7.147077765170872],[112.265344825605297,-7.14707652273183],[112.265797547002535,-7.14707527984847],[112.266250268318998,-7.147074036520789],[112.266702989554645,-7.147072792748789],[112.26715571070946,-7.147071548532471],[112.267608431783415,-7.147070303871834],[112.268061152776468,-7.147069058766879],[112.26851387368859,-7.147067813217608],[112.268966594519753,-7.147066567224019],[112.269419315269943,-7.147065320786112],[112.269872035939116,-7.14706407390389],[112.270324756527245,-7.147062826577351],[112.270777477034315,-7.147061578806498],[112.27123019746027,-7.147060330591327],[112.271682917805123,-7.147059081931844],[112.272135638068804,-7.147057832828047],[112.272588358251298,-7.147056583279933],[112.273041078352591,-7.147055333287505],[112.273493798372613,-7.147054082850766],[112.273946518311391,-7.147052831969715],[112.274399238168854,-7.14705158064435],[112.274851957944989,-7.147050328874673],[112.275304677639781,-7.147049076660684],[112.275757397253173,-7.147047824002384],[112.276210116785151,-7.147046570899773],[112.276662836235687,-7.147045317352852],[112.277115555604723,-7.147044063361619],[112.277568274892289,-7.147042808926079],[112.278020994098313,-7.147041554046227],[112.27847371322278,-7.147040298722068],[112.278926432265649,-7.1470390429536],[112.279379151226905,-7.147037786740823],[112.27983187010652,-7.147036530083739],[112.280284588904451,-7.147035272982347],[112.280737307620669,-7.147034015436648],[112.28119002625516,-7.147032757446642],[112.281642744807897,-7.14703149901233],[112.282095463278836,-7.147030240133714],[112.282548181667948,-7.147028980810791],[112.283000899975221,-7.147027721043561],[112.28345361820061,-7.147026460832029],[112.283906336344103,-7.147025200176193],[112.284359054405655,-7.14702393907605],[112.284811772385225,-7.147022677531605],[112.285264490282827,-7.147021415542858],[112.28571720809839,-7.147020153109807],[112.286169925831899,-7.147018890232454],[112.286622643483355,-7.147017626910801],[112.287075361052672,-7.147016363144844],[112.287528078539864,-7.147015098934586],[112.287980795944875,-7.147013834280027],[112.288433513267705,-7.147012569181169],[112.288886230508325,-7.147011303638009],[112.289338947666664,-7.14701003765055],[112.289791664742737,-7.147008771218794],[112.290244381736485,-7.147007504342738],[112.290697098647897,-7.147006237022383],[112.291149815476942,-7.14700496925773],[112.291602532223592,-7.14700370104878],[112.29205524888782,-7.147002432395532],[112.292507965469582,-7.147001163297987],[112.292960681968879,-7.146999893756147],[112.293413398385638,-7.146998623770009],[112.293866114719862,-7.146997353339577],[112.29431883097152,-7.14699608246485],[112.294771547140584,-7.146994811145826],[112.295224263227013,-7.146993539382509],[112.295676979230777,-7.146992267174898],[112.296129695151862,-7.146990994522993],[112.296582410990226,-7.146989721426795],[112.297035126745854,-7.146988447886303],[112.297487842418704,-7.14698717390152],[112.297940558008762,-7.146985899472444],[112.298393273515984,-7.146984624599078],[112.298845988940343,-7.146983349281417],[112.29929870428181,-7.146982073519468],[112.299751419540357,-7.146980797313228],[112.300204134715955,-7.146979520662698],[112.300656849808604,-7.146978243567878],[112.301109564818219,-7.146976966028769],[112.301562279744815,-7.14697568804537],[112.302014994588347,-7.146974409617683],[112.30246770934879,-7.146973130745707],[112.302920424026112,-7.146971851429444],[112.303373138620287,-7.146970571668894],[112.303825853131286,-7.146969291464059],[112.304278567559081,-7.146968010814935],[112.304731281903628,-7.146966729721525],[112.305183996164928,-7.146965448183829],[112.305636710342924,-7.146964166201848],[112.306089424437602,-7.146962883775582],[112.306542138448918,-7.14696160090503],[112.306994852376874,-7.146960317590197],[112.307447566221413,-7.146959033831078],[112.307900279982519,-7.146957749627677],[112.308352993660151,-7.146956464979993],[112.308805707254294,-7.146955179888025],[112.309258420764905,-7.146953894351775],[112.309711134191986,-7.146952608371245],[112.310163847535449,-7.146951321946432],[112.310616560795324,-7.146950035077338],[112.311069273971569,-7.146948747763965],[112.31152198706414,-7.14694746000631],[112.311974700073009,-7.146946171804377],[112.312427412998147,-7.146944883158163],[112.312880125839541,-7.146943594067672],[112.313332838597134,-7.1469423045329],[112.313785551270925,-7.146941014553851],[112.314238263860872,-7.146939724130522],[112.314690976366961,-7.146938433262918],[112.315143688789149,-7.146937141951038],[112.315596401127394,-7.14693585019488],[112.316049113381695,-7.146934557994446],[112.316501825552024,-7.146933265349736],[112.31695453763831,-7.146931972260751],[112.317407249640567,-7.146930678727491],[112.317859961558739,-7.146929384749957],[112.318312673392825,-7.146928090328147],[112.318765385142783,-7.146926795462066],[112.319218096808569,-7.14692550015171],[112.319670808390171,-7.14692420439708],[112.320123519887559,-7.14692290819818],[112.320576231300706,-7.146921611555006],[112.321028942629567,-7.14692031446756],[112.321481653874145,-7.146919016935843],[112.321934365034366,-7.146917718959855],[112.322387076110246,-7.146916420539599],[112.322839787101728,-7.14691512167507],[112.323292498008797,-7.146913822366272],[112.323745208831411,-7.146912522613206],[112.324197919569556,-7.146911222415869],[112.324650630223189,-7.146909921774264],[112.325103340792282,-7.146908620688391],[112.32555605127682,-7.14690731915825],[112.326008761676775,-7.146906017183843],[112.326461471992104,-7.146904714765168],[112.326914182222765,-7.146903411902227],[112.327366892368758,-7.146902108595019],[112.327819602430054,-7.146900804843548],[112.328272312406611,-7.146899500647809],[112.328725022298386,-7.146898196007806],[112.329177732105393,-7.146896890923538],[112.329630441827561,-7.146895585395005],[112.330083151464876,-7.14689427942221],[112.330535861017324,-7.146892973005151],[112.330988570484863,-7.146891666143831],[112.331441279867448,-7.146890358838245],[112.331893989165067,-7.146889051088401],[112.332346698377691,-7.146887742894293],[112.332799407505291,-7.146886434255924],[112.333252116547854,-7.146885125173294],[112.333704825505322,-7.146883815646404],[112.334157534377667,-7.146882505675254],[112.334610243164889,-7.146881195259844],[112.335062951866945,-7.146879884400175],[112.335515660483779,-7.146878573096248],[112.335968369015404,-7.146877261348062],[112.336421077461765,-7.146875949155619],[112.336873785822846,-7.146874636518916],[112.337326494098619,-7.146873323437957],[112.337779202289042,-7.146872009912742],[112.3382319103941,-7.146870695943271],[112.338684618413751,-7.146869381529544],[112.339137326347966,-7.146868066671558],[112.339590034196746,-7.146866751369322],[112.340042741960019,-7.146865435622828],[112.340495449637785,-7.146864119432079],[112.340948157230002,-7.146862802797079],[112.341400864736642,-7.146861485717825],[112.341853572157689,-7.146860168194316],[112.342306279493101,-7.146858850226554],[112.342758986742851,-7.146857531814542],[112.343211693906923,-7.146856212958278],[112.343664400985276,-7.146854893657762],[112.344117107977866,-7.146853573912995],[112.344569814884693,-7.146852253723978],[112.345022521705701,-7.146850933090709],[112.345475228440904,-7.146849612013192],[112.345927935090231,-7.146848290491424],[112.346380641653653,-7.146846968525408]]]}},
{"type":"Feature","properties":{"Line":"S111","begin":1360.5,"end":3452.5},"geometry":{"type":"MultiLineString","coordinates":[[[112.155693259432326,-7.111187986915471],[112.156145964027218,-7.111186857372221],[112.156598668548355,-7.111185727386833],[112.157051372995696,-7.111184596959311],[112.157504077369211,-7.11118346608965],[112.157956781668886,-7.111182334777855],[112.15840948589468,-7.111181203023923],[112.158862190046548,-7.111180070827857],[112.159314894124492,-7.111178938189654],[112.159767598128468,-7.111177805109317],[112.160220302058448,-7.111176671586845],[112.16067300591439,-7.111175537622241],[112.161125709696293,-7.111174403215502],[112.161578413404115,-7.111173268366631],[112.162031117037827,-7.111172133075626],[112.162483820597387,-7.111170997342488],[112.162936524082781,-7.11116986116722],[112.16338922749398,-7.111168724549819],[112.163841930830955,-7.111167587490285],[112.164294634093679,-7.11116644998862],[112.164747337282108,-7.111165312044827],[112.165200040396229,-7.111164173658902],[112.165652743436013,-7.111163034830847],[112.166105446401417,-7.111161895560662],[112.166558149292428,-7.111160755848348],[112.167010852109016,-7.111159615693905],[112.167463554851125,-7.111158475097333],[112.167916257518755,-7.111157334058632],[112.168368960111877,-7.111156192577805],[112.168821662630464,-7.111155050654848],[112.169274365074457,-7.111153908289765],[112.169727067443858,-7.111152765482557],[112.170179769738638,-7.11115162223322],[112.17063247195874,-7.111150478541758],[112.171085174104178,-7.111149334408171],[112.171537876174867,-7.111148189832457],[112.171990578170835,-7.111147044814618],[112.172443280092025,-7.111145899354653],[112.172895981938396,-7.111144753452566],[112.173348683709946,-7.111143607108353],[112.17380138540662,-7.111142460322019],[112.17425408702843,-7.111141313093559],[112.174706788575307,-7.111140165422977],[112.175159490047236,-7.111139017310274],[112.175612191444188,-7.111137868755447],[112.176064892766135,-7.111136719758498],[112.176517594013035,-7.111135570319427],[112.176970295184887,-7.111134420438236],[112.177422996281635,-7.111133270114925],[112.177875697303264,-7.111132119349493],[112.178328398249761,-7.11113096814194],[112.178781099121053,-7.111129816492267],[112.179233799917156,-7.111128664400475],[112.179686500638013,-7.111127511866565],[112.180139201283595,-7.111126358890536],[112.180591901853887,-7.111125205472387],[112.181044602348862,-7.11112405161212],[112.181497302768491,-7.111122897309738],[112.181950003112732,-7.111121742565238],[112.18240270338157,-7.11112058737862],[112.182855403574962,-7.111119431749885],[112.183308103692866,-7.111118275679035],[112.183760803735311,-7.11111711916607],[112.18421350370221,-7.111115962210988],[112.184666203593551,-7.11111480481379],[112.185118903409318,-7.111113646974479],[112.185571603149469,-7.111112488693055],[112.186024302813976,-7.111111329969515],[112.18647700240281,-7.111110170803863],[112.186929701915957,-7.111109011196096],[112.187382401353375,-7.111107851146216],[112.187835100715034,-7.111106690654223],[112.188287800000907,-7.11110552972012],[112.188740499210965,-7.111104368343903],[112.18919319834518,-7.111103206525575],[112.189645897403523,-7.111102044265137],[112.190098596385965,-7.111100881562587],[112.190551295292479,-7.111099718417926],[112.191003994123022,-7.111098554831157],[112.191456692877608,-7.111097390802278],[112.191909391556152,-7.111096226331287],[112.192362090158653,-7.111095061418189],[112.192814788685084,-7.111093896062983],[112.193267487135415,-7.111092730265669],[112.193720185509619,-7.111091564026247],[112.194172883807653,-7.111090397344716],[112.194625582029502,-7.111089230221079],[112.195078280175125,-7.111088062655334],[112.195530978244506,-7.111086894647484],[112.195983676237617,-7.111085726197529],[112.196436374154402,-7.111084557305466],[112.196889071994875,-7.111083387971298],[112.197341769758992,-7.111082218195025],[112.197794467446698,-7.111081047976648],[112.198247165057978,-7.111079877316167],[112.198699862592832,-7.111078706213582],[112.199152560051203,-7.111077534668893],[112.199605257433049,-7.1110763626821],[112.200057954738369,-7.111075190253207],[112.200510651967136,-7.111074017382208],[112.200963349119291,-7.111072844069109],[112.201416046194836,-7.111071670313908],[112.201868743193728,-7.111070496116605],[112.202321440115938,-7.111069321477203],[112.202774136961438,-7.1110681463957],[112.203226833730199,-7.111066970872094],[112.203679530422193,-7.111065794906391],[112.204132227037405,-7.111064618498587],[112.20458492357578,-7.111063441648684],[112.205037620037302,-7.111062264356682],[112.205490316421944,-7.111061086622583],[112.205943012729662,-7.111059908446385],[112.206395708960457,-7.111058729828089],[112.206848405114286,-7.111057550767697],[112.207301101191092,-7.111056371265208],[112.207753797190904,-7.111055191320621],[112.208206493113636,-7.111054010933938],[112.208659188959288,-7.111052830105159],[112.209111884727832,-7.111051648834285],[112.20956458041924,-7.111050467121315],[112.210017276033483,-7.111049284966252],[112.210469971570504,-7.111048102369094],[112.210922667030303,-7.111046919329841],[112.211375362412852,-7.111045735848497],[112.211828057718122,-7.111044551925057],[112.212280752946057,-7.111043367559525],[112.212733448096657,-7.111042182751899],[112.213186143169878,-7.111040997502183],[112.213638838165707,-7.111039811810373],[112.214091533084101,-7.111038625676475],[112.214544227925032,-7.111037439100484],[112.214996922688485,-7.111036252082402],[112.215449617374418,-7.11103506462223],[112.215902311982788,-7.111033876719967],[112.216355006513609,-7.111032688375615],[112.216807700966811,-7.111031499589174],[112.217260395342379,-7.111030310360644],[112.217713089640284,-7.111029120690026],[112.218165783860513,-7.11102793057732],[112.218618478003023,-7.111026740022526],[112.219071172067757,-7.111025549025643],[112.219523866054729,-7.111024357586675],[112.219976559963911,-7.11102316570562],[112.220429253795245,-7.111021973382479],[112.220881947548719,-7.111020780617251],[112.221334641224288,-7.111019587409939],[112.221787334821954,-7.11101839376054],[112.222240028341659,-7.111017199669058],[112.222692721783389,-7.11101600513549],[112.223145415147116,-7.11101481015984],[112.223598108432782,-7.111013614742103],[112.224050801640416,-7.111012418882287],[112.224503494769934,-7.111011222580384],[112.224956187821334,-7.1110100258364],[112.225408880794589,-7.111008828650334],[112.225861573689642,-7.111007631022186],[112.226314266506506,-7.111006432951958],[112.226766959245126,-7.111005234439647],[112.227219651905472,-7.111004035485255],[112.22767234448753,-7.111002836088785],[112.228125036991258,-7.111001636250233],[112.228577729416628,-7.111000435969602],[112.229030421763625,-7.11099923524689],[112.229483114032206,-7.110998034082103],[112.229935806222343,-7.110996832475235],[112.230388498334008,-7.11099563042629],[112.230841190367173,-7.110994427935267],[112.231293882321822,-7.110993225002166],[112.231746574197899,-7.110992021626989],[112.232199265995405,-7.110990817809735],[112.232651957714296,-7.110989613550404],[112.23310464935453,-7.110988408848997],[112.233557340916107,-7.110987203705516],[112.234010032398984,-7.110985998119959],[112.234462723803134,-7.110984792092327],[112.234915415128512,-7.110983585622622],[112.235368106375105,-7.110982378710842],[112.235820797542885,-7.110981171356987],[112.236273488631824,-7.110979963561062],[112.236726179641892,-7.110978755323062],[112.237178870573047,-7.110977546642989],[112.23763156142526,-7.110976337520846],[112.238084252198533,-7.110975127956629],[112.238536942892821,-7.110973917950342],[112.238989633508069,-7.110972707501984],[112.23944232404429,-7.110971496611555],[112.239895014501428,-7.110970285279055],[112.240347704879454,-7.110969073504486],[112.240800395178354,-7.110967861287849],[112.241253085398085,-7.110966648629141],[112.241705775538634,-7.110965435528365],[112.242158465599957,-7.11096422198552],[112.242611155582026,-7.110963008000609],[112.243063845484826,-7.110961793573627],[112.243516535308331,-7.11096057870458],[112.243969225052481,-7.110959363393465],[112.244421914717279,-7.110958147640285],[112.244874604302666,-7.110956931445038],[112.245327293808643,-7.110955714807726],[112.245779983235181,-7.110954497728348],[112.246232672582224,-7.110953280206905],[112.246685361849757,-7.110952062243398],[112.247138051037751,-7.110950843837826],[112.24759074014618,-7.110949624990191],[112.248043429175013,-7.110948405700491],[112.248496118124237,-7.110947185968731],[112.248948806993795,-7.110945965794906],[112.249401495783673,-7.11094474517902],[112.249854184493842,-7.110943524121071],[112.250306873124259,-7.110942302621061],[112.250759561674911,-7.110941080678989],[112.251212250145784,-7.110939858294857],[112.25166493853682,-7.110938635468665],[112.252117626847991,-7.110937412200411],[112.252570315079296,-7.110936188490099],[112.25302300323068,-7.110934964337729],[112.253475691302114,-7.110933739743298],[112.253928379293583,-7.110932514706809],[112.25438106720506,-7.110931289228263],[112.254833755036501,-7.110930063307658],[112.255286442787877,-7.110928836944995],[112.25573913045919,-7.110927610140275],[112.256191818050368,-7.110926382893501],[112.256644505561411,-7.110925155204668],[112.257097192992276,-7.11092392707378],[112.25754988034295,-7.110922698500836],[112.258002567613374,-7.110921469485838],[112.258455254803565,-7.110920240028785],[112.258907941913449,-7.110919010129678],[112.259360628943028,-7.110917779788516],[112.259813315892245,-7.110916549005301],[112.260266002761099,-7.110915317780035],[112.260718689549549,-7.110914086112714],[112.261171376257565,-7.11091285400334],[112.261624062885105,-7.110911621451915],[112.262076749432183,-7.110910388458438],[112.262529435898728,-7.11090915502291],[112.262982122284726,-7.110907921145333],[112.263434808590148,-7.110906686825702],[112.263887494814966,-7.110905452064023],[112.264340180959152,-7.110904216860294],[112.264792867022663,-7.110902981214514],[112.265245553005485,-7.110901745126688],[112.265698238907589,-7.110900508596813],[112.266150924728947,-7.110899271624888],[112.266603610469531,-7.110898034210916],[112.267056296129297,-7.110896796354896],[112.267508981708218,-7.110895558056828],[112.267961667206293,-7.110894319316716],[112.268414352623466,-7.110893080134556],[112.268867037959723,-7.110891840510352],[112.269319723215006,-7.110890600444102],[112.269772408389329,-7.110889359935805],[112.270225093482651,-7.110888118985465],[112.270677778494914,-7.110886877593079],[112.271130463426118,-7.110885635758651],[112.271583148276221,-7.110884393482177],[112.272035833045209,-7.110883150763662],[112.272488517733024,-7.110881907603104],[112.27294120233968,-7.110880664000502],[112.273393886865108,-7.110879419955861],[112.273846571309306,-7.110878175469176],[112.274299255672219,-7.11087693054045],[112.274751939953845,-7.110875685169683],[112.275204624154142,-7.110874439356876],[112.275657308273097,-7.110873193102028],[112.276109992310637,-7.110871946405142],[112.276562676266792,-7.110870699266216],[112.27701536014149,-7.110869451685249],[112.277468043934718,-7.110868203662248],[112.27792072764646,-7.110866955197205],[112.278373411276647,-7.110865706290126],[112.278826094825291,-7.110864456941009],[112.279278778292351,-7.110863207149855],[112.279731461677784,-7.110861956916664],[112.280184144981575,-7.110860706241437],[112.280636828203711,-7.110859455124174],[112.281089511344135,-7.110858203564878],[112.281542194402817,-7.110856951563544],[112.281994877379745,-7.110855699120176],[112.282447560274889,-7.110854446234773],[112.282900243088207,-7.110853192907339],[112.283352925819685,-7.110851939137868],[112.283805608469294,-7.110850684926368],[112.284258291036977,-7.11084943027283],[112.284710973522749,-7.110848175177264],[112.285163655926553,-7.110846919639664],[112.28561633824836,-7.110845663660034],[112.286069020488142,-7.110844407238371],[112.286521702645885,-7.110843150374678],[112.28697438472156,-7.110841893068955],[112.287427066715111,-7.110840635321203],[112.287879748626537,-7.110839377131418],[112.288332430455796,-7.110838118499608],[112.288785112202859,-7.110836859425767],[112.289237793867713,-7.110835599909897],[112.2896904754503,-7.110834339952],[112.29014315695062,-7.110833079552074],[112.290595838368631,-7.110831818710122],[112.291048519704304,-7.110830557426143],[112.291501200957597,-7.110829295700137],[112.29195388212851,-7.110828033532106],[112.292406563216986,-7.110826770922049],[112.292859244223024,-7.110825507869966],[112.293311925146583,-7.11082424437586],[112.293764605987604,-7.110822980439726],[112.294217286746118,-7.110821716061571],[112.294669967422053,-7.110820451241391],[112.295122648015379,-7.110819185979188],[112.295575328526098,-7.110817920274963],[112.296028008954153,-7.110816654128714],[112.296480689299528,-7.110815387540442],[112.296933369562183,-7.11081412051015],[112.297386049742101,-7.110812853037836],[112.297838729839256,-7.110811585123502],[112.298291409853604,-7.110810316767146],[112.298744089785117,-7.110809047968773],[112.299196769633795,-7.110807778728375],[112.299649449399581,-7.11080650904596],[112.300102129082433,-7.110805238921527],[112.300554808682364,-7.110803968355075],[112.301007488199318,-7.110802697346603],[112.301460167633252,-7.110801425896115],[112.30191284698418,-7.110800154003611],[112.302365526252046,-7.110798881669087],[112.302818205436822,-7.110797608892548],[112.303270884538478,-7.110796335673992],[112.303723563556986,-7.11079506201342],[112.304176242492332,-7.110793787910833],[112.30462892134446,-7.110792513366231],[112.305081600113368,-7.110791238379614],[112.305534278799016,-7.110789962950983],[112.305986957401359,-7.11078868708034],[112.306439635920398,-7.110787410767681],[112.306892314356091,-7.110786134013009],[112.307344992708394,-7.110784856816327],[112.307797670977294,-7.11078357917763],[112.308250349162776,-7.11078230109692],[112.308703027264784,-7.110781022574202],[112.309155705283302,-7.110779743609472],[112.309608383218304,-7.11077846420273],[112.310061061069746,-7.110777184353978],[112.310513738837628,-7.110775904063217],[112.310966416521893,-7.110774623330445],[112.311419094122527,-7.110773342155666],[112.311871771639474,-7.110772060538876],[112.312324449072747,-7.11077077848008],[112.312777126422304,-7.110769495979274],[112.313229803688102,-7.110768213036462],[112.313682480870114,-7.110766929651643],[112.314135157968323,-7.110765645824817],[112.314587834982689,-7.110764361555985],[112.315040511913196,-7.110763076845145],[112.315493188759802,-7.110761791692301],[112.31594586552248,-7.110760506097452],[112.316398542201213,-7.110759220060598],[112.316851218795961,-7.11075793358174],[112.317303895306694,-7.110756646660879],[112.317756571733398,-7.110755359298013],[112.31820924807603,-7.110754071493143],[112.318661924334549,-7.110752783246274],[112.319114600508954,-7.110751494557399],[112.319567276599201,-7.110750205426522],[112.320019952605264,-7.110748915853646],[112.320472628527128,-7.110747625838766],[112.320925304364735,-7.110746335381888],[112.321377980118072,-7.110745044483009],[112.32183065578711,-7.11074375314213],[112.322283331371835,-7.11074246135925],[112.322736006872191,-7.110741169134374],[112.323188682288148,-7.110739876467496],[112.323641357619707,-7.110738583358621],[112.32409403286681,-7.110737289807749],[112.324546708029459,-7.110735995814879],[112.324999383107595,-7.110734701380011],[112.325452058101192,-7.110733406503147],[112.325904733010233,-7.110732111184288],[112.326357407834692,-7.11073081542343],[112.326810082574525,-7.110729519220578],[112.327262757229732,-7.110728222575731],[112.327715431800257,-7.110726925488891],[112.328168106286057,-7.110725627960054],[112.328620780687146,-7.110724329989226],[112.329073455003467,-7.110723031576402],[112.329526129235006,-7.110721732721585],[112.329978803381707,-7.110720433424777],[112.330431477443582,-7.110719133685976],[112.330884151420577,-7.110717833505183],[112.331336825312661,-7.110716532882399],[112.331789499119807,-7.110715231817623],[112.332242172842001,-7.110713930310856],[112.332694846479185,-7.1107126283621],[112.333147520031361,-7.110711325971354],[112.333600193498484,-7.110710023138617],[112.334052866880526,-7.110708719863893],[112.334505540177474,-7.110707416147178],[112.334958213389257,-7.110706111988477],[112.335410886515888,-7.110704807387789],[112.335863559557339,-7.110703502345111],[112.336316232513553,-7.110702196860448],[112.336768905384517,-7.110700890933796],[112.337221578170215,-7.110699584565159],[112.337674250870592,-7.110698277754537],[112.338126923485618,-7.110696970501929],[112.338579596015308,-7.110695662807336],[112.339032268459562,-7.110694354670758],[112.339484940818423,-7.110693046092196],[112.33993761309182,-7.110691737071652],[112.340390285279724,-7.110690427609123],[112.340842957382122,-7.11068911770461],[112.341295629398985,-7.110687807358118],[112.341748301330284,-7.11068649656964],[112.342200973175977,-7.110685185339182],[112.342653644936036,-7.110683873666741],[112.343106316610459,-7.110682561552322],[112.343558988199177,-7.11068124899592],[112.34401165970219,-7.11067993599754],[112.344464331119454,-7.110678622557179],[112.344917002450956,-7.11067730867484],[112.345369673696652,-7.110675994350521],[112.345822344856529,-7.110674679584223],[112.34627501593053,-7.110673364375948],[112.346727686918669,-7.110672048725695],[112.347180357820861,-7.110670732633465],[112.347633028637134,-7.110669416099259],[112.348085699367431,-7.110668099123074],[112.34853837001171,-7.110666781704915],[112.34899104056997,-7.110665463844779],[112.349443711042184,-7.110664145542668],[112.34989638142828,-7.110662826798585],[112.350349051728273,-7.110661507612524],[112.350801721942119,-7.11066018798449],[112.351254392069791,-7.110658867914482],[112.351707062111259,-7.110657547402503],[112.352159732066497,-7.11065622644855],[112.352612401935474,-7.110654905052625],[112.353065071718149,-7.110653583214727],[112.353517741414521,-7.110652260934859],[112.35397041102452,-7.110650938213018],[112.354423080548159,-7.110649615049207],[112.354875749985396,-7.110648291443426],[112.355328419336189,-7.110646967395676],[112.355781088600523,-7.110645642905956],[112.356233757778355,-7.110644317974266],[112.356686426869686,-7.110642992600608],[112.357139095874444,-7.110641666784983],[112.35759176479263,-7.110640340527389],[112.358044433624215,-7.110639013827828],[112.358497102369157,-7.110637686686299],[112.358949771027426,-7.110636359102806],[112.359402439599009,-7.110635031077344],[112.359855108083863,-7.110633702609916],[112.360307776481989,-7.110632373700525],[112.3607604447933,-7.110631044349168],[112.361213113017826,-7.110629714555845],[112.361665781155509,-7.11062838432056],[112.362118449206307,-7.110627053643311],[112.362571117170219,-7.110625722524097],[112.363023785047204,-7.110624390962922],[112.363476452837233,-7.110623058959784],[112.363929120540277,-7.110621726514685],[112.364381788156322,-7.110620393627623],[112.364834455685326,-7.1106190602986],[112.365287123127246,-7.110617726527617],[112.365739790482081,-7.110616392314673],[112.366192457749776,-7.110615057659768],[112.366645124930315,-7.110613722562904],[112.367097792023671,-7.110612387024082],[112.367550459029815,-7.1106110510433],[112.368003125948718,-7.11060971462056],[112.368455792780352,-7.110608377755863],[112.36890845952469,-7.110607040449208],[112.369361126181687,-7.110605702700597],[112.36981379275133,-7.110604364510028],[112.370266459233576,-7.110603025877502],[112.370719125628412,-7.110601686803021],[112.371171791935808,-7.110600347286584],[112.371624458155722,-7.110599007328194],[112.372077124288154,-7.110597666927847],[112.372529790333033,-7.110596326085549],[112.372982456290359,-7.110594984801295],[112.373435122160089,-7.110593643075087],[112.373887787942209,-7.110592300906927],[112.374340453636677,-7.110590958296816],[112.374793119243478,-7.110589615244751],[112.375245784762569,-7.110588271750736],[112.375698450193937,-7.110586927814768],[112.376151115537525,-7.110585583436849],[112.376603780793317,-7.110584238616981],[112.377056445961315,-7.110582893355161],[112.377509111041448,-7.110581547651394],[112.377961776033715,-7.110580201505677],[112.378414440938059,-7.11057885491801],[112.37886710575448,-7.110577507888397],[112.379319770482923,-7.110576160416835],[112.379772435123385,-7.110574812503324],[112.380225099675812,-7.110573464147869],[112.380677764140202,-7.110572115350465],[112.381130428516514,-7.110570766111116],[112.381583092804718,-7.110569416429819],[112.382035757004772,-7.110568066306579],[112.382488421116662,-7.110566715741394],[112.382941085140359,-7.110565364734263],[112.383393749075836,-7.110564013285189],[112.383846412923049,-7.110562661394171],[112.384299076681998,-7.110561309061209],[112.384751740352627,-7.110559956286305],[112.385204403934921,-7.110558603069459],[112.385657067428838,-7.11055724941067],[112.386109730834377,-7.110555895309941],[112.386562394151454,-7.110554540767268],[112.387015057380111,-7.110553185782656],[112.387467720520277,-7.110551830356104],[112.387920383571924,-7.11055047448761],[112.388373046535023,-7.11054911817718],[112.388825709409559,-7.110547761424808],[112.389278372195506,-7.110546404230498],[112.389731034892804,-7.11054504659425],[112.390183697501456,-7.110543688516064],[112.390636360021432,-7.110542329995941],[112.391089022452675,-7.110540971033881],[112.3915416847952,-7.110539611629884],[112.391994347048936,-7.110538251783952],[112.392447009213882,-7.110536891496082]]]}},
{"type":"Feature","properties":{"Line":"S118","begin":1360.5,"end":2704.5},"geometry":{"type":"MultiLineString","coordinates":[[[112.252110835443631,-7.024342761538108],[112.252112045255842,-7.024794950582451],[112.252113255147904,-7.025247139617885],[112.25211446511976,-7.025699328644412],[112.252115675171467,-7.026151517662029],[112.252116885302996,-7.026603706670737],[112.252118095514348,-7.027055895670535],[112.252119305805536,-7.027508084661422],[112.252120516176547,-7.027960273643399],[112.252121726627379,-7.028412462616463],[112.252122937158049,-7.028864651580615],[112.252124147768555,-7.029316840535856],[112.252125358458869,-7.02976902948218],[112.25212656922902,-7.030221218419593],[112.252127780079007,-7.030673407348091],[112.252128991008831,-7.031125596267673],[112.252130202018478,-7.031577785178341],[112.252131413107961,-7.032029974080091],[112.252132624277266,-7.032482162972925],[112.252133835526408,-7.03293435185684],[112.252135046855386,-7.033386540731839],[112.252136258264201,-7.033838729597919],[112.252137469752839,-7.03429091845508],[112.252138681321313,-7.034743107303322],[112.252139892969623,-7.035195296142643],[112.25214110469777,-7.035647484973044],[112.252142316505754,-7.036099673794523],[112.25214352839356,-7.03655186260708],[112.252144740361217,-7.037004051410715],[112.252145952408696,-7.037456240205427],[112.252147164536012,-7.037908428991215],[112.252148376743179,-7.03836061776808],[112.252149589030182,-7.038812806536018],[112.252150801397008,-7.039264995295034],[112.252152013843684,-7.039717184045124],[112.252153226370197,-7.040169372786286],[112.252154438976532,-7.04062156151852],[112.252155651662733,-7.04107375024183],[112.252156864428756,-7.04152593895621],[112.252158077274615,-7.041978127661661],[112.252159290200325,-7.042430316358184],[112.252160503205886,-7.042882505045776],[112.252161716291269,-7.043334693724438],[112.252162929456489,-7.043786882394171],[112.25216414270156,-7.04423907105497],[112.252165356026481,-7.044691259706837],[112.252166569431239,-7.045143448349772],[112.252167782915834,-7.045595636983776],[112.252168996480279,-7.046047825608845],[112.252170210124561,-7.046500014224979],[112.252171423848694,-7.046952202832179],[112.252172637652663,-7.047404391430444],[112.252173851536483,-7.047856580019773],[112.25217506550014,-7.048308768600164],[112.252176279543647,-7.048760957171619],[112.252177493667006,-7.049213145734137],[112.2521787078702,-7.049665334287717],[112.252179922153246,-7.050117522832356],[112.252181136516157,-7.050569711368058],[112.25218235095889,-7.05102189989482],[112.252183565481488,-7.051474088412641],[112.252184780083923,-7.051926276921521],[112.252185994766208,-7.05237846542146],[112.252187209528344,-7.052830653912456],[112.252188424370317,-7.05328284239451],[112.252189639292155,-7.053735030867622],[112.252190854293843,-7.054187219331787],[112.252192069375383,-7.05463940778701],[112.252193284536773,-7.055091596233289],[112.252194499778,-7.05554378467062],[112.252195715099091,-7.055995973099008],[112.252196930500034,-7.056448161518446],[112.252198145980827,-7.056900349928939],[112.252199361541471,-7.057352538330484],[112.252200577181966,-7.05780472672308],[112.252201792902326,-7.058256915106727],[112.252203008702537,-7.058709103481426],[112.252204224582584,-7.059161291847174],[112.252205440542497,-7.059613480203973],[112.252206656582274,-7.060065668551819],[112.252207872701888,-7.060517856890714],[112.252209088901367,-7.060970045220657],[112.252210305180711,-7.061422233541648],[112.252211521539905,-7.061874421853683],[112.252212737978965,-7.062326610156767],[112.252213954497876,-7.062778798450896],[112.252215171096623,-7.06323098673607],[112.252216387775249,-7.063683175012286],[112.252217604533726,-7.064135363279547],[112.252218821372068,-7.064587551537852],[112.252220038290275,-7.065039739787201],[112.252221255288333,-7.065491928027591],[112.252222472366256,-7.065944116259022],[112.25222368952403,-7.066396304481493],[112.252224906761668,-7.066848492695007],[112.252226124079172,-7.06730068089956],[112.252227341476541,-7.067752869095153],[112.25222855895376,-7.068205057281784],[112.252229776510845,-7.068657245459453],[112.252230994147794,-7.06910943362816],[112.252232211864609,-7.069561621787905],[112.252233429661288,-7.070013809938685],[112.252234647537819,-7.070465998080502],[112.252235865494228,-7.070918186213354],[112.252237083530488,-7.071370374337241],[112.252238301646628,-7.071822562452162],[112.252239519842632,-7.072274750558115],[112.252240738118488,-7.072726938655104],[112.252241956474222,-7.073179126743125],[112.252243174909822,-7.073631314822179],[112.252244393425286,-7.074083502892262],[112.252245612020616,-7.074535690953377],[112.25224683069581,-7.074987879005525],[112.252248049450884,-7.075440067048699],[112.252249268285823,-7.075892255082903],[112.252250487200612,-7.076344443108137],[112.252251706195295,-7.076796631124399],[112.252252925269829,-7.077248819131687],[112.252254144424256,-7.077701007130004],[112.252255363658534,-7.078153195119344],[112.252256582972677,-7.078605383099714],[112.252257802366699,-7.079057571071108],[112.252259021840601,-7.079509759033527],[112.252260241394367,-7.079961946986967],[112.252261461027999,-7.080414134931435],[112.252262680741524,-7.080866322866924],[112.252263900534899,-7.081318510793435],[112.252265120408168,-7.081770698710969],[112.252266340361288,-7.082222886619522],[112.252267560394301,-7.0826750745191],[112.25226878050718,-7.083127262409695],[112.252270000699937,-7.083579450291309],[112.25227122097256,-7.084031638163945],[112.252272441325076,-7.084483826027599],[112.252273661757442,-7.084936013882269],[112.252274882269717,-7.08538820172796],[112.252276102861842,-7.085840389564666],[112.25227732353386,-7.086292577392387],[112.252278544285758,-7.086744765211125],[112.252279765117521,-7.087196953020878],[112.252280986029163,-7.087649140821644],[112.252282207020698,-7.088101328613425],[112.252283428092099,-7.088553516396221],[112.252284649243364,-7.089005704170029],[112.252285870474537,-7.089457891934849],[112.252287091785576,-7.089910079690682],[112.252288313176507,-7.090362267437525],[112.252289534647304,-7.090814455175379],[112.252290756197993,-7.091266642904244],[112.252291977828563,-7.091718830624117],[112.252293199539011,-7.092171018335],[112.252294421329353,-7.092623206036893],[112.25229564319956,-7.093075393729791],[112.25229686514966,-7.093527581413697],[112.252298087179639,-7.093979769088611],[112.252299309289512,-7.094431956754529],[112.252300531479264,-7.094884144411456],[112.252301753748895,-7.095336332059384],[112.252302976098406,-7.09578851969832],[112.252304198527824,-7.096240707328257],[112.252305421037121,-7.096692894949201],[112.252306643626298,-7.097145082561145],[112.252307866295354,-7.097597270164091],[112.252309089044303,-7.098049457758041],[112.252310311873146,-7.098501645342989],[112.252311534781882,-7.09895383291894],[112.252312757770497,-7.09940602048589],[112.252313980838991,-7.09985820804384],[112.252315203987393,-7.100310395592789],[112.252316427215675,-7.100762583132736],[112.25231765052385,-7.10121477066368],[112.252318873911904,-7.101666958185623],[112.252320097379865,-7.102119145698562],[112.252321320927706,-7.102571333202497],[112.252322544555454,-7.103023520697427],[112.252323768263068,-7.103475708183352],[112.252324992050589,-7.103927895660271],[112.252326215918004,-7.104380083128185],[112.252327439865311,-7.104832270587091],[112.252328663892499,-7.10528445803699],[112.252329887999593,-7.105736645477882],[112.252331112186582,-7.106188832909766],[112.252332336453463,-7.106641020332639],[112.252333560800238,-7.107093207746503],[112.252334785226907,-7.107545395151358],[112.252336009733483,-7.107997582547203],[112.252337234319924,-7.108449769934035],[112.252338458986287,-7.108901957311856],[112.252339683732544,-7.109354144680665],[112.252340908558693,-7.109806332040459],[112.252342133464751,-7.110258519391242],[112.252343358450688,-7.110710706733009],[112.252344583516546,-7.111162894065762],[112.252345808662284,-7.111615081389501],[112.252347033887929,-7.112067268704222],[112.252348259193468,-7.11251945600993],[112.252349484578914,-7.112971643306619],[112.252350710044254,-7.113423830594289],[112.252351935589502,-7.113876017872943],[112.252353161214643,-7.11432820514258],[112.252354386919677,-7.114780392403196],[112.252355612704619,-7.115232579654792],[112.252356838569483,-7.115684766897368],[112.252358064514226,-7.116136954130925],[112.252359290538877,-7.116589141355457],[112.252360516643435,-7.117041328570971],[112.252361742827901,-7.117493515777459],[112.252362969092275,-7.117945702974928],[112.252364195436542,-7.11839789016337],[112.252365421860716,-7.118850077342789],[112.252366648364784,-7.119302264513183],[112.252367874948774,-7.119754451674552],[112.252369101612658,-7.120206638826897],[112.252370328356449,-7.120658825970212],[112.252371555180162,-7.121111013104501],[112.252372782083768,-7.121563200229764],[112.252374009067296,-7.122015387345999],[112.252375236130703,-7.122467574453204],[112.252376463274047,-7.122919761551381],[112.252377690497283,-7.123371948640526],[112.252378917800442,-7.123824135720643],[112.252380145183508,-7.124276322791728],[112.252381372646468,-7.124728509853782],[112.25238260018935,-7.125180696906803],[112.252383827812139,-7.125632883950792],[112.25238505551485,-7.126085070985749],[112.252386283297454,-7.12653725801167],[112.252387511159981,-7.126989445028559],[112.252388739102415,-7.127441632036413],[112.25238996712477,-7.12789381903523],[112.252391195227034,-7.128346006025012],[112.252392423409205,-7.128798193005757],[112.252393651671284,-7.129250379977464],[112.252394880013284,-7.129702566940137],[112.252396108435207,-7.13015475389377],[112.252397336937051,-7.130606940838362],[112.252398565518789,-7.131059127773916],[112.252399794180462,-7.131511314700431],[112.252401022922029,-7.131963501617903],[112.252402251743533,-7.132415688526337],[112.252403480644944,-7.13286787542573],[112.252404709626262,-7.133320062316078],[112.252405938687517,-7.133772249197384],[112.252407167828679,-7.134224436069649],[112.252408397049749,-7.134676622932866],[112.252409626350769,-7.135128809787042],[112.252410855731668,-7.135580996632171],[112.252412085192518,-7.136033183468256],[112.252413314733275,-7.136485370295296],[112.252414544353968,-7.136937557113288],[112.252415774054555,-7.137389743922231],[112.252417003835077,-7.137841930722129],[112.252418233695522,-7.13829411751298],[112.252419463635874,-7.138746304294777],[112.252420693656163,-7.139198491067527],[112.252421923756373,-7.139650677831228],[112.252423153936505,-7.140102864585877],[112.252424384196559,-7.140555051331475],[112.252425614536548,-7.141007238068022],[112.252426844956432,-7.141459424795516],[112.252428075456265,-7.141911611513958],[112.252429306036021,-7.142363798223347],[112.252430536695698,-7.142815984923679],[112.252431767435297,-7.14326817161496],[112.252432998254818,-7.143720358297187],[112.252434229154275,-7.144172544970356],[112.252435460133654,-7.144624731634467],[112.252436691192969,-7.145076918289524],[112.252437922332206,-7.145529104935523],[112.252439153551364,-7.145981291572465],[112.252440384850459,-7.146433478200346],[112.252441616229476,-7.14688566481917],[112.252442847688428,-7.147337851428934],[112.252444079227303,-7.14779003802964],[112.252445310846113,-7.14824222462128],[112.252446542544845,-7.148694411203863],[112.252447774323528,-7.149146597777384],[112.252449006182118,-7.149598784341842],[112.252450238120659,-7.150050970897238],[112.252451470139107,-7.150503157443567],[112.252452702237505,-7.150955343980834],[112.25245393441584,-7.151407530509037],[112.252455166674096,-7.151859717028175],[112.252456399012289,-7.152311903538246],[112.252457631430417,-7.152764090039253],[112.252458863928481,-7.153216276531192],[112.252460096506468,-7.153668463014063],[112.252461329164404,-7.154120649487867],[112.252462561902277,-7.1545728359526],[112.252463794720086,-7.155025022408267],[112.252465027617816,-7.155477208854862],[112.252466260595483,-7.155929395292389],[112.2524674936531,-7.156381581720843],[112.252468726790639,-7.156833768140227],[112.252469960008142,-7.157285954550537],[112.252471193305553,-7.157738140951778],[112.252472426682914,-7.158190327343942],[112.252473660140211,-7.158642513727035],[112.252474893677459,-7.159094700101054],[112.252476127294642,-7.159546886465997],[112.252477360991747,-7.159999072821866],[112.252478594768803,-7.160451259168658],[112.252479828625809,-7.160903445506374],[112.252481062562751,-7.161355631835013],[112.252482296579629,-7.161807818154575],[112.252483530676457,-7.162260004465058],[112.252484764853222,-7.162712190766462],[112.252485999109922,-7.163164377058787],[112.252487233446587,-7.163616563342033],[112.252488467863174,-7.164068749616198],[112.252489702359711,-7.164520935881283],[112.252490936936198,-7.164973122137286],[112.252492171592621,-7.165425308384209],[112.252493406328995,-7.165877494622047],[112.252494641145319,-7.166329680850801],[112.252495876041564,-7.166781867070472],[112.252497111017789,-7.167234053281059],[112.252498346073935,-7.167686239482562],[112.252499581210046,-7.168138425674978],[112.252500816426092,-7.16859061185831],[112.25250205172209,-7.169042798032555],[112.252503287098023,-7.169494984197713],[112.25250452255392,-7.169947170353781],[112.252505758089754,-7.170399356500763],[112.252506993705566,-7.170851542638656],[112.2525082294013,-7.171303728767459],[112.252509465176985,-7.171755914887173],[112.25251070103262,-7.172208100997795],[112.252511936968205,-7.172660287099327],[112.252513172983754,-7.173112473191768],[112.252514409079254,-7.173564659275116],[112.252515645254704,-7.174016845349371],[112.25251688151009,-7.174469031414534],[112.252518117845455,-7.174921217470603],[112.252519354260755,-7.175373403517578],[112.252520590756006,-7.175825589555457],[112.252521827331208,-7.176277775584239]]]}}
]
}
