{
"type": "FeatureCollection",
"name": "Lainnya",
"crs": { "type": "name", "properties": { "name": "urn:ogc:def:crs:OGC:1.3:CRS84" } },
"features": [
{ "type": "Feature", "properties": { "field_1": 1021007, "field_2": "Lainnya", "field_3": "Bahaya Listrik", "field_4": 630300.5, "field_5": 9225894.0 }, "geometry": { "type": "Point", "coordinates": [ 112.17963586822242, -7.001751361307466 ] } },
{ "type": "Feature", "properties": { "field_1": 1021008, "field_2": "Lainya", "field_3": "Open Area", "field_4": 630300.5, "field_5": 9225881.5 }, "geometry": { "type": "Point", "coordinates": [ 112.179636152238743, -7.001864411732733 ] } },
{ "type": "Feature", "properties": { "field_1": 1021008, "field_2": "Lainnya", "field_3": "Bahaya Listrik", "field_4": 630300.5, "field_5": 9225881.5 }, "geometry": { "type": "Point", "coordinates": [ 112.179636152238743, -7.001864411732733 ] } },
{ "type": "Feature", "properties": { "field_1": 1021009, "field_2": "Lainya", "field_3": "Open Area", "field_4": 630300.5, "field_5": 9225869.0 }, "geometry": { "type": "Point", "coordinates": [ 112.17963643625977, -7.001977462157446 ] } },
{ "type": "Feature", "properties": { "field_1": 1021009, "field_2": "Lainnya", "field_3": "Bahaya Listrik", "field_4": 630300.5, "field_5": 9225869.0 }, "geometry": { "type": "Point", "coordinates": [ 112.17963643625977, -7.001977462157446 ] } },
{ "type": "Feature", "properties": { "field_1": 1021010, "field_2": "Lainya", "field_3": "Open Area", "field_4": 630300.5, "field_5": 9225856.5 }, "geometry": { "type": "Point", "coordinates": [ 112.179636720285487, -7.002090512581606 ] } },
{ "type": "Feature", "properties": { "field_1": 1021010, "field_2": "Lainnya", "field_3": "Bahaya Listrik", "field_4": 630300.5, "field_5": 9225856.5 }, "geometry": { "type": "Point", "coordinates": [ 112.179636720285487, -7.002090512581606 ] } },
{ "type": "Feature", "properties": { "field_1": 1021011, "field_2": "Lainya", "field_3": "Open Area", "field_4": 630300.5, "field_5": 9225844.0 }, "geometry": { "type": "Point", "coordinates": [ 112.179637004315921, -7.002203563005213 ] } },
{ "type": "Feature", "properties": { "field_1": 1021011, "field_2": "Lainnya", "field_3": "Bahaya Listrik", "field_4": 630300.5, "field_5": 9225844.0 }, "geometry": { "type": "Point", "coordinates": [ 112.179637004315921, -7.002203563005213 ] } },
{ "type": "Feature", "properties": { "field_1": 1021012, "field_2": "Lainya", "field_3": "Open Area", "field_4": 630300.5, "field_5": 9225831.5 }, "geometry": { "type": "Point", "coordinates": [ 112.179637288351046, -7.002316613428264 ] } },
{ "type": "Feature", "properties": { "field_1": 1021012, "field_2": "Lainnya", "field_3": "Bahaya Listrik", "field_4": 630300.5, "field_5": 9225831.5 }, "geometry": { "type": "Point", "coordinates": [ 112.179637288351046, -7.002316613428264 ] } },
{ "type": "Feature", "properties": { "field_1": 1021013, "field_2": "Lainya", "field_3": "Open Area", "field_4": 630300.5, "field_5": 9225819.0 }, "geometry": { "type": "Point", "coordinates": [ 112.17963757239086, -7.002429663850763 ] } },
{ "type": "Feature", "properties": { "field_1": 1021013, "field_2": "Lainnya", "field_3": "Bahaya Listrik", "field_4": 630300.5, "field_5": 9225819.0 }, "geometry": { "type": "Point", "coordinates": [ 112.17963757239086, -7.002429663850763 ] } },
{ "type": "Feature", "properties": { "field_1": 1021014, "field_2": "Lainya", "field_3": "Open Area", "field_4": 630300.5, "field_5": 9225806.5 }, "geometry": { "type": "Point", "coordinates": [ 112.179637856435392, -7.002542714272709 ] } },
{ "type": "Feature", "properties": { "field_1": 1021014, "field_2": "Lainnya", "field_3": "Bahaya Listrik", "field_4": 630300.5, "field_5": 9225806.5 }, "geometry": { "type": "Point", "coordinates": [ 112.179637856435392, -7.002542714272709 ] } },
{ "type": "Feature", "properties": { "field_1": 1021015, "field_2": "Lainya", "field_3": "Open Area", "field_4": 630300.5, "field_5": 9225794.0 }, "geometry": { "type": "Point", "coordinates": [ 112.179638140484599, -7.002655764694101 ] } },
{ "type": "Feature", "properties": { "field_1": 1021015, "field_2": "Lainnya", "field_3": "Bahaya Listrik", "field_4": 630300.5, "field_5": 9225794.0 }, "geometry": { "type": "Point", "coordinates": [ 112.179638140484599, -7.002655764694101 ] } },
{ "type": "Feature", "properties": { "field_1": 1021016, "field_2": "Lainya", "field_3": "Open Area", "field_4": 630300.5, "field_5": 9225781.5 }, "geometry": { "type": "Point", "coordinates": [ 112.179638424538524, -7.00276881511494 ] } },
{ "type": "Feature", "properties": { "field_1": 1021016, "field_2": "Lainnya", "field_3": "Bahaya Listrik", "field_4": 630300.5, "field_5": 9225781.5 }, "geometry": { "type": "Point", "coordinates": [ 112.179638424538524, -7.00276881511494 ] } },
{ "type": "Feature", "properties": { "field_1": 1021017, "field_2": "Lainya", "field_3": "Open Area", "field_4": 630300.5, "field_5": 9225769.0 }, "geometry": { "type": "Point", "coordinates": [ 112.179638708597153, -7.002881865535225 ] } },
{ "type": "Feature", "properties": { "field_1": 1021017, "field_2": "Lainnya", "field_3": "Bahaya Listrik", "field_4": 630300.5, "field_5": 9225769.0 }, "geometry": { "type": "Point", "coordinates": [ 112.179638708597153, -7.002881865535225 ] } },
{ "type": "Feature", "properties": { "field_1": 1021018, "field_2": "Lainya", "field_3": "Open Area", "field_4": 630300.5, "field_5": 9225756.5 }, "geometry": { "type": "Point", "coordinates": [ 112.179638992660472, -7.002994915954956 ] } },
{ "type": "Feature", "properties": { "field_1": 1021018, "field_2": "Lainnya", "field_3": "Bahaya Listrik", "field_4": 630300.5, "field_5": 9225756.5 }, "geometry": { "type": "Point", "coordinates": [ 112.179638992660472, -7.002994915954956 ] } },
{ "type": "Feature", "properties": { "field_1": 1021019, "field_2": "Lainya", "field_3": "Open Area", "field_4": 630300.5, "field_5": 9225744.0 }, "geometry": { "type": "Point", "coordinates": [ 112.179639276728494, -7.003107966374134 ] } },
{ "type": "Feature", "properties": { "field_1": 1021019, "field_2": "Lainnya", "field_3": "Bahaya Listrik", "field_4": 630300.5, "field_5": 9225744.0 }, "geometry": { "type": "Point", "coordinates": [ 112.179639276728494, -7.003107966374134 ] } },
{ "type": "Feature", "properties": { "field_1": 1021020, "field_2": "Lainya", "field_3": "Open Area", "field_4": 630300.5, "field_5": 9225731.5 }, "geometry": { "type": "Point", "coordinates": [ 112.179639560801206, -7.003221016792756 ] } },
{ "type": "Feature", "properties": { "field_1": 1021020, "field_2": "Lainnya", "field_3": "Bahaya Listrik", "field_4": 630300.5, "field_5": 9225731.5 }, "geometry": { "type": "Point", "coordinates": [ 112.179639560801206, -7.003221016792756 ] } },
{ "type": "Feature", "properties": { "field_1": 1021021, "field_2": "Lainya", "field_3": "Open Area", "field_4": 630300.5, "field_5": 9225719.0 }, "geometry": { "type": "Point", "coordinates": [ 112.179639844878636, -7.003334067210829 ] } },
{ "type": "Feature", "properties": { "field_1": 1021021, "field_2": "Lainnya", "field_3": "Bahaya Listrik", "field_4": 630300.5, "field_5": 9225719.0 }, "geometry": { "type": "Point", "coordinates": [ 112.179639844878636, -7.003334067210829 ] } },
{ "type": "Feature", "properties": { "field_1": 1021022, "field_2": "Lainya", "field_3": "Open Area", "field_4": 630300.5, "field_5": 9225706.5 }, "geometry": { "type": "Point", "coordinates": [ 112.179640128960756, -7.003447117628344 ] } },
{ "type": "Feature", "properties": { "field_1": 1021022, "field_2": "Lainnya", "field_3": "Bahaya Listrik", "field_4": 630300.5, "field_5": 9225706.5 }, "geometry": { "type": "Point", "coordinates": [ 112.179640128960756, -7.003447117628344 ] } },
{ "type": "Feature", "properties": { "field_1": 1021023, "field_2": "Lainya", "field_3": "Open Area", "field_4": 630300.5, "field_5": 9225694.0 }, "geometry": { "type": "Point", "coordinates": [ 112.179640413047565, -7.003560168045307 ] } },
{ "type": "Feature", "properties": { "field_1": 1021023, "field_2": "Lainnya", "field_3": "Bahaya Listrik", "field_4": 630300.5, "field_5": 9225694.0 }, "geometry": { "type": "Point", "coordinates": [ 112.179640413047565, -7.003560168045307 ] } },
{ "type": "Feature", "properties": { "field_1": 1021024, "field_2": "Lainya", "field_3": "Open Area", "field_4": 630300.5, "field_5": 9225681.5 }, "geometry": { "type": "Point", "coordinates": [ 112.179640697139078, -7.003673218461716 ] } },
{ "type": "Feature", "properties": { "field_1": 1021024, "field_2": "Lainnya", "field_3": "Bahaya Listrik", "field_4": 630300.5, "field_5": 9225681.5 }, "geometry": { "type": "Point", "coordinates": [ 112.179640697139078, -7.003673218461716 ] } },
{ "type": "Feature", "properties": { "field_1": 1021025, "field_2": "Lainya", "field_3": "Open Area", "field_4": 630300.5, "field_5": 9225669.0 }, "geometry": { "type": "Point", "coordinates": [ 112.179640981235295, -7.003786268877572 ] } },
{ "type": "Feature", "properties": { "field_1": 1021025, "field_2": "Lainnya", "field_3": "Bahaya Listrik", "field_4": 630300.5, "field_5": 9225669.0 }, "geometry": { "type": "Point", "coordinates": [ 112.179640981235295, -7.003786268877572 ] } },
{ "type": "Feature", "properties": { "field_1": 1021026, "field_2": "Lainya", "field_3": "Open Area", "field_4": 630300.5, "field_5": 9225656.5 }, "geometry": { "type": "Point", "coordinates": [ 112.179641265336215, -7.003899319292873 ] } },
{ "type": "Feature", "properties": { "field_1": 1021026, "field_2": "Lainnya", "field_3": "Bahaya Listrik", "field_4": 630300.5, "field_5": 9225656.5 }, "geometry": { "type": "Point", "coordinates": [ 112.179641265336215, -7.003899319292873 ] } },
{ "type": "Feature", "properties": { "field_1": 1021027, "field_2": "Lainya", "field_3": "Open Area", "field_4": 630300.5, "field_5": 9225644.0 }, "geometry": { "type": "Point", "coordinates": [ 112.17964154944184, -7.00401236970762 ] } },
{ "type": "Feature", "properties": { "field_1": 1021027, "field_2": "Lainnya", "field_3": "Bahaya Listrik", "field_4": 630300.5, "field_5": 9225644.0 }, "geometry": { "type": "Point", "coordinates": [ 112.17964154944184, -7.00401236970762 ] } },
{ "type": "Feature", "properties": { "field_1": 1021028, "field_2": "Lainya", "field_3": "Open Area", "field_4": 630300.5, "field_5": 9225631.5 }, "geometry": { "type": "Point", "coordinates": [ 112.179641833552168, -7.004125420121816 ] } },
{ "type": "Feature", "properties": { "field_1": 1021028, "field_2": "Lainnya", "field_3": "Bahaya Listrik", "field_4": 630300.5, "field_5": 9225631.5 }, "geometry": { "type": "Point", "coordinates": [ 112.179641833552168, -7.004125420121816 ] } },
{ "type": "Feature", "properties": { "field_1": 1021029, "field_2": "Lainya", "field_3": "Open Area", "field_4": 630300.5, "field_5": 9225619.0 }, "geometry": { "type": "Point", "coordinates": [ 112.179642117667171, -7.004238470535457 ] } },
{ "type": "Feature", "properties": { "field_1": 1021029, "field_2": "Lainnya", "field_3": "Bahaya Listrik", "field_4": 630300.5, "field_5": 9225619.0 }, "geometry": { "type": "Point", "coordinates": [ 112.179642117667171, -7.004238470535457 ] } },
{ "type": "Feature", "properties": { "field_1": 1021030, "field_2": "Lainya", "field_3": "Open Area", "field_4": 630300.5, "field_5": 9225606.5 }, "geometry": { "type": "Point", "coordinates": [ 112.179642401786893, -7.004351520948545 ] } },
{ "type": "Feature", "properties": { "field_1": 1021030, "field_2": "Lainnya", "field_3": "Bahaya Listrik", "field_4": 630300.5, "field_5": 9225606.5 }, "geometry": { "type": "Point", "coordinates": [ 112.179642401786893, -7.004351520948545 ] } },
{ "type": "Feature", "properties": { "field_1": 1021031, "field_2": "Lainya", "field_3": "Open Area", "field_4": 630300.5, "field_5": 9225594.0 }, "geometry": { "type": "Point", "coordinates": [ 112.179642685911304, -7.004464571361078 ] } },
{ "type": "Feature", "properties": { "field_1": 1021031, "field_2": "Lainnya", "field_3": "Bahaya Listrik", "field_4": 630300.5, "field_5": 9225594.0 }, "geometry": { "type": "Point", "coordinates": [ 112.179642685911304, -7.004464571361078 ] } },
{ "type": "Feature", "properties": { "field_1": 1021032, "field_2": "Lainya", "field_3": "Open Area", "field_4": 630300.5, "field_5": 9225581.5 }, "geometry": { "type": "Point", "coordinates": [ 112.179642970040433, -7.004577621773057 ] } },
{ "type": "Feature", "properties": { "field_1": 1021032, "field_2": "Lainnya", "field_3": "Bahaya Listrik", "field_4": 630300.5, "field_5": 9225581.5 }, "geometry": { "type": "Point", "coordinates": [ 112.179642970040433, -7.004577621773057 ] } },
{ "type": "Feature", "properties": { "field_1": 1021033, "field_2": "Lainya", "field_3": "Open Area", "field_4": 630300.5, "field_5": 9225569.0 }, "geometry": { "type": "Point", "coordinates": [ 112.179643254174238, -7.004690672184482 ] } },
{ "type": "Feature", "properties": { "field_1": 1021033, "field_2": "Lainnya", "field_3": "Bahaya Listrik", "field_4": 630300.5, "field_5": 9225569.0 }, "geometry": { "type": "Point", "coordinates": [ 112.179643254174238, -7.004690672184482 ] } },
{ "type": "Feature", "properties": { "field_1": 1021034, "field_2": "Lainya", "field_3": "Open Area", "field_4": 630300.5, "field_5": 9225556.5 }, "geometry": { "type": "Point", "coordinates": [ 112.17964353831276, -7.004803722595354 ] } },
{ "type": "Feature", "properties": { "field_1": 1021034, "field_2": "Lainnya", "field_3": "Bahaya Listrik", "field_4": 630300.5, "field_5": 9225556.5 }, "geometry": { "type": "Point", "coordinates": [ 112.17964353831276, -7.004803722595354 ] } },
{ "type": "Feature", "properties": { "field_1": 1021035, "field_2": "Lainya", "field_3": "Open Area", "field_4": 630300.5, "field_5": 9225544.0 }, "geometry": { "type": "Point", "coordinates": [ 112.179643822455972, -7.004916773005674 ] } },
{ "type": "Feature", "properties": { "field_1": 1021035, "field_2": "Lainnya", "field_3": "Bahaya Listrik", "field_4": 630300.5, "field_5": 9225544.0 }, "geometry": { "type": "Point", "coordinates": [ 112.179643822455972, -7.004916773005674 ] } },
{ "type": "Feature", "properties": { "field_1": 1021036, "field_2": "Lainya", "field_3": "Open Area", "field_4": 630300.5, "field_5": 9225531.5 }, "geometry": { "type": "Point", "coordinates": [ 112.179644106603888, -7.005029823415438 ] } },
{ "type": "Feature", "properties": { "field_1": 1021036, "field_2": "Lainnya", "field_3": "Bahaya Listrik", "field_4": 630300.5, "field_5": 9225531.5 }, "geometry": { "type": "Point", "coordinates": [ 112.179644106603888, -7.005029823415438 ] } },
{ "type": "Feature", "properties": { "field_1": 1021037, "field_2": "Lainya", "field_3": "Open Area", "field_4": 630300.5, "field_5": 9225519.0 }, "geometry": { "type": "Point", "coordinates": [ 112.179644390756494, -7.005142873824649 ] } },
{ "type": "Feature", "properties": { "field_1": 1021037, "field_2": "Lainnya", "field_3": "Bahaya Listrik", "field_4": 630300.5, "field_5": 9225519.0 }, "geometry": { "type": "Point", "coordinates": [ 112.179644390756494, -7.005142873824649 ] } },
{ "type": "Feature", "properties": { "field_1": 1021038, "field_2": "Lainya", "field_3": "Open Area", "field_4": 630300.5, "field_5": 9225506.5 }, "geometry": { "type": "Point", "coordinates": [ 112.179644674913817, -7.005255924233307 ] } },
{ "type": "Feature", "properties": { "field_1": 1021038, "field_2": "Lainnya", "field_3": "Bahaya Listrik", "field_4": 630300.5, "field_5": 9225506.5 }, "geometry": { "type": "Point", "coordinates": [ 112.179644674913817, -7.005255924233307 ] } },
{ "type": "Feature", "properties": { "field_1": 1021039, "field_2": "Lainya", "field_3": "Open Area", "field_4": 630300.5, "field_5": 9225494.0 }, "geometry": { "type": "Point", "coordinates": [ 112.17964495907583, -7.005368974641409 ] } },
{ "type": "Feature", "properties": { "field_1": 1021039, "field_2": "Lainnya", "field_3": "Bahaya Listrik", "field_4": 630300.5, "field_5": 9225494.0 }, "geometry": { "type": "Point", "coordinates": [ 112.17964495907583, -7.005368974641409 ] } },
{ "type": "Feature", "properties": { "field_1": 1021040, "field_2": "Lainya", "field_3": "Open Area", "field_4": 630300.5, "field_5": 9225481.5 }, "geometry": { "type": "Point", "coordinates": [ 112.179645243242547, -7.005482025048959 ] } },
{ "type": "Feature", "properties": { "field_1": 1021040, "field_2": "Lainnya", "field_3": "Bahaya Listrik", "field_4": 630300.5, "field_5": 9225481.5 }, "geometry": { "type": "Point", "coordinates": [ 112.179645243242547, -7.005482025048959 ] } },
{ "type": "Feature", "properties": { "field_1": 1021041, "field_2": "Lainya", "field_3": "Open Area", "field_4": 630300.5, "field_5": 9225469.0 }, "geometry": { "type": "Point", "coordinates": [ 112.179645527413953, -7.005595075455956 ] } },
{ "type": "Feature", "properties": { "field_1": 1021041, "field_2": "Lainnya", "field_3": "Bahaya Listrik", "field_4": 630300.5, "field_5": 9225469.0 }, "geometry": { "type": "Point", "coordinates": [ 112.179645527413953, -7.005595075455956 ] } },
{ "type": "Feature", "properties": { "field_1": 1021042, "field_2": "Lainya", "field_3": "Open Area", "field_4": 630300.5, "field_5": 9225456.5 }, "geometry": { "type": "Point", "coordinates": [ 112.179645811590063, -7.005708125862397 ] } },
{ "type": "Feature", "properties": { "field_1": 1021042, "field_2": "Lainnya", "field_3": "Bahaya Listrik", "field_4": 630300.5, "field_5": 9225456.5 }, "geometry": { "type": "Point", "coordinates": [ 112.179645811590063, -7.005708125862397 ] } },
{ "type": "Feature", "properties": { "field_1": 1021043, "field_2": "Lainya", "field_3": "Open Area", "field_4": 630300.5, "field_5": 9225444.0 }, "geometry": { "type": "Point", "coordinates": [ 112.179646095770877, -7.005821176268284 ] } },
{ "type": "Feature", "properties": { "field_1": 1021043, "field_2": "Lainnya", "field_3": "Bahaya Listrik", "field_4": 630300.5, "field_5": 9225444.0 }, "geometry": { "type": "Point", "coordinates": [ 112.179646095770877, -7.005821176268284 ] } },
{ "type": "Feature", "properties": { "field_1": 1021044, "field_2": "Lainya", "field_3": "Open Area", "field_4": 630300.5, "field_5": 9225431.5 }, "geometry": { "type": "Point", "coordinates": [ 112.179646379956395, -7.005934226673618 ] } },
{ "type": "Feature", "properties": { "field_1": 1021044, "field_2": "Lainnya", "field_3": "Bahaya Listrik", "field_4": 630300.5, "field_5": 9225431.5 }, "geometry": { "type": "Point", "coordinates": [ 112.179646379956395, -7.005934226673618 ] } },
{ "type": "Feature", "properties": { "field_1": 1021045, "field_2": "Lainya", "field_3": "Open Area", "field_4": 630300.5, "field_5": 9225419.0 }, "geometry": { "type": "Point", "coordinates": [ 112.179646664146603, -7.006047277078399 ] } },
{ "type": "Feature", "properties": { "field_1": 1021045, "field_2": "Lainnya", "field_3": "Bahaya Listrik", "field_4": 630300.5, "field_5": 9225419.0 }, "geometry": { "type": "Point", "coordinates": [ 112.179646664146603, -7.006047277078399 ] } },
{ "type": "Feature", "properties": { "field_1": 1021046, "field_2": "Lainya", "field_3": "Open Area", "field_4": 630300.5, "field_5": 9225406.5 }, "geometry": { "type": "Point", "coordinates": [ 112.179646948341514, -7.006160327482625 ] } },
{ "type": "Feature", "properties": { "field_1": 1021046, "field_2": "Lainnya", "field_3": "Bahaya Listrik", "field_4": 630300.5, "field_5": 9225406.5 }, "geometry": { "type": "Point", "coordinates": [ 112.179646948341514, -7.006160327482625 ] } },
{ "type": "Feature", "properties": { "field_1": 1021047, "field_2": "Lainya", "field_3": "Open Area", "field_4": 630300.5, "field_5": 9225394.0 }, "geometry": { "type": "Point", "coordinates": [ 112.179647232541143, -7.006273377886298 ] } },
{ "type": "Feature", "properties": { "field_1": 1021047, "field_2": "Lainnya", "field_3": "Bahaya Listrik", "field_4": 630300.5, "field_5": 9225394.0 }, "geometry": { "type": "Point", "coordinates": [ 112.179647232541143, -7.006273377886298 ] } },
{ "type": "Feature", "properties": { "field_1": 1021048, "field_2": "Lainya", "field_3": "Open Area", "field_4": 630300.5, "field_5": 9225381.5 }, "geometry": { "type": "Point", "coordinates": [ 112.179647516745447, -7.006386428289417 ] } },
{ "type": "Feature", "properties": { "field_1": 1021048, "field_2": "Lainnya", "field_3": "Bahaya Listrik", "field_4": 630300.5, "field_5": 9225381.5 }, "geometry": { "type": "Point", "coordinates": [ 112.179647516745447, -7.006386428289417 ] } },
{ "type": "Feature", "properties": { "field_1": 1021049, "field_2": "Lainya", "field_3": "Open Area", "field_4": 630300.5, "field_5": 9225369.0 }, "geometry": { "type": "Point", "coordinates": [ 112.17964780095447, -7.006499478691982 ] } },
{ "type": "Feature", "properties": { "field_1": 1021049, "field_2": "Lainnya", "field_3": "Bahaya Listrik", "field_4": 630300.5, "field_5": 9225369.0 }, "geometry": { "type": "Point", "coordinates": [ 112.17964780095447, -7.006499478691982 ] } },
{ "type": "Feature", "properties": { "field_1": 1021050, "field_2": "Lainya", "field_3": "Open Area", "field_4": 630300.5, "field_5": 9225356.5 }, "geometry": { "type": "Point", "coordinates": [ 112.179648085168168, -7.006612529093993 ] } },
{ "type": "Feature", "properties": { "field_1": 1021050, "field_2": "Lainnya", "field_3": "Bahaya Listrik", "field_4": 630300.5, "field_5": 9225356.5 }, "geometry": { "type": "Point", "coordinates": [ 112.179648085168168, -7.006612529093993 ] } },
{ "type": "Feature", "properties": { "field_1": 1021051, "field_2": "Lainya", "field_3": "Open Area", "field_4": 630300.5, "field_5": 9225344.0 }, "geometry": { "type": "Point", "coordinates": [ 112.179648369386584, -7.00672557949545 ] } },
{ "type": "Feature", "properties": { "field_1": 1021051, "field_2": "Lainnya", "field_3": "Bahaya Listrik", "field_4": 630300.5, "field_5": 9225344.0 }, "geometry": { "type": "Point", "coordinates": [ 112.179648369386584, -7.00672557949545 ] } },
{ "type": "Feature", "properties": { "field_1": 1021052, "field_2": "Lainya", "field_3": "Open Area", "field_4": 630300.5, "field_5": 9225331.5 }, "geometry": { "type": "Point", "coordinates": [ 112.179648653609704, -7.006838629896353 ] } },
{ "type": "Feature", "properties": { "field_1": 1021052, "field_2": "Lainnya", "field_3": "Bahaya Listrik", "field_4": 630300.5, "field_5": 9225331.5 }, "geometry": { "type": "Point", "coordinates": [ 112.179648653609704, -7.006838629896353 ] } },
{ "type": "Feature", "properties": { "field_1": 1021053, "field_2": "Lainya", "field_3": "Open Area", "field_4": 630300.5, "field_5": 9225319.0 }, "geometry": { "type": "Point", "coordinates": [ 112.179648937837499, -7.006951680296703 ] } },
{ "type": "Feature", "properties": { "field_1": 1021053, "field_2": "Lainnya", "field_3": "Bahaya Listrik", "field_4": 630300.5, "field_5": 9225319.0 }, "geometry": { "type": "Point", "coordinates": [ 112.179648937837499, -7.006951680296703 ] } },
{ "type": "Feature", "properties": { "field_1": 1021054, "field_2": "Lainya", "field_3": "Open Area", "field_4": 630300.5, "field_5": 9225306.5 }, "geometry": { "type": "Point", "coordinates": [ 112.179649222070026, -7.007064730696498 ] } },
{ "type": "Feature", "properties": { "field_1": 1021054, "field_2": "Lainnya", "field_3": "Bahaya Listrik", "field_4": 630300.5, "field_5": 9225306.5 }, "geometry": { "type": "Point", "coordinates": [ 112.179649222070026, -7.007064730696498 ] } },
{ "type": "Feature", "properties": { "field_1": 1021055, "field_2": "Lainya", "field_3": "Open Area", "field_4": 630300.5, "field_5": 9225294.0 }, "geometry": { "type": "Point", "coordinates": [ 112.179649506307229, -7.007177781095739 ] } },
{ "type": "Feature", "properties": { "field_1": 1021055, "field_2": "Lainnya", "field_3": "Bahaya Listrik", "field_4": 630300.5, "field_5": 9225294.0 }, "geometry": { "type": "Point", "coordinates": [ 112.179649506307229, -7.007177781095739 ] } },
{ "type": "Feature", "properties": { "field_1": 1021056, "field_2": "Lainya", "field_3": "Open Area", "field_4": 630300.5, "field_5": 9225281.5 }, "geometry": { "type": "Point", "coordinates": [ 112.179649790549135, -7.007290831494426 ] } },
{ "type": "Feature", "properties": { "field_1": 1021056, "field_2": "Lainnya", "field_3": "Bahaya Listrik", "field_4": 630300.5, "field_5": 9225281.5 }, "geometry": { "type": "Point", "coordinates": [ 112.179649790549135, -7.007290831494426 ] } },
{ "type": "Feature", "properties": { "field_1": 1021057, "field_2": "Lainya", "field_3": "Open Area", "field_4": 630300.5, "field_5": 9225269.0 }, "geometry": { "type": "Point", "coordinates": [ 112.179650074795759, -7.007403881892559 ] } },
{ "type": "Feature", "properties": { "field_1": 1021057, "field_2": "Lainnya", "field_3": "Bahaya Listrik", "field_4": 630300.5, "field_5": 9225269.0 }, "geometry": { "type": "Point", "coordinates": [ 112.179650074795759, -7.007403881892559 ] } },
{ "type": "Feature", "properties": { "field_1": 1021058, "field_2": "Lainya", "field_3": "Open Area", "field_4": 630300.5, "field_5": 9225256.5 }, "geometry": { "type": "Point", "coordinates": [ 112.179650359047059, -7.00751693229014 ] } },
{ "type": "Feature", "properties": { "field_1": 1021058, "field_2": "Lainnya", "field_3": "Bahaya Listrik", "field_4": 630300.5, "field_5": 9225256.5 }, "geometry": { "type": "Point", "coordinates": [ 112.179650359047059, -7.00751693229014 ] } },
{ "type": "Feature", "properties": { "field_1": 1021059, "field_2": "Lainya", "field_3": "Open Area", "field_4": 630300.5, "field_5": 9225244.0 }, "geometry": { "type": "Point", "coordinates": [ 112.179650643303077, -7.007629982687165 ] } },
{ "type": "Feature", "properties": { "field_1": 1021059, "field_2": "Lainnya", "field_3": "Bahaya Listrik", "field_4": 630300.5, "field_5": 9225244.0 }, "geometry": { "type": "Point", "coordinates": [ 112.179650643303077, -7.007629982687165 ] } },
{ "type": "Feature", "properties": { "field_1": 1021060, "field_2": "Lainya", "field_3": "Open Area", "field_4": 630300.5, "field_5": 9225231.5 }, "geometry": { "type": "Point", "coordinates": [ 112.179650927563785, -7.007743033083636 ] } },
{ "type": "Feature", "properties": { "field_1": 1021060, "field_2": "Lainnya", "field_3": "Bahaya Listrik", "field_4": 630300.5, "field_5": 9225231.5 }, "geometry": { "type": "Point", "coordinates": [ 112.179650927563785, -7.007743033083636 ] } },
{ "type": "Feature", "properties": { "field_1": 1021061, "field_2": "Lainya", "field_3": "Open Area", "field_4": 630300.5, "field_5": 9225219.0 }, "geometry": { "type": "Point", "coordinates": [ 112.179651211829196, -7.007856083479553 ] } },
{ "type": "Feature", "properties": { "field_1": 1021061, "field_2": "Lainnya", "field_3": "Bahaya Listrik", "field_4": 630300.5, "field_5": 9225219.0 }, "geometry": { "type": "Point", "coordinates": [ 112.179651211829196, -7.007856083479553 ] } },
{ "type": "Feature", "properties": { "field_1": 1021062, "field_2": "Lainya", "field_3": "Open Area", "field_4": 630300.5, "field_5": 9225206.5 }, "geometry": { "type": "Point", "coordinates": [ 112.179651496099311, -7.007969133874916 ] } },
{ "type": "Feature", "properties": { "field_1": 1021062, "field_2": "Lainnya", "field_3": "Bahaya Listrik", "field_4": 630300.5, "field_5": 9225206.5 }, "geometry": { "type": "Point", "coordinates": [ 112.179651496099311, -7.007969133874916 ] } },
{ "type": "Feature", "properties": { "field_1": 1021063, "field_2": "Lainya", "field_3": "Open Area", "field_4": 630300.5, "field_5": 9225194.0 }, "geometry": { "type": "Point", "coordinates": [ 112.179651780374115, -7.008082184269726 ] } },
{ "type": "Feature", "properties": { "field_1": 1021063, "field_2": "Lainnya", "field_3": "Bahaya Listrik", "field_4": 630300.5, "field_5": 9225194.0 }, "geometry": { "type": "Point", "coordinates": [ 112.179651780374115, -7.008082184269726 ] } },
{ "type": "Feature", "properties": { "field_1": 1021064, "field_2": "Lainya", "field_3": "Open Area", "field_4": 630300.5, "field_5": 9225181.5 }, "geometry": { "type": "Point", "coordinates": [ 112.179652064653624, -7.008195234663981 ] } },
{ "type": "Feature", "properties": { "field_1": 1021064, "field_2": "Lainnya", "field_3": "Bahaya Listrik", "field_4": 630300.5, "field_5": 9225181.5 }, "geometry": { "type": "Point", "coordinates": [ 112.179652064653624, -7.008195234663981 ] } },
{ "type": "Feature", "properties": { "field_1": 1021065, "field_2": "Lainya", "field_3": "Open Area", "field_4": 630300.5, "field_5": 9225169.0 }, "geometry": { "type": "Point", "coordinates": [ 112.179652348937836, -7.008308285057684 ] } },
{ "type": "Feature", "properties": { "field_1": 1021065, "field_2": "Lainnya", "field_3": "Bahaya Listrik", "field_4": 630300.5, "field_5": 9225169.0 }, "geometry": { "type": "Point", "coordinates": [ 112.179652348937836, -7.008308285057684 ] } },
{ "type": "Feature", "properties": { "field_1": 1021066, "field_2": "Lainya", "field_3": "Open Area", "field_4": 630300.5, "field_5": 9225156.5 }, "geometry": { "type": "Point", "coordinates": [ 112.179652633226752, -7.008421335450831 ] } },
{ "type": "Feature", "properties": { "field_1": 1021066, "field_2": "Lainnya", "field_3": "Bahaya Listrik", "field_4": 630300.5, "field_5": 9225156.5 }, "geometry": { "type": "Point", "coordinates": [ 112.179652633226752, -7.008421335450831 ] } },
{ "type": "Feature", "properties": { "field_1": 1021067, "field_2": "Lainya", "field_3": "Open Area", "field_4": 630300.5, "field_5": 9225144.0 }, "geometry": { "type": "Point", "coordinates": [ 112.179652917520357, -7.008534385843425 ] } },
{ "type": "Feature", "properties": { "field_1": 1021067, "field_2": "Lainnya", "field_3": "Bahaya Listrik", "field_4": 630300.5, "field_5": 9225144.0 }, "geometry": { "type": "Point", "coordinates": [ 112.179652917520357, -7.008534385843425 ] } },
{ "type": "Feature", "properties": { "field_1": 1021068, "field_2": "Lainnya", "field_3": "Bahaya Listrik", "field_4": 630300.5, "field_5": 9225131.5 }, "geometry": { "type": "Point", "coordinates": [ 112.179653201818653, -7.008647436235464 ] } },
{ "type": "Feature", "properties": { "field_1": 1021069, "field_2": "Lainya", "field_3": "Open Area", "field_4": 630300.5, "field_5": 9225119.0 }, "geometry": { "type": "Point", "coordinates": [ 112.17965348612168, -7.008760486626948 ] } },
{ "type": "Feature", "properties": { "field_1": 1021069, "field_2": "Lainnya", "field_3": "Bahaya Listrik", "field_4": 630300.5, "field_5": 9225119.0 }, "geometry": { "type": "Point", "coordinates": [ 112.17965348612168, -7.008760486626948 ] } },
{ "type": "Feature", "properties": { "field_1": 1021070, "field_2": "Lainnya", "field_3": "Bahaya Listrik", "field_4": 630300.5, "field_5": 9225106.5 }, "geometry": { "type": "Point", "coordinates": [ 112.179653770429383, -7.008873537017881 ] } },
{ "type": "Feature", "properties": { "field_1": 1021071, "field_2": "Lainya", "field_3": "Open Area", "field_4": 630300.5, "field_5": 9225094.0 }, "geometry": { "type": "Point", "coordinates": [ 112.179654054741803, -7.008986587408259 ] } },
{ "type": "Feature", "properties": { "field_1": 1021071, "field_2": "Lainnya", "field_3": "Bahaya Listrik", "field_4": 630300.5, "field_5": 9225094.0 }, "geometry": { "type": "Point", "coordinates": [ 112.179654054741803, -7.008986587408259 ] } },
{ "type": "Feature", "properties": { "field_1": 1021072, "field_2": "Lainya", "field_3": "Open Area", "field_4": 630300.5, "field_5": 9225081.5 }, "geometry": { "type": "Point", "coordinates": [ 112.179654339058899, -7.009099637798081 ] } },
{ "type": "Feature", "properties": { "field_1": 1021072, "field_2": "Lainnya", "field_3": "Bahaya Listrik", "field_4": 630300.5, "field_5": 9225081.5 }, "geometry": { "type": "Point", "coordinates": [ 112.179654339058899, -7.009099637798081 ] } },
{ "type": "Feature", "properties": { "field_1": 1021073, "field_2": "Lainya", "field_3": "Open Area", "field_4": 630300.5, "field_5": 9225069.0 }, "geometry": { "type": "Point", "coordinates": [ 112.179654623380713, -7.00921268818735 ] } },
{ "type": "Feature", "properties": { "field_1": 1021073, "field_2": "Lainnya", "field_3": "Bahaya Listrik", "field_4": 630300.5, "field_5": 9225069.0 }, "geometry": { "type": "Point", "coordinates": [ 112.179654623380713, -7.00921268818735 ] } },
{ "type": "Feature", "properties": { "field_1": 1021074, "field_2": "Lainya", "field_3": "Open Area", "field_4": 630300.5, "field_5": 9225056.5 }, "geometry": { "type": "Point", "coordinates": [ 112.179654907707217, -7.009325738576066 ] } },
{ "type": "Feature", "properties": { "field_1": 1021074, "field_2": "Lainnya", "field_3": "Bahaya Listrik", "field_4": 630300.5, "field_5": 9225056.5 }, "geometry": { "type": "Point", "coordinates": [ 112.179654907707217, -7.009325738576066 ] } },
{ "type": "Feature", "properties": { "field_1": 1021075, "field_2": "Lainya", "field_3": "Open Area", "field_4": 630300.5, "field_5": 9225044.0 }, "geometry": { "type": "Point", "coordinates": [ 112.179655192038439, -7.009438788964225 ] } },
{ "type": "Feature", "properties": { "field_1": 1021075, "field_2": "Lainnya", "field_3": "Bahaya Listrik", "field_4": 630300.5, "field_5": 9225044.0 }, "geometry": { "type": "Point", "coordinates": [ 112.179655192038439, -7.009438788964225 ] } },
{ "type": "Feature", "properties": { "field_1": 1021076, "field_2": "Lainya", "field_3": "Open Area", "field_4": 630300.5, "field_5": 9225031.5 }, "geometry": { "type": "Point", "coordinates": [ 112.179655476374336, -7.009551839351833 ] } },
{ "type": "Feature", "properties": { "field_1": 1021076, "field_2": "Lainnya", "field_3": "Bahaya Listrik", "field_4": 630300.5, "field_5": 9225031.5 }, "geometry": { "type": "Point", "coordinates": [ 112.179655476374336, -7.009551839351833 ] } },
{ "type": "Feature", "properties": { "field_1": 1021077, "field_2": "Lainya", "field_3": "Open Area", "field_4": 630300.5, "field_5": 9225019.0 }, "geometry": { "type": "Point", "coordinates": [ 112.179655760714951, -7.009664889738884 ] } },
{ "type": "Feature", "properties": { "field_1": 1021077, "field_2": "Lainnya", "field_3": "Bahaya Listrik", "field_4": 630300.5, "field_5": 9225019.0 }, "geometry": { "type": "Point", "coordinates": [ 112.179655760714951, -7.009664889738884 ] } },
{ "type": "Feature", "properties": { "field_1": 1021078, "field_2": "Lainya", "field_3": "Open Area", "field_4": 630300.5, "field_5": 9225006.5 }, "geometry": { "type": "Point", "coordinates": [ 112.179656045060256, -7.009777940125383 ] } },
{ "type": "Feature", "properties": { "field_1": 1021078, "field_2": "Lainnya", "field_3": "Bahaya Listrik", "field_4": 630300.5, "field_5": 9225006.5 }, "geometry": { "type": "Point", "coordinates": [ 112.179656045060256, -7.009777940125383 ] } },
{ "type": "Feature", "properties": { "field_1": 1021079, "field_2": "Lainya", "field_3": "Open Area", "field_4": 630300.5, "field_5": 9224994.0 }, "geometry": { "type": "Point", "coordinates": [ 112.179656329410278, -7.009890990511328 ] } },
{ "type": "Feature", "properties": { "field_1": 1021079, "field_2": "Lainnya", "field_3": "Bahaya Listrik", "field_4": 630300.5, "field_5": 9224994.0 }, "geometry": { "type": "Point", "coordinates": [ 112.179656329410278, -7.009890990511328 ] } },
{ "type": "Feature", "properties": { "field_1": 1021080, "field_2": "Lainya", "field_3": "Open Area", "field_4": 630300.5, "field_5": 9224981.5 }, "geometry": { "type": "Point", "coordinates": [ 112.179656613764976, -7.010004040896717 ] } },
{ "type": "Feature", "properties": { "field_1": 1021080, "field_2": "Lainnya", "field_3": "Bahaya Listrik", "field_4": 630300.5, "field_5": 9224981.5 }, "geometry": { "type": "Point", "coordinates": [ 112.179656613764976, -7.010004040896717 ] } },
{ "type": "Feature", "properties": { "field_1": 1021081, "field_2": "Lainya", "field_3": "Open Area", "field_4": 630300.5, "field_5": 9224969.0 }, "geometry": { "type": "Point", "coordinates": [ 112.179656898124392, -7.010117091281554 ] } },
{ "type": "Feature", "properties": { "field_1": 1021081, "field_2": "Lainnya", "field_3": "Bahaya Listrik", "field_4": 630300.5, "field_5": 9224969.0 }, "geometry": { "type": "Point", "coordinates": [ 112.179656898124392, -7.010117091281554 ] } },
{ "type": "Feature", "properties": { "field_1": 1021082, "field_2": "Lainya", "field_3": "Open Area", "field_4": 630300.5, "field_5": 9224956.5 }, "geometry": { "type": "Point", "coordinates": [ 112.179657182488498, -7.010230141665835 ] } },
{ "type": "Feature", "properties": { "field_1": 1021082, "field_2": "Lainnya", "field_3": "Bahaya Listrik", "field_4": 630300.5, "field_5": 9224956.5 }, "geometry": { "type": "Point", "coordinates": [ 112.179657182488498, -7.010230141665835 ] } },
{ "type": "Feature", "properties": { "field_1": 1021083, "field_2": "Lainya", "field_3": "Open Area", "field_4": 630300.5, "field_5": 9224944.0 }, "geometry": { "type": "Point", "coordinates": [ 112.179657466857293, -7.010343192049564 ] } },
{ "type": "Feature", "properties": { "field_1": 1021083, "field_2": "Lainnya", "field_3": "Bahaya Listrik", "field_4": 630300.5, "field_5": 9224944.0 }, "geometry": { "type": "Point", "coordinates": [ 112.179657466857293, -7.010343192049564 ] } },
{ "type": "Feature", "properties": { "field_1": 1021084, "field_2": "Lainya", "field_3": "Open Area", "field_4": 630300.5, "field_5": 9224931.5 }, "geometry": { "type": "Point", "coordinates": [ 112.17965775123082, -7.010456242432736 ] } },
{ "type": "Feature", "properties": { "field_1": 1021084, "field_2": "Lainnya", "field_3": "Bahaya Listrik", "field_4": 630300.5, "field_5": 9224931.5 }, "geometry": { "type": "Point", "coordinates": [ 112.17965775123082, -7.010456242432736 ] } },
{ "type": "Feature", "properties": { "field_1": 1021085, "field_2": "Lainya", "field_3": "Open Area", "field_4": 630300.5, "field_5": 9224919.0 }, "geometry": { "type": "Point", "coordinates": [ 112.179658035609023, -7.010569292815355 ] } },
{ "type": "Feature", "properties": { "field_1": 1021085, "field_2": "Lainnya", "field_3": "Bahaya Listrik", "field_4": 630300.5, "field_5": 9224919.0 }, "geometry": { "type": "Point", "coordinates": [ 112.179658035609023, -7.010569292815355 ] } },
{ "type": "Feature", "properties": { "field_1": 1021086, "field_2": "Lainya", "field_3": "Open Area", "field_4": 630300.5, "field_5": 9224906.5 }, "geometry": { "type": "Point", "coordinates": [ 112.17965831999193, -7.010682343197422 ] } },
{ "type": "Feature", "properties": { "field_1": 1021086, "field_2": "Lainnya", "field_3": "Bahaya Listrik", "field_4": 630300.5, "field_5": 9224906.5 }, "geometry": { "type": "Point", "coordinates": [ 112.17965831999193, -7.010682343197422 ] } },
{ "type": "Feature", "properties": { "field_1": 1021087, "field_2": "Lainya", "field_3": "Open Area", "field_4": 630300.5, "field_5": 9224894.0 }, "geometry": { "type": "Point", "coordinates": [ 112.17965860437954, -7.010795393578931 ] } },
{ "type": "Feature", "properties": { "field_1": 1021087, "field_2": "Lainnya", "field_3": "Bahaya Listrik", "field_4": 630300.5, "field_5": 9224894.0 }, "geometry": { "type": "Point", "coordinates": [ 112.17965860437954, -7.010795393578931 ] } },
{ "type": "Feature", "properties": { "field_1": 1021088, "field_2": "Lainya", "field_3": "Open Area", "field_4": 630300.5, "field_5": 9224881.5 }, "geometry": { "type": "Point", "coordinates": [ 112.179658888771854, -7.010908443959888 ] } },
{ "type": "Feature", "properties": { "field_1": 1021088, "field_2": "Lainnya", "field_3": "Bahaya Listrik", "field_4": 630300.5, "field_5": 9224881.5 }, "geometry": { "type": "Point", "coordinates": [ 112.179658888771854, -7.010908443959888 ] } },
{ "type": "Feature", "properties": { "field_1": 1021089, "field_2": "Lainya", "field_3": "Open Area", "field_4": 630300.5, "field_5": 9224869.0 }, "geometry": { "type": "Point", "coordinates": [ 112.179659173168858, -7.011021494340291 ] } },
{ "type": "Feature", "properties": { "field_1": 1021089, "field_2": "Lainnya", "field_3": "Bahaya Listrik", "field_4": 630300.5, "field_5": 9224869.0 }, "geometry": { "type": "Point", "coordinates": [ 112.179659173168858, -7.011021494340291 ] } },
{ "type": "Feature", "properties": { "field_1": 1021090, "field_2": "Lainya", "field_3": "Open Area", "field_4": 630300.5, "field_5": 9224856.5 }, "geometry": { "type": "Point", "coordinates": [ 112.179659457570565, -7.011134544720139 ] } },
{ "type": "Feature", "properties": { "field_1": 1021090, "field_2": "Lainnya", "field_3": "Bahaya Listrik", "field_4": 630300.5, "field_5": 9224856.5 }, "geometry": { "type": "Point", "coordinates": [ 112.179659457570565, -7.011134544720139 ] } },
{ "type": "Feature", "properties": { "field_1": 1021091, "field_2": "Lainya", "field_3": "Open Area", "field_4": 630300.5, "field_5": 9224844.0 }, "geometry": { "type": "Point", "coordinates": [ 112.179659741976977, -7.011247595099433 ] } },
{ "type": "Feature", "properties": { "field_1": 1021091, "field_2": "Lainnya", "field_3": "Bahaya Listrik", "field_4": 630300.5, "field_5": 9224844.0 }, "geometry": { "type": "Point", "coordinates": [ 112.179659741976977, -7.011247595099433 ] } },
{ "type": "Feature", "properties": { "field_1": 1021092, "field_2": "Lainya", "field_3": "Open Area", "field_4": 630300.5, "field_5": 9224831.5 }, "geometry": { "type": "Point", "coordinates": [ 112.179660026388092, -7.011360645478171 ] } },
{ "type": "Feature", "properties": { "field_1": 1021092, "field_2": "Lainnya", "field_3": "Bahaya Listrik", "field_4": 630300.5, "field_5": 9224831.5 }, "geometry": { "type": "Point", "coordinates": [ 112.179660026388092, -7.011360645478171 ] } },
{ "type": "Feature", "properties": { "field_1": 1021093, "field_2": "Lainya", "field_3": "Open Area", "field_4": 630300.5, "field_5": 9224819.0 }, "geometry": { "type": "Point", "coordinates": [ 112.179660310803897, -7.011473695856357 ] } },
{ "type": "Feature", "properties": { "field_1": 1021093, "field_2": "Lainnya", "field_3": "Bahaya Listrik", "field_4": 630300.5, "field_5": 9224819.0 }, "geometry": { "type": "Point", "coordinates": [ 112.179660310803897, -7.011473695856357 ] } },
{ "type": "Feature", "properties": { "field_1": 1021094, "field_2": "Lainya", "field_3": "Open Area", "field_4": 630300.5, "field_5": 9224806.5 }, "geometry": { "type": "Point", "coordinates": [ 112.179660595224405, -7.011586746233987 ] } },
{ "type": "Feature", "properties": { "field_1": 1021094, "field_2": "Lainnya", "field_3": "Bahaya Listrik", "field_4": 630300.5, "field_5": 9224806.5 }, "geometry": { "type": "Point", "coordinates": [ 112.179660595224405, -7.011586746233987 ] } },
{ "type": "Feature", "properties": { "field_1": 1021095, "field_2": "Lainya", "field_3": "Open Area", "field_4": 630300.5, "field_5": 9224794.0 }, "geometry": { "type": "Point", "coordinates": [ 112.179660879649617, -7.011699796611064 ] } },
{ "type": "Feature", "properties": { "field_1": 1021095, "field_2": "Lainnya", "field_3": "Bahaya Listrik", "field_4": 630300.5, "field_5": 9224794.0 }, "geometry": { "type": "Point", "coordinates": [ 112.179660879649617, -7.011699796611064 ] } },
{ "type": "Feature", "properties": { "field_1": 1021096, "field_2": "Lainya", "field_3": "Open Area", "field_4": 630300.5, "field_5": 9224781.5 }, "geometry": { "type": "Point", "coordinates": [ 112.179661164079519, -7.011812846987587 ] } },
{ "type": "Feature", "properties": { "field_1": 1021096, "field_2": "Lainnya", "field_3": "Bahaya Listrik", "field_4": 630300.5, "field_5": 9224781.5 }, "geometry": { "type": "Point", "coordinates": [ 112.179661164079519, -7.011812846987587 ] } },
{ "type": "Feature", "properties": { "field_1": 1021097, "field_2": "Lainya", "field_3": "Open Area", "field_4": 630300.5, "field_5": 9224769.0 }, "geometry": { "type": "Point", "coordinates": [ 112.179661448514139, -7.011925897363556 ] } },
{ "type": "Feature", "properties": { "field_1": 1021097, "field_2": "Lainnya", "field_3": "Bahaya Listrik", "field_4": 630300.5, "field_5": 9224769.0 }, "geometry": { "type": "Point", "coordinates": [ 112.179661448514139, -7.011925897363556 ] } },
{ "type": "Feature", "properties": { "field_1": 1021098, "field_2": "Lainya", "field_3": "Open Area", "field_4": 630300.5, "field_5": 9224756.5 }, "geometry": { "type": "Point", "coordinates": [ 112.179661732953448, -7.01203894773897 ] } },
{ "type": "Feature", "properties": { "field_1": 1021098, "field_2": "Lainnya", "field_3": "Bahaya Listrik", "field_4": 630300.5, "field_5": 9224756.5 }, "geometry": { "type": "Point", "coordinates": [ 112.179661732953448, -7.01203894773897 ] } },
{ "type": "Feature", "properties": { "field_1": 1021098, "field_2": "Lainnya", "field_3": "Bahaya Listrik", "field_4": 630300.5, "field_5": 9224756.5 }, "geometry": { "type": "Point", "coordinates": [ 112.179661732953448, -7.01203894773897 ] } },
{ "type": "Feature", "properties": { "field_1": 1021099, "field_2": "Lainya", "field_3": "Open Area", "field_4": 630300.5, "field_5": 9224744.0 }, "geometry": { "type": "Point", "coordinates": [ 112.179662017397462, -7.012151998113828 ] } },
{ "type": "Feature", "properties": { "field_1": 1021099, "field_2": "Lainnya", "field_3": "Bahaya Listrik", "field_4": 630300.5, "field_5": 9224744.0 }, "geometry": { "type": "Point", "coordinates": [ 112.179662017397462, -7.012151998113828 ] } },
{ "type": "Feature", "properties": { "field_1": 1021099, "field_2": "Lainnya", "field_3": "Bahaya Listrik", "field_4": 630300.5, "field_5": 9224744.0 }, "geometry": { "type": "Point", "coordinates": [ 112.179662017397462, -7.012151998113828 ] } },
{ "type": "Feature", "properties": { "field_1": 1021100, "field_2": "Lainya", "field_3": "Open Area", "field_4": 630300.5, "field_5": 9224731.5 }, "geometry": { "type": "Point", "coordinates": [ 112.179662301846179, -7.012265048488133 ] } },
{ "type": "Feature", "properties": { "field_1": 1021100, "field_2": "Lainnya", "field_3": "Bahaya Listrik", "field_4": 630300.5, "field_5": 9224731.5 }, "geometry": { "type": "Point", "coordinates": [ 112.179662301846179, -7.012265048488133 ] } },
{ "type": "Feature", "properties": { "field_1": 1021101, "field_2": "Lainya", "field_3": "Open Area", "field_4": 630300.5, "field_5": 9224719.0 }, "geometry": { "type": "Point", "coordinates": [ 112.179662586299571, -7.012378098861886 ] } },
{ "type": "Feature", "properties": { "field_1": 1021101, "field_2": "Lainnya", "field_3": "Bahaya Listrik", "field_4": 630300.5, "field_5": 9224719.0 }, "geometry": { "type": "Point", "coordinates": [ 112.179662586299571, -7.012378098861886 ] } },
{ "type": "Feature", "properties": { "field_1": 1021102, "field_2": "Lainya", "field_3": "Open Area", "field_4": 630300.5, "field_5": 9224706.5 }, "geometry": { "type": "Point", "coordinates": [ 112.179662870757682, -7.01249114923508 ] } },
{ "type": "Feature", "properties": { "field_1": 1021102, "field_2": "Lainnya", "field_3": "Bahaya Listrik", "field_4": 630300.5, "field_5": 9224706.5 }, "geometry": { "type": "Point", "coordinates": [ 112.179662870757682, -7.01249114923508 ] } },
{ "type": "Feature", "properties": { "field_1": 1021103, "field_2": "Lainya", "field_3": "Open Area", "field_4": 630300.5, "field_5": 9224694.0 }, "geometry": { "type": "Point", "coordinates": [ 112.179663155220496, -7.012604199607723 ] } },
{ "type": "Feature", "properties": { "field_1": 1021103, "field_2": "Lainnya", "field_3": "Bahaya Listrik", "field_4": 630300.5, "field_5": 9224694.0 }, "geometry": { "type": "Point", "coordinates": [ 112.179663155220496, -7.012604199607723 ] } },
{ "type": "Feature", "properties": { "field_1": 1021104, "field_2": "Lainya", "field_3": "Open Area", "field_4": 630300.5, "field_5": 9224681.5 }, "geometry": { "type": "Point", "coordinates": [ 112.179663439687999, -7.012717249979811 ] } },
{ "type": "Feature", "properties": { "field_1": 1021104, "field_2": "Lainnya", "field_3": "Bahaya Listrik", "field_4": 630300.5, "field_5": 9224681.5 }, "geometry": { "type": "Point", "coordinates": [ 112.179663439687999, -7.012717249979811 ] } },
{ "type": "Feature", "properties": { "field_1": 1021105, "field_2": "Lainya", "field_3": "Open Area", "field_4": 630300.5, "field_5": 9224669.0 }, "geometry": { "type": "Point", "coordinates": [ 112.179663724160207, -7.012830300351344 ] } },
{ "type": "Feature", "properties": { "field_1": 1021105, "field_2": "Lainnya", "field_3": "Bahaya Listrik", "field_4": 630300.5, "field_5": 9224669.0 }, "geometry": { "type": "Point", "coordinates": [ 112.179663724160207, -7.012830300351344 ] } },
{ "type": "Feature", "properties": { "field_1": 1021106, "field_2": "Lainya", "field_3": "Open Area", "field_4": 630300.5, "field_5": 9224656.5 }, "geometry": { "type": "Point", "coordinates": [ 112.179664008637133, -7.012943350722324 ] } },
{ "type": "Feature", "properties": { "field_1": 1021106, "field_2": "Lainnya", "field_3": "Bahaya Listrik", "field_4": 630300.5, "field_5": 9224656.5 }, "geometry": { "type": "Point", "coordinates": [ 112.179664008637133, -7.012943350722324 ] } },
{ "type": "Feature", "properties": { "field_1": 1021107, "field_2": "Lainya", "field_3": "Open Area", "field_4": 630300.5, "field_5": 9224644.0 }, "geometry": { "type": "Point", "coordinates": [ 112.179664293118734, -7.013056401092749 ] } },
{ "type": "Feature", "properties": { "field_1": 1021107, "field_2": "Lainnya", "field_3": "Bahaya Listrik", "field_4": 630300.5, "field_5": 9224644.0 }, "geometry": { "type": "Point", "coordinates": [ 112.179664293118734, -7.013056401092749 ] } },
{ "type": "Feature", "properties": { "field_1": 1021108, "field_2": "Lainya", "field_3": "Open Area", "field_4": 630300.5, "field_5": 9224631.5 }, "geometry": { "type": "Point", "coordinates": [ 112.179664577605053, -7.013169451462619 ] } },
{ "type": "Feature", "properties": { "field_1": 1021108, "field_2": "Lainnya", "field_3": "Bahaya Listrik", "field_4": 630300.5, "field_5": 9224631.5 }, "geometry": { "type": "Point", "coordinates": [ 112.179664577605053, -7.013169451462619 ] } },
{ "type": "Feature", "properties": { "field_1": 1021109, "field_2": "Lainya", "field_3": "Open Area", "field_4": 630300.5, "field_5": 9224619.0 }, "geometry": { "type": "Point", "coordinates": [ 112.179664862096061, -7.013282501831934 ] } },
{ "type": "Feature", "properties": { "field_1": 1021109, "field_2": "Lainnya", "field_3": "Bahaya Listrik", "field_4": 630300.5, "field_5": 9224619.0 }, "geometry": { "type": "Point", "coordinates": [ 112.179664862096061, -7.013282501831934 ] } },
{ "type": "Feature", "properties": { "field_1": 1021110, "field_2": "Lainya", "field_3": "Open Area", "field_4": 630300.5, "field_5": 9224606.5 }, "geometry": { "type": "Point", "coordinates": [ 112.179665146591773, -7.013395552200695 ] } },
{ "type": "Feature", "properties": { "field_1": 1021110, "field_2": "Lainnya", "field_3": "Bahaya Listrik", "field_4": 630300.5, "field_5": 9224606.5 }, "geometry": { "type": "Point", "coordinates": [ 112.179665146591773, -7.013395552200695 ] } },
{ "type": "Feature", "properties": { "field_1": 1021111, "field_2": "Lainya", "field_3": "Open Area", "field_4": 630300.5, "field_5": 9224594.0 }, "geometry": { "type": "Point", "coordinates": [ 112.179665431092189, -7.013508602568903 ] } },
{ "type": "Feature", "properties": { "field_1": 1021111, "field_2": "Lainnya", "field_3": "Bahaya Listrik", "field_4": 630300.5, "field_5": 9224594.0 }, "geometry": { "type": "Point", "coordinates": [ 112.179665431092189, -7.013508602568903 ] } },
{ "type": "Feature", "properties": { "field_1": 1021112, "field_2": "Lainya", "field_3": "Open Area", "field_4": 630300.5, "field_5": 9224581.5 }, "geometry": { "type": "Point", "coordinates": [ 112.179665715597309, -7.013621652936555 ] } },
{ "type": "Feature", "properties": { "field_1": 1021112, "field_2": "Lainnya", "field_3": "Bahaya Listrik", "field_4": 630300.5, "field_5": 9224581.5 }, "geometry": { "type": "Point", "coordinates": [ 112.179665715597309, -7.013621652936555 ] } },
{ "type": "Feature", "properties": { "field_1": 1021113, "field_2": "Lainya", "field_3": "Open Area", "field_4": 630300.5, "field_5": 9224569.0 }, "geometry": { "type": "Point", "coordinates": [ 112.179666000107105, -7.013734703303653 ] } },
{ "type": "Feature", "properties": { "field_1": 1021113, "field_2": "Lainnya", "field_3": "Bahaya Listrik", "field_4": 630300.5, "field_5": 9224569.0 }, "geometry": { "type": "Point", "coordinates": [ 112.179666000107105, -7.013734703303653 ] } },
{ "type": "Feature", "properties": { "field_1": 1021114, "field_2": "Lainya", "field_3": "Open Area", "field_4": 630300.5, "field_5": 9224556.5 }, "geometry": { "type": "Point", "coordinates": [ 112.179666284621632, -7.013847753670198 ] } },
{ "type": "Feature", "properties": { "field_1": 1021114, "field_2": "Lainnya", "field_3": "Bahaya Listrik", "field_4": 630300.5, "field_5": 9224556.5 }, "geometry": { "type": "Point", "coordinates": [ 112.179666284621632, -7.013847753670198 ] } },
{ "type": "Feature", "properties": { "field_1": 1021115, "field_2": "Lainya", "field_3": "Open Area", "field_4": 630300.5, "field_5": 9224544.0 }, "geometry": { "type": "Point", "coordinates": [ 112.179666569140835, -7.013960804036184 ] } },
{ "type": "Feature", "properties": { "field_1": 1021115, "field_2": "Lainnya", "field_3": "Bahaya Listrik", "field_4": 630300.5, "field_5": 9224544.0 }, "geometry": { "type": "Point", "coordinates": [ 112.179666569140835, -7.013960804036184 ] } },
{ "type": "Feature", "properties": { "field_1": 1021116, "field_2": "Lainya", "field_3": "Open Area", "field_4": 630300.5, "field_5": 9224531.5 }, "geometry": { "type": "Point", "coordinates": [ 112.179666853664756, -7.014073854401621 ] } },
{ "type": "Feature", "properties": { "field_1": 1021116, "field_2": "Lainnya", "field_3": "Bahaya Listrik", "field_4": 630300.5, "field_5": 9224531.5 }, "geometry": { "type": "Point", "coordinates": [ 112.179666853664756, -7.014073854401621 ] } },
{ "type": "Feature", "properties": { "field_1": 1021117, "field_2": "Lainya", "field_3": "Open Area", "field_4": 630300.5, "field_5": 9224519.0 }, "geometry": { "type": "Point", "coordinates": [ 112.179667138193352, -7.0141869047665 ] } },
{ "type": "Feature", "properties": { "field_1": 1021117, "field_2": "Lainnya", "field_3": "Bahaya Listrik", "field_4": 630300.5, "field_5": 9224519.0 }, "geometry": { "type": "Point", "coordinates": [ 112.179667138193352, -7.0141869047665 ] } },
{ "type": "Feature", "properties": { "field_1": 1021118, "field_2": "Lainya", "field_3": "Open Area", "field_4": 630300.5, "field_5": 9224506.5 }, "geometry": { "type": "Point", "coordinates": [ 112.179667422726666, -7.014299955130825 ] } },
{ "type": "Feature", "properties": { "field_1": 1021118, "field_2": "Lainnya", "field_3": "Bahaya Listrik", "field_4": 630300.5, "field_5": 9224506.5 }, "geometry": { "type": "Point", "coordinates": [ 112.179667422726666, -7.014299955130825 ] } },
{ "type": "Feature", "properties": { "field_1": 1021119, "field_2": "Lainya", "field_3": "Open Area", "field_4": 630300.5, "field_5": 9224494.0 }, "geometry": { "type": "Point", "coordinates": [ 112.179667707264684, -7.014413005494598 ] } },
{ "type": "Feature", "properties": { "field_1": 1021119, "field_2": "Lainnya", "field_3": "Bahaya Listrik", "field_4": 630300.5, "field_5": 9224494.0 }, "geometry": { "type": "Point", "coordinates": [ 112.179667707264684, -7.014413005494598 ] } },
{ "type": "Feature", "properties": { "field_1": 1021120, "field_2": "Lainya", "field_3": "Open Area", "field_4": 630300.5, "field_5": 9224481.5 }, "geometry": { "type": "Point", "coordinates": [ 112.179667991807406, -7.014526055857814 ] } },
{ "type": "Feature", "properties": { "field_1": 1021120, "field_2": "Lainnya", "field_3": "Bahaya Listrik", "field_4": 630300.5, "field_5": 9224481.5 }, "geometry": { "type": "Point", "coordinates": [ 112.179667991807406, -7.014526055857814 ] } },
{ "type": "Feature", "properties": { "field_1": 1021121, "field_2": "Lainya", "field_3": "Open Area", "field_4": 630300.5, "field_5": 9224469.0 }, "geometry": { "type": "Point", "coordinates": [ 112.179668276354818, -7.014639106220477 ] } },
{ "type": "Feature", "properties": { "field_1": 1021121, "field_2": "Lainnya", "field_3": "Bahaya Listrik", "field_4": 630300.5, "field_5": 9224469.0 }, "geometry": { "type": "Point", "coordinates": [ 112.179668276354818, -7.014639106220477 ] } },
{ "type": "Feature", "properties": { "field_1": 1021122, "field_2": "Lainya", "field_3": "Open Area", "field_4": 630300.5, "field_5": 9224456.5 }, "geometry": { "type": "Point", "coordinates": [ 112.179668560906933, -7.014752156582585 ] } },
{ "type": "Feature", "properties": { "field_1": 1021122, "field_2": "Lainnya", "field_3": "Bahaya Listrik", "field_4": 630300.5, "field_5": 9224456.5 }, "geometry": { "type": "Point", "coordinates": [ 112.179668560906933, -7.014752156582585 ] } },
{ "type": "Feature", "properties": { "field_1": 1021123, "field_2": "Lainya", "field_3": "Open Area", "field_4": 630300.5, "field_5": 9224444.0 }, "geometry": { "type": "Point", "coordinates": [ 112.179668845463738, -7.014865206944138 ] } },
{ "type": "Feature", "properties": { "field_1": 1021123, "field_2": "Lainnya", "field_3": "Bahaya Listrik", "field_4": 630300.5, "field_5": 9224444.0 }, "geometry": { "type": "Point", "coordinates": [ 112.179668845463738, -7.014865206944138 ] } },
{ "type": "Feature", "properties": { "field_1": 1021124, "field_2": "Lainya", "field_3": "Open Area", "field_4": 630300.5, "field_5": 9224431.5 }, "geometry": { "type": "Point", "coordinates": [ 112.17966913002526, -7.014978257305136 ] } },
{ "type": "Feature", "properties": { "field_1": 1021124, "field_2": "Lainnya", "field_3": "Bahaya Listrik", "field_4": 630300.5, "field_5": 9224431.5 }, "geometry": { "type": "Point", "coordinates": [ 112.17966913002526, -7.014978257305136 ] } },
{ "type": "Feature", "properties": { "field_1": 1021125, "field_2": "Lainya", "field_3": "Open Area", "field_4": 630300.5, "field_5": 9224419.0 }, "geometry": { "type": "Point", "coordinates": [ 112.179669414591473, -7.01509130766558 ] } },
{ "type": "Feature", "properties": { "field_1": 1021125, "field_2": "Lainnya", "field_3": "Bahaya Listrik", "field_4": 630300.5, "field_5": 9224419.0 }, "geometry": { "type": "Point", "coordinates": [ 112.179669414591473, -7.01509130766558 ] } },
{ "type": "Feature", "properties": { "field_1": 1021126, "field_2": "Lainya", "field_3": "Open Area", "field_4": 630300.5, "field_5": 9224406.5 }, "geometry": { "type": "Point", "coordinates": [ 112.179669699162389, -7.01520435802547 ] } },
{ "type": "Feature", "properties": { "field_1": 1021126, "field_2": "Lainnya", "field_3": "Bahaya Listrik", "field_4": 630300.5, "field_5": 9224406.5 }, "geometry": { "type": "Point", "coordinates": [ 112.179669699162389, -7.01520435802547 ] } },
{ "type": "Feature", "properties": { "field_1": 1021127, "field_2": "Lainya", "field_3": "Open Area", "field_4": 630300.5, "field_5": 9224394.0 }, "geometry": { "type": "Point", "coordinates": [ 112.179669983737995, -7.015317408384804 ] } },
{ "type": "Feature", "properties": { "field_1": 1021127, "field_2": "Lainnya", "field_3": "Bahaya Listrik", "field_4": 630300.5, "field_5": 9224394.0 }, "geometry": { "type": "Point", "coordinates": [ 112.179669983737995, -7.015317408384804 ] } },
{ "type": "Feature", "properties": { "field_1": 1021128, "field_2": "Lainya", "field_3": "Open Area", "field_4": 630300.5, "field_5": 9224381.5 }, "geometry": { "type": "Point", "coordinates": [ 112.179670268318304, -7.015430458743585 ] } },
{ "type": "Feature", "properties": { "field_1": 1021128, "field_2": "Lainnya", "field_3": "Bahaya Listrik", "field_4": 630300.5, "field_5": 9224381.5 }, "geometry": { "type": "Point", "coordinates": [ 112.179670268318304, -7.015430458743585 ] } },
{ "type": "Feature", "properties": { "field_1": 1021129, "field_2": "Lainya", "field_3": "Open Area", "field_4": 630300.5, "field_5": 9224369.0 }, "geometry": { "type": "Point", "coordinates": [ 112.179670552903332, -7.015543509101809 ] } },
{ "type": "Feature", "properties": { "field_1": 1021129, "field_2": "Lainnya", "field_3": "Bahaya Listrik", "field_4": 630300.5, "field_5": 9224369.0 }, "geometry": { "type": "Point", "coordinates": [ 112.179670552903332, -7.015543509101809 ] } },
{ "type": "Feature", "properties": { "field_1": 1021130, "field_2": "Lainya", "field_3": "Open Area", "field_4": 630300.5, "field_5": 9224356.5 }, "geometry": { "type": "Point", "coordinates": [ 112.179670837493049, -7.01565655945948 ] } },
{ "type": "Feature", "properties": { "field_1": 1021130, "field_2": "Lainnya", "field_3": "Bahaya Listrik", "field_4": 630300.5, "field_5": 9224356.5 }, "geometry": { "type": "Point", "coordinates": [ 112.179670837493049, -7.01565655945948 ] } },
{ "type": "Feature", "properties": { "field_1": 1021131, "field_2": "Lainya", "field_3": "Open Area", "field_4": 630300.5, "field_5": 9224344.0 }, "geometry": { "type": "Point", "coordinates": [ 112.17967112208747, -7.015769609816599 ] } },
{ "type": "Feature", "properties": { "field_1": 1021131, "field_2": "Lainnya", "field_3": "Bahaya Listrik", "field_4": 630300.5, "field_5": 9224344.0 }, "geometry": { "type": "Point", "coordinates": [ 112.17967112208747, -7.015769609816599 ] } },
{ "type": "Feature", "properties": { "field_1": 1021132, "field_2": "Lainya", "field_3": "Open Area", "field_4": 630300.5, "field_5": 9224331.5 }, "geometry": { "type": "Point", "coordinates": [ 112.17967140668658, -7.01588266017316 ] } },
{ "type": "Feature", "properties": { "field_1": 1021132, "field_2": "Lainnya", "field_3": "Bahaya Listrik", "field_4": 630300.5, "field_5": 9224331.5 }, "geometry": { "type": "Point", "coordinates": [ 112.17967140668658, -7.01588266017316 ] } },
{ "type": "Feature", "properties": { "field_1": 1021133, "field_2": "Lainya", "field_3": "Open Area", "field_4": 630300.5, "field_5": 9224319.0 }, "geometry": { "type": "Point", "coordinates": [ 112.179671691290395, -7.015995710529166 ] } },
{ "type": "Feature", "properties": { "field_1": 1021133, "field_2": "Lainnya", "field_3": "Bahaya Listrik", "field_4": 630300.5, "field_5": 9224319.0 }, "geometry": { "type": "Point", "coordinates": [ 112.179671691290395, -7.015995710529166 ] } },
{ "type": "Feature", "properties": { "field_1": 1021134, "field_2": "Lainya", "field_3": "Open Area", "field_4": 630300.5, "field_5": 9224306.5 }, "geometry": { "type": "Point", "coordinates": [ 112.179671975898913, -7.016108760884619 ] } },
{ "type": "Feature", "properties": { "field_1": 1021134, "field_2": "Lainnya", "field_3": "Bahaya Listrik", "field_4": 630300.5, "field_5": 9224306.5 }, "geometry": { "type": "Point", "coordinates": [ 112.179671975898913, -7.016108760884619 ] } },
{ "type": "Feature", "properties": { "field_1": 1021135, "field_2": "Lainya", "field_3": "Open Area", "field_4": 630300.5, "field_5": 9224294.0 }, "geometry": { "type": "Point", "coordinates": [ 112.179672260512135, -7.016221811239517 ] } },
{ "type": "Feature", "properties": { "field_1": 1021135, "field_2": "Lainnya", "field_3": "Bahaya Listrik", "field_4": 630300.5, "field_5": 9224294.0 }, "geometry": { "type": "Point", "coordinates": [ 112.179672260512135, -7.016221811239517 ] } },
{ "type": "Feature", "properties": { "field_1": 1021136, "field_2": "Lainya", "field_3": "Open Area", "field_4": 630300.5, "field_5": 9224281.5 }, "geometry": { "type": "Point", "coordinates": [ 112.179672545130046, -7.016334861593862 ] } },
{ "type": "Feature", "properties": { "field_1": 1021137, "field_2": "Lainya", "field_3": "Open Area", "field_4": 630300.5, "field_5": 9224269.0 }, "geometry": { "type": "Point", "coordinates": [ 112.179672829752661, -7.016447911947651 ] } },
{ "type": "Feature", "properties": { "field_1": 1021137, "field_2": "Lainnya", "field_3": "Bahaya Listrik", "field_4": 630300.5, "field_5": 9224269.0 }, "geometry": { "type": "Point", "coordinates": [ 112.179672829752661, -7.016447911947651 ] } },
{ "type": "Feature", "properties": { "field_1": 1021138, "field_2": "Lainya", "field_3": "Open Area", "field_4": 630300.5, "field_5": 9224256.5 }, "geometry": { "type": "Point", "coordinates": [ 112.17967311437998, -7.016560962300885 ] } },
{ "type": "Feature", "properties": { "field_1": 1021138, "field_2": "Lainnya", "field_3": "Bahaya Listrik", "field_4": 630300.5, "field_5": 9224256.5 }, "geometry": { "type": "Point", "coordinates": [ 112.17967311437998, -7.016560962300885 ] } },
{ "type": "Feature", "properties": { "field_1": 1021139, "field_2": "Lainya", "field_3": "Open Area", "field_4": 630300.5, "field_5": 9224244.0 }, "geometry": { "type": "Point", "coordinates": [ 112.179673399011989, -7.016674012653564 ] } },
{ "type": "Feature", "properties": { "field_1": 1021139, "field_2": "Lainnya", "field_3": "Bahaya Listrik", "field_4": 630300.5, "field_5": 9224244.0 }, "geometry": { "type": "Point", "coordinates": [ 112.179673399011989, -7.016674012653564 ] } },
{ "type": "Feature", "properties": { "field_1": 1021140, "field_2": "Lainya", "field_3": "Open Area", "field_4": 630300.5, "field_5": 9224231.5 }, "geometry": { "type": "Point", "coordinates": [ 112.179673683648716, -7.016787063005689 ] } },
{ "type": "Feature", "properties": { "field_1": 1021140, "field_2": "Lainnya", "field_3": "Bahaya Listrik", "field_4": 630300.5, "field_5": 9224231.5 }, "geometry": { "type": "Point", "coordinates": [ 112.179673683648716, -7.016787063005689 ] } },
{ "type": "Feature", "properties": { "field_1": 1021141, "field_2": "Lainya", "field_3": "Open Area", "field_4": 630300.5, "field_5": 9224219.0 }, "geometry": { "type": "Point", "coordinates": [ 112.179673968290146, -7.016900113357259 ] } },
{ "type": "Feature", "properties": { "field_1": 1021141, "field_2": "Lainnya", "field_3": "Bahaya Listrik", "field_4": 630300.5, "field_5": 9224219.0 }, "geometry": { "type": "Point", "coordinates": [ 112.179673968290146, -7.016900113357259 ] } },
{ "type": "Feature", "properties": { "field_1": 1021142, "field_2": "Lainya", "field_3": "Open Area", "field_4": 630300.5, "field_5": 9224206.5 }, "geometry": { "type": "Point", "coordinates": [ 112.179674252936266, -7.017013163708274 ] } },
{ "type": "Feature", "properties": { "field_1": 1021142, "field_2": "Lainnya", "field_3": "Bahaya Listrik", "field_4": 630300.5, "field_5": 9224206.5 }, "geometry": { "type": "Point", "coordinates": [ 112.179674252936266, -7.017013163708274 ] } },
{ "type": "Feature", "properties": { "field_1": 1021143, "field_2": "Lainya", "field_3": "Open Area", "field_4": 630300.5, "field_5": 9224194.0 }, "geometry": { "type": "Point", "coordinates": [ 112.179674537587076, -7.017126214058736 ] } },
{ "type": "Feature", "properties": { "field_1": 1021143, "field_2": "Lainnya", "field_3": "Bahaya Listrik", "field_4": 630300.5, "field_5": 9224194.0 }, "geometry": { "type": "Point", "coordinates": [ 112.179674537587076, -7.017126214058736 ] } },
{ "type": "Feature", "properties": { "field_1": 1021144, "field_2": "Lainya", "field_3": "Open Area", "field_4": 630300.5, "field_5": 9224181.5 }, "geometry": { "type": "Point", "coordinates": [ 112.179674822242603, -7.017239264408643 ] } },
{ "type": "Feature", "properties": { "field_1": 1021144, "field_2": "Lainnya", "field_3": "Bahaya Listrik", "field_4": 630300.5, "field_5": 9224181.5 }, "geometry": { "type": "Point", "coordinates": [ 112.179674822242603, -7.017239264408643 ] } },
{ "type": "Feature", "properties": { "field_1": 1021145, "field_2": "Lainya", "field_3": "Open Area", "field_4": 630300.5, "field_5": 9224169.0 }, "geometry": { "type": "Point", "coordinates": [ 112.179675106902806, -7.017352314757992 ] } },
{ "type": "Feature", "properties": { "field_1": 1021145, "field_2": "Lainnya", "field_3": "Bahaya Listrik", "field_4": 630300.5, "field_5": 9224169.0 }, "geometry": { "type": "Point", "coordinates": [ 112.179675106902806, -7.017352314757992 ] } },
{ "type": "Feature", "properties": { "field_1": 1021146, "field_2": "Lainya", "field_3": "Open Area", "field_4": 630300.5, "field_5": 9224156.5 }, "geometry": { "type": "Point", "coordinates": [ 112.179675391567741, -7.017465365106788 ] } },
{ "type": "Feature", "properties": { "field_1": 1021146, "field_2": "Lainnya", "field_3": "Bahaya Listrik", "field_4": 630300.5, "field_5": 9224156.5 }, "geometry": { "type": "Point", "coordinates": [ 112.179675391567741, -7.017465365106788 ] } },
{ "type": "Feature", "properties": { "field_1": 1021147, "field_2": "Lainya", "field_3": "Open Area", "field_4": 630300.5, "field_5": 9224144.0 }, "geometry": { "type": "Point", "coordinates": [ 112.179675676237352, -7.01757841545503 ] } },
{ "type": "Feature", "properties": { "field_1": 1021147, "field_2": "Lainnya", "field_3": "Bahaya Listrik", "field_4": 630300.5, "field_5": 9224144.0 }, "geometry": { "type": "Point", "coordinates": [ 112.179675676237352, -7.01757841545503 ] } },
{ "type": "Feature", "properties": { "field_1": 1021148, "field_2": "Lainya", "field_3": "Open Area", "field_4": 630300.5, "field_5": 9224131.5 }, "geometry": { "type": "Point", "coordinates": [ 112.17967596091168, -7.017691465802717 ] } },
{ "type": "Feature", "properties": { "field_1": 1021148, "field_2": "Lainnya", "field_3": "Bahaya Listrik", "field_4": 630300.5, "field_5": 9224131.5 }, "geometry": { "type": "Point", "coordinates": [ 112.17967596091168, -7.017691465802717 ] } },
{ "type": "Feature", "properties": { "field_1": 1021149, "field_2": "Lainya", "field_3": "Open Area", "field_4": 630300.5, "field_5": 9224119.0 }, "geometry": { "type": "Point", "coordinates": [ 112.179676245590699, -7.01780451614985 ] } },
{ "type": "Feature", "properties": { "field_1": 1021149, "field_2": "Lainnya", "field_3": "Bahaya Listrik", "field_4": 630300.5, "field_5": 9224119.0 }, "geometry": { "type": "Point", "coordinates": [ 112.179676245590699, -7.01780451614985 ] } },
{ "type": "Feature", "properties": { "field_1": 1021150, "field_2": "Lainya", "field_3": "Open Area", "field_4": 630300.5, "field_5": 9224106.5 }, "geometry": { "type": "Point", "coordinates": [ 112.179676530274421, -7.017917566496426 ] } },
{ "type": "Feature", "properties": { "field_1": 1021150, "field_2": "Lainnya", "field_3": "Bahaya Listrik", "field_4": 630300.5, "field_5": 9224106.5 }, "geometry": { "type": "Point", "coordinates": [ 112.179676530274421, -7.017917566496426 ] } },
{ "type": "Feature", "properties": { "field_1": 1021151, "field_2": "Lainya", "field_3": "Open Area", "field_4": 630300.5, "field_5": 9224094.0 }, "geometry": { "type": "Point", "coordinates": [ 112.179676814962846, -7.018030616842451 ] } },
{ "type": "Feature", "properties": { "field_1": 1021151, "field_2": "Lainnya", "field_3": "Bahaya Listrik", "field_4": 630300.5, "field_5": 9224094.0 }, "geometry": { "type": "Point", "coordinates": [ 112.179676814962846, -7.018030616842451 ] } },
{ "type": "Feature", "properties": { "field_1": 1021152, "field_2": "Lainya", "field_3": "Open Area", "field_4": 630300.5, "field_5": 9224081.5 }, "geometry": { "type": "Point", "coordinates": [ 112.179677099655962, -7.018143667187917 ] } },
{ "type": "Feature", "properties": { "field_1": 1021152, "field_2": "Lainnya", "field_3": "Bahaya Listrik", "field_4": 630300.5, "field_5": 9224081.5 }, "geometry": { "type": "Point", "coordinates": [ 112.179677099655962, -7.018143667187917 ] } },
{ "type": "Feature", "properties": { "field_1": 1021153, "field_2": "Lainya", "field_3": "Open Area", "field_4": 630300.5, "field_5": 9224069.0 }, "geometry": { "type": "Point", "coordinates": [ 112.179677384353795, -7.018256717532831 ] } },
{ "type": "Feature", "properties": { "field_1": 1021153, "field_2": "Lainnya", "field_3": "Bahaya Listrik", "field_4": 630300.5, "field_5": 9224069.0 }, "geometry": { "type": "Point", "coordinates": [ 112.179677384353795, -7.018256717532831 ] } },
{ "type": "Feature", "properties": { "field_1": 1021154, "field_2": "Lainya", "field_3": "Open Area", "field_4": 630300.5, "field_5": 9224056.5 }, "geometry": { "type": "Point", "coordinates": [ 112.179677669056318, -7.018369767877188 ] } },
{ "type": "Feature", "properties": { "field_1": 1021154, "field_2": "Lainnya", "field_3": "Bahaya Listrik", "field_4": 630300.5, "field_5": 9224056.5 }, "geometry": { "type": "Point", "coordinates": [ 112.179677669056318, -7.018369767877188 ] } },
{ "type": "Feature", "properties": { "field_1": 1021155, "field_2": "Lainya", "field_3": "Open Area", "field_4": 630300.5, "field_5": 9224044.0 }, "geometry": { "type": "Point", "coordinates": [ 112.179677953763544, -7.018482818220993 ] } },
{ "type": "Feature", "properties": { "field_1": 1021155, "field_2": "Lainnya", "field_3": "Bahaya Listrik", "field_4": 630300.5, "field_5": 9224044.0 }, "geometry": { "type": "Point", "coordinates": [ 112.179677953763544, -7.018482818220993 ] } },
{ "type": "Feature", "properties": { "field_1": 1021156, "field_2": "Lainya", "field_3": "Open Area", "field_4": 630300.5, "field_5": 9224031.5 }, "geometry": { "type": "Point", "coordinates": [ 112.179678238475461, -7.018595868564241 ] } },
{ "type": "Feature", "properties": { "field_1": 1021156, "field_2": "Lainnya", "field_3": "Bahaya Listrik", "field_4": 630300.5, "field_5": 9224031.5 }, "geometry": { "type": "Point", "coordinates": [ 112.179678238475461, -7.018595868564241 ] } },
{ "type": "Feature", "properties": { "field_1": 1021157, "field_2": "Lainya", "field_3": "Open Area", "field_4": 630300.5, "field_5": 9224019.0 }, "geometry": { "type": "Point", "coordinates": [ 112.179678523192095, -7.018708918906936 ] } },
{ "type": "Feature", "properties": { "field_1": 1021157, "field_2": "Lainnya", "field_3": "Bahaya Listrik", "field_4": 630300.5, "field_5": 9224019.0 }, "geometry": { "type": "Point", "coordinates": [ 112.179678523192095, -7.018708918906936 ] } },
{ "type": "Feature", "properties": { "field_1": 1021158, "field_2": "Lainya", "field_3": "Open Area", "field_4": 630300.5, "field_5": 9224006.5 }, "geometry": { "type": "Point", "coordinates": [ 112.179678807913419, -7.018821969249074 ] } },
{ "type": "Feature", "properties": { "field_1": 1021158, "field_2": "Lainnya", "field_3": "Bahaya Listrik", "field_4": 630300.5, "field_5": 9224006.5 }, "geometry": { "type": "Point", "coordinates": [ 112.179678807913419, -7.018821969249074 ] } },
{ "type": "Feature", "properties": { "field_1": 1021159, "field_2": "Lainya", "field_3": "Open Area", "field_4": 630300.5, "field_5": 9223994.0 }, "geometry": { "type": "Point", "coordinates": [ 112.179679092639446, -7.018935019590658 ] } },
{ "type": "Feature", "properties": { "field_1": 1021159, "field_2": "Lainnya", "field_3": "Bahaya Listrik", "field_4": 630300.5, "field_5": 9223994.0 }, "geometry": { "type": "Point", "coordinates": [ 112.179679092639446, -7.018935019590658 ] } },
{ "type": "Feature", "properties": { "field_1": 1021160, "field_2": "Lainya", "field_3": "Open Area", "field_4": 630300.5, "field_5": 9223981.5 }, "geometry": { "type": "Point", "coordinates": [ 112.179679377370164, -7.019048069931688 ] } },
{ "type": "Feature", "properties": { "field_1": 1021160, "field_2": "Lainnya", "field_3": "Bahaya Listrik", "field_4": 630300.5, "field_5": 9223981.5 }, "geometry": { "type": "Point", "coordinates": [ 112.179679377370164, -7.019048069931688 ] } },
{ "type": "Feature", "properties": { "field_1": 1021161, "field_2": "Lainya", "field_3": "Open Area", "field_4": 630300.5, "field_5": 9223969.0 }, "geometry": { "type": "Point", "coordinates": [ 112.179679662105599, -7.019161120272163 ] } },
{ "type": "Feature", "properties": { "field_1": 1021161, "field_2": "Lainnya", "field_3": "Bahaya Listrik", "field_4": 630300.5, "field_5": 9223969.0 }, "geometry": { "type": "Point", "coordinates": [ 112.179679662105599, -7.019161120272163 ] } },
{ "type": "Feature", "properties": { "field_1": 1021162, "field_2": "Lainya", "field_3": "Open Area", "field_4": 630300.5, "field_5": 9223956.5 }, "geometry": { "type": "Point", "coordinates": [ 112.179679946845724, -7.019274170612082 ] } },
{ "type": "Feature", "properties": { "field_1": 1021162, "field_2": "Lainnya", "field_3": "Bahaya Listrik", "field_4": 630300.5, "field_5": 9223956.5 }, "geometry": { "type": "Point", "coordinates": [ 112.179679946845724, -7.019274170612082 ] } },
{ "type": "Feature", "properties": { "field_1": 1021163, "field_2": "Lainya", "field_3": "Open Area", "field_4": 630300.5, "field_5": 9223944.0 }, "geometry": { "type": "Point", "coordinates": [ 112.179680231590552, -7.019387220951447 ] } },
{ "type": "Feature", "properties": { "field_1": 1021163, "field_2": "Lainnya", "field_3": "Bahaya Listrik", "field_4": 630300.5, "field_5": 9223944.0 }, "geometry": { "type": "Point", "coordinates": [ 112.179680231590552, -7.019387220951447 ] } },
{ "type": "Feature", "properties": { "field_1": 1021164, "field_2": "Lainya", "field_3": "Open Area", "field_4": 630300.5, "field_5": 9223931.5 }, "geometry": { "type": "Point", "coordinates": [ 112.179680516340071, -7.019500271290255 ] } },
{ "type": "Feature", "properties": { "field_1": 1021164, "field_2": "Lainnya", "field_3": "Bahaya Listrik", "field_4": 630300.5, "field_5": 9223931.5 }, "geometry": { "type": "Point", "coordinates": [ 112.179680516340071, -7.019500271290255 ] } },
{ "type": "Feature", "properties": { "field_1": 1021165, "field_2": "Lainya", "field_3": "Open Area", "field_4": 630300.5, "field_5": 9223919.0 }, "geometry": { "type": "Point", "coordinates": [ 112.179680801094307, -7.019613321628512 ] } },
{ "type": "Feature", "properties": { "field_1": 1021165, "field_2": "Lainnya", "field_3": "Bahaya Listrik", "field_4": 630300.5, "field_5": 9223919.0 }, "geometry": { "type": "Point", "coordinates": [ 112.179680801094307, -7.019613321628512 ] } },
{ "type": "Feature", "properties": { "field_1": 1021166, "field_2": "Lainya", "field_3": "Open Area", "field_4": 630300.5, "field_5": 9223906.5 }, "geometry": { "type": "Point", "coordinates": [ 112.179681085853233, -7.019726371966211 ] } },
{ "type": "Feature", "properties": { "field_1": 1021166, "field_2": "Lainnya", "field_3": "Bahaya Listrik", "field_4": 630300.5, "field_5": 9223906.5 }, "geometry": { "type": "Point", "coordinates": [ 112.179681085853233, -7.019726371966211 ] } },
{ "type": "Feature", "properties": { "field_1": 1021167, "field_2": "Lainya", "field_3": "Open Area", "field_4": 630300.5, "field_5": 9223894.0 }, "geometry": { "type": "Point", "coordinates": [ 112.179681370616862, -7.019839422303357 ] } },
{ "type": "Feature", "properties": { "field_1": 1021167, "field_2": "Lainnya", "field_3": "Bahaya Listrik", "field_4": 630300.5, "field_5": 9223894.0 }, "geometry": { "type": "Point", "coordinates": [ 112.179681370616862, -7.019839422303357 ] } },
{ "type": "Feature", "properties": { "field_1": 1021168, "field_2": "Lainya", "field_3": "Open Area", "field_4": 630300.5, "field_5": 9223881.5 }, "geometry": { "type": "Point", "coordinates": [ 112.179681655385195, -7.019952472639947 ] } },
{ "type": "Feature", "properties": { "field_1": 1021168, "field_2": "Lainnya", "field_3": "Bahaya Listrik", "field_4": 630300.5, "field_5": 9223881.5 }, "geometry": { "type": "Point", "coordinates": [ 112.179681655385195, -7.019952472639947 ] } },
{ "type": "Feature", "properties": { "field_1": 1021169, "field_2": "Lainya", "field_3": "Open Area", "field_4": 630300.5, "field_5": 9223869.0 }, "geometry": { "type": "Point", "coordinates": [ 112.179681940158233, -7.020065522975981 ] } },
{ "type": "Feature", "properties": { "field_1": 1021169, "field_2": "Lainnya", "field_3": "Bahaya Listrik", "field_4": 630300.5, "field_5": 9223869.0 }, "geometry": { "type": "Point", "coordinates": [ 112.179681940158233, -7.020065522975981 ] } },
{ "type": "Feature", "properties": { "field_1": 1021170, "field_2": "Lainya", "field_3": "Open Area", "field_4": 630300.5, "field_5": 9223856.5 }, "geometry": { "type": "Point", "coordinates": [ 112.179682224935959, -7.020178573311461 ] } },
{ "type": "Feature", "properties": { "field_1": 1021170, "field_2": "Lainnya", "field_3": "Bahaya Listrik", "field_4": 630300.5, "field_5": 9223856.5 }, "geometry": { "type": "Point", "coordinates": [ 112.179682224935959, -7.020178573311461 ] } },
{ "type": "Feature", "properties": { "field_1": 1021171, "field_2": "Lainya", "field_3": "Open Area", "field_4": 630300.5, "field_5": 9223844.0 }, "geometry": { "type": "Point", "coordinates": [ 112.17968250971839, -7.020291623646387 ] } },
{ "type": "Feature", "properties": { "field_1": 1021171, "field_2": "Lainnya", "field_3": "Bahaya Listrik", "field_4": 630300.5, "field_5": 9223844.0 }, "geometry": { "type": "Point", "coordinates": [ 112.17968250971839, -7.020291623646387 ] } },
{ "type": "Feature", "properties": { "field_1": 1021172, "field_2": "Lainya", "field_3": "Open Area", "field_4": 630300.5, "field_5": 9223831.5 }, "geometry": { "type": "Point", "coordinates": [ 112.179682794505524, -7.020404673980757 ] } },
{ "type": "Feature", "properties": { "field_1": 1021172, "field_2": "Lainnya", "field_3": "Bahaya Listrik", "field_4": 630300.5, "field_5": 9223831.5 }, "geometry": { "type": "Point", "coordinates": [ 112.179682794505524, -7.020404673980757 ] } },
{ "type": "Feature", "properties": { "field_1": 1021173, "field_2": "Lainya", "field_3": "Open Area", "field_4": 630300.5, "field_5": 9223819.0 }, "geometry": { "type": "Point", "coordinates": [ 112.179683079297348, -7.020517724314573 ] } },
{ "type": "Feature", "properties": { "field_1": 1021173, "field_2": "Lainnya", "field_3": "Bahaya Listrik", "field_4": 630300.5, "field_5": 9223819.0 }, "geometry": { "type": "Point", "coordinates": [ 112.179683079297348, -7.020517724314573 ] } },
{ "type": "Feature", "properties": { "field_1": 1021174, "field_2": "Lainya", "field_3": "Open Area", "field_4": 630300.5, "field_5": 9223806.5 }, "geometry": { "type": "Point", "coordinates": [ 112.179683364093876, -7.020630774647834 ] } },
{ "type": "Feature", "properties": { "field_1": 1021174, "field_2": "Lainnya", "field_3": "Bahaya Listrik", "field_4": 630300.5, "field_5": 9223806.5 }, "geometry": { "type": "Point", "coordinates": [ 112.179683364093876, -7.020630774647834 ] } },
{ "type": "Feature", "properties": { "field_1": 1021175, "field_2": "Lainya", "field_3": "Open Area", "field_4": 630300.5, "field_5": 9223794.0 }, "geometry": { "type": "Point", "coordinates": [ 112.179683648895107, -7.020743824980539 ] } },
{ "type": "Feature", "properties": { "field_1": 1021175, "field_2": "Lainnya", "field_3": "Bahaya Listrik", "field_4": 630300.5, "field_5": 9223794.0 }, "geometry": { "type": "Point", "coordinates": [ 112.179683648895107, -7.020743824980539 ] } },
{ "type": "Feature", "properties": { "field_1": 1021176, "field_2": "Lainya", "field_3": "Open Area", "field_4": 630300.5, "field_5": 9223781.5 }, "geometry": { "type": "Point", "coordinates": [ 112.179683933701043, -7.020856875312689 ] } },
{ "type": "Feature", "properties": { "field_1": 1021176, "field_2": "Lainnya", "field_3": "Bahaya Listrik", "field_4": 630300.5, "field_5": 9223781.5 }, "geometry": { "type": "Point", "coordinates": [ 112.179683933701043, -7.020856875312689 ] } },
{ "type": "Feature", "properties": { "field_1": 1021177, "field_2": "Lainya", "field_3": "Open Area", "field_4": 630300.5, "field_5": 9223769.0 }, "geometry": { "type": "Point", "coordinates": [ 112.179684218511682, -7.020969925644285 ] } },
{ "type": "Feature", "properties": { "field_1": 1021177, "field_2": "Lainnya", "field_3": "Bahaya Listrik", "field_4": 630300.5, "field_5": 9223769.0 }, "geometry": { "type": "Point", "coordinates": [ 112.179684218511682, -7.020969925644285 ] } },
{ "type": "Feature", "properties": { "field_1": 1021178, "field_2": "Lainya", "field_3": "Open Area", "field_4": 630300.5, "field_5": 9223756.5 }, "geometry": { "type": "Point", "coordinates": [ 112.179684503327024, -7.021082975975326 ] } },
{ "type": "Feature", "properties": { "field_1": 1021178, "field_2": "Lainnya", "field_3": "Bahaya Listrik", "field_4": 630300.5, "field_5": 9223756.5 }, "geometry": { "type": "Point", "coordinates": [ 112.179684503327024, -7.021082975975326 ] } },
{ "type": "Feature", "properties": { "field_1": 1021179, "field_2": "Lainya", "field_3": "Open Area", "field_4": 630300.5, "field_5": 9223744.0 }, "geometry": { "type": "Point", "coordinates": [ 112.179684788147057, -7.021196026305811 ] } },
{ "type": "Feature", "properties": { "field_1": 1021179, "field_2": "Lainnya", "field_3": "Bahaya Listrik", "field_4": 630300.5, "field_5": 9223744.0 }, "geometry": { "type": "Point", "coordinates": [ 112.179684788147057, -7.021196026305811 ] } },
{ "type": "Feature", "properties": { "field_1": 1021180, "field_2": "Lainya", "field_3": "Open Area", "field_4": 630300.5, "field_5": 9223731.5 }, "geometry": { "type": "Point", "coordinates": [ 112.179685072971793, -7.021309076635741 ] } },
{ "type": "Feature", "properties": { "field_1": 1021180, "field_2": "Lainnya", "field_3": "Bahaya Listrik", "field_4": 630300.5, "field_5": 9223731.5 }, "geometry": { "type": "Point", "coordinates": [ 112.179685072971793, -7.021309076635741 ] } },
{ "type": "Feature", "properties": { "field_1": 1021181, "field_2": "Lainya", "field_3": "Open Area", "field_4": 630300.5, "field_5": 9223719.0 }, "geometry": { "type": "Point", "coordinates": [ 112.179685357801233, -7.021422126965116 ] } },
{ "type": "Feature", "properties": { "field_1": 1021181, "field_2": "Lainnya", "field_3": "Bahaya Listrik", "field_4": 630300.5, "field_5": 9223719.0 }, "geometry": { "type": "Point", "coordinates": [ 112.179685357801233, -7.021422126965116 ] } },
{ "type": "Feature", "properties": { "field_1": 1021182, "field_2": "Lainya", "field_3": "Open Area", "field_4": 630300.5, "field_5": 9223706.5 }, "geometry": { "type": "Point", "coordinates": [ 112.179685642635363, -7.021535177293936 ] } },
{ "type": "Feature", "properties": { "field_1": 1021182, "field_2": "Lainnya", "field_3": "Bahaya Listrik", "field_4": 630300.5, "field_5": 9223706.5 }, "geometry": { "type": "Point", "coordinates": [ 112.179685642635363, -7.021535177293936 ] } },
{ "type": "Feature", "properties": { "field_1": 1021183, "field_2": "Lainya", "field_3": "Open Area", "field_4": 630300.5, "field_5": 9223694.0 }, "geometry": { "type": "Point", "coordinates": [ 112.17968592747421, -7.021648227622201 ] } },
{ "type": "Feature", "properties": { "field_1": 1021183, "field_2": "Lainnya", "field_3": "Bahaya Listrik", "field_4": 630300.5, "field_5": 9223694.0 }, "geometry": { "type": "Point", "coordinates": [ 112.17968592747421, -7.021648227622201 ] } },
{ "type": "Feature", "properties": { "field_1": 1021184, "field_2": "Lainya", "field_3": "Open Area", "field_4": 630300.5, "field_5": 9223681.5 }, "geometry": { "type": "Point", "coordinates": [ 112.179686212317733, -7.021761277949912 ] } },
{ "type": "Feature", "properties": { "field_1": 1021184, "field_2": "Lainnya", "field_3": "Bahaya Listrik", "field_4": 630300.5, "field_5": 9223681.5 }, "geometry": { "type": "Point", "coordinates": [ 112.179686212317733, -7.021761277949912 ] } },
{ "type": "Feature", "properties": { "field_1": 1021185, "field_2": "Lainya", "field_3": "Open Area", "field_4": 630300.5, "field_5": 9223669.0 }, "geometry": { "type": "Point", "coordinates": [ 112.179686497165989, -7.021874328277066 ] } },
{ "type": "Feature", "properties": { "field_1": 1021185, "field_2": "Lainnya", "field_3": "Bahaya Listrik", "field_4": 630300.5, "field_5": 9223669.0 }, "geometry": { "type": "Point", "coordinates": [ 112.179686497165989, -7.021874328277066 ] } },
{ "type": "Feature", "properties": { "field_1": 1021186, "field_2": "Lainya", "field_3": "Open Area", "field_4": 630300.5, "field_5": 9223656.5 }, "geometry": { "type": "Point", "coordinates": [ 112.179686782018919, -7.021987378603666 ] } },
{ "type": "Feature", "properties": { "field_1": 1021186, "field_2": "Lainnya", "field_3": "Bahaya Listrik", "field_4": 630300.5, "field_5": 9223656.5 }, "geometry": { "type": "Point", "coordinates": [ 112.179686782018919, -7.021987378603666 ] } },
{ "type": "Feature", "properties": { "field_1": 1021187, "field_2": "Lainya", "field_3": "Open Area", "field_4": 630300.5, "field_5": 9223644.0 }, "geometry": { "type": "Point", "coordinates": [ 112.179687066876554, -7.022100428929712 ] } },
{ "type": "Feature", "properties": { "field_1": 1021187, "field_2": "Lainnya", "field_3": "Bahaya Listrik", "field_4": 630300.5, "field_5": 9223644.0 }, "geometry": { "type": "Point", "coordinates": [ 112.179687066876554, -7.022100428929712 ] } },
{ "type": "Feature", "properties": { "field_1": 1021188, "field_2": "Lainya", "field_3": "Open Area", "field_4": 630300.5, "field_5": 9223631.5 }, "geometry": { "type": "Point", "coordinates": [ 112.179687351738906, -7.022213479255201 ] } },
{ "type": "Feature", "properties": { "field_1": 1021188, "field_2": "Lainnya", "field_3": "Bahaya Listrik", "field_4": 630300.5, "field_5": 9223631.5 }, "geometry": { "type": "Point", "coordinates": [ 112.179687351738906, -7.022213479255201 ] } },
{ "type": "Feature", "properties": { "field_1": 1021189, "field_2": "Lainya", "field_3": "Open Area", "field_4": 630300.5, "field_5": 9223619.0 }, "geometry": { "type": "Point", "coordinates": [ 112.179687636605948, -7.022326529580136 ] } },
{ "type": "Feature", "properties": { "field_1": 1021189, "field_2": "Lainnya", "field_3": "Bahaya Listrik", "field_4": 630300.5, "field_5": 9223619.0 }, "geometry": { "type": "Point", "coordinates": [ 112.179687636605948, -7.022326529580136 ] } },
{ "type": "Feature", "properties": { "field_1": 1021190, "field_2": "Lainya", "field_3": "Open Area", "field_4": 630300.5, "field_5": 9223606.5 }, "geometry": { "type": "Point", "coordinates": [ 112.179687921477679, -7.022439579904515 ] } },
{ "type": "Feature", "properties": { "field_1": 1021190, "field_2": "Lainnya", "field_3": "Bahaya Listrik", "field_4": 630300.5, "field_5": 9223606.5 }, "geometry": { "type": "Point", "coordinates": [ 112.179687921477679, -7.022439579904515 ] } },
{ "type": "Feature", "properties": { "field_1": 1021191, "field_2": "Lainya", "field_3": "Open Area", "field_4": 630300.5, "field_5": 9223594.0 }, "geometry": { "type": "Point", "coordinates": [ 112.179688206354129, -7.022552630228341 ] } },
{ "type": "Feature", "properties": { "field_1": 1021191, "field_2": "Lainnya", "field_3": "Bahaya Listrik", "field_4": 630300.5, "field_5": 9223594.0 }, "geometry": { "type": "Point", "coordinates": [ 112.179688206354129, -7.022552630228341 ] } },
{ "type": "Feature", "properties": { "field_1": 1021192, "field_2": "Lainya", "field_3": "Open Area", "field_4": 630300.5, "field_5": 9223581.5 }, "geometry": { "type": "Point", "coordinates": [ 112.179688491235268, -7.022665680551609 ] } },
{ "type": "Feature", "properties": { "field_1": 1021192, "field_2": "Lainnya", "field_3": "Bahaya Listrik", "field_4": 630300.5, "field_5": 9223581.5 }, "geometry": { "type": "Point", "coordinates": [ 112.179688491235268, -7.022665680551609 ] } },
{ "type": "Feature", "properties": { "field_1": 1021193, "field_2": "Lainya", "field_3": "Open Area", "field_4": 630300.5, "field_5": 9223569.0 }, "geometry": { "type": "Point", "coordinates": [ 112.179688776121111, -7.022778730874323 ] } },
{ "type": "Feature", "properties": { "field_1": 1021193, "field_2": "Lainnya", "field_3": "Bahaya Listrik", "field_4": 630300.5, "field_5": 9223569.0 }, "geometry": { "type": "Point", "coordinates": [ 112.179688776121111, -7.022778730874323 ] } },
{ "type": "Feature", "properties": { "field_1": 1021194, "field_2": "Lainya", "field_3": "Open Area", "field_4": 630300.5, "field_5": 9223556.5 }, "geometry": { "type": "Point", "coordinates": [ 112.179689061011658, -7.022891781196482 ] } },
{ "type": "Feature", "properties": { "field_1": 1021194, "field_2": "Lainnya", "field_3": "Bahaya Listrik", "field_4": 630300.5, "field_5": 9223556.5 }, "geometry": { "type": "Point", "coordinates": [ 112.179689061011658, -7.022891781196482 ] } },
{ "type": "Feature", "properties": { "field_1": 1021195, "field_2": "Lainya", "field_3": "Open Area", "field_4": 630300.5, "field_5": 9223544.0 }, "geometry": { "type": "Point", "coordinates": [ 112.179689345906894, -7.023004831518087 ] } },
{ "type": "Feature", "properties": { "field_1": 1021195, "field_2": "Lainnya", "field_3": "Bahaya Listrik", "field_4": 630300.5, "field_5": 9223544.0 }, "geometry": { "type": "Point", "coordinates": [ 112.179689345906894, -7.023004831518087 ] } },
{ "type": "Feature", "properties": { "field_1": 1021196, "field_2": "Lainya", "field_3": "Open Area", "field_4": 630300.5, "field_5": 9223531.5 }, "geometry": { "type": "Point", "coordinates": [ 112.179689630806848, -7.023117881839135 ] } },
{ "type": "Feature", "properties": { "field_1": 1021196, "field_2": "Lainnya", "field_3": "Bahaya Listrik", "field_4": 630300.5, "field_5": 9223531.5 }, "geometry": { "type": "Point", "coordinates": [ 112.179689630806848, -7.023117881839135 ] } },
{ "type": "Feature", "properties": { "field_1": 1021197, "field_2": "Lainya", "field_3": "Open Area", "field_4": 630300.5, "field_5": 9223519.0 }, "geometry": { "type": "Point", "coordinates": [ 112.179689915711506, -7.023230932159629 ] } },
{ "type": "Feature", "properties": { "field_1": 1021197, "field_2": "Lainnya", "field_3": "Bahaya Listrik", "field_4": 630300.5, "field_5": 9223519.0 }, "geometry": { "type": "Point", "coordinates": [ 112.179689915711506, -7.023230932159629 ] } },
{ "type": "Feature", "properties": { "field_1": 1021198, "field_2": "Lainya", "field_3": "Open Area", "field_4": 630300.5, "field_5": 9223506.5 }, "geometry": { "type": "Point", "coordinates": [ 112.17969020062084, -7.023343982479567 ] } },
{ "type": "Feature", "properties": { "field_1": 1021198, "field_2": "Lainnya", "field_3": "Bahaya Listrik", "field_4": 630300.5, "field_5": 9223506.5 }, "geometry": { "type": "Point", "coordinates": [ 112.17969020062084, -7.023343982479567 ] } },
{ "type": "Feature", "properties": { "field_1": 1021199, "field_2": "Lainya", "field_3": "Open Area", "field_4": 630300.5, "field_5": 9223494.0 }, "geometry": { "type": "Point", "coordinates": [ 112.179690485534891, -7.02345703279895 ] } },
{ "type": "Feature", "properties": { "field_1": 1021199, "field_2": "Lainnya", "field_3": "Bahaya Listrik", "field_4": 630300.5, "field_5": 9223494.0 }, "geometry": { "type": "Point", "coordinates": [ 112.179690485534891, -7.02345703279895 ] } },
{ "type": "Feature", "properties": { "field_1": 1021200, "field_2": "Lainya", "field_3": "Open Area", "field_4": 630300.5, "field_5": 9223481.5 }, "geometry": { "type": "Point", "coordinates": [ 112.179690770453632, -7.023570083117778 ] } },
{ "type": "Feature", "properties": { "field_1": 1021200, "field_2": "Lainnya", "field_3": "Bahaya Listrik", "field_4": 630300.5, "field_5": 9223481.5 }, "geometry": { "type": "Point", "coordinates": [ 112.179690770453632, -7.023570083117778 ] } },
{ "type": "Feature", "properties": { "field_1": 1021201, "field_2": "Lainnya", "field_3": "Bahaya Listrik", "field_4": 630300.5, "field_5": 9223469.0 }, "geometry": { "type": "Point", "coordinates": [ 112.179691055377091, -7.02368313343605 ] } },
{ "type": "Feature", "properties": { "field_1": 1021202, "field_2": "Lainnya", "field_3": "Bahaya Listrik", "field_4": 630300.5, "field_5": 9223456.5 }, "geometry": { "type": "Point", "coordinates": [ 112.17969134030524, -7.023796183753767 ] } },
{ "type": "Feature", "properties": { "field_1": 1021203, "field_2": "Lainnya", "field_3": "Bahaya Listrik", "field_4": 630300.5, "field_5": 9223444.0 }, "geometry": { "type": "Point", "coordinates": [ 112.179691625238092, -7.02390923407093 ] } },
{ "type": "Feature", "properties": { "field_1": 1021204, "field_2": "Lainnya", "field_3": "Bahaya Listrik", "field_4": 630300.5, "field_5": 9223431.5 }, "geometry": { "type": "Point", "coordinates": [ 112.179691910175634, -7.024022284387537 ] } },
{ "type": "Feature", "properties": { "field_1": 1021205, "field_2": "Lainnya", "field_3": "Bahaya Listrik", "field_4": 630300.5, "field_5": 9223419.0 }, "geometry": { "type": "Point", "coordinates": [ 112.179692195117894, -7.024135334703589 ] } },
{ "type": "Feature", "properties": { "field_1": 1021206, "field_2": "Lainnya", "field_3": "Bahaya Listrik", "field_4": 630300.5, "field_5": 9223406.5 }, "geometry": { "type": "Point", "coordinates": [ 112.179692480064844, -7.024248385019085 ] } },
{ "type": "Feature", "properties": { "field_1": 1021207, "field_2": "Lainnya", "field_3": "Bahaya Listrik", "field_4": 630300.5, "field_5": 9223394.0 }, "geometry": { "type": "Point", "coordinates": [ 112.179692765016497, -7.024361435334026 ] } },
{ "type": "Feature", "properties": { "field_1": 1021208, "field_2": "Lainnya", "field_3": "Bahaya Listrik", "field_4": 630300.5, "field_5": 9223381.5 }, "geometry": { "type": "Point", "coordinates": [ 112.179693049972855, -7.024474485648412 ] } },
{ "type": "Feature", "properties": { "field_1": 1021209, "field_2": "Lainnya", "field_3": "Bahaya Listrik", "field_4": 630300.5, "field_5": 9223369.0 }, "geometry": { "type": "Point", "coordinates": [ 112.179693334933901, -7.024587535962243 ] } },
{ "type": "Feature", "properties": { "field_1": 1021210, "field_2": "Lainnya", "field_3": "Bahaya Listrik", "field_4": 630300.5, "field_5": 9223356.5 }, "geometry": { "type": "Point", "coordinates": [ 112.179693619899652, -7.024700586275517 ] } },
{ "type": "Feature", "properties": { "field_1": 1021211, "field_2": "Lainnya", "field_3": "Bahaya Listrik", "field_4": 630300.5, "field_5": 9223344.0 }, "geometry": { "type": "Point", "coordinates": [ 112.179693904870106, -7.024813636588239 ] } },
{ "type": "Feature", "properties": { "field_1": 1021212, "field_2": "Lainnya", "field_3": "Bahaya Listrik", "field_4": 630300.5, "field_5": 9223331.5 }, "geometry": { "type": "Point", "coordinates": [ 112.179694189845264, -7.024926686900402 ] } },
{ "type": "Feature", "properties": { "field_1": 1021213, "field_2": "Lainnya", "field_3": "Bahaya Listrik", "field_4": 630300.5, "field_5": 9223319.0 }, "geometry": { "type": "Point", "coordinates": [ 112.179694474825126, -7.025039737212012 ] } },
{ "type": "Feature", "properties": { "field_1": 1021214, "field_2": "Lainnya", "field_3": "Bahaya Listrik", "field_4": 630300.5, "field_5": 9223306.5 }, "geometry": { "type": "Point", "coordinates": [ 112.179694759809692, -7.025152787523067 ] } },
{ "type": "Feature", "properties": { "field_1": 1021215, "field_2": "Lainnya", "field_3": "Bahaya Listrik", "field_4": 630300.5, "field_5": 9223294.0 }, "geometry": { "type": "Point", "coordinates": [ 112.179695044798933, -7.025265837833566 ] } },
{ "type": "Feature", "properties": { "field_1": 1021216, "field_2": "Lainnya", "field_3": "Bahaya Listrik", "field_4": 630300.5, "field_5": 9223281.5 }, "geometry": { "type": "Point", "coordinates": [ 112.179695329792906, -7.025378888143507 ] } },
{ "type": "Feature", "properties": { "field_1": 1021217, "field_2": "Lainnya", "field_3": "Bahaya Listrik", "field_4": 630300.5, "field_5": 9223269.0 }, "geometry": { "type": "Point", "coordinates": [ 112.179695614791555, -7.025491938452895 ] } },
{ "type": "Feature", "properties": { "field_1": 1021218, "field_2": "Lainnya", "field_3": "Bahaya Listrik", "field_4": 630300.5, "field_5": 9223256.5 }, "geometry": { "type": "Point", "coordinates": [ 112.179695899794922, -7.025604988761728 ] } },
{ "type": "Feature", "properties": { "field_1": 1021219, "field_2": "Lainnya", "field_3": "Bahaya Listrik", "field_4": 630300.5, "field_5": 9223244.0 }, "geometry": { "type": "Point", "coordinates": [ 112.179696184802992, -7.025718039070005 ] } },
{ "type": "Feature", "properties": { "field_1": 1021220, "field_2": "Lainnya", "field_3": "Bahaya Listrik", "field_4": 630300.5, "field_5": 9223231.5 }, "geometry": { "type": "Point", "coordinates": [ 112.179696469815752, -7.025831089377728 ] } },
{ "type": "Feature", "properties": { "field_1": 1021221, "field_2": "Lainnya", "field_3": "Bahaya Listrik", "field_4": 630300.5, "field_5": 9223219.0 }, "geometry": { "type": "Point", "coordinates": [ 112.179696754833202, -7.025944139684894 ] } },
{ "type": "Feature", "properties": { "field_1": 1021222, "field_2": "Lainnya", "field_3": "Bahaya Listrik", "field_4": 630300.5, "field_5": 9223206.5 }, "geometry": { "type": "Point", "coordinates": [ 112.17969703985537, -7.026057189991507 ] } },
{ "type": "Feature", "properties": { "field_1": 1021223, "field_2": "Lainnya", "field_3": "Bahaya Listrik", "field_4": 630300.5, "field_5": 9223194.0 }, "geometry": { "type": "Point", "coordinates": [ 112.179697324882241, -7.026170240297561 ] } },
{ "type": "Feature", "properties": { "field_1": 1021224, "field_2": "Lainnya", "field_3": "Bahaya Listrik", "field_4": 630300.5, "field_5": 9223181.5 }, "geometry": { "type": "Point", "coordinates": [ 112.179697609913802, -7.026283290603063 ] } },
{ "type": "Feature", "properties": { "field_1": 1021225, "field_2": "Lainnya", "field_3": "Bahaya Listrik", "field_4": 630300.5, "field_5": 9223169.0 }, "geometry": { "type": "Point", "coordinates": [ 112.179697894950067, -7.026396340908006 ] } },
{ "type": "Feature", "properties": { "field_1": 1021226, "field_2": "Lainnya", "field_3": "Bahaya Listrik", "field_4": 630300.5, "field_5": 9223156.5 }, "geometry": { "type": "Point", "coordinates": [ 112.179698179991036, -7.026509391212396 ] } },
{ "type": "Feature", "properties": { "field_1": 1021227, "field_2": "Lainnya", "field_3": "Bahaya Listrik", "field_4": 630300.5, "field_5": 9223144.0 }, "geometry": { "type": "Point", "coordinates": [ 112.179698465036708, -7.02662244151623 ] } },
{ "type": "Feature", "properties": { "field_1": 1021228, "field_2": "Lainnya", "field_3": "Bahaya Listrik", "field_4": 630300.5, "field_5": 9223131.5 }, "geometry": { "type": "Point", "coordinates": [ 112.17969875008707, -7.02673549181951 ] } },
{ "type": "Feature", "properties": { "field_1": 1021229, "field_2": "Lainnya", "field_3": "Bahaya Listrik", "field_4": 630300.5, "field_5": 9223119.0 }, "geometry": { "type": "Point", "coordinates": [ 112.179699035142136, -7.026848542122232 ] } },
{ "type": "Feature", "properties": { "field_1": 1021230, "field_2": "Lainnya", "field_3": "Bahaya Listrik", "field_4": 630300.5, "field_5": 9223106.5 }, "geometry": { "type": "Point", "coordinates": [ 112.179699320201905, -7.026961592424399 ] } },
{ "type": "Feature", "properties": { "field_1": 1041027, "field_2": "Lainnya", "field_3": "Bahaya Listrik", "field_4": 631300.5, "field_5": 9226694.0 }, "geometry": { "type": "Point", "coordinates": [ 112.188669435247135, -6.994493368262161 ] } },
{ "type": "Feature", "properties": { "field_1": 1041028, "field_2": "Lainnya", "field_3": "Bahaya Listrik", "field_4": 631300.5, "field_5": 9226681.5 }, "geometry": { "type": "Point", "coordinates": [ 112.188669721138524, -6.994606418351361 ] } },
{ "type": "Feature", "properties": { "field_1": 1041029, "field_2": "Lainnya", "field_3": "Bahaya Listrik", "field_4": 631300.5, "field_5": 9226669.0 }, "geometry": { "type": "Point", "coordinates": [ 112.188670007034645, -6.994719468440008 ] } },
{ "type": "Feature", "properties": { "field_1": 1041030, "field_2": "Lainnya", "field_3": "Bahaya Listrik", "field_4": 631300.5, "field_5": 9226656.5 }, "geometry": { "type": "Point", "coordinates": [ 112.188670292935527, -6.994832518528099 ] } },
{ "type": "Feature", "properties": { "field_1": 1041031, "field_2": "Lainya", "field_3": "Bahaya Listrik", "field_4": 631300.5, "field_5": 9226644.0 }, "geometry": { "type": "Point", "coordinates": [ 112.188670578841126, -6.994945568615639 ] } },
{ "type": "Feature", "properties": { "field_1": 1041032, "field_2": "Lainnya", "field_3": "Bahaya Listrik", "field_4": 631300.5, "field_5": 9226631.5 }, "geometry": { "type": "Point", "coordinates": [ 112.188670864751458, -6.995058618702628 ] } },
{ "type": "Feature", "properties": { "field_1": 1041033, "field_2": "Lainnya", "field_3": "Bahaya Listrik", "field_4": 631300.5, "field_5": 9226619.0 }, "geometry": { "type": "Point", "coordinates": [ 112.188671150666522, -6.995171668789061 ] } },
{ "type": "Feature", "properties": { "field_1": 1041034, "field_2": "Lainnya", "field_3": "Bahaya Listrik", "field_4": 631300.5, "field_5": 9226606.5 }, "geometry": { "type": "Point", "coordinates": [ 112.188671436586318, -6.995284718874943 ] } },
{ "type": "Feature", "properties": { "field_1": 1041035, "field_2": "Lainnya", "field_3": "Bahaya Listrik", "field_4": 631300.5, "field_5": 9226594.0 }, "geometry": { "type": "Point", "coordinates": [ 112.188671722510875, -6.99539776896027 ] } },
{ "type": "Feature", "properties": { "field_1": 1041036, "field_2": "Lainnya", "field_3": "Bahaya Listrik", "field_4": 631300.5, "field_5": 9226581.5 }, "geometry": { "type": "Point", "coordinates": [ 112.18867200844015, -6.995510819045043 ] } },
{ "type": "Feature", "properties": { "field_1": 1041037, "field_2": "Lainnya", "field_3": "Bahaya Listrik", "field_4": 631300.5, "field_5": 9226569.0 }, "geometry": { "type": "Point", "coordinates": [ 112.188672294374157, -6.995623869129265 ] } },
{ "type": "Feature", "properties": { "field_1": 1041038, "field_2": "Lainnya", "field_3": "Bahaya Listrik", "field_4": 631300.5, "field_5": 9226556.5 }, "geometry": { "type": "Point", "coordinates": [ 112.188672580312911, -6.995736919212932 ] } },
{ "type": "Feature", "properties": { "field_1": 1041123, "field_2": "Lainya", "field_3": "Bahaya Listrik", "field_4": 631300.5, "field_5": 9225494.0 }, "geometry": { "type": "Point", "coordinates": [ 112.188696902414577, -7.005346174301738 ] } },
{ "type": "Feature", "properties": { "field_1": 1041124, "field_2": "Lainya", "field_3": "Bahaya Listrik", "field_4": 631300.5, "field_5": 9225481.5 }, "geometry": { "type": "Point", "coordinates": [ 112.188697188760585, -7.005459224337796 ] } },
{ "type": "Feature", "properties": { "field_1": 1041145, "field_2": "Lainnya", "field_3": "Bahaya Listrik", "field_4": 631300.5, "field_5": 9225219.0 }, "geometry": { "type": "Point", "coordinates": [ 112.188703203120681, -7.007833274967029 ] } },
{ "type": "Feature", "properties": { "field_1": 1041146, "field_2": "Lainnya", "field_3": "Bahaya Listrik", "field_4": 631300.5, "field_5": 9225206.5 }, "geometry": { "type": "Point", "coordinates": [ 112.188703489570884, -7.007946324990897 ] } },
{ "type": "Feature", "properties": { "field_1": 1041147, "field_2": "Lainnya", "field_3": "Bahaya Listrik", "field_4": 631300.5, "field_5": 9225194.0 }, "geometry": { "type": "Point", "coordinates": [ 112.188703776025818, -7.008059375014211 ] } },
{ "type": "Feature", "properties": { "field_1": 1041148, "field_2": "Lainnya", "field_3": "Bahaya Listrik", "field_4": 631300.5, "field_5": 9225181.5 }, "geometry": { "type": "Point", "coordinates": [ 112.188704062485485, -7.008172425036971 ] } },
{ "type": "Feature", "properties": { "field_1": 1041149, "field_2": "Lainnya", "field_3": "Bahaya Listrik", "field_4": 631300.5, "field_5": 9225169.0 }, "geometry": { "type": "Point", "coordinates": [ 112.188704348949884, -7.008285475059177 ] } },
{ "type": "Feature", "properties": { "field_1": 1041150, "field_2": "Lainnya", "field_3": "Bahaya Listrik", "field_4": 631300.5, "field_5": 9225156.5 }, "geometry": { "type": "Point", "coordinates": [ 112.188704635419015, -7.008398525080828 ] } },
{ "type": "Feature", "properties": { "field_1": 1041151, "field_2": "Lainnya", "field_3": "Bahaya Listrik", "field_4": 631300.5, "field_5": 9225144.0 }, "geometry": { "type": "Point", "coordinates": [ 112.188704921892892, -7.008511575101926 ] } },
{ "type": "Feature", "properties": { "field_1": 1041152, "field_2": "Lainnya", "field_3": "Bahaya Listrik", "field_4": 631300.5, "field_5": 9225131.5 }, "geometry": { "type": "Point", "coordinates": [ 112.188705208371502, -7.008624625122469 ] } },
{ "type": "Feature", "properties": { "field_1": 1041153, "field_2": "Lainnya", "field_3": "Bahaya Listrik", "field_4": 631300.5, "field_5": 9225119.0 }, "geometry": { "type": "Point", "coordinates": [ 112.188705494854858, -7.008737675142457 ] } },
{ "type": "Feature", "properties": { "field_1": 1041154, "field_2": "Lainnya", "field_3": "Bahaya Listrik", "field_4": 631300.5, "field_5": 9225106.5 }, "geometry": { "type": "Point", "coordinates": [ 112.188705781342932, -7.008850725161891 ] } },
{ "type": "Feature", "properties": { "field_1": 1041156, "field_2": "Lainnya", "field_3": "Bahaya Listrik", "field_4": 631300.5, "field_5": 9225081.5 }, "geometry": { "type": "Point", "coordinates": [ 112.188706354333306, -7.009076825199098 ] } },
{ "type": "Feature", "properties": { "field_1": 1041157, "field_2": "Lainnya", "field_3": "Bahaya Listrik", "field_4": 631300.5, "field_5": 9225069.0 }, "geometry": { "type": "Point", "coordinates": [ 112.188706640835605, -7.00918987521687 ] } },
{ "type": "Feature", "properties": { "field_1": 1041159, "field_2": "Lainnya", "field_3": "Bahaya Listrik", "field_4": 631300.5, "field_5": 9225044.0 }, "geometry": { "type": "Point", "coordinates": [ 112.188707213854386, -7.009415975250752 ] } },
{ "type": "Feature", "properties": { "field_1": 1041160, "field_2": "Lainnya", "field_3": "Bahaya Listrik", "field_4": 631300.5, "field_5": 9225031.5 }, "geometry": { "type": "Point", "coordinates": [ 112.188707500370882, -7.009529025266859 ] } },
{ "type": "Feature", "properties": { "field_1": 1041161, "field_2": "Lainnya", "field_3": "Bahaya Listrik", "field_4": 631300.5, "field_5": 9225019.0 }, "geometry": { "type": "Point", "coordinates": [ 112.188707786892124, -7.009642075282415 ] } },
{ "type": "Feature", "properties": { "field_1": 1041162, "field_2": "Lainnya", "field_3": "Bahaya Listrik", "field_4": 631300.5, "field_5": 9225006.5 }, "geometry": { "type": "Point", "coordinates": [ 112.188708073418098, -7.009755125297414 ] } },
{ "type": "Feature", "properties": { "field_1": 1061007, "field_2": "Lainya", "field_3": "Bahaya Listrik", "field_4": 632300.5, "field_5": 9227144.0 }, "geometry": { "type": "Point", "coordinates": [ 112.197710771994807, -6.990400639564034 ] } },
{ "type": "Feature", "properties": { "field_1": 1061026, "field_2": "Lainya", "field_3": "Bahaya Listrik", "field_4": 632300.5, "field_5": 9226906.5 }, "geometry": { "type": "Point", "coordinates": [ 112.197716242823773, -6.992548584430664 ] } },
{ "type": "Feature", "properties": { "field_1": 1061048, "field_2": "Lainya", "field_3": "Bahaya Listrik", "field_4": 632300.5, "field_5": 9226631.5 }, "geometry": { "type": "Point", "coordinates": [ 112.197722579619651, -6.995035678237284 ] } },
{ "type": "Feature", "properties": { "field_1": 1061079, "field_2": "Lainya", "field_3": "Ular", "field_4": 632300.5, "field_5": 9226244.0 }, "geometry": { "type": "Point", "coordinates": [ 112.197731512660781, -6.998540219055648 ] } },
{ "type": "Feature", "properties": { "field_1": 1061082, "field_2": "Lainya", "field_3": "Ular", "field_4": 632300.5, "field_5": 9226206.5 }, "geometry": { "type": "Point", "coordinates": [ 112.197732377391986, -6.998879368138872 ] } },
{ "type": "Feature", "properties": { "field_1": 1081101, "field_2": "Lainya", "field_3": "Bahaya Listrik", "field_4": 633300.5, "field_5": 9225769.0 }, "geometry": { "type": "Point", "coordinates": [ 112.206794303651748, -7.00281296665785 ] } },
{ "type": "Feature", "properties": { "field_1": 1082270, "field_2": "Lainya", "field_3": "Potensi Terjatuh", "field_4": 633300.5, "field_5": 9211156.59 }, "geometry": { "type": "Point", "coordinates": [ 112.207137295172629, -7.134966399975313 ] } },
{ "type": "Feature", "properties": { "field_1": 1082424, "field_2": "Lainya", "field_3": "Potensi Terjatuh", "field_4": 633300.5, "field_5": 9209231.59 }, "geometry": { "type": "Point", "coordinates": [ 112.207182970216991, -7.152375884340275 ] } },
{ "type": "Feature", "properties": { "field_1": 1082425, "field_2": "Lainya", "field_3": "Potensi Terjatuh", "field_4": 633300.5, "field_5": 9209219.0 }, "geometry": { "type": "Point", "coordinates": [ 112.207183269319515, -7.152489746845837 ] } },
{ "type": "Feature", "properties": { "field_1": 1082426, "field_2": "Lainya", "field_3": "Potensi Terjatuh", "field_4": 633300.5, "field_5": 9209206.59 }, "geometry": { "type": "Point", "coordinates": [ 112.20718356415054, -7.152601981451634 ] } },
{ "type": "Feature", "properties": { "field_1": 1082427, "field_2": "Lainya", "field_3": "Potensi Terjatuh", "field_4": 633300.5, "field_5": 9209194.0 }, "geometry": { "type": "Point", "coordinates": [ 112.20718386326277, -7.152715843956058 ] } },
{ "type": "Feature", "properties": { "field_1": 1082428, "field_2": "Lainya", "field_3": "Potensi Terjatuh", "field_4": 633300.5, "field_5": 9209181.59 }, "geometry": { "type": "Point", "coordinates": [ 112.20718415810336, -7.152828078560732 ] } },
{ "type": "Feature", "properties": { "field_1": 1082429, "field_2": "Lainya", "field_3": "Potensi Terjatuh", "field_4": 633300.5, "field_5": 9209169.0 }, "geometry": { "type": "Point", "coordinates": [ 112.207184457225267, -7.152941941064016 ] } },
{ "type": "Feature", "properties": { "field_1": 1082430, "field_2": "Lainya", "field_3": "Potensi Terjatuh", "field_4": 633300.5, "field_5": 9209156.59 }, "geometry": { "type": "Point", "coordinates": [ 112.20718475207542, -7.153054175667567 ] } },
{ "type": "Feature", "properties": { "field_1": 1082431, "field_2": "Lainya", "field_3": "Potensi Terjatuh", "field_4": 633300.5, "field_5": 9209144.0 }, "geometry": { "type": "Point", "coordinates": [ 112.207185051207048, -7.15316803816971 ] } },
{ "type": "Feature", "properties": { "field_1": 1082432, "field_2": "Lainya", "field_3": "Potensi Terjatuh", "field_4": 633300.5, "field_5": 9209131.59 }, "geometry": { "type": "Point", "coordinates": [ 112.207185346066751, -7.153280272772137 ] } },
{ "type": "Feature", "properties": { "field_1": 1082433, "field_2": "Lainya", "field_3": "Potensi Terjatuh", "field_4": 633300.5, "field_5": 9209119.0 }, "geometry": { "type": "Point", "coordinates": [ 112.207185645208085, -7.153394135273141 ] } },
{ "type": "Feature", "properties": { "field_1": 1082434, "field_2": "Lainya", "field_3": "Potensi Terjatuh", "field_4": 633300.5, "field_5": 9209106.59 }, "geometry": { "type": "Point", "coordinates": [ 112.207185940077338, -7.153506369874445 ] } },
{ "type": "Feature", "properties": { "field_1": 1082435, "field_2": "Lainya", "field_3": "Potensi Terjatuh", "field_4": 633300.5, "field_5": 9209094.0 }, "geometry": { "type": "Point", "coordinates": [ 112.207186239228363, -7.153620232374308 ] } },
{ "type": "Feature", "properties": { "field_1": 1082436, "field_2": "Lainya", "field_3": "Potensi Terjatuh", "field_4": 633300.5, "field_5": 9209081.59 }, "geometry": { "type": "Point", "coordinates": [ 112.207186534107194, -7.15373246697449 ] } },
{ "type": "Feature", "properties": { "field_1": 1082437, "field_2": "Lainya", "field_3": "Potensi Terjatuh", "field_4": 633300.5, "field_5": 9209069.0 }, "geometry": { "type": "Point", "coordinates": [ 112.20718683326794, -7.153846329473214 ] } },
{ "type": "Feature", "properties": { "field_1": 1082438, "field_2": "Lainya", "field_3": "Potensi Terjatuh", "field_4": 633300.5, "field_5": 9209056.59 }, "geometry": { "type": "Point", "coordinates": [ 112.20718712815632, -7.15395856407227 ] } },
{ "type": "Feature", "properties": { "field_1": 1082439, "field_2": "Lainya", "field_3": "Potensi Terjatuh", "field_4": 633300.5, "field_5": 9209044.0 }, "geometry": { "type": "Point", "coordinates": [ 112.207187427326744, -7.154072426569855 ] } },
{ "type": "Feature", "properties": { "field_1": 1082440, "field_2": "Lainya", "field_3": "Potensi Terjatuh", "field_4": 633300.5, "field_5": 9209031.59 }, "geometry": { "type": "Point", "coordinates": [ 112.207187722224702, -7.154184661167788 ] } },
{ "type": "Feature", "properties": { "field_1": 1082441, "field_2": "Lainya", "field_3": "Potensi Terjatuh", "field_4": 633300.5, "field_5": 9209019.0 }, "geometry": { "type": "Point", "coordinates": [ 112.207188021404818, -7.154298523664234 ] } },
{ "type": "Feature", "properties": { "field_1": 1082442, "field_2": "Lainya", "field_3": "Potensi Terjatuh", "field_4": 633300.5, "field_5": 9209006.59 }, "geometry": { "type": "Point", "coordinates": [ 112.20718831631234, -7.154410758261043 ] } },
{ "type": "Feature", "properties": { "field_1": 1082443, "field_2": "Lainya", "field_3": "Potensi Terjatuh", "field_4": 633300.5, "field_5": 9208994.0 }, "geometry": { "type": "Point", "coordinates": [ 112.207188615502162, -7.154524620756349 ] } },
{ "type": "Feature", "properties": { "field_1": 1082444, "field_2": "Lainya", "field_3": "Potensi Terjatuh", "field_4": 633300.5, "field_5": 9208981.59 }, "geometry": { "type": "Point", "coordinates": [ 112.207188910419248, -7.154636855352034 ] } },
{ "type": "Feature", "properties": { "field_1": 1082445, "field_2": "Lainya", "field_3": "Potensi Terjatuh", "field_4": 633300.5, "field_5": 9208969.0 }, "geometry": { "type": "Point", "coordinates": [ 112.207189209618761, -7.154750717846199 ] } },
{ "type": "Feature", "properties": { "field_1": 1082446, "field_2": "Lainya", "field_3": "Potensi Terjatuh", "field_4": 633300.5, "field_5": 9208956.59 }, "geometry": { "type": "Point", "coordinates": [ 112.207189504545411, -7.154862952440761 ] } },
{ "type": "Feature", "properties": { "field_1": 1082447, "field_2": "Lainya", "field_3": "Potensi Terjatuh", "field_4": 633300.5, "field_5": 9208944.0 }, "geometry": { "type": "Point", "coordinates": [ 112.20718980375463, -7.154976814933785 ] } },
{ "type": "Feature", "properties": { "field_1": 1082448, "field_2": "Lainya", "field_3": "Potensi Terjatuh", "field_4": 633300.5, "field_5": 9208931.59 }, "geometry": { "type": "Point", "coordinates": [ 112.20719009869083, -7.155089049527224 ] } },
{ "type": "Feature", "properties": { "field_1": 1082449, "field_2": "Lainya", "field_3": "Potensi Terjatuh", "field_4": 633300.5, "field_5": 9208919.0 }, "geometry": { "type": "Point", "coordinates": [ 112.207190397909756, -7.155202912019109 ] } },
{ "type": "Feature", "properties": { "field_1": 1082450, "field_2": "Lainya", "field_3": "Potensi Terjatuh", "field_4": 633300.5, "field_5": 9208906.59 }, "geometry": { "type": "Point", "coordinates": [ 112.207190692855519, -7.155315146611425 ] } },
{ "type": "Feature", "properties": { "field_1": 1082451, "field_2": "Lainya", "field_3": "Potensi Terjatuh", "field_4": 633300.5, "field_5": 9208894.0 }, "geometry": { "type": "Point", "coordinates": [ 112.207190992084151, -7.15542900910217 ] } },
{ "type": "Feature", "properties": { "field_1": 1082452, "field_2": "Lainya", "field_3": "Potensi Terjatuh", "field_4": 633300.5, "field_5": 9208881.59 }, "geometry": { "type": "Point", "coordinates": [ 112.207191287039464, -7.15554124369336 ] } },
{ "type": "Feature", "properties": { "field_1": 1082453, "field_2": "Lainya", "field_3": "Potensi Terjatuh", "field_4": 633300.5, "field_5": 9208869.0 }, "geometry": { "type": "Point", "coordinates": [ 112.207191586277801, -7.155655106182966 ] } },
{ "type": "Feature", "properties": { "field_1": 1082454, "field_2": "Lainya", "field_3": "Potensi Terjatuh", "field_4": 633300.5, "field_5": 9208856.59 }, "geometry": { "type": "Point", "coordinates": [ 112.207191881242693, -7.155767340773034 ] } },
{ "type": "Feature", "properties": { "field_1": 1082455, "field_2": "Lainya", "field_3": "Potensi Terjatuh", "field_4": 633300.5, "field_5": 9208844.0 }, "geometry": { "type": "Point", "coordinates": [ 112.207192180490708, -7.155881203261496 ] } },
{ "type": "Feature", "properties": { "field_1": 1082456, "field_2": "Lainya", "field_3": "Potensi Terjatuh", "field_4": 633300.5, "field_5": 9208831.59 }, "geometry": { "type": "Point", "coordinates": [ 112.207192475465163, -7.15599343785044 ] } },
{ "type": "Feature", "properties": { "field_1": 1082457, "field_2": "Lainya", "field_3": "Potensi Terjatuh", "field_4": 633300.5, "field_5": 9208819.0 }, "geometry": { "type": "Point", "coordinates": [ 112.207192774722884, -7.156107300337766 ] } },
{ "type": "Feature", "properties": { "field_1": 1082458, "field_2": "Lainya", "field_3": "Potensi Terjatuh", "field_4": 633300.5, "field_5": 9208806.59 }, "geometry": { "type": "Point", "coordinates": [ 112.207193069706889, -7.156219534925585 ] } },
{ "type": "Feature", "properties": { "field_1": 1082459, "field_2": "Lainya", "field_3": "Potensi Terjatuh", "field_4": 633300.5, "field_5": 9208794.0 }, "geometry": { "type": "Point", "coordinates": [ 112.20719336897433, -7.156333397411768 ] } },
{ "type": "Feature", "properties": { "field_1": 1082460, "field_2": "Lainya", "field_3": "Potensi Terjatuh", "field_4": 633300.5, "field_5": 9208781.5 }, "geometry": { "type": "Point", "coordinates": [ 112.207193666107273, -7.15644644594792 ] } },
{ "type": "Feature", "properties": { "field_1": 1082563, "field_2": "Lainnya", "field_3": "Open Area", "field_4": 633300.5, "field_5": 9207494.0 }, "geometry": { "type": "Point", "coordinates": [ 112.207224296593679, -7.16809044213832 ] } },
{ "type": "Feature", "properties": { "field_1": 1082564, "field_2": "Lainnya", "field_3": "Open Area", "field_4": 633300.5, "field_5": 9207481.5 }, "geometry": { "type": "Point", "coordinates": [ 112.207224594227469, -7.168203490615558 ] } },
{ "type": "Feature", "properties": { "field_1": 1082565, "field_2": "Lainnya", "field_3": "Open Area", "field_4": 633300.5, "field_5": 9207469.0 }, "geometry": { "type": "Point", "coordinates": [ 112.207224891866076, -7.168316539092229 ] } },
{ "type": "Feature", "properties": { "field_1": 1082566, "field_2": "Lainnya", "field_3": "Open Area", "field_4": 633300.5, "field_5": 9207456.5 }, "geometry": { "type": "Point", "coordinates": [ 112.207225189509501, -7.168429587568333 ] } },
{ "type": "Feature", "properties": { "field_1": 1082567, "field_2": "Lainnya", "field_3": "Open Area", "field_4": 633300.5, "field_5": 9207444.0 }, "geometry": { "type": "Point", "coordinates": [ 112.207225487157743, -7.168542636043867 ] } },
{ "type": "Feature", "properties": { "field_1": 1082568, "field_2": "Lainnya", "field_3": "Open Area", "field_4": 633300.5, "field_5": 9207431.5 }, "geometry": { "type": "Point", "coordinates": [ 112.207225784810817, -7.168655684518836 ] } },
{ "type": "Feature", "properties": { "field_1": 1082569, "field_2": "Lainnya", "field_3": "Open Area", "field_4": 633300.5, "field_5": 9207419.0 }, "geometry": { "type": "Point", "coordinates": [ 112.207226082468679, -7.168768732993239 ] } },
{ "type": "Feature", "properties": { "field_1": 1082570, "field_2": "Lainnya", "field_3": "Open Area", "field_4": 633300.5, "field_5": 9207406.5 }, "geometry": { "type": "Point", "coordinates": [ 112.207226380131374, -7.168881781467074 ] } },
{ "type": "Feature", "properties": { "field_1": 1082571, "field_2": "Lainnya", "field_3": "Open Area", "field_4": 633300.5, "field_5": 9207394.0 }, "geometry": { "type": "Point", "coordinates": [ 112.207226677798886, -7.168994829940343 ] } },
{ "type": "Feature", "properties": { "field_1": 1082572, "field_2": "Lainnya", "field_3": "Open Area", "field_4": 633300.5, "field_5": 9207381.5 }, "geometry": { "type": "Point", "coordinates": [ 112.207226975471215, -7.169107878413043 ] } },
{ "type": "Feature", "properties": { "field_1": 1082573, "field_2": "Lainnya", "field_3": "Open Area", "field_4": 633300.5, "field_5": 9207369.0 }, "geometry": { "type": "Point", "coordinates": [ 112.207227273148348, -7.169220926885178 ] } },
{ "type": "Feature", "properties": { "field_1": 1082574, "field_2": "Lainnya", "field_3": "Open Area", "field_4": 633300.5, "field_5": 9207356.5 }, "geometry": { "type": "Point", "coordinates": [ 112.207227570830312, -7.169333975356746 ] } },
{ "type": "Feature", "properties": { "field_1": 1082575, "field_2": "Lainnya", "field_3": "Open Area", "field_4": 633300.5, "field_5": 9207344.0 }, "geometry": { "type": "Point", "coordinates": [ 112.20722786851708, -7.169447023827745 ] } },
{ "type": "Feature", "properties": { "field_1": 1082576, "field_2": "Lainnya", "field_3": "Open Area", "field_4": 633300.5, "field_5": 9207331.5 }, "geometry": { "type": "Point", "coordinates": [ 112.207228166208679, -7.169560072298179 ] } },
{ "type": "Feature", "properties": { "field_1": 1082577, "field_2": "Lainnya", "field_3": "Open Area", "field_4": 633300.5, "field_5": 9207319.0 }, "geometry": { "type": "Point", "coordinates": [ 112.207228463905082, -7.169673120768044 ] } },
{ "type": "Feature", "properties": { "field_1": 1082578, "field_2": "Lainnya", "field_3": "Open Area", "field_4": 633300.5, "field_5": 9207306.5 }, "geometry": { "type": "Point", "coordinates": [ 112.207228761606302, -7.169786169237343 ] } },
{ "type": "Feature", "properties": { "field_1": 1082579, "field_2": "Lainnya", "field_3": "Open Area", "field_4": 633300.5, "field_5": 9207294.0 }, "geometry": { "type": "Point", "coordinates": [ 112.20722905931234, -7.169899217706075 ] } },
{ "type": "Feature", "properties": { "field_1": 1082580, "field_2": "Lainnya", "field_3": "Open Area", "field_4": 633300.5, "field_5": 9207281.5 }, "geometry": { "type": "Point", "coordinates": [ 112.207229357023195, -7.17001226617424 ] } },
{ "type": "Feature", "properties": { "field_1": 1082581, "field_2": "Lainnya", "field_3": "Open Area", "field_4": 633300.5, "field_5": 9207269.0 }, "geometry": { "type": "Point", "coordinates": [ 112.207229654738867, -7.170125314641838 ] } },
{ "type": "Feature", "properties": { "field_1": 1082582, "field_2": "Lainnya", "field_3": "Open Area", "field_4": 633300.5, "field_5": 9207256.5 }, "geometry": { "type": "Point", "coordinates": [ 112.207229952459357, -7.170238363108867 ] } },
{ "type": "Feature", "properties": { "field_1": 1082583, "field_2": "Lainnya", "field_3": "Open Area", "field_4": 633300.5, "field_5": 9207244.0 }, "geometry": { "type": "Point", "coordinates": [ 112.207230250184651, -7.170351411575331 ] } },
{ "type": "Feature", "properties": { "field_1": 1082584, "field_2": "Lainnya", "field_3": "Open Area", "field_4": 633300.5, "field_5": 9207231.5 }, "geometry": { "type": "Point", "coordinates": [ 112.207230547914776, -7.170464460041227 ] } },
{ "type": "Feature", "properties": { "field_1": 1082585, "field_2": "Lainnya", "field_3": "Open Area", "field_4": 633300.5, "field_5": 9207219.0 }, "geometry": { "type": "Point", "coordinates": [ 112.207230845649704, -7.170577508506555 ] } },
{ "type": "Feature", "properties": { "field_1": 1082586, "field_2": "Lainnya", "field_3": "Open Area", "field_4": 633300.5, "field_5": 9207206.5 }, "geometry": { "type": "Point", "coordinates": [ 112.20723114338945, -7.170690556971318 ] } },
{ "type": "Feature", "properties": { "field_1": 1082587, "field_2": "Lainnya", "field_3": "Open Area", "field_4": 633300.5, "field_5": 9207194.0 }, "geometry": { "type": "Point", "coordinates": [ 112.207231441134027, -7.170803605435513 ] } },
{ "type": "Feature", "properties": { "field_1": 1082588, "field_2": "Lainnya", "field_3": "Open Area", "field_4": 633300.5, "field_5": 9207181.5 }, "geometry": { "type": "Point", "coordinates": [ 112.207231738883408, -7.170916653899141 ] } },
{ "type": "Feature", "properties": { "field_1": 1082589, "field_2": "Lainnya", "field_3": "Open Area", "field_4": 633300.5, "field_5": 9207169.0 }, "geometry": { "type": "Point", "coordinates": [ 112.207232036637606, -7.1710297023622 ] } },
{ "type": "Feature", "properties": { "field_1": 1082590, "field_2": "Lainnya", "field_3": "Open Area", "field_4": 633300.5, "field_5": 9207156.5 }, "geometry": { "type": "Point", "coordinates": [ 112.207232334396622, -7.171142750824695 ] } },
{ "type": "Feature", "properties": { "field_1": 1082591, "field_2": "Lainnya", "field_3": "Open Area", "field_4": 633300.5, "field_5": 9207144.0 }, "geometry": { "type": "Point", "coordinates": [ 112.207232632160455, -7.171255799286621 ] } },
{ "type": "Feature", "properties": { "field_1": 1082592, "field_2": "Lainnya", "field_3": "Open Area", "field_4": 633300.5, "field_5": 9207131.5 }, "geometry": { "type": "Point", "coordinates": [ 112.20723292992912, -7.17136884774798 ] } },
{ "type": "Feature", "properties": { "field_1": 1082593, "field_2": "Lainnya", "field_3": "Open Area", "field_4": 633300.5, "field_5": 9207119.0 }, "geometry": { "type": "Point", "coordinates": [ 112.207233227702588, -7.171481896208772 ] } },
{ "type": "Feature", "properties": { "field_1": 1082594, "field_2": "Lainnya", "field_3": "Open Area", "field_4": 633300.5, "field_5": 9207106.5 }, "geometry": { "type": "Point", "coordinates": [ 112.207233525480859, -7.171594944668996 ] } },
{ "type": "Feature", "properties": { "field_1": 1082595, "field_2": "Lainnya", "field_3": "Open Area", "field_4": 633300.5, "field_5": 9207094.0 }, "geometry": { "type": "Point", "coordinates": [ 112.207233823263962, -7.171707993128652 ] } },
{ "type": "Feature", "properties": { "field_1": 1082596, "field_2": "Lainnya", "field_3": "Open Area", "field_4": 633300.5, "field_5": 9207081.5 }, "geometry": { "type": "Point", "coordinates": [ 112.207234121051883, -7.171821041587743 ] } },
{ "type": "Feature", "properties": { "field_1": 1082597, "field_2": "Lainnya", "field_3": "Open Area", "field_4": 633300.5, "field_5": 9207069.0 }, "geometry": { "type": "Point", "coordinates": [ 112.207234418844607, -7.171934090046266 ] } },
{ "type": "Feature", "properties": { "field_1": 1082598, "field_2": "Lainnya", "field_3": "Open Area", "field_4": 633300.5, "field_5": 9207056.5 }, "geometry": { "type": "Point", "coordinates": [ 112.207234716642162, -7.172047138504222 ] } },
{ "type": "Feature", "properties": { "field_1": 1082599, "field_2": "Lainnya", "field_3": "Open Area", "field_4": 633300.5, "field_5": 9207044.0 }, "geometry": { "type": "Point", "coordinates": [ 112.207235014444521, -7.172160186961611 ] } },
{ "type": "Feature", "properties": { "field_1": 1082600, "field_2": "Lainnya", "field_3": "Open Area", "field_4": 633300.5, "field_5": 9207031.5 }, "geometry": { "type": "Point", "coordinates": [ 112.207235312251711, -7.172273235418433 ] } },
{ "type": "Feature", "properties": { "field_1": 1082601, "field_2": "Lainnya", "field_3": "Open Area", "field_4": 633300.5, "field_5": 9207019.0 }, "geometry": { "type": "Point", "coordinates": [ 112.207235610063691, -7.172386283874685 ] } },
{ "type": "Feature", "properties": { "field_1": 1082602, "field_2": "Lainnya", "field_3": "Open Area", "field_4": 633300.5, "field_5": 9207006.5 }, "geometry": { "type": "Point", "coordinates": [ 112.207235907880516, -7.172499332330371 ] } },
{ "type": "Feature", "properties": { "field_1": 1082603, "field_2": "Lainnya", "field_3": "Open Area", "field_4": 633300.5, "field_5": 9206994.0 }, "geometry": { "type": "Point", "coordinates": [ 112.207236205702145, -7.172612380785489 ] } },
{ "type": "Feature", "properties": { "field_1": 1082604, "field_2": "Lainnya", "field_3": "Open Area", "field_4": 633300.5, "field_5": 9206981.5 }, "geometry": { "type": "Point", "coordinates": [ 112.207236503528591, -7.172725429240042 ] } },
{ "type": "Feature", "properties": { "field_1": 1082605, "field_2": "Lainnya", "field_3": "Open Area", "field_4": 633300.5, "field_5": 9206969.0 }, "geometry": { "type": "Point", "coordinates": [ 112.207236801359855, -7.172838477694026 ] } },
{ "type": "Feature", "properties": { "field_1": 1082606, "field_2": "Lainnya", "field_3": "Open Area", "field_4": 633300.5, "field_5": 9206956.5 }, "geometry": { "type": "Point", "coordinates": [ 112.207237099195936, -7.172951526147445 ] } },
{ "type": "Feature", "properties": { "field_1": 1082607, "field_2": "Lainnya", "field_3": "Open Area", "field_4": 633300.5, "field_5": 9206944.0 }, "geometry": { "type": "Point", "coordinates": [ 112.207237397036835, -7.173064574600295 ] } },
{ "type": "Feature", "properties": { "field_1": 1082608, "field_2": "Lainnya", "field_3": "Open Area", "field_4": 633300.5, "field_5": 9206931.5 }, "geometry": { "type": "Point", "coordinates": [ 112.207237694882551, -7.173177623052577 ] } },
{ "type": "Feature", "properties": { "field_1": 1082609, "field_2": "Lainnya", "field_3": "Open Area", "field_4": 633300.5, "field_5": 9206919.0 }, "geometry": { "type": "Point", "coordinates": [ 112.20723799273307, -7.173290671504293 ] } },
{ "type": "Feature", "properties": { "field_1": 1082610, "field_2": "Lainnya", "field_3": "Open Area", "field_4": 633300.5, "field_5": 9206906.5 }, "geometry": { "type": "Point", "coordinates": [ 112.207238290588407, -7.17340371995544 ] } },
{ "type": "Feature", "properties": { "field_1": 1082611, "field_2": "Lainnya", "field_3": "Open Area", "field_4": 633300.5, "field_5": 9206894.0 }, "geometry": { "type": "Point", "coordinates": [ 112.207238588448575, -7.17351676840602 ] } },
{ "type": "Feature", "properties": { "field_1": 1082612, "field_2": "Lainnya", "field_3": "Open Area", "field_4": 633300.5, "field_5": 9206881.5 }, "geometry": { "type": "Point", "coordinates": [ 112.207238886313561, -7.173629816856034 ] } },
{ "type": "Feature", "properties": { "field_1": 1082613, "field_2": "Lainnya", "field_3": "Open Area", "field_4": 633300.5, "field_5": 9206869.0 }, "geometry": { "type": "Point", "coordinates": [ 112.207239184183351, -7.17374286530548 ] } },
{ "type": "Feature", "properties": { "field_1": 1082614, "field_2": "Lainnya", "field_3": "Open Area", "field_4": 633300.5, "field_5": 9206856.5 }, "geometry": { "type": "Point", "coordinates": [ 112.207239482057958, -7.173855913754359 ] } },
{ "type": "Feature", "properties": { "field_1": 1082615, "field_2": "Lainnya", "field_3": "Open Area", "field_4": 633300.5, "field_5": 9206844.0 }, "geometry": { "type": "Point", "coordinates": [ 112.207239779937396, -7.17396896220267 ] } },
{ "type": "Feature", "properties": { "field_1": 1082616, "field_2": "Lainnya", "field_3": "Open Area", "field_4": 633300.5, "field_5": 9206831.5 }, "geometry": { "type": "Point", "coordinates": [ 112.207240077821638, -7.174082010650413 ] } },
{ "type": "Feature", "properties": { "field_1": 1082617, "field_2": "Lainnya", "field_3": "Open Area", "field_4": 633300.5, "field_5": 9206819.0 }, "geometry": { "type": "Point", "coordinates": [ 112.207240375710697, -7.174195059097591 ] } },
{ "type": "Feature", "properties": { "field_1": 1082618, "field_2": "Lainnya", "field_3": "Open Area", "field_4": 633300.5, "field_5": 9206806.5 }, "geometry": { "type": "Point", "coordinates": [ 112.207240673604574, -7.1743081075442 ] } },
{ "type": "Feature", "properties": { "field_1": 1082619, "field_2": "Lainnya", "field_3": "Open Area", "field_4": 633300.5, "field_5": 9206794.0 }, "geometry": { "type": "Point", "coordinates": [ 112.207240971503268, -7.174421155990239 ] } },
{ "type": "Feature", "properties": { "field_1": 1082620, "field_2": "Lainnya", "field_3": "Open Area", "field_4": 633300.5, "field_5": 9206781.5 }, "geometry": { "type": "Point", "coordinates": [ 112.207241269406765, -7.174534204435713 ] } },
{ "type": "Feature", "properties": { "field_1": 1082621, "field_2": "Lainnya", "field_3": "Open Area", "field_4": 633300.5, "field_5": 9206769.0 }, "geometry": { "type": "Point", "coordinates": [ 112.207241567315108, -7.174647252880619 ] } },
{ "type": "Feature", "properties": { "field_1": 1082622, "field_2": "Lainnya", "field_3": "Open Area", "field_4": 633300.5, "field_5": 9206756.5 }, "geometry": { "type": "Point", "coordinates": [ 112.207241865228241, -7.17476030132496 ] } },
{ "type": "Feature", "properties": { "field_1": 1082623, "field_2": "Lainnya", "field_3": "Open Area", "field_4": 633300.5, "field_5": 9206744.0 }, "geometry": { "type": "Point", "coordinates": [ 112.207242163146205, -7.17487334976873 ] } },
{ "type": "Feature", "properties": { "field_1": 1082624, "field_2": "Lainnya", "field_3": "Open Area", "field_4": 633300.5, "field_5": 9206731.5 }, "geometry": { "type": "Point", "coordinates": [ 112.207242461068986, -7.174986398211935 ] } },
{ "type": "Feature", "properties": { "field_1": 1082625, "field_2": "Lainnya", "field_3": "Open Area", "field_4": 633300.5, "field_5": 9206719.0 }, "geometry": { "type": "Point", "coordinates": [ 112.207242758996586, -7.175099446654571 ] } },
{ "type": "Feature", "properties": { "field_1": 1082626, "field_2": "Lainnya", "field_3": "Open Area", "field_4": 633300.5, "field_5": 9206706.5 }, "geometry": { "type": "Point", "coordinates": [ 112.207243056928988, -7.17521249509664 ] } },
{ "type": "Feature", "properties": { "field_1": 1082627, "field_2": "Lainnya", "field_3": "Open Area", "field_4": 633300.5, "field_5": 9206694.0 }, "geometry": { "type": "Point", "coordinates": [ 112.207243354866208, -7.175325543538143 ] } },
{ "type": "Feature", "properties": { "field_1": 1082628, "field_2": "Lainnya", "field_3": "Open Area", "field_4": 633300.5, "field_5": 9206681.5 }, "geometry": { "type": "Point", "coordinates": [ 112.207243652808259, -7.175438591979077 ] } },
{ "type": "Feature", "properties": { "field_1": 1082629, "field_2": "Lainnya", "field_3": "Open Area", "field_4": 633300.5, "field_5": 9206669.0 }, "geometry": { "type": "Point", "coordinates": [ 112.207243950755114, -7.175551640419441 ] } },
{ "type": "Feature", "properties": { "field_1": 1082630, "field_2": "Lainnya", "field_3": "Open Area", "field_4": 633300.5, "field_5": 9206656.5 }, "geometry": { "type": "Point", "coordinates": [ 112.207244248706786, -7.175664688859242 ] } },
{ "type": "Feature", "properties": { "field_1": 1082631, "field_2": "Lainnya", "field_3": "Open Area", "field_4": 633300.5, "field_5": 9206644.0 }, "geometry": { "type": "Point", "coordinates": [ 112.207244546663276, -7.175777737298474 ] } },
{ "type": "Feature", "properties": { "field_1": 1082632, "field_2": "Lainnya", "field_3": "Open Area", "field_4": 633300.5, "field_5": 9206631.5 }, "geometry": { "type": "Point", "coordinates": [ 112.207244844624583, -7.175890785737138 ] } },
{ "type": "Feature", "properties": { "field_1": 1082633, "field_2": "Lainnya", "field_3": "Open Area", "field_4": 633300.5, "field_5": 9206619.0 }, "geometry": { "type": "Point", "coordinates": [ 112.207245142590722, -7.176003834175234 ] } },
{ "type": "Feature", "properties": { "field_1": 1082634, "field_2": "Lainnya", "field_3": "Open Area", "field_4": 633300.5, "field_5": 9206606.5 }, "geometry": { "type": "Point", "coordinates": [ 112.207245440561664, -7.176116882612763 ] } },
{ "type": "Feature", "properties": { "field_1": 1082635, "field_2": "Lainnya", "field_3": "Open Area", "field_4": 633300.5, "field_5": 9206594.0 }, "geometry": { "type": "Point", "coordinates": [ 112.207245738537424, -7.176229931049725 ] } },
{ "type": "Feature", "properties": { "field_1": 1082636, "field_2": "Lainnya", "field_3": "Open Area", "field_4": 633300.5, "field_5": 9206581.5 }, "geometry": { "type": "Point", "coordinates": [ 112.207246036517986, -7.176342979486118 ] } },
{ "type": "Feature", "properties": { "field_1": 1082637, "field_2": "Lainnya", "field_3": "Open Area", "field_4": 633300.5, "field_5": 9206569.0 }, "geometry": { "type": "Point", "coordinates": [ 112.207246334503381, -7.176456027921944 ] } },
{ "type": "Feature", "properties": { "field_1": 1082638, "field_2": "Lainnya", "field_3": "Open Area", "field_4": 633300.5, "field_5": 9206556.5 }, "geometry": { "type": "Point", "coordinates": [ 112.207246632493593, -7.176569076357202 ] } },
{ "type": "Feature", "properties": { "field_1": 1082639, "field_2": "Lainnya", "field_3": "Open Area", "field_4": 633300.5, "field_5": 9206544.0 }, "geometry": { "type": "Point", "coordinates": [ 112.207246930488623, -7.176682124791893 ] } },
{ "type": "Feature", "properties": { "field_1": 1082640, "field_2": "Lainnya", "field_3": "Open Area", "field_4": 633300.5, "field_5": 9206531.5 }, "geometry": { "type": "Point", "coordinates": [ 112.20724722848847, -7.176795173226017 ] } },
{ "type": "Feature", "properties": { "field_1": 1082641, "field_2": "Lainnya", "field_3": "Open Area", "field_4": 633300.5, "field_5": 9206519.0 }, "geometry": { "type": "Point", "coordinates": [ 112.20724752649312, -7.176908221659572 ] } },
{ "type": "Feature", "properties": { "field_1": 1082642, "field_2": "Lainnya", "field_3": "Open Area", "field_4": 633300.5, "field_5": 9206506.5 }, "geometry": { "type": "Point", "coordinates": [ 112.207247824502588, -7.177021270092562 ] } },
{ "type": "Feature", "properties": { "field_1": 1082643, "field_2": "Lainnya", "field_3": "Open Area", "field_4": 633300.5, "field_5": 9206494.0 }, "geometry": { "type": "Point", "coordinates": [ 112.207248122516887, -7.177134318524982 ] } },
{ "type": "Feature", "properties": { "field_1": 1082644, "field_2": "Lainnya", "field_3": "Open Area", "field_4": 633300.5, "field_5": 9206481.5 }, "geometry": { "type": "Point", "coordinates": [ 112.20724842053599, -7.177247366956834 ] } },
{ "type": "Feature", "properties": { "field_1": 1082645, "field_2": "Lainnya", "field_3": "Open Area", "field_4": 633300.5, "field_5": 9206469.0 }, "geometry": { "type": "Point", "coordinates": [ 112.207248718559924, -7.17736041538812 ] } },
{ "type": "Feature", "properties": { "field_1": 1082646, "field_2": "Lainnya", "field_3": "Open Area", "field_4": 633300.5, "field_5": 9206456.5 }, "geometry": { "type": "Point", "coordinates": [ 112.207249016588662, -7.177473463818836 ] } },
{ "type": "Feature", "properties": { "field_1": 1082647, "field_2": "Lainnya", "field_3": "Open Area", "field_4": 633300.5, "field_5": 9206444.0 }, "geometry": { "type": "Point", "coordinates": [ 112.207249314622217, -7.177586512248986 ] } },
{ "type": "Feature", "properties": { "field_1": 1082648, "field_2": "Lainnya", "field_3": "Open Area", "field_4": 633300.5, "field_5": 9206431.5 }, "geometry": { "type": "Point", "coordinates": [ 112.207249612660604, -7.177699560678569 ] } },
{ "type": "Feature", "properties": { "field_1": 1082649, "field_2": "Lainnya", "field_3": "Open Area", "field_4": 633300.5, "field_5": 9206419.0 }, "geometry": { "type": "Point", "coordinates": [ 112.20724991070378, -7.177812609107583 ] } },
{ "type": "Feature", "properties": { "field_1": 1082650, "field_2": "Lainnya", "field_3": "Open Area", "field_4": 633300.5, "field_5": 9206406.5 }, "geometry": { "type": "Point", "coordinates": [ 112.207250208751802, -7.17792565753603 ] } },
{ "type": "Feature", "properties": { "field_1": 1082651, "field_2": "Lainnya", "field_3": "Open Area", "field_4": 633300.5, "field_5": 9206394.0 }, "geometry": { "type": "Point", "coordinates": [ 112.207250506804613, -7.178038705963908 ] } },
{ "type": "Feature", "properties": { "field_1": 1082652, "field_2": "Lainnya", "field_3": "Open Area", "field_4": 633300.5, "field_5": 9206381.5 }, "geometry": { "type": "Point", "coordinates": [ 112.207250804862255, -7.178151754391219 ] } },
{ "type": "Feature", "properties": { "field_1": 1082653, "field_2": "Lainnya", "field_3": "Open Area", "field_4": 633300.5, "field_5": 9206369.0 }, "geometry": { "type": "Point", "coordinates": [ 112.207251102924715, -7.178264802817964 ] } },
{ "type": "Feature", "properties": { "field_1": 1082654, "field_2": "Lainnya", "field_3": "Open Area", "field_4": 633300.5, "field_5": 9206356.5 }, "geometry": { "type": "Point", "coordinates": [ 112.207251400991993, -7.178377851244138 ] } },
{ "type": "Feature", "properties": { "field_1": 1082655, "field_2": "Lainnya", "field_3": "Open Area", "field_4": 633300.5, "field_5": 9206344.0 }, "geometry": { "type": "Point", "coordinates": [ 112.207251699064088, -7.178490899669747 ] } },
{ "type": "Feature", "properties": { "field_1": 1082656, "field_2": "Lainnya", "field_3": "Open Area", "field_4": 633300.5, "field_5": 9206331.5 }, "geometry": { "type": "Point", "coordinates": [ 112.207251997140986, -7.178603948094788 ] } },
{ "type": "Feature", "properties": { "field_1": 1082657, "field_2": "Lainnya", "field_3": "Open Area", "field_4": 633300.5, "field_5": 9206319.0 }, "geometry": { "type": "Point", "coordinates": [ 112.207252295222716, -7.17871699651926 ] } },
{ "type": "Feature", "properties": { "field_1": 1082658, "field_2": "Lainnya", "field_3": "Open Area", "field_4": 633300.5, "field_5": 9206306.5 }, "geometry": { "type": "Point", "coordinates": [ 112.207252593309263, -7.178830044943163 ] } },
{ "type": "Feature", "properties": { "field_1": 1082659, "field_2": "Lainnya", "field_3": "Open Area", "field_4": 633300.5, "field_5": 9206294.0 }, "geometry": { "type": "Point", "coordinates": [ 112.207252891400614, -7.178943093366501 ] } },
{ "type": "Feature", "properties": { "field_1": 1082660, "field_2": "Lainnya", "field_3": "Open Area", "field_4": 633300.5, "field_5": 9206281.5 }, "geometry": { "type": "Point", "coordinates": [ 112.207253189496797, -7.179056141789271 ] } },
{ "type": "Feature", "properties": { "field_1": 1082661, "field_2": "Lainnya", "field_3": "Open Area", "field_4": 633300.5, "field_5": 9206269.0 }, "geometry": { "type": "Point", "coordinates": [ 112.207253487597796, -7.179169190211471 ] } },
{ "type": "Feature", "properties": { "field_1": 1082662, "field_2": "Lainnya", "field_3": "Open Area", "field_4": 633300.5, "field_5": 9206256.5 }, "geometry": { "type": "Point", "coordinates": [ 112.2072537857036, -7.179282238633106 ] } },
{ "type": "Feature", "properties": { "field_1": 1082663, "field_2": "Lainnya", "field_3": "Open Area", "field_4": 633300.5, "field_5": 9206244.0 }, "geometry": { "type": "Point", "coordinates": [ 112.20725408381422, -7.17939528705417 ] } },
{ "type": "Feature", "properties": { "field_1": 1082664, "field_2": "Lainnya", "field_3": "Open Area", "field_4": 633300.5, "field_5": 9206231.5 }, "geometry": { "type": "Point", "coordinates": [ 112.207254381929673, -7.17950833547467 ] } },
{ "type": "Feature", "properties": { "field_1": 1082665, "field_2": "Lainnya", "field_3": "Open Area", "field_4": 633300.5, "field_5": 9206219.0 }, "geometry": { "type": "Point", "coordinates": [ 112.207254680049928, -7.179621383894599 ] } },
{ "type": "Feature", "properties": { "field_1": 1082666, "field_2": "Lainnya", "field_3": "Open Area", "field_4": 633300.5, "field_5": 9206206.5 }, "geometry": { "type": "Point", "coordinates": [ 112.207254978175001, -7.179734432313962 ] } },
{ "type": "Feature", "properties": { "field_1": 1082667, "field_2": "Lainnya", "field_3": "Open Area", "field_4": 633300.5, "field_5": 9206194.0 }, "geometry": { "type": "Point", "coordinates": [ 112.207255276304892, -7.179847480732756 ] } },
{ "type": "Feature", "properties": { "field_1": 1082668, "field_2": "Lainnya", "field_3": "Open Area", "field_4": 633300.5, "field_5": 9206181.5 }, "geometry": { "type": "Point", "coordinates": [ 112.2072555744396, -7.179960529150984 ] } },
{ "type": "Feature", "properties": { "field_1": 1082669, "field_2": "Lainnya", "field_3": "Open Area", "field_4": 633300.5, "field_5": 9206169.0 }, "geometry": { "type": "Point", "coordinates": [ 112.207255872579125, -7.180073577568643 ] } },
{ "type": "Feature", "properties": { "field_1": 1082670, "field_2": "Lainnya", "field_3": "Open Area", "field_4": 633300.5, "field_5": 9206156.5 }, "geometry": { "type": "Point", "coordinates": [ 112.207256170723483, -7.180186625985733 ] } },
{ "type": "Feature", "properties": { "field_1": 1082671, "field_2": "Lainnya", "field_3": "Open Area", "field_4": 633300.5, "field_5": 9206144.0 }, "geometry": { "type": "Point", "coordinates": [ 112.207256468872629, -7.180299674402254 ] } },
{ "type": "Feature", "properties": { "field_1": 1082672, "field_2": "Lainnya", "field_3": "Open Area", "field_4": 633300.5, "field_5": 9206131.5 }, "geometry": { "type": "Point", "coordinates": [ 112.207256767026607, -7.180412722818209 ] } },
{ "type": "Feature", "properties": { "field_1": 1082673, "field_2": "Lainnya", "field_3": "Open Area", "field_4": 633300.5, "field_5": 9206119.0 }, "geometry": { "type": "Point", "coordinates": [ 112.207257065185402, -7.180525771233598 ] } },
{ "type": "Feature", "properties": { "field_1": 1082674, "field_2": "Lainnya", "field_3": "Open Area", "field_4": 633300.5, "field_5": 9206106.5 }, "geometry": { "type": "Point", "coordinates": [ 112.207257363349015, -7.180638819648415 ] } },
{ "type": "Feature", "properties": { "field_1": 1082675, "field_2": "Lainnya", "field_3": "Open Area", "field_4": 633300.5, "field_5": 9206094.0 }, "geometry": { "type": "Point", "coordinates": [ 112.207257661517446, -7.180751868062667 ] } },
{ "type": "Feature", "properties": { "field_1": 1082676, "field_2": "Lainnya", "field_3": "Open Area", "field_4": 633300.5, "field_5": 9206081.5 }, "geometry": { "type": "Point", "coordinates": [ 112.207257959690679, -7.180864916476351 ] } },
{ "type": "Feature", "properties": { "field_1": 1082677, "field_2": "Lainnya", "field_3": "Open Area", "field_4": 633300.5, "field_5": 9206069.0 }, "geometry": { "type": "Point", "coordinates": [ 112.207258257868759, -7.180977964889467 ] } },
{ "type": "Feature", "properties": { "field_1": 1082678, "field_2": "Lainnya", "field_3": "Open Area", "field_4": 633300.5, "field_5": 9206056.5 }, "geometry": { "type": "Point", "coordinates": [ 112.207258556051627, -7.181091013302013 ] } },
{ "type": "Feature", "properties": { "field_1": 1082679, "field_2": "Lainnya", "field_3": "Open Area", "field_4": 633300.5, "field_5": 9206044.0 }, "geometry": { "type": "Point", "coordinates": [ 112.207258854239313, -7.181204061713994 ] } },
{ "type": "Feature", "properties": { "field_1": 1082680, "field_2": "Lainnya", "field_3": "Open Area", "field_4": 633300.5, "field_5": 9206031.5 }, "geometry": { "type": "Point", "coordinates": [ 112.207259152431831, -7.181317110125405 ] } },
{ "type": "Feature", "properties": { "field_1": 1082681, "field_2": "Lainnya", "field_3": "Open Area", "field_4": 633300.5, "field_5": 9206019.0 }, "geometry": { "type": "Point", "coordinates": [ 112.207259450629167, -7.181430158536249 ] } },
{ "type": "Feature", "properties": { "field_1": 1082682, "field_2": "Lainnya", "field_3": "Open Area", "field_4": 633300.5, "field_5": 9206006.5 }, "geometry": { "type": "Point", "coordinates": [ 112.207259748831305, -7.181543206946523 ] } },
{ "type": "Feature", "properties": { "field_1": 1082683, "field_2": "Lainnya", "field_3": "Open Area", "field_4": 633300.5, "field_5": 9205994.0 }, "geometry": { "type": "Point", "coordinates": [ 112.207260047038261, -7.181656255356232 ] } },
{ "type": "Feature", "properties": { "field_1": 1082684, "field_2": "Lainnya", "field_3": "Open Area", "field_4": 633300.5, "field_5": 9205981.5 }, "geometry": { "type": "Point", "coordinates": [ 112.207260345250049, -7.181769303765372 ] } },
{ "type": "Feature", "properties": { "field_1": 1082685, "field_2": "Lainnya", "field_3": "Open Area", "field_4": 633300.5, "field_5": 9205969.0 }, "geometry": { "type": "Point", "coordinates": [ 112.20726064346664, -7.181882352173944 ] } },
{ "type": "Feature", "properties": { "field_1": 1082686, "field_2": "Lainnya", "field_3": "Open Area", "field_4": 633300.5, "field_5": 9205956.5 }, "geometry": { "type": "Point", "coordinates": [ 112.207260941688062, -7.181995400581948 ] } },
{ "type": "Feature", "properties": { "field_1": 1082687, "field_2": "Lainnya", "field_3": "Open Area", "field_4": 633300.5, "field_5": 9205944.0 }, "geometry": { "type": "Point", "coordinates": [ 112.207261239914288, -7.182108448989382 ] } },
{ "type": "Feature", "properties": { "field_1": 1082688, "field_2": "Lainnya", "field_3": "Open Area", "field_4": 633300.5, "field_5": 9205931.5 }, "geometry": { "type": "Point", "coordinates": [ 112.207261538145332, -7.18222149739625 ] } },
{ "type": "Feature", "properties": { "field_1": 1102595, "field_2": "Lainya", "field_3": "Potensi Kecelakaan", "field_4": 634300.5, "field_5": 9207394.0 }, "geometry": { "type": "Point", "coordinates": [ 112.216281722753507, -7.168970956609203 ] } },
{ "type": "Feature", "properties": { "field_1": 1102746, "field_2": "Lainya", "field_3": "Potensi Terjatuh", "field_4": 634300.5, "field_5": 9205506.5 }, "geometry": { "type": "Point", "coordinates": [ 112.216327063174063, -7.186041212138894 ] } },
{ "type": "Feature", "properties": { "field_1": 1102754, "field_2": "Lainya", "field_3": "Potensi Kecelakaan", "field_4": 634300.5, "field_5": 9205406.5 }, "geometry": { "type": "Point", "coordinates": [ 112.216329468402023, -7.186945596176504 ] } },
{ "type": "Feature", "properties": { "field_1": 1121040, "field_2": "Lainnya", "field_3": "Bahaya Listrik", "field_4": 635300.5, "field_5": 9226531.5 }, "geometry": { "type": "Point", "coordinates": [ 112.224879897169131, -6.995870201847424 ] } },
{ "type": "Feature", "properties": { "field_1": 1121041, "field_2": "Lainnya", "field_3": "Bahaya Listrik", "field_4": 635300.5, "field_5": 9226519.0 }, "geometry": { "type": "Point", "coordinates": [ 112.224880191826927, -6.995983250415144 ] } },
{ "type": "Feature", "properties": { "field_1": 1121042, "field_2": "Lainnya", "field_3": "Bahaya Listrik", "field_4": 635300.5, "field_5": 9226506.5 }, "geometry": { "type": "Point", "coordinates": [ 112.224880486489596, -6.996096298982311 ] } },
{ "type": "Feature", "properties": { "field_1": 1121043, "field_2": "Lainnya", "field_3": "Bahaya Listrik", "field_4": 635300.5, "field_5": 9226494.0 }, "geometry": { "type": "Point", "coordinates": [ 112.22488078115714, -6.996209347548922 ] } },
{ "type": "Feature", "properties": { "field_1": 1121044, "field_2": "Lainnya", "field_3": "Bahaya Listrik", "field_4": 635300.5, "field_5": 9226481.5 }, "geometry": { "type": "Point", "coordinates": [ 112.224881075829586, -6.996322396114979 ] } },
{ "type": "Feature", "properties": { "field_1": 1121045, "field_2": "Lainnya", "field_3": "Bahaya Listrik", "field_4": 635300.5, "field_5": 9226469.0 }, "geometry": { "type": "Point", "coordinates": [ 112.224881370506893, -6.996435444680483 ] } },
{ "type": "Feature", "properties": { "field_1": 1121046, "field_2": "Lainnya", "field_3": "Bahaya Listrik", "field_4": 635300.5, "field_5": 9226456.5 }, "geometry": { "type": "Point", "coordinates": [ 112.224881665189073, -6.996548493245434 ] } },
{ "type": "Feature", "properties": { "field_1": 1121047, "field_2": "Lainnya", "field_3": "Bahaya Listrik", "field_4": 635300.5, "field_5": 9226444.0 }, "geometry": { "type": "Point", "coordinates": [ 112.224881959876157, -6.99666154180983 ] } },
{ "type": "Feature", "properties": { "field_1": 1121048, "field_2": "Lainnya", "field_3": "Bahaya Listrik", "field_4": 635300.5, "field_5": 9226431.5 }, "geometry": { "type": "Point", "coordinates": [ 112.224882254568087, -6.99677459037367 ] } },
{ "type": "Feature", "properties": { "field_1": 1121049, "field_2": "Lainnya", "field_3": "Bahaya Listrik", "field_4": 635300.5, "field_5": 9226419.0 }, "geometry": { "type": "Point", "coordinates": [ 112.224882549264919, -6.996887638936958 ] } },
{ "type": "Feature", "properties": { "field_1": 1121050, "field_2": "Lainnya", "field_3": "Bahaya Listrik", "field_4": 635300.5, "field_5": 9226406.5 }, "geometry": { "type": "Point", "coordinates": [ 112.224882843966626, -6.997000687499693 ] } },
{ "type": "Feature", "properties": { "field_1": 1121051, "field_2": "Lainnya", "field_3": "Bahaya Listrik", "field_4": 635300.5, "field_5": 9226394.0 }, "geometry": { "type": "Point", "coordinates": [ 112.224883138673221, -6.997113736061872 ] } },
{ "type": "Feature", "properties": { "field_1": 1141433, "field_2": "Lainnya", "field_3": "Bahaya Listrik", "field_4": 636300.5, "field_5": 9221619.0 }, "geometry": { "type": "Point", "coordinates": [ 112.234048540333887, -7.040274455377679 ] } },
{ "type": "Feature", "properties": { "field_1": 1141434, "field_2": "Lainnya", "field_3": "Bahaya Listrik", "field_4": 636300.5, "field_5": 9221606.5 }, "geometry": { "type": "Point", "coordinates": [ 112.234048839100041, -7.040387503341281 ] } },
{ "type": "Feature", "properties": { "field_1": 1141435, "field_2": "Lainnya", "field_3": "Bahaya Listrik", "field_4": 636300.5, "field_5": 9221594.0 }, "geometry": { "type": "Point", "coordinates": [ 112.234049137871125, -7.040500551304326 ] } },
{ "type": "Feature", "properties": { "field_1": 1141436, "field_2": "Lainnya", "field_3": "Bahaya Listrik", "field_4": 636300.5, "field_5": 9221581.5 }, "geometry": { "type": "Point", "coordinates": [ 112.234049436647126, -7.040613599266814 ] } },
{ "type": "Feature", "properties": { "field_1": 1141437, "field_2": "Lainnya", "field_3": "Bahaya Listrik", "field_4": 636300.5, "field_5": 9221569.0 }, "geometry": { "type": "Point", "coordinates": [ 112.234049735428044, -7.040726647228744 ] } },
{ "type": "Feature", "properties": { "field_1": 1141438, "field_2": "Lainnya", "field_3": "Bahaya Listrik", "field_4": 636300.5, "field_5": 9221556.5 }, "geometry": { "type": "Point", "coordinates": [ 112.23405003421388, -7.040839695190116 ] } },
{ "type": "Feature", "properties": { "field_1": 1141439, "field_2": "Lainnya", "field_3": "Bahaya Listrik", "field_4": 636300.5, "field_5": 9221544.0 }, "geometry": { "type": "Point", "coordinates": [ 112.234050333004632, -7.04095274315093 ] } },
{ "type": "Feature", "properties": { "field_1": 1141440, "field_2": "Lainnya", "field_3": "Bahaya Listrik", "field_4": 636300.5, "field_5": 9221531.5 }, "geometry": { "type": "Point", "coordinates": [ 112.234050631800301, -7.041065791111188 ] } },
{ "type": "Feature", "properties": { "field_1": 1141441, "field_2": "Lainnya", "field_3": "Bahaya Listrik", "field_4": 636300.5, "field_5": 9221519.0 }, "geometry": { "type": "Point", "coordinates": [ 112.234050930600887, -7.041178839070887 ] } },
{ "type": "Feature", "properties": { "field_1": 1141442, "field_2": "Lainnya", "field_3": "Bahaya Listrik", "field_4": 636300.5, "field_5": 9221506.5 }, "geometry": { "type": "Point", "coordinates": [ 112.23405122940639, -7.041291887030027 ] } },
{ "type": "Feature", "properties": { "field_1": 1141443, "field_2": "Lainnya", "field_3": "Bahaya Listrik", "field_4": 636300.5, "field_5": 9221494.0 }, "geometry": { "type": "Point", "coordinates": [ 112.234051528216824, -7.041404934988612 ] } },
{ "type": "Feature", "properties": { "field_1": 1141444, "field_2": "Lainnya", "field_3": "Bahaya Listrik", "field_4": 636300.5, "field_5": 9221481.5 }, "geometry": { "type": "Point", "coordinates": [ 112.234051827032161, -7.041517982946639 ] } },
{ "type": "Feature", "properties": { "field_1": 1141445, "field_2": "Lainnya", "field_3": "Bahaya Listrik", "field_4": 636300.5, "field_5": 9221469.0 }, "geometry": { "type": "Point", "coordinates": [ 112.234052125852415, -7.041631030904109 ] } },
{ "type": "Feature", "properties": { "field_1": 1141446, "field_2": "Lainnya", "field_3": "Bahaya Listrik", "field_4": 636300.5, "field_5": 9221456.5 }, "geometry": { "type": "Point", "coordinates": [ 112.234052424677586, -7.041744078861019 ] } },
{ "type": "Feature", "properties": { "field_1": 1141447, "field_2": "Lainnya", "field_3": "Bahaya Listrik", "field_4": 636300.5, "field_5": 9221444.0 }, "geometry": { "type": "Point", "coordinates": [ 112.234052723507688, -7.041857126817371 ] } },
{ "type": "Feature", "properties": { "field_1": 1141448, "field_2": "Lainnya", "field_3": "Bahaya Listrik", "field_4": 636300.5, "field_5": 9221431.5 }, "geometry": { "type": "Point", "coordinates": [ 112.234053022342692, -7.041970174773167 ] } },
{ "type": "Feature", "properties": { "field_1": 1141449, "field_2": "Lainnya", "field_3": "Bahaya Listrik", "field_4": 636300.5, "field_5": 9221419.0 }, "geometry": { "type": "Point", "coordinates": [ 112.234053321182643, -7.042083222728406 ] } },
{ "type": "Feature", "properties": { "field_1": 1141450, "field_2": "Lainnya", "field_3": "Bahaya Listrik", "field_4": 636300.5, "field_5": 9221406.5 }, "geometry": { "type": "Point", "coordinates": [ 112.234053620027481, -7.042196270683087 ] } },
{ "type": "Feature", "properties": { "field_1": 1151786, "field_2": "Lainnya", "field_3": "Sarang Tawon", "field_4": 634394.3, "field_5": 9215800.39 }, "geometry": { "type": "Point", "coordinates": [ 112.216930354385312, -7.09294249591243 ] } },
{ "type": "Feature", "properties": { "field_1": 1151787, "field_2": "Lainnya", "field_3": "Sarang Tawon", "field_4": 634406.8, "field_5": 9215800.3 }, "geometry": { "type": "Point", "coordinates": [ 112.217043525696511, -7.092943013317649 ] } },
{ "type": "Feature", "properties": { "field_1": 1151788, "field_2": "Lainnya", "field_3": "Sarang Tawon", "field_4": 634419.3, "field_5": 9215800.39 }, "geometry": { "type": "Point", "coordinates": [ 112.217156692727855, -7.092941902797893 ] } },
{ "type": "Feature", "properties": { "field_1": 1161806, "field_2": "Lainnya", "field_3": "Bahaya Listrik", "field_4": 637300.5, "field_5": 9217106.59 }, "geometry": { "type": "Point", "coordinates": [ 112.24320994062883, -7.081059813830167 ] } },
{ "type": "Feature", "properties": { "field_1": 1161807, "field_2": "Lainnya", "field_3": "Bahaya Listrik", "field_4": 637300.5, "field_5": 9217094.0 }, "geometry": { "type": "Point", "coordinates": [ 112.243210245553712, -7.081173675144357 ] } },
{ "type": "Feature", "properties": { "field_1": 1161808, "field_2": "Lainnya", "field_3": "Bahaya Listrik", "field_4": 637300.5, "field_5": 9217081.59 }, "geometry": { "type": "Point", "coordinates": [ 112.24321054612399, -7.081285908575823 ] } },
{ "type": "Feature", "properties": { "field_1": 1161809, "field_2": "Lainnya", "field_3": "Bahaya Listrik", "field_4": 637300.5, "field_5": 9217069.0 }, "geometry": { "type": "Point", "coordinates": [ 112.243210851058862, -7.081399769888884 ] } },
{ "type": "Feature", "properties": { "field_1": 1161810, "field_2": "Lainnya", "field_3": "Bahaya Listrik", "field_4": 637300.5, "field_5": 9217056.59 }, "geometry": { "type": "Point", "coordinates": [ 112.243211151638974, -7.081512003319235 ] } },
{ "type": "Feature", "properties": { "field_1": 1161811, "field_2": "Lainnya", "field_3": "Bahaya Listrik", "field_4": 637300.5, "field_5": 9217044.0 }, "geometry": { "type": "Point", "coordinates": [ 112.243211456583836, -7.081625864631167 ] } },
{ "type": "Feature", "properties": { "field_1": 1161812, "field_2": "Lainnya", "field_3": "Bahaya Listrik", "field_4": 637300.5, "field_5": 9217031.59 }, "geometry": { "type": "Point", "coordinates": [ 112.243211757173796, -7.081738098060403 ] } },
{ "type": "Feature", "properties": { "field_1": 1172046, "field_2": "Lainya", "field_3": "Bahaya Listrik", "field_4": 637094.3, "field_5": 9216800.39 }, "geometry": { "type": "Point", "coordinates": [ 112.241350573887573, -7.083834009190474 ] } },
{ "type": "Feature", "properties": { "field_1": 1172047, "field_2": "Lainya", "field_3": "Bahaya Listrik", "field_4": 637106.8, "field_5": 9216800.3 }, "geometry": { "type": "Point", "coordinates": [ 112.241463741974698, -7.08383452102529 ] } },
{ "type": "Feature", "properties": { "field_1": 1172048, "field_2": "Lainya", "field_3": "Bahaya Listrik", "field_4": 637119.3, "field_5": 9216800.39 }, "geometry": { "type": "Point", "coordinates": [ 112.241576905701777, -7.08383340494952 ] } },
{ "type": "Feature", "properties": { "field_1": 1172049, "field_2": "Lainya", "field_3": "Bahaya Listrik", "field_4": 637131.8, "field_5": 9216800.3 }, "geometry": { "type": "Point", "coordinates": [ 112.241690073779395, -7.08383391672922 ] } },
{ "type": "Feature", "properties": { "field_1": 1191309, "field_2": "Lainnya", "field_3": "Open Area ", "field_4": 626931.8, "field_5": 9217800.3 }, "geometry": { "type": "Point", "coordinates": [ 112.149322708308262, -7.075027226439719 ] } },
{ "type": "Feature", "properties": { "field_1": 1191310, "field_2": "Lainnya", "field_3": "Open Area ", "field_4": 626944.3, "field_5": 9217800.3 }, "geometry": { "type": "Point", "coordinates": [ 112.149435875889466, -7.075026947071554 ] } },
{ "type": "Feature", "properties": { "field_1": 1191311, "field_2": "Lainnya", "field_3": "Open Area ", "field_4": 626956.8, "field_5": 9217800.3 }, "geometry": { "type": "Point", "coordinates": [ 112.149549043466109, -7.075026667675898 ] } },
{ "type": "Feature", "properties": { "field_1": 1191312, "field_2": "Lainnya", "field_3": "Open Area ", "field_4": 626969.3, "field_5": 9217800.3 }, "geometry": { "type": "Point", "coordinates": [ 112.149662211038148, -7.075026388252751 ] } },
{ "type": "Feature", "properties": { "field_1": 1191313, "field_2": "Lainnya", "field_3": "Open Area ", "field_4": 626981.8, "field_5": 9217800.3 }, "geometry": { "type": "Point", "coordinates": [ 112.149775378605611, -7.07502610880211 ] } },
{ "type": "Feature", "properties": { "field_1": 1191314, "field_2": "Lainnya", "field_3": "Open Area ", "field_4": 626994.3, "field_5": 9217800.3 }, "geometry": { "type": "Point", "coordinates": [ 112.149888546168484, -7.075025829323978 ] } },
{ "type": "Feature", "properties": { "field_1": 1191315, "field_2": "Lainnya", "field_3": "Open Area ", "field_4": 627006.8, "field_5": 9217800.3 }, "geometry": { "type": "Point", "coordinates": [ 112.150001713726795, -7.075025549818354 ] } },
{ "type": "Feature", "properties": { "field_1": 1191316, "field_2": "Lainnya", "field_3": "Open Area ", "field_4": 627019.3, "field_5": 9217800.3 }, "geometry": { "type": "Point", "coordinates": [ 112.150114881280501, -7.075025270285239 ] } },
{ "type": "Feature", "properties": { "field_1": 1191317, "field_2": "Lainnya", "field_3": "Open Area ", "field_4": 627031.8, "field_5": 9217800.3 }, "geometry": { "type": "Point", "coordinates": [ 112.150228048829618, -7.075024990724631 ] } },
{ "type": "Feature", "properties": { "field_1": 1191318, "field_2": "Lainnya", "field_3": "Open Area ", "field_4": 627044.3, "field_5": 9217800.3 }, "geometry": { "type": "Point", "coordinates": [ 112.150341216374159, -7.075024711136531 ] } },
{ "type": "Feature", "properties": { "field_1": 1191321, "field_2": "Lainnya", "field_3": "Open Area ", "field_4": 627081.8, "field_5": 9217800.3 }, "geometry": { "type": "Point", "coordinates": [ 112.150680718980269, -7.075023872207281 ] } },
{ "type": "Feature", "properties": { "field_1": 1191345, "field_2": "Lainnya", "field_3": "Cangkang Keong", "field_4": 627381.8, "field_5": 9217800.3 }, "geometry": { "type": "Point", "coordinates": [ 112.153396738341854, -7.07501715186593 ] } },
{ "type": "Feature", "properties": { "field_1": 1191346, "field_2": "Lainnya", "field_3": "Cangkang Keong", "field_4": 627394.3, "field_5": 9217800.3 }, "geometry": { "type": "Point", "coordinates": [ 112.153509905757829, -7.075016871508061 ] } },
{ "type": "Feature", "properties": { "field_1": 1191347, "field_2": "Lainnya", "field_3": "Cangkang Keong", "field_4": 627406.8, "field_5": 9217800.3 }, "geometry": { "type": "Point", "coordinates": [ 112.153623073169186, -7.075016591122699 ] } },
{ "type": "Feature", "properties": { "field_1": 1191348, "field_2": "Lainnya", "field_3": "Open Area ", "field_4": 627419.3, "field_5": 9217800.3 }, "geometry": { "type": "Point", "coordinates": [ 112.153736240575967, -7.075016310709845 ] } },
{ "type": "Feature", "properties": { "field_1": 1191349, "field_2": "Lainnya", "field_3": "Open Area ", "field_4": 627431.8, "field_5": 9217800.3 }, "geometry": { "type": "Point", "coordinates": [ 112.153849407978143, -7.0750160302695 ] } },
{ "type": "Feature", "properties": { "field_1": 1191350, "field_2": "Lainnya", "field_3": "Open Area ", "field_4": 627444.3, "field_5": 9217800.3 }, "geometry": { "type": "Point", "coordinates": [ 112.153962575375715, -7.075015749801664 ] } },
{ "type": "Feature", "properties": { "field_1": 1191354, "field_2": "Lainnya", "field_3": "Open Area ", "field_4": 627494.3, "field_5": 9217800.3 }, "geometry": { "type": "Point", "coordinates": [ 112.154415244920003, -7.075014627655396 ] } },
{ "type": "Feature", "properties": { "field_1": 1191355, "field_2": "Lainnya", "field_3": "Open Area ", "field_4": 627506.8, "field_5": 9217800.3 }, "geometry": { "type": "Point", "coordinates": [ 112.154528412294567, -7.075014347050102 ] } },
{ "type": "Feature", "properties": { "field_1": 1191356, "field_2": "Lainnya", "field_3": "Open Area ", "field_4": 627519.3, "field_5": 9217800.3 }, "geometry": { "type": "Point", "coordinates": [ 112.154641579664528, -7.075014066417315 ] } },
{ "type": "Feature", "properties": { "field_1": 1191357, "field_2": "Lainnya", "field_3": "Open Area ", "field_4": 627531.8, "field_5": 9217800.3 }, "geometry": { "type": "Point", "coordinates": [ 112.154754747029898, -7.075013785757035 ] } },
{ "type": "Feature", "properties": { "field_1": 1191358, "field_2": "Lainnya", "field_3": "Open Area ", "field_4": 627544.3, "field_5": 9217800.3 }, "geometry": { "type": "Point", "coordinates": [ 112.15486791439065, -7.075013505069265 ] } },
{ "type": "Feature", "properties": { "field_1": 1191359, "field_2": "Lainnya", "field_3": "Open Area ", "field_4": 627556.8, "field_5": 9217800.3 }, "geometry": { "type": "Point", "coordinates": [ 112.154981081746797, -7.075013224354002 ] } },
{ "type": "Feature", "properties": { "field_1": 1191360, "field_2": "Lainnya", "field_3": "Open Area ", "field_4": 627569.3, "field_5": 9217800.3 }, "geometry": { "type": "Point", "coordinates": [ 112.155094249098354, -7.07501294361125 ] } },
{ "type": "Feature", "properties": { "field_1": 1191361, "field_2": "Lainnya", "field_3": "Open Area ", "field_4": 627581.8, "field_5": 9217800.3 }, "geometry": { "type": "Point", "coordinates": [ 112.155207416445307, -7.075012662841005 ] } },
{ "type": "Feature", "properties": { "field_1": 1191362, "field_2": "Lainnya", "field_3": "Open Area ", "field_4": 627594.3, "field_5": 9217800.3 }, "geometry": { "type": "Point", "coordinates": [ 112.155320583787642, -7.075012382043267 ] } },
{ "type": "Feature", "properties": { "field_1": 1191363, "field_2": "Lainnya", "field_3": "Open Area ", "field_4": 627606.8, "field_5": 9217800.3 }, "geometry": { "type": "Point", "coordinates": [ 112.155433751125372, -7.075012101218038 ] } },
{ "type": "Feature", "properties": { "field_1": 1191364, "field_2": "Lainnya", "field_3": "Open Area ", "field_4": 627619.3, "field_5": 9217800.3 }, "geometry": { "type": "Point", "coordinates": [ 112.155546918458498, -7.075011820365317 ] } },
{ "type": "Feature", "properties": { "field_1": 1191365, "field_2": "Lainnya", "field_3": "Open Area ", "field_4": 627631.8, "field_5": 9217800.3 }, "geometry": { "type": "Point", "coordinates": [ 112.155660085787019, -7.075011539485105 ] } },
{ "type": "Feature", "properties": { "field_1": 1191366, "field_2": "Lainnya", "field_3": "Open Area ", "field_4": 627644.3, "field_5": 9217800.3 }, "geometry": { "type": "Point", "coordinates": [ 112.155773253110951, -7.075011258577402 ] } },
{ "type": "Feature", "properties": { "field_1": 1191367, "field_2": "Lainnya", "field_3": "Open Area ", "field_4": 627656.8, "field_5": 9217800.3 }, "geometry": { "type": "Point", "coordinates": [ 112.155886420430249, -7.075010977642207 ] } },
{ "type": "Feature", "properties": { "field_1": 1191368, "field_2": "Lainnya", "field_3": "Open Area ", "field_4": 627669.3, "field_5": 9217800.3 }, "geometry": { "type": "Point", "coordinates": [ 112.155999587744944, -7.07501069667952 ] } },
{ "type": "Feature", "properties": { "field_1": 1191369, "field_2": "Lainnya", "field_3": "Open Area ", "field_4": 627681.8, "field_5": 9217800.3 }, "geometry": { "type": "Point", "coordinates": [ 112.156112755055048, -7.075010415689341 ] } },
{ "type": "Feature", "properties": { "field_1": 1191370, "field_2": "Lainnya", "field_3": "Open Area ", "field_4": 627694.3, "field_5": 9217800.3 }, "geometry": { "type": "Point", "coordinates": [ 112.15622592236052, -7.075010134671672 ] } },
{ "type": "Feature", "properties": { "field_1": 1191371, "field_2": "Lainnya", "field_3": "Open Area ", "field_4": 627706.8, "field_5": 9217800.3 }, "geometry": { "type": "Point", "coordinates": [ 112.156339089661401, -7.075009853626509 ] } },
{ "type": "Feature", "properties": { "field_1": 1191372, "field_2": "Lainnya", "field_3": "Open Area ", "field_4": 627719.3, "field_5": 9217800.3 }, "geometry": { "type": "Point", "coordinates": [ 112.156452256957664, -7.075009572553855 ] } },
{ "type": "Feature", "properties": { "field_1": 1191373, "field_2": "Lainnya", "field_3": "Open Area ", "field_4": 627731.8, "field_5": 9217800.3 }, "geometry": { "type": "Point", "coordinates": [ 112.156565424249322, -7.075009291453711 ] } },
{ "type": "Feature", "properties": { "field_1": 1191374, "field_2": "Lainnya", "field_3": "Open Area ", "field_4": 627744.3, "field_5": 9217800.3 }, "geometry": { "type": "Point", "coordinates": [ 112.156678591536348, -7.075009010326075 ] } },
{ "type": "Feature", "properties": { "field_1": 1191375, "field_2": "Lainnya", "field_3": "Open Area ", "field_4": 627756.8, "field_5": 9217800.3 }, "geometry": { "type": "Point", "coordinates": [ 112.156791758818784, -7.075008729170946 ] } },
{ "type": "Feature", "properties": { "field_1": 1191376, "field_2": "Lainnya", "field_3": "Open Area ", "field_4": 627769.3, "field_5": 9217800.3 }, "geometry": { "type": "Point", "coordinates": [ 112.156904926096615, -7.075008447988326 ] } },
{ "type": "Feature", "properties": { "field_1": 1191377, "field_2": "Lainnya", "field_3": "Open Area ", "field_4": 627781.8, "field_5": 9217800.3 }, "geometry": { "type": "Point", "coordinates": [ 112.157018093369828, -7.075008166778215 ] } },
{ "type": "Feature", "properties": { "field_1": 1191378, "field_2": "Lainnya", "field_3": "Open Area ", "field_4": 627794.3, "field_5": 9217800.3 }, "geometry": { "type": "Point", "coordinates": [ 112.157131260638408, -7.075007885540612 ] } },
{ "type": "Feature", "properties": { "field_1": 1191379, "field_2": "Lainnya", "field_3": "Open Area ", "field_4": 627806.8, "field_5": 9217800.3 }, "geometry": { "type": "Point", "coordinates": [ 112.157244427902398, -7.075007604275518 ] } },
{ "type": "Feature", "properties": { "field_1": 1191380, "field_2": "Lainnya", "field_3": "Open Area ", "field_4": 627819.3, "field_5": 9217800.3 }, "geometry": { "type": "Point", "coordinates": [ 112.157357595161784, -7.075007322982932 ] } },
{ "type": "Feature", "properties": { "field_1": 1191381, "field_2": "Lainnya", "field_3": "Open Area ", "field_4": 627831.8, "field_5": 9217800.3 }, "geometry": { "type": "Point", "coordinates": [ 112.157470762416523, -7.075007041662854 ] } },
{ "type": "Feature", "properties": { "field_1": 1191382, "field_2": "Lainnya", "field_3": "Open Area ", "field_4": 627844.3, "field_5": 9217800.3 }, "geometry": { "type": "Point", "coordinates": [ 112.157583929666671, -7.075006760315286 ] } },
{ "type": "Feature", "properties": { "field_1": 1191383, "field_2": "Lainnya", "field_3": "Open Area ", "field_4": 627856.8, "field_5": 9217800.3 }, "geometry": { "type": "Point", "coordinates": [ 112.157697096912202, -7.075006478940225 ] } },
{ "type": "Feature", "properties": { "field_1": 1191384, "field_2": "Lainnya", "field_3": "Open Area ", "field_4": 627869.3, "field_5": 9217800.3 }, "geometry": { "type": "Point", "coordinates": [ 112.157810264153113, -7.075006197537673 ] } },
{ "type": "Feature", "properties": { "field_1": 1191385, "field_2": "Lainnya", "field_3": "Open Area ", "field_4": 627881.8, "field_5": 9217800.3 }, "geometry": { "type": "Point", "coordinates": [ 112.157923431389406, -7.07500591610763 ] } },
{ "type": "Feature", "properties": { "field_1": 1191386, "field_2": "Lainnya", "field_3": "Open Area ", "field_4": 627894.3, "field_5": 9217800.3 }, "geometry": { "type": "Point", "coordinates": [ 112.158036598621095, -7.075005634650095 ] } },
{ "type": "Feature", "properties": { "field_1": 1191387, "field_2": "Lainnya", "field_3": "Open Area ", "field_4": 627906.8, "field_5": 9217800.3 }, "geometry": { "type": "Point", "coordinates": [ 112.158149765848151, -7.075005353165069 ] } },
{ "type": "Feature", "properties": { "field_1": 1191388, "field_2": "Lainnya", "field_3": "Open Area ", "field_4": 627919.3, "field_5": 9217800.3 }, "geometry": { "type": "Point", "coordinates": [ 112.158262933070603, -7.07500507165255 ] } },
{ "type": "Feature", "properties": { "field_1": 1191389, "field_2": "Lainnya", "field_3": "Open Area ", "field_4": 627931.8, "field_5": 9217800.3 }, "geometry": { "type": "Point", "coordinates": [ 112.158376100288436, -7.075004790112541 ] } },
{ "type": "Feature", "properties": { "field_1": 1191390, "field_2": "Lainnya", "field_3": "Open Area ", "field_4": 627944.3, "field_5": 9217800.3 }, "geometry": { "type": "Point", "coordinates": [ 112.158489267501665, -7.07500450854504 ] } },
{ "type": "Feature", "properties": { "field_1": 1191391, "field_2": "Lainnya", "field_3": "Open Area ", "field_4": 627956.8, "field_5": 9217800.3 }, "geometry": { "type": "Point", "coordinates": [ 112.158602434710247, -7.075004226950048 ] } },
{ "type": "Feature", "properties": { "field_1": 1191392, "field_2": "Lainnya", "field_3": "Open Area ", "field_4": 627969.3, "field_5": 9217800.3 }, "geometry": { "type": "Point", "coordinates": [ 112.158715601914224, -7.075003945327563 ] } },
{ "type": "Feature", "properties": { "field_1": 1191393, "field_2": "Lainnya", "field_3": "Open Area ", "field_4": 627981.8, "field_5": 9217800.3 }, "geometry": { "type": "Point", "coordinates": [ 112.158828769113583, -7.075003663677587 ] } },
{ "type": "Feature", "properties": { "field_1": 1191394, "field_2": "Lainnya", "field_3": "Open Area ", "field_4": 627994.3, "field_5": 9217800.3 }, "geometry": { "type": "Point", "coordinates": [ 112.158941936308324, -7.07500338200012 ] } },
{ "type": "Feature", "properties": { "field_1": 1191395, "field_2": "Lainnya", "field_3": "Open Area ", "field_4": 628006.8, "field_5": 9217800.3 }, "geometry": { "type": "Point", "coordinates": [ 112.159055103498446, -7.075003100295161 ] } },
{ "type": "Feature", "properties": { "field_1": 1191396, "field_2": "Lainnya", "field_3": "Open Area ", "field_4": 628019.3, "field_5": 9217800.3 }, "geometry": { "type": "Point", "coordinates": [ 112.159168270683935, -7.075002818562713 ] } },
{ "type": "Feature", "properties": { "field_1": 1191397, "field_2": "Lainnya", "field_3": "Open Area ", "field_4": 628031.8, "field_5": 9217800.3 }, "geometry": { "type": "Point", "coordinates": [ 112.15928143786482, -7.075002536802771 ] } },
{ "type": "Feature", "properties": { "field_1": 1191398, "field_2": "Lainnya", "field_3": "Open Area ", "field_4": 628044.3, "field_5": 9217800.3 }, "geometry": { "type": "Point", "coordinates": [ 112.159394605041072, -7.075002255015337 ] } },
{ "type": "Feature", "properties": { "field_1": 1191399, "field_2": "Lainnya", "field_3": "Open Area ", "field_4": 628056.8, "field_5": 9217800.3 }, "geometry": { "type": "Point", "coordinates": [ 112.159507772212706, -7.075001973200415 ] } },
{ "type": "Feature", "properties": { "field_1": 1191400, "field_2": "Lainnya", "field_3": "Open Area ", "field_4": 628069.3, "field_5": 9217800.3 }, "geometry": { "type": "Point", "coordinates": [ 112.159620939379707, -7.075001691357999 ] } },
{ "type": "Feature", "properties": { "field_1": 1191401, "field_2": "Lainnya", "field_3": "Open Area ", "field_4": 628081.8, "field_5": 9217800.3 }, "geometry": { "type": "Point", "coordinates": [ 112.159734106542103, -7.075001409488092 ] } },
{ "type": "Feature", "properties": { "field_1": 1191402, "field_2": "Lainnya", "field_3": "Open Area ", "field_4": 628094.3, "field_5": 9217800.3 }, "geometry": { "type": "Point", "coordinates": [ 112.159847273699867, -7.075001127590692 ] } },
{ "type": "Feature", "properties": { "field_1": 1191403, "field_2": "Lainnya", "field_3": "Open Area ", "field_4": 628106.8, "field_5": 9217800.3 }, "geometry": { "type": "Point", "coordinates": [ 112.159960440853013, -7.075000845665803 ] } },
{ "type": "Feature", "properties": { "field_1": 1191404, "field_2": "Lainnya", "field_3": "Open Area ", "field_4": 628119.3, "field_5": 9217800.3 }, "geometry": { "type": "Point", "coordinates": [ 112.160073608001525, -7.075000563713422 ] } },
{ "type": "Feature", "properties": { "field_1": 1191405, "field_2": "Lainnya", "field_3": "Open Area ", "field_4": 628131.8, "field_5": 9217800.3 }, "geometry": { "type": "Point", "coordinates": [ 112.160186775145419, -7.075000281733549 ] } },
{ "type": "Feature", "properties": { "field_1": 1191406, "field_2": "Lainnya", "field_3": "Open Area ", "field_4": 628144.3, "field_5": 9217800.3 }, "geometry": { "type": "Point", "coordinates": [ 112.160299942284681, -7.074999999726184 ] } },
{ "type": "Feature", "properties": { "field_1": 1191407, "field_2": "Lainnya", "field_3": "Open Area ", "field_4": 628156.8, "field_5": 9217800.3 }, "geometry": { "type": "Point", "coordinates": [ 112.160413109419324, -7.074999717691329 ] } },
{ "type": "Feature", "properties": { "field_1": 1191408, "field_2": "Lainnya", "field_3": "Open Area ", "field_4": 628169.3, "field_5": 9217800.3 }, "geometry": { "type": "Point", "coordinates": [ 112.160526276549348, -7.074999435628981 ] } },
{ "type": "Feature", "properties": { "field_1": 1191409, "field_2": "Lainnya", "field_3": "Open Area ", "field_4": 628181.8, "field_5": 9217800.3 }, "geometry": { "type": "Point", "coordinates": [ 112.160639443674739, -7.074999153539142 ] } },
{ "type": "Feature", "properties": { "field_1": 1191410, "field_2": "Lainnya", "field_3": "Open Area ", "field_4": 628194.3, "field_5": 9217800.3 }, "geometry": { "type": "Point", "coordinates": [ 112.160752610795498, -7.074998871421813 ] } },
{ "type": "Feature", "properties": { "field_1": 1191411, "field_2": "Lainnya", "field_3": "Open Area ", "field_4": 628206.8, "field_5": 9217800.3 }, "geometry": { "type": "Point", "coordinates": [ 112.160865777911638, -7.074998589276992 ] } },
{ "type": "Feature", "properties": { "field_1": 1191412, "field_2": "Lainnya", "field_3": "Open Area ", "field_4": 628219.3, "field_5": 9217800.3 }, "geometry": { "type": "Point", "coordinates": [ 112.160978945023146, -7.074998307104679 ] } },
{ "type": "Feature", "properties": { "field_1": 1191413, "field_2": "Lainnya", "field_3": "Open Area ", "field_4": 628231.8, "field_5": 9217800.3 }, "geometry": { "type": "Point", "coordinates": [ 112.161092112130021, -7.074998024904876 ] } },
{ "type": "Feature", "properties": { "field_1": 1191424, "field_2": "Lainnya", "field_3": "Open Area ", "field_4": 628369.3, "field_5": 9217800.3 }, "geometry": { "type": "Point", "coordinates": [ 112.16233695000011, -7.074994918892604 ] } },
{ "type": "Feature", "properties": { "field_1": 1191425, "field_2": "Lainnya", "field_3": "Open Area ", "field_4": 628381.8, "field_5": 9217800.3 }, "geometry": { "type": "Point", "coordinates": [ 112.162450117051421, -7.074994636362904 ] } },
{ "type": "Feature", "properties": { "field_1": 1191427, "field_2": "Lainnya", "field_3": "Open Area ", "field_4": 628406.8, "field_5": 9217800.3 }, "geometry": { "type": "Point", "coordinates": [ 112.162676451140129, -7.07499407122103 ] } },
{ "type": "Feature", "properties": { "field_1": 1191428, "field_2": "Lainnya", "field_3": "Open Area ", "field_4": 628419.3, "field_5": 9217800.3 }, "geometry": { "type": "Point", "coordinates": [ 112.162789618177541, -7.074993788608857 ] } },
{ "type": "Feature", "properties": { "field_1": 1191429, "field_2": "Lainnya", "field_3": "Open Area ", "field_4": 628431.8, "field_5": 9217800.3 }, "geometry": { "type": "Point", "coordinates": [ 112.162902785210306, -7.074993505969192 ] } },
{ "type": "Feature", "properties": { "field_1": 1191430, "field_2": "Lainnya", "field_3": "Open Area ", "field_4": 628444.3, "field_5": 9217800.3 }, "geometry": { "type": "Point", "coordinates": [ 112.163015952238439, -7.074993223302036 ] } },
{ "type": "Feature", "properties": { "field_1": 1191431, "field_2": "Lainnya", "field_3": "Open Area ", "field_4": 628456.8, "field_5": 9217800.3 }, "geometry": { "type": "Point", "coordinates": [ 112.163129119261939, -7.074992940607387 ] } },
{ "type": "Feature", "properties": { "field_1": 1191432, "field_2": "Lainnya", "field_3": "Open Area ", "field_4": 628469.3, "field_5": 9217800.3 }, "geometry": { "type": "Point", "coordinates": [ 112.163242286280806, -7.074992657885249 ] } },
{ "type": "Feature", "properties": { "field_1": 1191433, "field_2": "Lainnya", "field_3": "Open Area ", "field_4": 628481.8, "field_5": 9217800.3 }, "geometry": { "type": "Point", "coordinates": [ 112.163355453295026, -7.074992375135619 ] } },
{ "type": "Feature", "properties": { "field_1": 1191434, "field_2": "Lainnya", "field_3": "Open Area ", "field_4": 628494.3, "field_5": 9217800.3 }, "geometry": { "type": "Point", "coordinates": [ 112.163468620304599, -7.074992092358497 ] } },
{ "type": "Feature", "properties": { "field_1": 1191435, "field_2": "Lainnya", "field_3": "Open Area ", "field_4": 628506.8, "field_5": 9217800.3 }, "geometry": { "type": "Point", "coordinates": [ 112.163581787309553, -7.074991809553885 ] } },
{ "type": "Feature", "properties": { "field_1": 1191436, "field_2": "Lainnya", "field_3": "Open Area ", "field_4": 628519.3, "field_5": 9217800.3 }, "geometry": { "type": "Point", "coordinates": [ 112.163694954309861, -7.074991526721781 ] } },
{ "type": "Feature", "properties": { "field_1": 1191440, "field_2": "Lainnya", "field_3": "Open Area ", "field_4": 628569.3, "field_5": 9217800.3 }, "geometry": { "type": "Point", "coordinates": [ 112.164147622264707, -7.074990395118454 ] } },
{ "type": "Feature", "properties": { "field_1": 1191441, "field_2": "Lainnya", "field_3": "Open Area ", "field_4": 628581.8, "field_5": 9217800.3 }, "geometry": { "type": "Point", "coordinates": [ 112.164260789241808, -7.074990112148893 ] } },
{ "type": "Feature", "properties": { "field_1": 1191442, "field_2": "Lainnya", "field_3": "Potensi Kecelakaan", "field_4": 628594.3, "field_5": 9217800.3 }, "geometry": { "type": "Point", "coordinates": [ 112.164373956214277, -7.074989829151842 ] } },
{ "type": "Feature", "properties": { "field_1": 1191443, "field_2": "Lainnya", "field_3": "Potensi Kecelakaan", "field_4": 628606.8, "field_5": 9217800.3 }, "geometry": { "type": "Point", "coordinates": [ 112.164487123182113, -7.074989546127299 ] } },
{ "type": "Feature", "properties": { "field_1": 1191444, "field_2": "Lainnya", "field_3": "Potensi Kecelakaan", "field_4": 628619.3, "field_5": 9217800.3 }, "geometry": { "type": "Point", "coordinates": [ 112.164600290145287, -7.074989263075266 ] } },
{ "type": "Feature", "properties": { "field_1": 1191445, "field_2": "Lainnya", "field_3": "Potensi Kecelakaan", "field_4": 628631.8, "field_5": 9217800.3 }, "geometry": { "type": "Point", "coordinates": [ 112.164713457103829, -7.074988979995741 ] } },
{ "type": "Feature", "properties": { "field_1": 1191960, "field_2": "Lainnya", "field_3": "Open Area", "field_4": 635069.3, "field_5": 9217800.39 }, "geometry": { "type": "Point", "coordinates": [ 112.222993811428651, -7.0748387274655 ] } },
{ "type": "Feature", "properties": { "field_1": 1191961, "field_2": "Lainnya", "field_3": "Open Area", "field_4": 635081.8, "field_5": 9217800.3 }, "geometry": { "type": "Point", "coordinates": [ 112.223106978073886, -7.07483924414879 ] } },
{ "type": "Feature", "properties": { "field_1": 1191962, "field_2": "Lainnya", "field_3": "Open Area", "field_4": 635094.3, "field_5": 9217800.39 }, "geometry": { "type": "Point", "coordinates": [ 112.223220140429063, -7.074838132909609 ] } },
{ "type": "Feature", "properties": { "field_1": 1191963, "field_2": "Lainnya", "field_3": "Open Area", "field_4": 635106.8, "field_5": 9217800.3 }, "geometry": { "type": "Point", "coordinates": [ 112.223333307064948, -7.074838649537854 ] } },
{ "type": "Feature", "properties": { "field_1": 1191964, "field_2": "Lainnya", "field_3": "Open Area", "field_4": 635119.3, "field_5": 9217800.39 }, "geometry": { "type": "Point", "coordinates": [ 112.223446469409964, -7.074837538243766 ] } },
{ "type": "Feature", "properties": { "field_1": 1191965, "field_2": "Lainnya", "field_3": "Open Area", "field_4": 635131.8, "field_5": 9217800.3 }, "geometry": { "type": "Point", "coordinates": [ 112.223559636036498, -7.074838054816966 ] } },
{ "type": "Feature", "properties": { "field_1": 1191966, "field_2": "Lainnya", "field_3": "Open Area", "field_4": 635144.3, "field_5": 9217800.39 }, "geometry": { "type": "Point", "coordinates": [ 112.223672798371354, -7.074836943467971 ] } },
{ "type": "Feature", "properties": { "field_1": 1191967, "field_2": "Lainnya", "field_3": "Open Area", "field_4": 635156.8, "field_5": 9217800.3 }, "geometry": { "type": "Point", "coordinates": [ 112.223785964988537, -7.074837459986123 ] } },
{ "type": "Feature", "properties": { "field_1": 1191968, "field_2": "Lainnya", "field_3": "Open Area", "field_4": 635169.3, "field_5": 9217800.39 }, "geometry": { "type": "Point", "coordinates": [ 112.223899127313246, -7.074836348582222 ] } },
{ "type": "Feature", "properties": { "field_1": 1191969, "field_2": "Lainnya", "field_3": "Open Area", "field_4": 635181.8, "field_5": 9217800.3 }, "geometry": { "type": "Point", "coordinates": [ 112.224012293921049, -7.07483686504533 ] } },
{ "type": "Feature", "properties": { "field_1": 1191970, "field_2": "Lainnya", "field_3": "Open Area", "field_4": 635194.3, "field_5": 9217800.39 }, "geometry": { "type": "Point", "coordinates": [ 112.224125456235598, -7.07483575358652 ] } },
{ "type": "Feature", "properties": { "field_1": 1191971, "field_2": "Lainnya", "field_3": "Open Area", "field_4": 635206.8, "field_5": 9217800.3 }, "geometry": { "type": "Point", "coordinates": [ 112.224238622834051, -7.074836269994582 ] } },
{ "type": "Feature", "properties": { "field_1": 1191972, "field_2": "Lainnya", "field_3": "Open Area", "field_4": 635219.3, "field_5": 9217800.39 }, "geometry": { "type": "Point", "coordinates": [ 112.224351785138452, -7.074835158480865 ] } },
{ "type": "Feature", "properties": { "field_1": 1191973, "field_2": "Lainnya", "field_3": "Open Area", "field_4": 635231.8, "field_5": 9217800.3 }, "geometry": { "type": "Point", "coordinates": [ 112.224464951727541, -7.074835674833881 ] } },
{ "type": "Feature", "properties": { "field_1": 1191974, "field_2": "Lainnya", "field_3": "Open Area", "field_4": 635244.3, "field_5": 9217800.39 }, "geometry": { "type": "Point", "coordinates": [ 112.224578114021782, -7.074834563265258 ] } },
{ "type": "Feature", "properties": { "field_1": 1191975, "field_2": "Lainnya", "field_3": "Open Area", "field_4": 635256.8, "field_5": 9217800.3 }, "geometry": { "type": "Point", "coordinates": [ 112.22469128060149, -7.074835079563227 ] } },
{ "type": "Feature", "properties": { "field_1": 1191976, "field_2": "Lainnya", "field_3": "Open Area", "field_4": 635269.3, "field_5": 9217800.39 }, "geometry": { "type": "Point", "coordinates": [ 112.224804442885585, -7.074833967939695 ] } },
{ "type": "Feature", "properties": { "field_1": 1191977, "field_2": "Lainnya", "field_3": "Open Area", "field_4": 635281.8, "field_5": 9217800.3 }, "geometry": { "type": "Point", "coordinates": [ 112.224917609455929, -7.074834484182622 ] } },
{ "type": "Feature", "properties": { "field_1": 1191978, "field_2": "Lainnya", "field_3": "Open Area", "field_4": 635294.3, "field_5": 9217800.39 }, "geometry": { "type": "Point", "coordinates": [ 112.225030771729848, -7.074833372504184 ] } },
{ "type": "Feature", "properties": { "field_1": 1191979, "field_2": "Lainnya", "field_3": "Open Area", "field_4": 635306.8, "field_5": 9217800.3 }, "geometry": { "type": "Point", "coordinates": [ 112.225143938290827, -7.074833888692062 ] } },
{ "type": "Feature", "properties": { "field_1": 1191980, "field_2": "Lainnya", "field_3": "Open Area", "field_4": 635319.3, "field_5": 9217800.39 }, "geometry": { "type": "Point", "coordinates": [ 112.225257100554586, -7.074832776958717 ] } },
{ "type": "Feature", "properties": { "field_1": 1191981, "field_2": "Lainnya", "field_3": "Open Area", "field_4": 635331.8, "field_5": 9217800.3 }, "geometry": { "type": "Point", "coordinates": [ 112.225370267106186, -7.074833293091551 ] } },
{ "type": "Feature", "properties": { "field_1": 1191982, "field_2": "Lainnya", "field_3": "Open Area", "field_4": 635344.3, "field_5": 9217800.39 }, "geometry": { "type": "Point", "coordinates": [ 112.225483429359784, -7.074832181303299 ] } },
{ "type": "Feature", "properties": { "field_1": 1191983, "field_2": "Lainnya", "field_3": "Open Area", "field_4": 635356.8, "field_5": 9217800.3 }, "geometry": { "type": "Point", "coordinates": [ 112.225596595902019, -7.074832697381087 ] } },
{ "type": "Feature", "properties": { "field_1": 1191984, "field_2": "Lainnya", "field_3": "Open Area", "field_4": 635369.3, "field_5": 9217800.39 }, "geometry": { "type": "Point", "coordinates": [ 112.225709758145442, -7.074831585537928 ] } },
{ "type": "Feature", "properties": { "field_1": 1191985, "field_2": "Lainnya", "field_3": "Open Area", "field_4": 635381.8, "field_5": 9217800.3 }, "geometry": { "type": "Point", "coordinates": [ 112.225822924678297, -7.07483210156067 ] } },
{ "type": "Feature", "properties": { "field_1": 1191986, "field_2": "Lainnya", "field_3": "Open Area", "field_4": 635394.3, "field_5": 9217800.39 }, "geometry": { "type": "Point", "coordinates": [ 112.22593608691156, -7.074830989662602 ] } },
{ "type": "Feature", "properties": { "field_1": 1191987, "field_2": "Lainnya", "field_3": "Open Area", "field_4": 635406.8, "field_5": 9217800.3 }, "geometry": { "type": "Point", "coordinates": [ 112.226049253435036, -7.0748315056303 ] } },
{ "type": "Feature", "properties": { "field_1": 1191988, "field_2": "Lainnya", "field_3": "Open Area", "field_4": 635419.3, "field_5": 9217800.39 }, "geometry": { "type": "Point", "coordinates": [ 112.226162415658123, -7.074830393677327 ] } },
{ "type": "Feature", "properties": { "field_1": 1191989, "field_2": "Lainnya", "field_3": "Open Area", "field_4": 635431.8, "field_5": 9217800.3 }, "geometry": { "type": "Point", "coordinates": [ 112.226275582172221, -7.074830909589978 ] } },
{ "type": "Feature", "properties": { "field_1": 1191990, "field_2": "Lainnya", "field_3": "Open Area", "field_4": 635444.3, "field_5": 9217800.39 }, "geometry": { "type": "Point", "coordinates": [ 112.226388744385147, -7.074829797582098 ] } },
{ "type": "Feature", "properties": { "field_1": 1191991, "field_2": "Lainnya", "field_3": "Open Area", "field_4": 635456.8, "field_5": 9217800.3 }, "geometry": { "type": "Point", "coordinates": [ 112.226501910889851, -7.074830313439704 ] } },
{ "type": "Feature", "properties": { "field_1": 1191992, "field_2": "Lainnya", "field_3": "Open Area", "field_4": 635469.3, "field_5": 9217800.39 }, "geometry": { "type": "Point", "coordinates": [ 112.226615073092603, -7.074829201376915 ] } },
{ "type": "Feature", "properties": { "field_1": 1191993, "field_2": "Lainnya", "field_3": "Open Area", "field_4": 635481.8, "field_5": 9217800.3 }, "geometry": { "type": "Point", "coordinates": [ 112.226728239587942, -7.074829717179478 ] } },
{ "type": "Feature", "properties": { "field_1": 1191994, "field_2": "Lainnya", "field_3": "Open Area", "field_4": 635494.3, "field_5": 9217800.39 }, "geometry": { "type": "Point", "coordinates": [ 112.226841401780504, -7.074828605061783 ] } },
{ "type": "Feature", "properties": { "field_1": 1191995, "field_2": "Lainnya", "field_3": "Open Area", "field_4": 635506.8, "field_5": 9217800.3 }, "geometry": { "type": "Point", "coordinates": [ 112.22695456826645, -7.074829120809299 ] } },
{ "type": "Feature", "properties": { "field_1": 1191996, "field_2": "Lainnya", "field_3": "Open Area", "field_4": 635519.3, "field_5": 9217800.39 }, "geometry": { "type": "Point", "coordinates": [ 112.227067730448837, -7.074828008636696 ] } },
{ "type": "Feature", "properties": { "field_1": 1191997, "field_2": "Lainnya", "field_3": "Open Area", "field_4": 635531.8, "field_5": 9217800.3 }, "geometry": { "type": "Point", "coordinates": [ 112.227180896925418, -7.074828524329166 ] } },
{ "type": "Feature", "properties": { "field_1": 1191998, "field_2": "Lainnya", "field_3": "Open Area", "field_4": 635544.3, "field_5": 9217800.39 }, "geometry": { "type": "Point", "coordinates": [ 112.227294059097616, -7.074827412101657 ] } },
{ "type": "Feature", "properties": { "field_1": 1191999, "field_2": "Lainnya", "field_3": "Open Area", "field_4": 635556.8, "field_5": 9217800.3 }, "geometry": { "type": "Point", "coordinates": [ 112.227407225564804, -7.074827927739083 ] } },
{ "type": "Feature", "properties": { "field_1": 1192000, "field_2": "Lainnya", "field_3": "Open Area", "field_4": 635569.3, "field_5": 9217800.39 }, "geometry": { "type": "Point", "coordinates": [ 112.227520387726827, -7.074826815456666 ] } },
{ "type": "Feature", "properties": { "field_1": 1192001, "field_2": "Lainnya", "field_3": "Open Area", "field_4": 635581.8, "field_5": 9217800.3 }, "geometry": { "type": "Point", "coordinates": [ 112.227633554184621, -7.074827331039046 ] } },
{ "type": "Feature", "properties": { "field_1": 1192002, "field_2": "Lainnya", "field_3": "Open Area", "field_4": 635594.3, "field_5": 9217800.39 }, "geometry": { "type": "Point", "coordinates": [ 112.227746716336455, -7.074826218701723 ] } },
{ "type": "Feature", "properties": { "field_1": 1192003, "field_2": "Lainnya", "field_3": "Open Area", "field_4": 635606.8, "field_5": 9217800.3 }, "geometry": { "type": "Point", "coordinates": [ 112.227859882784855, -7.074826734229057 ] } },
{ "type": "Feature", "properties": { "field_1": 1192004, "field_2": "Lainnya", "field_3": "Open Area", "field_4": 635619.3, "field_5": 9217800.39 }, "geometry": { "type": "Point", "coordinates": [ 112.227973044926514, -7.07482562183683 ] } },
{ "type": "Feature", "properties": { "field_1": 1192005, "field_2": "Lainnya", "field_3": "Open Area", "field_4": 635631.8, "field_5": 9217800.3 }, "geometry": { "type": "Point", "coordinates": [ 112.228086211365522, -7.074826137309118 ] } },
{ "type": "Feature", "properties": { "field_1": 1192006, "field_2": "Lainnya", "field_3": "Open Area", "field_4": 635644.3, "field_5": 9217800.39 }, "geometry": { "type": "Point", "coordinates": [ 112.228199373496977, -7.074825024861982 ] } },
{ "type": "Feature", "properties": { "field_1": 1192007, "field_2": "Lainnya", "field_3": "Open Area", "field_4": 635656.8, "field_5": 9217800.3 }, "geometry": { "type": "Point", "coordinates": [ 112.228312539926591, -7.074825540279224 ] } },
{ "type": "Feature", "properties": { "field_1": 1192008, "field_2": "Lainnya", "field_3": "Open Area", "field_4": 635669.3, "field_5": 9217800.39 }, "geometry": { "type": "Point", "coordinates": [ 112.228425702047872, -7.074824427777181 ] } },
{ "type": "Feature", "properties": { "field_1": 1192009, "field_2": "Lainnya", "field_3": "Open Area", "field_4": 635681.8, "field_5": 9217800.3 }, "geometry": { "type": "Point", "coordinates": [ 112.228538868468092, -7.074824943139379 ] } },
{ "type": "Feature", "properties": { "field_1": 1192010, "field_2": "Lainnya", "field_3": "Open Area", "field_4": 635694.3, "field_5": 9217800.39 }, "geometry": { "type": "Point", "coordinates": [ 112.228652030579184, -7.07482383058243 ] } },
{ "type": "Feature", "properties": { "field_1": 1192011, "field_2": "Lainnya", "field_3": "Open Area", "field_4": 635706.8, "field_5": 9217800.3 }, "geometry": { "type": "Point", "coordinates": [ 112.228765196989997, -7.074824345889583 ] } },
{ "type": "Feature", "properties": { "field_1": 1192012, "field_2": "Lainnya", "field_3": "Open Area", "field_4": 635719.3, "field_5": 9217800.39 }, "geometry": { "type": "Point", "coordinates": [ 112.228878359090899, -7.074823233277727 ] } },
{ "type": "Feature", "properties": { "field_1": 1192013, "field_2": "Lainnya", "field_3": "Open Area", "field_4": 635731.8, "field_5": 9217800.3 }, "geometry": { "type": "Point", "coordinates": [ 112.228991525492305, -7.074823748529835 ] } },
{ "type": "Feature", "properties": { "field_1": 1192014, "field_2": "Lainnya", "field_3": "Open Area", "field_4": 635744.3, "field_5": 9217800.39 }, "geometry": { "type": "Point", "coordinates": [ 112.229104687583018, -7.074822635863073 ] } },
{ "type": "Feature", "properties": { "field_1": 1192015, "field_2": "Lainnya", "field_3": "Open Area", "field_4": 635756.8, "field_5": 9217800.3 }, "geometry": { "type": "Point", "coordinates": [ 112.22921785397503, -7.074823151060134 ] } },
{ "type": "Feature", "properties": { "field_1": 1192016, "field_2": "Lainnya", "field_3": "Open Area", "field_4": 635769.3, "field_5": 9217800.39 }, "geometry": { "type": "Point", "coordinates": [ 112.229331016055539, -7.074822038338464 ] } },
{ "type": "Feature", "properties": { "field_1": 1192017, "field_2": "Lainnya", "field_3": "Open Area", "field_4": 635781.8, "field_5": 9217800.3 }, "geometry": { "type": "Point", "coordinates": [ 112.229444182438144, -7.07482255348048 ] } },
{ "type": "Feature", "properties": { "field_1": 1192018, "field_2": "Lainnya", "field_3": "Open Area", "field_4": 635794.3, "field_5": 9217800.39 }, "geometry": { "type": "Point", "coordinates": [ 112.22955734450845, -7.074821440703907 ] } },
{ "type": "Feature", "properties": { "field_1": 1192019, "field_2": "Lainnya", "field_3": "Open Area", "field_4": 635806.8, "field_5": 9217800.3 }, "geometry": { "type": "Point", "coordinates": [ 112.229670510881661, -7.074821955790877 ] } },
{ "type": "Feature", "properties": { "field_1": 1192020, "field_2": "Lainnya", "field_3": "Open Area", "field_4": 635819.3, "field_5": 9217800.39 }, "geometry": { "type": "Point", "coordinates": [ 112.229783672941764, -7.074820842959395 ] } },
{ "type": "Feature", "properties": { "field_1": 1192021, "field_2": "Lainnya", "field_3": "Open Area", "field_4": 635831.8, "field_5": 9217800.3 }, "geometry": { "type": "Point", "coordinates": [ 112.229896839305553, -7.07482135799132 ] } },
{ "type": "Feature", "properties": { "field_1": 1192022, "field_2": "Lainnya", "field_3": "Open Area", "field_4": 635844.3, "field_5": 9217800.39 }, "geometry": { "type": "Point", "coordinates": [ 112.230010001355467, -7.074820245104933 ] } },
{ "type": "Feature", "properties": { "field_1": 1192023, "field_2": "Lainnya", "field_3": "Open Area", "field_4": 635856.8, "field_5": 9217800.3 }, "geometry": { "type": "Point", "coordinates": [ 112.230123167709849, -7.074820760081813 ] } },
{ "type": "Feature", "properties": { "field_1": 1192024, "field_2": "Lainnya", "field_3": "Open Area", "field_4": 635869.3, "field_5": 9217800.39 }, "geometry": { "type": "Point", "coordinates": [ 112.230236329749559, -7.074819647140519 ] } },
{ "type": "Feature", "properties": { "field_1": 1192025, "field_2": "Lainnya", "field_3": "Open Area", "field_4": 635881.8, "field_5": 9217800.3 }, "geometry": { "type": "Point", "coordinates": [ 112.230349496094533, -7.074820162062355 ] } },
{ "type": "Feature", "properties": { "field_1": 1192026, "field_2": "Lainnya", "field_3": "Open Area", "field_4": 635894.3, "field_5": 9217800.39 }, "geometry": { "type": "Point", "coordinates": [ 112.23046265812404, -7.074819049066153 ] } },
{ "type": "Feature", "properties": { "field_1": 1192027, "field_2": "Lainnya", "field_3": "Open Area", "field_4": 635906.8, "field_5": 9217800.3 }, "geometry": { "type": "Point", "coordinates": [ 112.230575824459592, -7.074819563932943 ] } },
{ "type": "Feature", "properties": { "field_1": 1192028, "field_2": "Lainnya", "field_3": "Open Area", "field_4": 635919.3, "field_5": 9217800.39 }, "geometry": { "type": "Point", "coordinates": [ 112.230688986478896, -7.074818450881835 ] } },
{ "type": "Feature", "properties": { "field_1": 1192029, "field_2": "Lainnya", "field_3": "Open Area", "field_4": 635931.8, "field_5": 9217800.3 }, "geometry": { "type": "Point", "coordinates": [ 112.23080215280504, -7.07481896569358 ] } },
{ "type": "Feature", "properties": { "field_1": 1192030, "field_2": "Lainnya", "field_3": "Open Area", "field_4": 635944.3, "field_5": 9217800.39 }, "geometry": { "type": "Point", "coordinates": [ 112.230915314814141, -7.074817852587567 ] } },
{ "type": "Feature", "properties": { "field_1": 1192031, "field_2": "Lainnya", "field_3": "Open Area", "field_4": 635956.8, "field_5": 9217800.3 }, "geometry": { "type": "Point", "coordinates": [ 112.231028481130849, -7.074818367344265 ] } },
{ "type": "Feature", "properties": { "field_1": 1192032, "field_2": "Lainnya", "field_3": "Open Area", "field_4": 635969.3, "field_5": 9217800.39 }, "geometry": { "type": "Point", "coordinates": [ 112.231141643129732, -7.074817254183345 ] } },
{ "type": "Feature", "properties": { "field_1": 1192033, "field_2": "Lainnya", "field_3": "Open Area", "field_4": 635981.8, "field_5": 9217800.3 }, "geometry": { "type": "Point", "coordinates": [ 112.231254809437047, -7.074817768884999 ] } },
{ "type": "Feature", "properties": { "field_1": 1192034, "field_2": "Lainnya", "field_3": "Open Area", "field_4": 635994.3, "field_5": 9217800.39 }, "geometry": { "type": "Point", "coordinates": [ 112.231367971425712, -7.074816655669173 ] } },
{ "type": "Feature", "properties": { "field_1": 1192035, "field_2": "Lainnya", "field_3": "Open Area", "field_4": 636006.8, "field_5": 9217800.3 }, "geometry": { "type": "Point", "coordinates": [ 112.231481137723591, -7.074817170315782 ] } },
{ "type": "Feature", "properties": { "field_1": 1192036, "field_2": "Lainnya", "field_3": "Open Area", "field_4": 636019.3, "field_5": 9217800.39 }, "geometry": { "type": "Point", "coordinates": [ 112.231594299702053, -7.074816057045051 ] } },
{ "type": "Feature", "properties": { "field_1": 1192037, "field_2": "Lainnya", "field_3": "Open Area", "field_4": 636031.8, "field_5": 9217800.3 }, "geometry": { "type": "Point", "coordinates": [ 112.231707465990524, -7.074816571636613 ] } },
{ "type": "Feature", "properties": { "field_1": 1192038, "field_2": "Lainnya", "field_3": "Open Area", "field_4": 636044.3, "field_5": 9217800.39 }, "geometry": { "type": "Point", "coordinates": [ 112.231820627958754, -7.074815458310974 ] } },
{ "type": "Feature", "properties": { "field_1": 1192039, "field_2": "Lainnya", "field_3": "Open Area", "field_4": 636056.8, "field_5": 9217800.3 }, "geometry": { "type": "Point", "coordinates": [ 112.231933794237804, -7.074815972847494 ] } },
{ "type": "Feature", "properties": { "field_1": 1192040, "field_2": "Lainnya", "field_3": "Open Area", "field_4": 636069.3, "field_5": 9217800.39 }, "geometry": { "type": "Point", "coordinates": [ 112.232046956195816, -7.074814859466949 ] } },
{ "type": "Feature", "properties": { "field_1": 1192041, "field_2": "Lainnya", "field_3": "Open Area", "field_4": 636081.8, "field_5": 9217800.3 }, "geometry": { "type": "Point", "coordinates": [ 112.23216012246543, -7.074815373948423 ] } },
{ "type": "Feature", "properties": { "field_1": 1192042, "field_2": "Lainnya", "field_3": "Open Area", "field_4": 636094.3, "field_5": 9217800.39 }, "geometry": { "type": "Point", "coordinates": [ 112.232273284413225, -7.074814260512972 ] } },
{ "type": "Feature", "properties": { "field_1": 1192043, "field_2": "Lainnya", "field_3": "Open Area", "field_4": 636106.8, "field_5": 9217800.3 }, "geometry": { "type": "Point", "coordinates": [ 112.232386450673417, -7.074814774939399 ] } },
{ "type": "Feature", "properties": { "field_1": 1192044, "field_2": "Lainnya", "field_3": "Open Area", "field_4": 636119.3, "field_5": 9217800.39 }, "geometry": { "type": "Point", "coordinates": [ 112.232499612610994, -7.074813661449044 ] } },
{ "type": "Feature", "properties": { "field_1": 1192045, "field_2": "Lainnya", "field_3": "Open Area", "field_4": 636131.8, "field_5": 9217800.3 }, "geometry": { "type": "Point", "coordinates": [ 112.23261277886175, -7.074814175820426 ] } },
{ "type": "Feature", "properties": { "field_1": 1192303, "field_2": "Lainnya", "field_3": "Open Area", "field_4": 639356.8, "field_5": 9217800.3 }, "geometry": { "type": "Point", "coordinates": [ 112.261808949067515, -7.074735967548884 ] } },
{ "type": "Feature", "properties": { "field_1": 1192304, "field_2": "Lainnya", "field_3": "Open Area", "field_4": 639369.3, "field_5": 9217800.39 }, "geometry": { "type": "Point", "coordinates": [ 112.261922109661015, -7.074734846921054 ] } },
{ "type": "Feature", "properties": { "field_1": 1192305, "field_2": "Lainnya", "field_3": "Open Area", "field_4": 639381.8, "field_5": 9217800.3 }, "geometry": { "type": "Point", "coordinates": [ 112.262035274670581, -7.074735354136648 ] } },
{ "type": "Feature", "properties": { "field_1": 1192306, "field_2": "Lainnya", "field_3": "Open Area", "field_4": 639394.3, "field_5": 9217800.39 }, "geometry": { "type": "Point", "coordinates": [ 112.262148435253621, -7.074734233453917 ] } },
{ "type": "Feature", "properties": { "field_1": 1192307, "field_2": "Lainnya", "field_3": "Open Area", "field_4": 639406.8, "field_5": 9217800.3 }, "geometry": { "type": "Point", "coordinates": [ 112.262261600253524, -7.07473474061447 ] } },
{ "type": "Feature", "properties": { "field_1": 1192308, "field_2": "Lainnya", "field_3": "Open Area", "field_4": 639419.3, "field_5": 9217800.39 }, "geometry": { "type": "Point", "coordinates": [ 112.262374760826106, -7.074733619876836 ] } },
{ "type": "Feature", "properties": { "field_1": 1192309, "field_2": "Lainnya", "field_3": "Open Area", "field_4": 639431.8, "field_5": 9217800.3 }, "geometry": { "type": "Point", "coordinates": [ 112.262487925816345, -7.074734126982346 ] } },
{ "type": "Feature", "properties": { "field_1": 1192310, "field_2": "Lainnya", "field_3": "Open Area", "field_4": 639444.3, "field_5": 9217800.39 }, "geometry": { "type": "Point", "coordinates": [ 112.262601086378453, -7.074733006189811 ] } },
{ "type": "Feature", "properties": { "field_1": 1192311, "field_2": "Lainnya", "field_3": "Open Area", "field_4": 639456.8, "field_5": 9217800.3 }, "geometry": { "type": "Point", "coordinates": [ 112.262714251359029, -7.074733513240276 ] } },
{ "type": "Feature", "properties": { "field_1": 1192312, "field_2": "Lainnya", "field_3": "Open Area", "field_4": 639469.3, "field_5": 9217800.39 }, "geometry": { "type": "Point", "coordinates": [ 112.262827411910678, -7.074732392392842 ] } },
{ "type": "Feature", "properties": { "field_1": 1192313, "field_2": "Lainnya", "field_3": "Open Area", "field_4": 639481.8, "field_5": 9217800.3 }, "geometry": { "type": "Point", "coordinates": [ 112.262940576881576, -7.074732899388263 ] } },
{ "type": "Feature", "properties": { "field_1": 1192314, "field_2": "Lainnya", "field_3": "Open Area", "field_4": 639494.3, "field_5": 9217800.39 }, "geometry": { "type": "Point", "coordinates": [ 112.26305373742278, -7.074731778485925 ] } },
{ "type": "Feature", "properties": { "field_1": 1192315, "field_2": "Lainnya", "field_3": "Alur Irigasi", "field_4": 639506.8, "field_5": 9217800.3 }, "geometry": { "type": "Point", "coordinates": [ 112.263166902384, -7.074732285426304 ] } },
{ "type": "Feature", "properties": { "field_1": 1192315, "field_2": "Lainnya", "field_3": "Open Area", "field_4": 639506.8, "field_5": 9217800.3 }, "geometry": { "type": "Point", "coordinates": [ 112.263166902384, -7.074732285426304 ] } },
{ "type": "Feature", "properties": { "field_1": 1192316, "field_2": "Lainnya", "field_3": "Alur Irigasi", "field_4": 639519.3, "field_5": 9217800.39 }, "geometry": { "type": "Point", "coordinates": [ 112.263280062914731, -7.074731164469065 ] } },
{ "type": "Feature", "properties": { "field_1": 1192316, "field_2": "Lainnya", "field_3": "Open Area", "field_4": 639519.3, "field_5": 9217800.39 }, "geometry": { "type": "Point", "coordinates": [ 112.263280062914731, -7.074731164469065 ] } },
{ "type": "Feature", "properties": { "field_1": 1192317, "field_2": "Lainnya", "field_3": "Open Area", "field_4": 639531.8, "field_5": 9217800.3 }, "geometry": { "type": "Point", "coordinates": [ 112.263393227866274, -7.074731671354399 ] } },
{ "type": "Feature", "properties": { "field_1": 1192318, "field_2": "Lainnya", "field_3": "Open Area", "field_4": 639544.3, "field_5": 9217800.39 }, "geometry": { "type": "Point", "coordinates": [ 112.263506388386517, -7.074730550342261 ] } },
{ "type": "Feature", "properties": { "field_1": 1192319, "field_2": "Lainnya", "field_3": "Open Area", "field_4": 639556.8, "field_5": 9217800.3 }, "geometry": { "type": "Point", "coordinates": [ 112.263619553328397, -7.07473105717255 ] } },
{ "type": "Feature", "properties": { "field_1": 1192320, "field_2": "Lainnya", "field_3": "Open Area", "field_4": 639569.3, "field_5": 9217800.39 }, "geometry": { "type": "Point", "coordinates": [ 112.263732713838181, -7.07472993610551 ] } },
{ "type": "Feature", "properties": { "field_1": 1192321, "field_2": "Lainnya", "field_3": "Open Area", "field_4": 639581.8, "field_5": 9217800.3 }, "geometry": { "type": "Point", "coordinates": [ 112.263845878770383, -7.074730442880757 ] } },
{ "type": "Feature", "properties": { "field_1": 1192322, "field_2": "Lainnya", "field_3": "Open Area", "field_4": 639594.3, "field_5": 9217800.39 }, "geometry": { "type": "Point", "coordinates": [ 112.263959039269693, -7.074729321758817 ] } },
{ "type": "Feature", "properties": { "field_1": 1192323, "field_2": "Lainnya", "field_3": "Open Area", "field_4": 639606.8, "field_5": 9217800.3 }, "geometry": { "type": "Point", "coordinates": [ 112.264072204192203, -7.074729828479018 ] } },
{ "type": "Feature", "properties": { "field_1": 1192324, "field_2": "Lainnya", "field_3": "Open Area", "field_4": 639619.3, "field_5": 9217800.39 }, "geometry": { "type": "Point", "coordinates": [ 112.264185364681055, -7.074728707302176 ] } },
{ "type": "Feature", "properties": { "field_1": 1192325, "field_2": "Lainnya", "field_3": "Open Area", "field_4": 639631.8, "field_5": 9217800.3 }, "geometry": { "type": "Point", "coordinates": [ 112.264298529593873, -7.074729213967336 ] } },
{ "type": "Feature", "properties": { "field_1": 1192326, "field_2": "Lainnya", "field_3": "Open Area", "field_4": 639644.3, "field_5": 9217800.39 }, "geometry": { "type": "Point", "coordinates": [ 112.264411690072251, -7.074728092735594 ] } },
{ "type": "Feature", "properties": { "field_1": 1192327, "field_2": "Lainnya", "field_3": "Open Area", "field_4": 639656.8, "field_5": 9217800.3 }, "geometry": { "type": "Point", "coordinates": [ 112.264524854975406, -7.074728599345709 ] } },
{ "type": "Feature", "properties": { "field_1": 1192328, "field_2": "Lainnya", "field_3": "Open Area", "field_4": 639669.3, "field_5": 9217800.39 }, "geometry": { "type": "Point", "coordinates": [ 112.264638015443296, -7.074727478059065 ] } },
{ "type": "Feature", "properties": { "field_1": 1192329, "field_2": "Lainnya", "field_3": "Open Area", "field_4": 639681.8, "field_5": 9217800.3 }, "geometry": { "type": "Point", "coordinates": [ 112.264751180336745, -7.074727984614137 ] } },
{ "type": "Feature", "properties": { "field_1": 1192330, "field_2": "Lainnya", "field_3": "Open Area", "field_4": 639694.3, "field_5": 9217800.39 }, "geometry": { "type": "Point", "coordinates": [ 112.264864340794148, -7.074726863272593 ] } },
{ "type": "Feature", "properties": { "field_1": 1192331, "field_2": "Lainnya", "field_3": "Open Area", "field_4": 639706.8, "field_5": 9217800.3 }, "geometry": { "type": "Point", "coordinates": [ 112.264977505677948, -7.074727369772622 ] } },
{ "type": "Feature", "properties": { "field_1": 1192332, "field_2": "Lainnya", "field_3": "Open Area", "field_4": 639719.3, "field_5": 9217800.39 }, "geometry": { "type": "Point", "coordinates": [ 112.265090666124863, -7.074726248376176 ] } },
{ "type": "Feature", "properties": { "field_1": 1192333, "field_2": "Lainnya", "field_3": "Open Area", "field_4": 639731.8, "field_5": 9217800.3 }, "geometry": { "type": "Point", "coordinates": [ 112.265203830998956, -7.07472675482116 ] } },
{ "type": "Feature", "properties": { "field_1": 1192334, "field_2": "Lainnya", "field_3": "Open Area", "field_4": 639744.3, "field_5": 9217800.39 }, "geometry": { "type": "Point", "coordinates": [ 112.265316991435398, -7.074725633369814 ] } },
{ "type": "Feature", "properties": { "field_1": 1192335, "field_2": "Lainnya", "field_3": "Open Area", "field_4": 639756.8, "field_5": 9217800.3 }, "geometry": { "type": "Point", "coordinates": [ 112.2654301562998, -7.074726139759756 ] } },
{ "type": "Feature", "properties": { "field_1": 1192336, "field_2": "Lainnya", "field_3": "Open Area", "field_4": 639769.3, "field_5": 9217800.39 }, "geometry": { "type": "Point", "coordinates": [ 112.265543316725768, -7.074725018253509 ] } },
{ "type": "Feature", "properties": { "field_1": 1192337, "field_2": "Lainnya", "field_3": "Open Area", "field_4": 639781.8, "field_5": 9217800.3 }, "geometry": { "type": "Point", "coordinates": [ 112.265656481580464, -7.074725524588406 ] } },
{ "type": "Feature", "properties": { "field_1": 1192338, "field_2": "Lainnya", "field_3": "Open Area", "field_4": 639794.3, "field_5": 9217800.39 }, "geometry": { "type": "Point", "coordinates": [ 112.265769641995945, -7.074724403027259 ] } },
{ "type": "Feature", "properties": { "field_1": 1192339, "field_2": "Lainnya", "field_3": "Open Area", "field_4": 639806.8, "field_5": 9217800.3 }, "geometry": { "type": "Point", "coordinates": [ 112.265882806840949, -7.074724909307113 ] } },
{ "type": "Feature", "properties": { "field_1": 1192340, "field_2": "Lainnya", "field_3": "Open Area", "field_4": 639819.3, "field_5": 9217800.39 }, "geometry": { "type": "Point", "coordinates": [ 112.265995967245942, -7.074723787691064 ] } },
{ "type": "Feature", "properties": { "field_1": 1192341, "field_2": "Lainnya", "field_3": "Open Area", "field_4": 639831.8, "field_5": 9217800.3 }, "geometry": { "type": "Point", "coordinates": [ 112.26610913208124, -7.074724293915875 ] } },
{ "type": "Feature", "properties": { "field_1": 1192342, "field_2": "Lainnya", "field_3": "Open Area", "field_4": 639844.3, "field_5": 9217800.39 }, "geometry": { "type": "Point", "coordinates": [ 112.26622229247576, -7.074723172244926 ] } },
{ "type": "Feature", "properties": { "field_1": 1192343, "field_2": "Lainnya", "field_3": "Open Area", "field_4": 639856.8, "field_5": 9217800.3 }, "geometry": { "type": "Point", "coordinates": [ 112.266335457301366, -7.074723678414692 ] } },
{ "type": "Feature", "properties": { "field_1": 1192344, "field_2": "Lainnya", "field_3": "Open Area", "field_4": 639869.3, "field_5": 9217800.39 }, "geometry": { "type": "Point", "coordinates": [ 112.26644861768537, -7.074722556688843 ] } },
{ "type": "Feature", "properties": { "field_1": 1192345, "field_2": "Lainnya", "field_3": "Open Area", "field_4": 639881.8, "field_5": 9217800.3 }, "geometry": { "type": "Point", "coordinates": [ 112.266561782501284, -7.074723062803566 ] } },
{ "type": "Feature", "properties": { "field_1": 1192346, "field_2": "Lainnya", "field_3": "Open Area", "field_4": 639894.3, "field_5": 9217800.39 }, "geometry": { "type": "Point", "coordinates": [ 112.266674942874801, -7.074721941022815 ] } },
{ "type": "Feature", "properties": { "field_1": 1192347, "field_2": "Lainnya", "field_3": "Open Area", "field_4": 639906.8, "field_5": 9217800.3 }, "geometry": { "type": "Point", "coordinates": [ 112.266788107681009, -7.074722447082494 ] } },
{ "type": "Feature", "properties": { "field_1": 1192348, "field_2": "Lainnya", "field_3": "Open Area", "field_4": 639919.3, "field_5": 9217800.39 }, "geometry": { "type": "Point", "coordinates": [ 112.266901268044037, -7.074721325246845 ] } },
{ "type": "Feature", "properties": { "field_1": 1192349, "field_2": "Lainnya", "field_3": "Open Area", "field_4": 639931.8, "field_5": 9217800.3 }, "geometry": { "type": "Point", "coordinates": [ 112.26701443284054, -7.074721831251479 ] } },
{ "type": "Feature", "properties": { "field_1": 1192350, "field_2": "Lainnya", "field_3": "Open Area", "field_4": 639944.3, "field_5": 9217800.39 }, "geometry": { "type": "Point", "coordinates": [ 112.267127593193067, -7.074720709360929 ] } },
{ "type": "Feature", "properties": { "field_1": 1192351, "field_2": "Lainnya", "field_3": "Open Area", "field_4": 639956.8, "field_5": 9217800.3 }, "geometry": { "type": "Point", "coordinates": [ 112.267240757979877, -7.074721215310522 ] } },
{ "type": "Feature", "properties": { "field_1": 1192352, "field_2": "Lainnya", "field_3": "Open Area", "field_4": 639969.3, "field_5": 9217800.39 }, "geometry": { "type": "Point", "coordinates": [ 112.267353918321888, -7.074720093365069 ] } },
{ "type": "Feature", "properties": { "field_1": 1192353, "field_2": "Lainnya", "field_3": "Open Area", "field_4": 639981.8, "field_5": 9217800.3 }, "geometry": { "type": "Point", "coordinates": [ 112.267467083098992, -7.074720599259619 ] } },
{ "type": "Feature", "properties": { "field_1": 1192354, "field_2": "Lainnya", "field_3": "Open Area", "field_4": 639994.3, "field_5": 9217800.39 }, "geometry": { "type": "Point", "coordinates": [ 112.267580243430501, -7.074719477259269 ] } },
{ "type": "Feature", "properties": { "field_1": 1192355, "field_2": "Lainnya", "field_3": "Open Area", "field_4": 640006.8, "field_5": 9217800.3 }, "geometry": { "type": "Point", "coordinates": [ 112.2676934081979, -7.074719983098772 ] } },
{ "type": "Feature", "properties": { "field_1": 1192356, "field_2": "Lainnya", "field_3": "Open Area", "field_4": 640019.3, "field_5": 9217800.39 }, "geometry": { "type": "Point", "coordinates": [ 112.267806568518921, -7.074718861043521 ] } },
{ "type": "Feature", "properties": { "field_1": 1192357, "field_2": "Lainnya", "field_3": "Open Area", "field_4": 640031.8, "field_5": 9217800.3 }, "geometry": { "type": "Point", "coordinates": [ 112.267919733276599, -7.07471936682798 ] } },
{ "type": "Feature", "properties": { "field_1": 1192358, "field_2": "Lainnya", "field_3": "Open Area", "field_4": 640044.3, "field_5": 9217800.39 }, "geometry": { "type": "Point", "coordinates": [ 112.268032893587105, -7.074718244717829 ] } },
{ "type": "Feature", "properties": { "field_1": 1192359, "field_2": "Lainnya", "field_3": "Open Area", "field_4": 640056.8, "field_5": 9217800.3 }, "geometry": { "type": "Point", "coordinates": [ 112.268146058335077, -7.074718750447247 ] } },
{ "type": "Feature", "properties": { "field_1": 1192360, "field_2": "Lainnya", "field_3": "Open Area", "field_4": 640069.3, "field_5": 9217800.39 }, "geometry": { "type": "Point", "coordinates": [ 112.26825921863508, -7.074717628282195 ] } },
{ "type": "Feature", "properties": { "field_1": 1192361, "field_2": "Lainnya", "field_3": "Open Area", "field_4": 640081.8, "field_5": 9217800.3 }, "geometry": { "type": "Point", "coordinates": [ 112.268372383373332, -7.074718133956569 ] } },
{ "type": "Feature", "properties": { "field_1": 1192362, "field_2": "Lainnya", "field_3": "Open Area", "field_4": 640094.3, "field_5": 9217800.39 }, "geometry": { "type": "Point", "coordinates": [ 112.268485543662834, -7.074717011736617 ] } },
{ "type": "Feature", "properties": { "field_1": 1192363, "field_2": "Lainnya", "field_3": "Open Area", "field_4": 640106.8, "field_5": 9217800.3 }, "geometry": { "type": "Point", "coordinates": [ 112.26859870839138, -7.074717517355948 ] } },
{ "type": "Feature", "properties": { "field_1": 1192364, "field_2": "Lainnya", "field_3": "Open Area", "field_4": 640119.3, "field_5": 9217800.39 }, "geometry": { "type": "Point", "coordinates": [ 112.268711868670366, -7.074716395081096 ] } },
{ "type": "Feature", "properties": { "field_1": 1192365, "field_2": "Lainnya", "field_3": "Open Area", "field_4": 640131.8, "field_5": 9217800.3 }, "geometry": { "type": "Point", "coordinates": [ 112.268825033389177, -7.074716900645382 ] } },
{ "type": "Feature", "properties": { "field_1": 1192366, "field_2": "Lainnya", "field_3": "Open Area", "field_4": 640144.3, "field_5": 9217800.39 }, "geometry": { "type": "Point", "coordinates": [ 112.268938193657661, -7.074715778315629 ] } },
{ "type": "Feature", "properties": { "field_1": 1192367, "field_2": "Lainnya", "field_3": "Open Area", "field_4": 640156.8, "field_5": 9217800.3 }, "geometry": { "type": "Point", "coordinates": [ 112.269051358366767, -7.074716283824872 ] } },
{ "type": "Feature", "properties": { "field_1": 1192368, "field_2": "Lainnya", "field_3": "Open Area", "field_4": 640169.3, "field_5": 9217800.39 }, "geometry": { "type": "Point", "coordinates": [ 112.269164518624734, -7.074715161440221 ] } },
{ "type": "Feature", "properties": { "field_1": 1192369, "field_2": "Lainnya", "field_3": "Open Area", "field_4": 640181.8, "field_5": 9217800.3 }, "geometry": { "type": "Point", "coordinates": [ 112.269277683324106, -7.074715666894421 ] } },
{ "type": "Feature", "properties": { "field_1": 1192370, "field_2": "Lainnya", "field_3": "Open Area", "field_4": 640194.3, "field_5": 9217800.39 }, "geometry": { "type": "Point", "coordinates": [ 112.269390843571571, -7.074714544454868 ] } },
{ "type": "Feature", "properties": { "field_1": 1192371, "field_2": "Lainnya", "field_3": "Open Area", "field_4": 640206.8, "field_5": 9217800.3 }, "geometry": { "type": "Point", "coordinates": [ 112.269504008261208, -7.074715049854025 ] } },
{ "type": "Feature", "properties": { "field_1": 1192372, "field_2": "Lainnya", "field_3": "Open Area", "field_4": 640219.3, "field_5": 9217800.39 }, "geometry": { "type": "Point", "coordinates": [ 112.269617168498144, -7.074713927359571 ] } },
{ "type": "Feature", "properties": { "field_1": 1192373, "field_2": "Lainnya", "field_3": "Open Area", "field_4": 640231.8, "field_5": 9217800.3 }, "geometry": { "type": "Point", "coordinates": [ 112.269730333178074, -7.074714432703685 ] } },
{ "type": "Feature", "properties": { "field_1": 1192374, "field_2": "Lainnya", "field_3": "Open Area", "field_4": 640244.3, "field_5": 9217800.39 }, "geometry": { "type": "Point", "coordinates": [ 112.269843493404494, -7.074713310154332 ] } },
{ "type": "Feature", "properties": { "field_1": 1192375, "field_2": "Lainnya", "field_3": "Open Area", "field_4": 640256.8, "field_5": 9217800.3 }, "geometry": { "type": "Point", "coordinates": [ 112.26995665807469, -7.074713815443402 ] } },
{ "type": "Feature", "properties": { "field_1": 1192376, "field_2": "Lainnya", "field_3": "Open Area", "field_4": 640269.3, "field_5": 9217800.39 }, "geometry": { "type": "Point", "coordinates": [ 112.270069818290594, -7.074712692839149 ] } },
{ "type": "Feature", "properties": { "field_1": 1192377, "field_2": "Lainnya", "field_3": "Open Area", "field_4": 640281.8, "field_5": 9217800.3 }, "geometry": { "type": "Point", "coordinates": [ 112.270182982951056, -7.074713198073176 ] } },
{ "type": "Feature", "properties": { "field_1": 1192378, "field_2": "Lainnya", "field_3": "Open Area", "field_4": 640294.3, "field_5": 9217800.39 }, "geometry": { "type": "Point", "coordinates": [ 112.270296143156443, -7.074712075414022 ] } },
{ "type": "Feature", "properties": { "field_1": 1192379, "field_2": "Lainnya", "field_3": "Open Area", "field_4": 640306.8, "field_5": 9217800.3 }, "geometry": { "type": "Point", "coordinates": [ 112.270409307807171, -7.074712580593006 ] } },
{ "type": "Feature", "properties": { "field_1": 1192380, "field_2": "Lainnya", "field_3": "Open Area", "field_4": 640319.3, "field_5": 9217800.39 }, "geometry": { "type": "Point", "coordinates": [ 112.270522468002028, -7.074711457878952 ] } },
{ "type": "Feature", "properties": { "field_1": 1192381, "field_2": "Lainnya", "field_3": "Open Area", "field_4": 640331.8, "field_5": 9217800.3 }, "geometry": { "type": "Point", "coordinates": [ 112.270635632643035, -7.074711963002894 ] } },
{ "type": "Feature", "properties": { "field_1": 1192382, "field_2": "Lainnya", "field_3": "Open Area", "field_4": 640344.3, "field_5": 9217800.39 }, "geometry": { "type": "Point", "coordinates": [ 112.270748792827362, -7.07471084023394 ] } },
{ "type": "Feature", "properties": { "field_1": 1192383, "field_2": "Lainnya", "field_3": "Open Area", "field_4": 640356.8, "field_5": 9217800.3 }, "geometry": { "type": "Point", "coordinates": [ 112.270861957458635, -7.074711345302838 ] } },
{ "type": "Feature", "properties": { "field_1": 1192384, "field_2": "Lainnya", "field_3": "Open Area", "field_4": 640369.3, "field_5": 9217800.39 }, "geometry": { "type": "Point", "coordinates": [ 112.270975117632432, -7.074710222478983 ] } },
{ "type": "Feature", "properties": { "field_1": 1192385, "field_2": "Lainnya", "field_3": "Open Area", "field_4": 640381.8, "field_5": 9217800.3 }, "geometry": { "type": "Point", "coordinates": [ 112.27108828225397, -7.074710727492837 ] } },
{ "type": "Feature", "properties": { "field_1": 1192386, "field_2": "Lainnya", "field_3": "Open Area", "field_4": 640394.3, "field_5": 9217800.39 }, "geometry": { "type": "Point", "coordinates": [ 112.271201442417237, -7.074709604614085 ] } },
{ "type": "Feature", "properties": { "field_1": 1192387, "field_2": "Lainnya", "field_3": "Open Area", "field_4": 640406.8, "field_5": 9217800.3 }, "geometry": { "type": "Point", "coordinates": [ 112.271314607029041, -7.074710109572893 ] } },
{ "type": "Feature", "properties": { "field_1": 1192388, "field_2": "Lainnya", "field_3": "Open Area", "field_4": 640419.3, "field_5": 9217800.39 }, "geometry": { "type": "Point", "coordinates": [ 112.271427767181777, -7.074708986639243 ] } },
{ "type": "Feature", "properties": { "field_1": 1192389, "field_2": "Lainnya", "field_3": "Open Area", "field_4": 640431.8, "field_5": 9217800.3 }, "geometry": { "type": "Point", "coordinates": [ 112.271540931783832, -7.074709491543008 ] } },
{ "type": "Feature", "properties": { "field_1": 1192390, "field_2": "Lainnya", "field_3": "Open Area", "field_4": 640444.3, "field_5": 9217800.39 }, "geometry": { "type": "Point", "coordinates": [ 112.271654091926052, -7.074708368554457 ] } },
{ "type": "Feature", "properties": { "field_1": 1192391, "field_2": "Lainnya", "field_3": "Open Area", "field_4": 640456.8, "field_5": 9217800.3 }, "geometry": { "type": "Point", "coordinates": [ 112.271767256518373, -7.074708873403179 ] } },
{ "type": "Feature", "properties": { "field_1": 1192392, "field_2": "Lainnya", "field_3": "Open Area", "field_4": 640469.3, "field_5": 9217800.39 }, "geometry": { "type": "Point", "coordinates": [ 112.271880416650035, -7.074707750359729 ] } },
{ "type": "Feature", "properties": { "field_1": 1192393, "field_2": "Lainnya", "field_3": "Open Area", "field_4": 640481.8, "field_5": 9217800.3 }, "geometry": { "type": "Point", "coordinates": [ 112.271993581232607, -7.074708255153407 ] } },
{ "type": "Feature", "properties": { "field_1": 1192394, "field_2": "Lainnya", "field_3": "Open Area", "field_4": 640494.3, "field_5": 9217800.39 }, "geometry": { "type": "Point", "coordinates": [ 112.272106741353738, -7.074707132055057 ] } },
{ "type": "Feature", "properties": { "field_1": 1192395, "field_2": "Lainnya", "field_3": "Open Area", "field_4": 640506.8, "field_5": 9217800.3 }, "geometry": { "type": "Point", "coordinates": [ 112.272219905926576, -7.074707636793693 ] } },
{ "type": "Feature", "properties": { "field_1": 1192396, "field_2": "Lainnya", "field_3": "Open Area", "field_4": 640519.3, "field_5": 9217800.39 }, "geometry": { "type": "Point", "coordinates": [ 112.272333066037177, -7.074706513640442 ] } },
{ "type": "Feature", "properties": { "field_1": 1192397, "field_2": "Lainnya", "field_3": "Open Area", "field_4": 640531.8, "field_5": 9217800.3 }, "geometry": { "type": "Point", "coordinates": [ 112.272446230600238, -7.074707018324036 ] } },
{ "type": "Feature", "properties": { "field_1": 1192398, "field_2": "Lainnya", "field_3": "Open Area", "field_4": 640544.3, "field_5": 9217800.39 }, "geometry": { "type": "Point", "coordinates": [ 112.272559390700309, -7.074705895115885 ] } },
{ "type": "Feature", "properties": { "field_1": 1192399, "field_2": "Lainnya", "field_3": "Open Area", "field_4": 640556.8, "field_5": 9217800.3 }, "geometry": { "type": "Point", "coordinates": [ 112.272672555253635, -7.074706399744434 ] } },
{ "type": "Feature", "properties": { "field_1": 1192400, "field_2": "Lainnya", "field_3": "Open Area", "field_4": 640569.3, "field_5": 9217800.39 }, "geometry": { "type": "Point", "coordinates": [ 112.272785715343161, -7.074705276481385 ] } },
{ "type": "Feature", "properties": { "field_1": 1192401, "field_2": "Lainnya", "field_3": "Open Area", "field_4": 640581.8, "field_5": 9217800.3 }, "geometry": { "type": "Point", "coordinates": [ 112.272898879886739, -7.074705781054891 ] } },
{ "type": "Feature", "properties": { "field_1": 1192402, "field_2": "Lainnya", "field_3": "Open Area", "field_4": 640594.3, "field_5": 9217800.39 }, "geometry": { "type": "Point", "coordinates": [ 112.273012039965707, -7.074704657736942 ] } },
{ "type": "Feature", "properties": { "field_1": 1192403, "field_2": "Lainnya", "field_3": "Open Area", "field_4": 640606.8, "field_5": 9217800.3 }, "geometry": { "type": "Point", "coordinates": [ 112.27312520449955, -7.074705162255406 ] } },
{ "type": "Feature", "properties": { "field_1": 1192404, "field_2": "Lainnya", "field_3": "Open Area", "field_4": 640619.3, "field_5": 9217800.39 }, "geometry": { "type": "Point", "coordinates": [ 112.273238364567959, -7.074704038882556 ] } },
{ "type": "Feature", "properties": { "field_1": 1192405, "field_2": "Lainnya", "field_3": "Open Area", "field_4": 640631.8, "field_5": 9217800.3 }, "geometry": { "type": "Point", "coordinates": [ 112.273351529092039, -7.074704543345977 ] } },
{ "type": "Feature", "properties": { "field_1": 1192406, "field_2": "Lainnya", "field_3": "Open Area", "field_4": 640644.3, "field_5": 9217800.39 }, "geometry": { "type": "Point", "coordinates": [ 112.273464689149918, -7.074703419918228 ] } },
{ "type": "Feature", "properties": { "field_1": 1192407, "field_2": "Lainnya", "field_3": "Open Area", "field_4": 640656.8, "field_5": 9217800.3 }, "geometry": { "type": "Point", "coordinates": [ 112.273577853664236, -7.074703924326606 ] } },
{ "type": "Feature", "properties": { "field_1": 1192408, "field_2": "Lainnya", "field_3": "Open Area", "field_4": 640669.3, "field_5": 9217800.39 }, "geometry": { "type": "Point", "coordinates": [ 112.27369101371157, -7.074702800843958 ] } },
{ "type": "Feature", "properties": { "field_1": 1192409, "field_2": "Lainnya", "field_3": "Open Area", "field_4": 640681.8, "field_5": 9217800.3 }, "geometry": { "type": "Point", "coordinates": [ 112.273804178216125, -7.07470330519729 ] } },
{ "type": "Feature", "properties": { "field_1": 1192410, "field_2": "Lainnya", "field_3": "Open Area", "field_4": 640694.3, "field_5": 9217800.39 }, "geometry": { "type": "Point", "coordinates": [ 112.273917338252915, -7.074702181659744 ] } },
{ "type": "Feature", "properties": { "field_1": 1192411, "field_2": "Lainnya", "field_3": "Open Area", "field_4": 640706.8, "field_5": 9217800.3 }, "geometry": { "type": "Point", "coordinates": [ 112.274030502747721, -7.074702685958034 ] } },
{ "type": "Feature", "properties": { "field_1": 1192412, "field_2": "Lainnya", "field_3": "Open Area", "field_4": 640719.3, "field_5": 9217800.39 }, "geometry": { "type": "Point", "coordinates": [ 112.274143662773923, -7.074701562365588 ] } },
{ "type": "Feature", "properties": { "field_1": 1192413, "field_2": "Lainnya", "field_3": "Open Area", "field_4": 640731.8, "field_5": 9217800.3 }, "geometry": { "type": "Point", "coordinates": [ 112.274256827258981, -7.074702066608835 ] } },
{ "type": "Feature", "properties": { "field_1": 1192414, "field_2": "Lainnya", "field_3": "Open Area", "field_4": 640744.3, "field_5": 9217800.39 }, "geometry": { "type": "Point", "coordinates": [ 112.274369987274639, -7.074700942961488 ] } },
{ "type": "Feature", "properties": { "field_1": 1192415, "field_2": "Lainnya", "field_3": "Open Area", "field_4": 640756.8, "field_5": 9217800.3 }, "geometry": { "type": "Point", "coordinates": [ 112.274483151749934, -7.074701447149693 ] } },
{ "type": "Feature", "properties": { "field_1": 1192416, "field_2": "Lainnya", "field_3": "Open Area", "field_4": 640769.3, "field_5": 9217800.39 }, "geometry": { "type": "Point", "coordinates": [ 112.274596311755033, -7.074700323447448 ] } },
{ "type": "Feature", "properties": { "field_1": 1192417, "field_2": "Lainnya", "field_3": "Open Area", "field_4": 640781.8, "field_5": 9217800.3 }, "geometry": { "type": "Point", "coordinates": [ 112.274709476220551, -7.074700827580608 ] } },
{ "type": "Feature", "properties": { "field_1": 1192418, "field_2": "Lainnya", "field_3": "Open Area", "field_4": 640794.3, "field_5": 9217800.39 }, "geometry": { "type": "Point", "coordinates": [ 112.27482263621512, -7.074699703823465 ] } },
{ "type": "Feature", "properties": { "field_1": 1192419, "field_2": "Lainnya", "field_3": "Open Area", "field_4": 640806.8, "field_5": 9217800.3 }, "geometry": { "type": "Point", "coordinates": [ 112.27493580067086, -7.074700207901582 ] } },
{ "type": "Feature", "properties": { "field_1": 1192420, "field_2": "Lainnya", "field_3": "Open Area", "field_4": 640819.3, "field_5": 9217800.39 }, "geometry": { "type": "Point", "coordinates": [ 112.275048960654857, -7.07469908408954 ] } },
{ "type": "Feature", "properties": { "field_1": 1192421, "field_2": "Lainnya", "field_3": "Open Area", "field_4": 640831.8, "field_5": 9217800.3 }, "geometry": { "type": "Point", "coordinates": [ 112.275162125100834, -7.074699588112614 ] } },
{ "type": "Feature", "properties": { "field_1": 1192422, "field_2": "Lainnya", "field_3": "Open Area", "field_4": 640844.3, "field_5": 9217800.39 }, "geometry": { "type": "Point", "coordinates": [ 112.275275285074272, -7.074698464245671 ] } },
{ "type": "Feature", "properties": { "field_1": 1192423, "field_2": "Lainnya", "field_3": "Open Area", "field_4": 640856.8, "field_5": 9217800.3 }, "geometry": { "type": "Point", "coordinates": [ 112.275388449510473, -7.074698968213703 ] } },
{ "type": "Feature", "properties": { "field_1": 1192424, "field_2": "Lainnya", "field_3": "Open Area", "field_4": 640869.3, "field_5": 9217800.39 }, "geometry": { "type": "Point", "coordinates": [ 112.275501609473338, -7.074697844291861 ] } },
{ "type": "Feature", "properties": { "field_1": 1192425, "field_2": "Lainnya", "field_3": "Open Area", "field_4": 640881.8, "field_5": 9217800.3 }, "geometry": { "type": "Point", "coordinates": [ 112.27561477389979, -7.074698348204849 ] } },
{ "type": "Feature", "properties": { "field_1": 1192426, "field_2": "Lainnya", "field_3": "Open Area", "field_4": 640894.3, "field_5": 9217800.39 }, "geometry": { "type": "Point", "coordinates": [ 112.275727933852082, -7.074697224228108 ] } },
{ "type": "Feature", "properties": { "field_1": 1192427, "field_2": "Lainnya", "field_3": "Open Area", "field_4": 640906.8, "field_5": 9217800.3 }, "geometry": { "type": "Point", "coordinates": [ 112.275841098268756, -7.074697728086054 ] } },
{ "type": "Feature", "properties": { "field_1": 1192428, "field_2": "Lainnya", "field_3": "Open Area", "field_4": 640919.3, "field_5": 9217800.39 }, "geometry": { "type": "Point", "coordinates": [ 112.27595425821049, -7.074696604054413 ] } },
{ "type": "Feature", "properties": { "field_1": 1192429, "field_2": "Lainnya", "field_3": "Open Area", "field_4": 640931.8, "field_5": 9217800.3 }, "geometry": { "type": "Point", "coordinates": [ 112.276067422617388, -7.074697107857316 ] } },
{ "type": "Feature", "properties": { "field_1": 1192430, "field_2": "Lainnya", "field_3": "Open Area", "field_4": 640944.3, "field_5": 9217800.39 }, "geometry": { "type": "Point", "coordinates": [ 112.276180582548548, -7.074695983770778 ] } },
{ "type": "Feature", "properties": { "field_1": 1192431, "field_2": "Lainnya", "field_3": "Open Area", "field_4": 640956.8, "field_5": 9217800.3 }, "geometry": { "type": "Point", "coordinates": [ 112.276293746945655, -7.074696487518636 ] } },
{ "type": "Feature", "properties": { "field_1": 1192432, "field_2": "Lainnya", "field_3": "Open Area", "field_4": 640969.3, "field_5": 9217800.39 }, "geometry": { "type": "Point", "coordinates": [ 112.276406906866256, -7.074695363377199 ] } },
{ "type": "Feature", "properties": { "field_1": 1192433, "field_2": "Lainnya", "field_3": "Open Area", "field_4": 640981.8, "field_5": 9217800.3 }, "geometry": { "type": "Point", "coordinates": [ 112.276520071253572, -7.074695867070014 ] } },
{ "type": "Feature", "properties": { "field_1": 1192434, "field_2": "Lainnya", "field_3": "Open Area", "field_4": 640994.3, "field_5": 9217800.39 }, "geometry": { "type": "Point", "coordinates": [ 112.276633231163615, -7.074694742873677 ] } },
{ "type": "Feature", "properties": { "field_1": 1192435, "field_2": "Lainnya", "field_3": "Open Area", "field_4": 641006.8, "field_5": 9217800.3 }, "geometry": { "type": "Point", "coordinates": [ 112.276746395541153, -7.07469524651145 ] } },
{ "type": "Feature", "properties": { "field_1": 1192436, "field_2": "Lainnya", "field_3": "Open Area", "field_4": 641019.3, "field_5": 9217800.39 }, "geometry": { "type": "Point", "coordinates": [ 112.276859555440609, -7.074694122260215 ] } },
{ "type": "Feature", "properties": { "field_1": 1192437, "field_2": "Lainnya", "field_3": "Open Area", "field_4": 641031.8, "field_5": 9217800.3 }, "geometry": { "type": "Point", "coordinates": [ 112.27697271980837, -7.074694625842944 ] } },
{ "type": "Feature", "properties": { "field_1": 1192438, "field_2": "Lainnya", "field_3": "Open Area", "field_4": 641044.3, "field_5": 9217800.39 }, "geometry": { "type": "Point", "coordinates": [ 112.277085879697253, -7.07469350153681 ] } },
{ "type": "Feature", "properties": { "field_1": 1192439, "field_2": "Lainnya", "field_3": "Open Area", "field_4": 641056.8, "field_5": 9217800.3 }, "geometry": { "type": "Point", "coordinates": [ 112.277199044055237, -7.074694005064496 ] } },
{ "type": "Feature", "properties": { "field_1": 1192440, "field_2": "Lainnya", "field_3": "Open Area", "field_4": 641069.3, "field_5": 9217800.39 }, "geometry": { "type": "Point", "coordinates": [ 112.277312203933519, -7.074692880703464 ] } },
{ "type": "Feature", "properties": { "field_1": 1192441, "field_2": "Lainnya", "field_3": "Open Area", "field_4": 641081.8, "field_5": 9217800.3 }, "geometry": { "type": "Point", "coordinates": [ 112.277425368281726, -7.074693384176107 ] } },
{ "type": "Feature", "properties": { "field_1": 1192442, "field_2": "Lainnya", "field_3": "Open Area", "field_4": 641094.3, "field_5": 9217800.39 }, "geometry": { "type": "Point", "coordinates": [ 112.277538528149435, -7.074692259760177 ] } },
{ "type": "Feature", "properties": { "field_1": 1192443, "field_2": "Lainnya", "field_3": "Open Area", "field_4": 641106.8, "field_5": 9217800.3 }, "geometry": { "type": "Point", "coordinates": [ 112.277651692487851, -7.074692763177776 ] } },
{ "type": "Feature", "properties": { "field_1": 1192444, "field_2": "Lainnya", "field_3": "Open Area", "field_4": 641119.3, "field_5": 9217800.39 }, "geometry": { "type": "Point", "coordinates": [ 112.277764852344987, -7.074691638706945 ] } },
{ "type": "Feature", "properties": { "field_1": 1192445, "field_2": "Lainnya", "field_3": "Open Area", "field_4": 641131.8, "field_5": 9217800.3 }, "geometry": { "type": "Point", "coordinates": [ 112.277878016673597, -7.074692142069503 ] } },
{ "type": "Feature", "properties": { "field_1": 1192446, "field_2": "Lainnya", "field_3": "Open Area", "field_4": 641144.3, "field_5": 9217800.39 }, "geometry": { "type": "Point", "coordinates": [ 112.27799117652016, -7.074691017543773 ] } },
{ "type": "Feature", "properties": { "field_1": 1192447, "field_2": "Lainnya", "field_3": "Open Area", "field_4": 641156.8, "field_5": 9217800.3 }, "geometry": { "type": "Point", "coordinates": [ 112.278104340838979, -7.074691520851287 ] } },
{ "type": "Feature", "properties": { "field_1": 1192448, "field_2": "Lainnya", "field_3": "Open Area", "field_4": 641169.3, "field_5": 9217800.39 }, "geometry": { "type": "Point", "coordinates": [ 112.278217500674941, -7.07469039627066 ] } },
{ "type": "Feature", "properties": { "field_1": 1192449, "field_2": "Lainnya", "field_3": "Open Area", "field_4": 641181.8, "field_5": 9217800.3 }, "geometry": { "type": "Point", "coordinates": [ 112.278330664983969, -7.07469089952313 ] } },
{ "type": "Feature", "properties": { "field_1": 1192450, "field_2": "Lainnya", "field_3": "Open Area", "field_4": 641194.3, "field_5": 9217800.39 }, "geometry": { "type": "Point", "coordinates": [ 112.278443824809358, -7.074689774887606 ] } },
{ "type": "Feature", "properties": { "field_1": 1192451, "field_2": "Lainnya", "field_3": "Open Area", "field_4": 641206.8, "field_5": 9217800.3 }, "geometry": { "type": "Point", "coordinates": [ 112.278556989108594, -7.074690278085034 ] } },
{ "type": "Feature", "properties": { "field_1": 1192452, "field_2": "Lainnya", "field_3": "Open Area", "field_4": 641219.3, "field_5": 9217800.39 }, "geometry": { "type": "Point", "coordinates": [ 112.278670148923382, -7.074689153394609 ] } },
{ "type": "Feature", "properties": { "field_1": 1192453, "field_2": "Lainnya", "field_3": "Open Area", "field_4": 641231.8, "field_5": 9217800.3 }, "geometry": { "type": "Point", "coordinates": [ 112.278783313212813, -7.074689656536993 ] } },
{ "type": "Feature", "properties": { "field_1": 1192454, "field_2": "Lainnya", "field_3": "Open Area", "field_4": 641244.3, "field_5": 9217800.39 }, "geometry": { "type": "Point", "coordinates": [ 112.278896473017014, -7.074688531791669 ] } },
{ "type": "Feature", "properties": { "field_1": 1192455, "field_2": "Lainnya", "field_3": "Open Area", "field_4": 641256.8, "field_5": 9217800.3 }, "geometry": { "type": "Point", "coordinates": [ 112.279009637296667, -7.074689034879012 ] } },
{ "type": "Feature", "properties": { "field_1": 1192456, "field_2": "Lainnya", "field_3": "Open Area", "field_4": 641269.3, "field_5": 9217800.39 }, "geometry": { "type": "Point", "coordinates": [ 112.279122797090267, -7.07468791007879 ] } },
{ "type": "Feature", "properties": { "field_1": 1192457, "field_2": "Lainnya", "field_3": "Open Area", "field_4": 641281.8, "field_5": 9217800.3 }, "geometry": { "type": "Point", "coordinates": [ 112.279235961360101, -7.07468841311109 ] } },
{ "type": "Feature", "properties": { "field_1": 1192458, "field_2": "Lainnya", "field_3": "Open Area", "field_4": 641294.3, "field_5": 9217800.39 }, "geometry": { "type": "Point", "coordinates": [ 112.279349121143113, -7.074687288255968 ] } },
{ "type": "Feature", "properties": { "field_1": 1192459, "field_2": "Lainnya", "field_3": "Open Area", "field_4": 641306.8, "field_5": 9217800.3 }, "geometry": { "type": "Point", "coordinates": [ 112.279462285403156, -7.074687791233226 ] } },
{ "type": "Feature", "properties": { "field_1": 1192460, "field_2": "Lainnya", "field_3": "Open Area", "field_4": 641319.3, "field_5": 9217800.39 }, "geometry": { "type": "Point", "coordinates": [ 112.279575445175567, -7.074686666323206 ] } },
{ "type": "Feature", "properties": { "field_1": 1192461, "field_2": "Lainnya", "field_3": "Open Area", "field_4": 641331.8, "field_5": 9217800.3 }, "geometry": { "type": "Point", "coordinates": [ 112.279688609425804, -7.07468716924542 ] } },
{ "type": "Feature", "properties": { "field_1": 1192462, "field_2": "Lainnya", "field_3": "Open Area", "field_4": 641344.3, "field_5": 9217800.39 }, "geometry": { "type": "Point", "coordinates": [ 112.279801769187628, -7.074686044280504 ] } },
{ "type": "Feature", "properties": { "field_1": 1192463, "field_2": "Lainnya", "field_3": "Open Area", "field_4": 641356.8, "field_5": 9217800.3 }, "geometry": { "type": "Point", "coordinates": [ 112.279914933428046, -7.074686547147674 ] } },
{ "type": "Feature", "properties": { "field_1": 1192464, "field_2": "Lainnya", "field_3": "Open Area", "field_4": 641369.3, "field_5": 9217800.39 }, "geometry": { "type": "Point", "coordinates": [ 112.280028093179254, -7.074685422127858 ] } },
{ "type": "Feature", "properties": { "field_1": 1192465, "field_2": "Lainnya", "field_3": "Open Area", "field_4": 641381.8, "field_5": 9217800.3 }, "geometry": { "type": "Point", "coordinates": [ 112.28014125740988, -7.074685924939986 ] } },
{ "type": "Feature", "properties": { "field_1": 1192466, "field_2": "Lainnya", "field_3": "Open Area", "field_4": 641394.3, "field_5": 9217800.39 }, "geometry": { "type": "Point", "coordinates": [ 112.280254417150502, -7.074684799865271 ] } },
{ "type": "Feature", "properties": { "field_1": 1192467, "field_2": "Lainnya", "field_3": "Open Area", "field_4": 641406.8, "field_5": 9217800.3 }, "geometry": { "type": "Point", "coordinates": [ 112.280367581371308, -7.074685302622357 ] } },
{ "type": "Feature", "properties": { "field_1": 1192468, "field_2": "Lainnya", "field_3": "Open Area", "field_4": 641419.3, "field_5": 9217800.39 }, "geometry": { "type": "Point", "coordinates": [ 112.280480741101314, -7.074684177492744 ] } },
{ "type": "Feature", "properties": { "field_1": 1192469, "field_2": "Lainnya", "field_3": "Open Area", "field_4": 641431.8, "field_5": 9217800.3 }, "geometry": { "type": "Point", "coordinates": [ 112.280593905312315, -7.074684680194785 ] } },
{ "type": "Feature", "properties": { "field_1": 1192470, "field_2": "Lainnya", "field_3": "Open Area", "field_4": 641444.3, "field_5": 9217800.39 }, "geometry": { "type": "Point", "coordinates": [ 112.28070706503172, -7.074683555010274 ] } },
{ "type": "Feature", "properties": { "field_1": 1192471, "field_2": "Lainnya", "field_3": "Open Area", "field_4": 641456.8, "field_5": 9217800.3 }, "geometry": { "type": "Point", "coordinates": [ 112.280820229232901, -7.074684057657275 ] } },
{ "type": "Feature", "properties": { "field_1": 1192472, "field_2": "Lainnya", "field_3": "Open Area", "field_4": 641469.3, "field_5": 9217800.39 }, "geometry": { "type": "Point", "coordinates": [ 112.280933388941705, -7.074682932417865 ] } },
{ "type": "Feature", "properties": { "field_1": 1192473, "field_2": "Lainnya", "field_3": "Open Area", "field_4": 641481.8, "field_5": 9217800.3 }, "geometry": { "type": "Point", "coordinates": [ 112.281046553133081, -7.074683435009821 ] } },
{ "type": "Feature", "properties": { "field_1": 1192474, "field_2": "Lainnya", "field_3": "Open Area", "field_4": 641494.3, "field_5": 9217800.39 }, "geometry": { "type": "Point", "coordinates": [ 112.281159712831268, -7.074682309715515 ] } },
{ "type": "Feature", "properties": { "field_1": 1192475, "field_2": "Lainnya", "field_3": "Open Area", "field_4": 641506.8, "field_5": 9217800.3 }, "geometry": { "type": "Point", "coordinates": [ 112.281272877012825, -7.074682812252428 ] } },
{ "type": "Feature", "properties": { "field_1": 1192476, "field_2": "Lainnya", "field_3": "Open Area", "field_4": 641519.3, "field_5": 9217800.39 }, "geometry": { "type": "Point", "coordinates": [ 112.281386036700411, -7.074681686903222 ] } },
{ "type": "Feature", "properties": { "field_1": 1192477, "field_2": "Lainnya", "field_3": "Open Area", "field_4": 641531.8, "field_5": 9217800.3 }, "geometry": { "type": "Point", "coordinates": [ 112.281499200872133, -7.074682189385093 ] } },
{ "type": "Feature", "properties": { "field_1": 1192478, "field_2": "Lainnya", "field_3": "Open Area", "field_4": 641544.3, "field_5": 9217800.39 }, "geometry": { "type": "Point", "coordinates": [ 112.281612360549104, -7.074681063980989 ] } },
{ "type": "Feature", "properties": { "field_1": 1192479, "field_2": "Lainnya", "field_3": "Open Area", "field_4": 641556.8, "field_5": 9217800.3 }, "geometry": { "type": "Point", "coordinates": [ 112.281725524711007, -7.074681566407818 ] } },
{ "type": "Feature", "properties": { "field_1": 1192480, "field_2": "Lainnya", "field_3": "Open Area", "field_4": 641569.3, "field_5": 9217800.39 }, "geometry": { "type": "Point", "coordinates": [ 112.281838684377377, -7.074680440948817 ] } },
{ "type": "Feature", "properties": { "field_1": 1192481, "field_2": "Lainnya", "field_3": "Open Area", "field_4": 641581.8, "field_5": 9217800.3 }, "geometry": { "type": "Point", "coordinates": [ 112.281951848529445, -7.074680943320601 ] } },
{ "type": "Feature", "properties": { "field_1": 1192482, "field_2": "Lainnya", "field_3": "Open Area", "field_4": 641594.3, "field_5": 9217800.39 }, "geometry": { "type": "Point", "coordinates": [ 112.282065008185199, -7.074679817806701 ] } },
{ "type": "Feature", "properties": { "field_1": 1192483, "field_2": "Lainnya", "field_3": "Open Area", "field_4": 641606.8, "field_5": 9217800.3 }, "geometry": { "type": "Point", "coordinates": [ 112.282178172327448, -7.074680320123444 ] } },
{ "type": "Feature", "properties": { "field_1": 1192484, "field_2": "Lainnya", "field_3": "Open Area", "field_4": 641619.3, "field_5": 9217800.39 }, "geometry": { "type": "Point", "coordinates": [ 112.282291331972587, -7.074679194554646 ] } },
{ "type": "Feature", "properties": { "field_1": 1192485, "field_2": "Lainnya", "field_3": "Open Area", "field_4": 641631.8, "field_5": 9217800.3 }, "geometry": { "type": "Point", "coordinates": [ 112.282404496105016, -7.074679696816347 ] } },
{ "type": "Feature", "properties": { "field_1": 1192486, "field_2": "Lainnya", "field_3": "Open Area", "field_4": 641644.3, "field_5": 9217800.39 }, "geometry": { "type": "Point", "coordinates": [ 112.282517655739511, -7.074678571192651 ] } },
{ "type": "Feature", "properties": { "field_1": 1192487, "field_2": "Lainnya", "field_3": "Open Area", "field_4": 641656.8, "field_5": 9217800.3 }, "geometry": { "type": "Point", "coordinates": [ 112.282630819862135, -7.074679073399308 ] } },
{ "type": "Feature", "properties": { "field_1": 1192488, "field_2": "Lainnya", "field_3": "Open Area", "field_4": 641669.3, "field_5": 9217800.39 }, "geometry": { "type": "Point", "coordinates": [ 112.282743979486, -7.074677947720713 ] } },
{ "type": "Feature", "properties": { "field_1": 1192489, "field_2": "Lainnya", "field_3": "Open Area", "field_4": 641681.8, "field_5": 9217800.3 }, "geometry": { "type": "Point", "coordinates": [ 112.28285714359879, -7.074678449872328 ] } },
{ "type": "Feature", "properties": { "field_1": 1192490, "field_2": "Lainnya", "field_3": "Open Area", "field_4": 641694.3, "field_5": 9217800.39 }, "geometry": { "type": "Point", "coordinates": [ 112.282970303212053, -7.074677324138836 ] } },
{ "type": "Feature", "properties": { "field_1": 1192491, "field_2": "Lainnya", "field_3": "Open Area", "field_4": 641706.8, "field_5": 9217800.3 }, "geometry": { "type": "Point", "coordinates": [ 112.283083467314995, -7.074677826235408 ] } },
{ "type": "Feature", "properties": { "field_1": 1192492, "field_2": "Lainnya", "field_3": "Open Area", "field_4": 641719.3, "field_5": 9217800.39 }, "geometry": { "type": "Point", "coordinates": [ 112.283196626917643, -7.074676700447019 ] } },
{ "type": "Feature", "properties": { "field_1": 1192493, "field_2": "Lainnya", "field_3": "Open Area", "field_4": 641731.8, "field_5": 9217800.3 }, "geometry": { "type": "Point", "coordinates": [ 112.283309791010751, -7.074677202488546 ] } },
{ "type": "Feature", "properties": { "field_1": 1192494, "field_2": "Lainnya", "field_3": "Open Area", "field_4": 641744.3, "field_5": 9217800.39 }, "geometry": { "type": "Point", "coordinates": [ 112.283422950602755, -7.074676076645261 ] } },
{ "type": "Feature", "properties": { "field_1": 1192495, "field_2": "Lainnya", "field_3": "Open Area", "field_4": 641756.8, "field_5": 9217800.3 }, "geometry": { "type": "Point", "coordinates": [ 112.283536114686029, -7.074676578631745 ] } },
{ "type": "Feature", "properties": { "field_1": 1192496, "field_2": "Lainnya", "field_3": "Open Area", "field_4": 641769.3, "field_5": 9217800.39 }, "geometry": { "type": "Point", "coordinates": [ 112.283649274267418, -7.074675452733561 ] } },
{ "type": "Feature", "properties": { "field_1": 1192497, "field_2": "Lainnya", "field_3": "Open Area", "field_4": 641781.8, "field_5": 9217800.3 }, "geometry": { "type": "Point", "coordinates": [ 112.283762438340858, -7.074675954665004 ] } },
{ "type": "Feature", "properties": { "field_1": 1192498, "field_2": "Lainnya", "field_3": "Open Area", "field_4": 641794.3, "field_5": 9217800.39 }, "geometry": { "type": "Point", "coordinates": [ 112.283875597911603, -7.07467482871192 ] } },
{ "type": "Feature", "properties": { "field_1": 1192499, "field_2": "Lainnya", "field_3": "Open Area", "field_4": 641806.8, "field_5": 9217800.3 }, "geometry": { "type": "Point", "coordinates": [ 112.283988761975195, -7.074675330588321 ] } },
{ "type": "Feature", "properties": { "field_1": 1192500, "field_2": "Lainnya", "field_3": "Open Area", "field_4": 641819.3, "field_5": 9217800.39 }, "geometry": { "type": "Point", "coordinates": [ 112.284101921535324, -7.074674204580341 ] } },
{ "type": "Feature", "properties": { "field_1": 1192501, "field_2": "Lainnya", "field_3": "Open Area", "field_4": 641831.8, "field_5": 9217800.3 }, "geometry": { "type": "Point", "coordinates": [ 112.284215085589082, -7.074674706401699 ] } },
{ "type": "Feature", "properties": { "field_1": 1192502, "field_2": "Lainnya", "field_3": "Open Area", "field_4": 641844.3, "field_5": 9217800.39 }, "geometry": { "type": "Point", "coordinates": [ 112.284328245138568, -7.074673580338821 ] } },
{ "type": "Feature", "properties": { "field_1": 1192503, "field_2": "Lainnya", "field_3": "Open Area", "field_4": 641856.8, "field_5": 9217800.3 }, "geometry": { "type": "Point", "coordinates": [ 112.284441409182492, -7.074674082105136 ] } },
{ "type": "Feature", "properties": { "field_1": 1192504, "field_2": "Lainnya", "field_3": "Open Area", "field_4": 641869.3, "field_5": 9217800.39 }, "geometry": { "type": "Point", "coordinates": [ 112.284554568721333, -7.07467295598736 ] } },
{ "type": "Feature", "properties": { "field_1": 1192505, "field_2": "Lainnya", "field_3": "Open Area", "field_4": 641881.8, "field_5": 9217800.3 }, "geometry": { "type": "Point", "coordinates": [ 112.284667732755409, -7.074673457698633 ] } },
{ "type": "Feature", "properties": { "field_1": 1192506, "field_2": "Lainnya", "field_3": "Open Area", "field_4": 641894.3, "field_5": 9217800.39 }, "geometry": { "type": "Point", "coordinates": [ 112.284780892283621, -7.074672331525959 ] } },
{ "type": "Feature", "properties": { "field_1": 1192507, "field_2": "Lainnya", "field_3": "Open Area", "field_4": 641906.8, "field_5": 9217800.3 }, "geometry": { "type": "Point", "coordinates": [ 112.284894056307834, -7.074672833182189 ] } },
{ "type": "Feature", "properties": { "field_1": 1192508, "field_2": "Lainnya", "field_3": "Open Area", "field_4": 641919.3, "field_5": 9217800.39 }, "geometry": { "type": "Point", "coordinates": [ 112.285007215825416, -7.074671706954619 ] } },
{ "type": "Feature", "properties": { "field_1": 1192509, "field_2": "Lainnya", "field_3": "Open Area", "field_4": 641931.8, "field_5": 9217800.3 }, "geometry": { "type": "Point", "coordinates": [ 112.285120379839796, -7.074672208555804 ] } },
{ "type": "Feature", "properties": { "field_1": 1192510, "field_2": "Lainnya", "field_3": "Open Area", "field_4": 641944.3, "field_5": 9217800.39 }, "geometry": { "type": "Point", "coordinates": [ 112.28523353934672, -7.074671082273337 ] } },
{ "type": "Feature", "properties": { "field_1": 1192511, "field_2": "Lainnya", "field_3": "Open Area", "field_4": 641956.8, "field_5": 9217800.3 }, "geometry": { "type": "Point", "coordinates": [ 112.285346703351252, -7.074671583819481 ] } },
{ "type": "Feature", "properties": { "field_1": 1192512, "field_2": "Lainnya", "field_3": "Open Area", "field_4": 641969.3, "field_5": 9217800.39 }, "geometry": { "type": "Point", "coordinates": [ 112.285459862847546, -7.074670457482116 ] } },
{ "type": "Feature", "properties": { "field_1": 1192513, "field_2": "Lainnya", "field_3": "Open Area", "field_4": 641981.8, "field_5": 9217800.3 }, "geometry": { "type": "Point", "coordinates": [ 112.285573026842229, -7.074670958973217 ] } },
{ "type": "Feature", "properties": { "field_1": 1192514, "field_2": "Lainnya", "field_3": "Open Area", "field_4": 641994.3, "field_5": 9217800.39 }, "geometry": { "type": "Point", "coordinates": [ 112.285686186327865, -7.074669832580954 ] } },
{ "type": "Feature", "properties": { "field_1": 1192515, "field_2": "Lainnya", "field_3": "Open Area", "field_4": 642006.8, "field_5": 9217800.3 }, "geometry": { "type": "Point", "coordinates": [ 112.285799350312701, -7.074670334017013 ] } },
{ "type": "Feature", "properties": { "field_1": 1192516, "field_2": "Lainnya", "field_3": "Open Area", "field_4": 642019.3, "field_5": 9217800.39 }, "geometry": { "type": "Point", "coordinates": [ 112.285912509787693, -7.074669207569852 ] } },
{ "type": "Feature", "properties": { "field_1": 1192517, "field_2": "Lainnya", "field_3": "Open Area", "field_4": 642031.8, "field_5": 9217800.3 }, "geometry": { "type": "Point", "coordinates": [ 112.286025673762651, -7.074669708950868 ] } },
{ "type": "Feature", "properties": { "field_1": 1192518, "field_2": "Lainnya", "field_3": "Open Area", "field_4": 642044.3, "field_5": 9217800.39 }, "geometry": { "type": "Point", "coordinates": [ 112.286138833227, -7.074668582448811 ] } },
{ "type": "Feature", "properties": { "field_1": 1192519, "field_2": "Lainnya", "field_3": "Open Area", "field_4": 642056.8, "field_5": 9217800.3 }, "geometry": { "type": "Point", "coordinates": [ 112.286251997192124, -7.074669083774785 ] } },
{ "type": "Feature", "properties": { "field_1": 1192520, "field_2": "Lainnya", "field_3": "Open Area", "field_4": 642069.3, "field_5": 9217800.39 }, "geometry": { "type": "Point", "coordinates": [ 112.286365156645815, -7.07466795721783 ] } },
{ "type": "Feature", "properties": { "field_1": 1192521, "field_2": "Lainnya", "field_3": "Open Area", "field_4": 642081.8, "field_5": 9217800.3 }, "geometry": { "type": "Point", "coordinates": [ 112.286478320601077, -7.07466845848876 ] } },
{ "type": "Feature", "properties": { "field_1": 1192522, "field_2": "Lainnya", "field_3": "Open Area", "field_4": 642094.3, "field_5": 9217800.39 }, "geometry": { "type": "Point", "coordinates": [ 112.286591480044109, -7.074667331876908 ] } },
{ "type": "Feature", "properties": { "field_1": 1192523, "field_2": "Lainnya", "field_3": "Open Area", "field_4": 642106.8, "field_5": 9217800.3 }, "geometry": { "type": "Point", "coordinates": [ 112.286704643989509, -7.074667833092796 ] } },
{ "type": "Feature", "properties": { "field_1": 1192524, "field_2": "Lainnya", "field_3": "Open Area", "field_4": 642119.3, "field_5": 9217800.39 }, "geometry": { "type": "Point", "coordinates": [ 112.286817803421911, -7.074666706426047 ] } },
{ "type": "Feature", "properties": { "field_1": 1192525, "field_2": "Lainnya", "field_3": "Open Area", "field_4": 642131.8, "field_5": 9217800.3 }, "geometry": { "type": "Point", "coordinates": [ 112.286930967357435, -7.074667207586893 ] } },
{ "type": "Feature", "properties": { "field_1": 1192526, "field_2": "Lainnya", "field_3": "Open Area", "field_4": 642144.3, "field_5": 9217800.39 }, "geometry": { "type": "Point", "coordinates": [ 112.287044126779179, -7.074666080865247 ] } },
{ "type": "Feature", "properties": { "field_1": 1192527, "field_2": "Lainnya", "field_3": "Open Area", "field_4": 642156.8, "field_5": 9217800.3 }, "geometry": { "type": "Point", "coordinates": [ 112.28715729070484, -7.074666581971049 ] } },
{ "type": "Feature", "properties": { "field_1": 1192528, "field_2": "Lainnya", "field_3": "Open Area", "field_4": 642169.3, "field_5": 9217800.39 }, "geometry": { "type": "Point", "coordinates": [ 112.287270450115926, -7.074665455194505 ] } },
{ "type": "Feature", "properties": { "field_1": 1192529, "field_2": "Lainnya", "field_3": "Open Area", "field_4": 642181.8, "field_5": 9217800.3 }, "geometry": { "type": "Point", "coordinates": [ 112.287383614031725, -7.074665956245267 ] } },
{ "type": "Feature", "properties": { "field_1": 1192530, "field_2": "Lainnya", "field_3": "Open Area", "field_4": 642194.3, "field_5": 9217800.39 }, "geometry": { "type": "Point", "coordinates": [ 112.287496773432139, -7.074664829413825 ] } },
{ "type": "Feature", "properties": { "field_1": 1192531, "field_2": "Lainnya", "field_3": "Open Area", "field_4": 642206.8, "field_5": 9217800.3 }, "geometry": { "type": "Point", "coordinates": [ 112.28760993733809, -7.074665330409542 ] } },
{ "type": "Feature", "properties": { "field_1": 1192532, "field_2": "Lainnya", "field_3": "Open Area", "field_4": 642219.3, "field_5": 9217800.39 }, "geometry": { "type": "Point", "coordinates": [ 112.287723096727831, -7.074664203523205 ] } },
{ "type": "Feature", "properties": { "field_1": 1192533, "field_2": "Lainnya", "field_3": "Open Area", "field_4": 642231.8, "field_5": 9217800.3 }, "geometry": { "type": "Point", "coordinates": [ 112.287836260623905, -7.07466470446388 ] } },
{ "type": "Feature", "properties": { "field_1": 1192534, "field_2": "Lainnya", "field_3": "Open Area", "field_4": 642244.3, "field_5": 9217800.39 }, "geometry": { "type": "Point", "coordinates": [ 112.287949420003002, -7.074663577522645 ] } },
{ "type": "Feature", "properties": { "field_1": 1192535, "field_2": "Lainnya", "field_3": "Open Area", "field_4": 642256.8, "field_5": 9217800.3 }, "geometry": { "type": "Point", "coordinates": [ 112.2880625838892, -7.074664078408278 ] } },
{ "type": "Feature", "properties": { "field_1": 1192536, "field_2": "Lainnya", "field_3": "Open Area", "field_4": 642269.3, "field_5": 9217800.39 }, "geometry": { "type": "Point", "coordinates": [ 112.288175743257625, -7.074662951412146 ] } },
{ "type": "Feature", "properties": { "field_1": 1192537, "field_2": "Lainnya", "field_3": "Open Area", "field_4": 642281.8, "field_5": 9217800.3 }, "geometry": { "type": "Point", "coordinates": [ 112.288288907133946, -7.074663452242738 ] } },
{ "type": "Feature", "properties": { "field_1": 1192538, "field_2": "Lainnya", "field_3": "Open Area", "field_4": 642294.3, "field_5": 9217800.39 }, "geometry": { "type": "Point", "coordinates": [ 112.288402066491713, -7.074662325191708 ] } },
{ "type": "Feature", "properties": { "field_1": 1192539, "field_2": "Lainnya", "field_3": "Open Area", "field_4": 642306.8, "field_5": 9217800.3 }, "geometry": { "type": "Point", "coordinates": [ 112.288515230358172, -7.074662825967256 ] } },
{ "type": "Feature", "properties": { "field_1": 1192540, "field_2": "Lainnya", "field_3": "Open Area", "field_4": 642319.3, "field_5": 9217800.39 }, "geometry": { "type": "Point", "coordinates": [ 112.288628389705252, -7.07466169886133 ] } },
{ "type": "Feature", "properties": { "field_1": 1192541, "field_2": "Lainnya", "field_3": "Open Area", "field_4": 642331.8, "field_5": 9217800.3 }, "geometry": { "type": "Point", "coordinates": [ 112.28874155356182, -7.074662199581836 ] } },
{ "type": "Feature", "properties": { "field_1": 1192542, "field_2": "Lainnya", "field_3": "Open Area", "field_4": 642344.3, "field_5": 9217800.39 }, "geometry": { "type": "Point", "coordinates": [ 112.288854712898257, -7.074661072421012 ] } },
{ "type": "Feature", "properties": { "field_1": 1192543, "field_2": "Lainnya", "field_3": "Open Area", "field_4": 642356.8, "field_5": 9217800.3 }, "geometry": { "type": "Point", "coordinates": [ 112.288967876744948, -7.074661573086474 ] } },
{ "type": "Feature", "properties": { "field_1": 1192544, "field_2": "Lainnya", "field_3": "Open Area", "field_4": 642369.3, "field_5": 9217800.39 }, "geometry": { "type": "Point", "coordinates": [ 112.289081036070698, -7.074660445870755 ] } },
{ "type": "Feature", "properties": { "field_1": 1192545, "field_2": "Lainnya", "field_3": "Open Area", "field_4": 642381.8, "field_5": 9217800.3 }, "geometry": { "type": "Point", "coordinates": [ 112.289194199907513, -7.074660946481175 ] } },
{ "type": "Feature", "properties": { "field_1": 1192546, "field_2": "Lainnya", "field_3": "Open Area", "field_4": 642394.3, "field_5": 9217800.39 }, "geometry": { "type": "Point", "coordinates": [ 112.28930735922259, -7.074659819210559 ] } },
{ "type": "Feature", "properties": { "field_1": 1192547, "field_2": "Lainnya", "field_3": "Open Area", "field_4": 642406.8, "field_5": 9217800.3 }, "geometry": { "type": "Point", "coordinates": [ 112.289420523049529, -7.074660319765939 ] } },
{ "type": "Feature", "properties": { "field_1": 1192548, "field_2": "Lainnya", "field_3": "Open Area", "field_4": 642419.3, "field_5": 9217800.39 }, "geometry": { "type": "Point", "coordinates": [ 112.289533682353934, -7.074659192440422 ] } },
{ "type": "Feature", "properties": { "field_1": 1192549, "field_2": "Lainnya", "field_3": "Open Area", "field_4": 642431.8, "field_5": 9217800.3 }, "geometry": { "type": "Point", "coordinates": [ 112.289646846170982, -7.074659692940759 ] } },
{ "type": "Feature", "properties": { "field_1": 1192550, "field_2": "Lainnya", "field_3": "Open Area", "field_4": 642444.3, "field_5": 9217800.39 }, "geometry": { "type": "Point", "coordinates": [ 112.2897600054647, -7.074658565560349 ] } },
{ "type": "Feature", "properties": { "field_1": 1192551, "field_2": "Lainnya", "field_3": "Open Area", "field_4": 642456.8, "field_5": 9217800.3 }, "geometry": { "type": "Point", "coordinates": [ 112.289873169271857, -7.074659066005643 ] } },
{ "type": "Feature", "properties": { "field_1": 1192552, "field_2": "Lainnya", "field_3": "Open Area", "field_4": 642469.3, "field_5": 9217800.39 }, "geometry": { "type": "Point", "coordinates": [ 112.289986328554917, -7.074657938570335 ] } },
{ "type": "Feature", "properties": { "field_1": 1192553, "field_2": "Lainnya", "field_3": "Open Area", "field_4": 642481.8, "field_5": 9217800.3 }, "geometry": { "type": "Point", "coordinates": [ 112.290099492352184, -7.074658438960586 ] } },
{ "type": "Feature", "properties": { "field_1": 1192554, "field_2": "Lainnya", "field_3": "Open Area", "field_4": 642494.3, "field_5": 9217800.39 }, "geometry": { "type": "Point", "coordinates": [ 112.290212651624557, -7.074657311470381 ] } },
{ "type": "Feature", "properties": { "field_1": 1192555, "field_2": "Lainnya", "field_3": "Open Area", "field_4": 642506.8, "field_5": 9217800.3 }, "geometry": { "type": "Point", "coordinates": [ 112.290325815411933, -7.074657811805591 ] } },
{ "type": "Feature", "properties": { "field_1": 1192556, "field_2": "Lainnya", "field_3": "Open Area", "field_4": 642519.3, "field_5": 9217800.39 }, "geometry": { "type": "Point", "coordinates": [ 112.290438974673634, -7.074656684260491 ] } },
{ "type": "Feature", "properties": { "field_1": 1192557, "field_2": "Lainnya", "field_3": "Open Area", "field_4": 642531.8, "field_5": 9217800.3 }, "geometry": { "type": "Point", "coordinates": [ 112.290552138451119, -7.074657184540659 ] } },
{ "type": "Feature", "properties": { "field_1": 1192558, "field_2": "Lainnya", "field_3": "Open Area", "field_4": 642544.3, "field_5": 9217800.39 }, "geometry": { "type": "Point", "coordinates": [ 112.29066529770212, -7.07465605694066 ] } },
{ "type": "Feature", "properties": { "field_1": 1192559, "field_2": "Lainnya", "field_3": "Open Area", "field_4": 642556.8, "field_5": 9217800.3 }, "geometry": { "type": "Point", "coordinates": [ 112.290778461469714, -7.074656557165783 ] } },
{ "type": "Feature", "properties": { "field_1": 1192560, "field_2": "Lainnya", "field_3": "Open Area", "field_4": 642569.3, "field_5": 9217800.39 }, "geometry": { "type": "Point", "coordinates": [ 112.290891620710028, -7.074655429510891 ] } },
{ "type": "Feature", "properties": { "field_1": 1192561, "field_2": "Lainnya", "field_3": "Open Area", "field_4": 642581.8, "field_5": 9217800.3 }, "geometry": { "type": "Point", "coordinates": [ 112.291004784467731, -7.074655929680973 ] } },
{ "type": "Feature", "properties": { "field_1": 1192562, "field_2": "Lainnya", "field_3": "Open Area", "field_4": 642594.3, "field_5": 9217800.39 }, "geometry": { "type": "Point", "coordinates": [ 112.291117943697373, -7.074654801971182 ] } },
{ "type": "Feature", "properties": { "field_1": 1192563, "field_2": "Lainnya", "field_3": "Open Area", "field_4": 642606.8, "field_5": 9217800.3 }, "geometry": { "type": "Point", "coordinates": [ 112.291231107445171, -7.074655302086221 ] } },
{ "type": "Feature", "properties": { "field_1": 1192564, "field_2": "Lainnya", "field_3": "Open Area", "field_4": 642619.3, "field_5": 9217800.39 }, "geometry": { "type": "Point", "coordinates": [ 112.291344266664112, -7.074654174321534 ] } },
{ "type": "Feature", "properties": { "field_1": 1192565, "field_2": "Lainnya", "field_3": "Open Area", "field_4": 642631.8, "field_5": 9217800.3 }, "geometry": { "type": "Point", "coordinates": [ 112.291457430402019, -7.074654674381531 ] } },
{ "type": "Feature", "properties": { "field_1": 1192566, "field_2": "Lainnya", "field_3": "Open Area", "field_4": 642644.3, "field_5": 9217800.39 }, "geometry": { "type": "Point", "coordinates": [ 112.291570589610274, -7.074653546561947 ] } },
{ "type": "Feature", "properties": { "field_1": 1192567, "field_2": "Lainnya", "field_3": "Open Area", "field_4": 642656.8, "field_5": 9217800.3 }, "geometry": { "type": "Point", "coordinates": [ 112.291683753338276, -7.074654046566903 ] } },
{ "type": "Feature", "properties": { "field_1": 1192568, "field_2": "Lainnya", "field_3": "Open Area", "field_4": 642669.3, "field_5": 9217800.39 }, "geometry": { "type": "Point", "coordinates": [ 112.29179691253583, -7.074652918692422 ] } },
{ "type": "Feature", "properties": { "field_1": 1192569, "field_2": "Lainnya", "field_3": "Open Area", "field_4": 642681.8, "field_5": 9217800.3 }, "geometry": { "type": "Point", "coordinates": [ 112.291910076253927, -7.074653418642334 ] } },
{ "type": "Feature", "properties": { "field_1": 1192570, "field_2": "Lainnya", "field_3": "Open Area", "field_4": 642694.3, "field_5": 9217800.39 }, "geometry": { "type": "Point", "coordinates": [ 112.292023235440794, -7.074652290712957 ] } },
{ "type": "Feature", "properties": { "field_1": 1192571, "field_2": "Lainnya", "field_3": "Open Area", "field_4": 642706.8, "field_5": 9217800.3 }, "geometry": { "type": "Point", "coordinates": [ 112.292136399149001, -7.074652790607828 ] } },
{ "type": "Feature", "properties": { "field_1": 1192572, "field_2": "Lainnya", "field_3": "Open Area", "field_4": 642719.3, "field_5": 9217800.39 }, "geometry": { "type": "Point", "coordinates": [ 112.292249558325153, -7.074651662623555 ] } },
{ "type": "Feature", "properties": { "field_1": 1192573, "field_2": "Lainnya", "field_3": "Open Area", "field_4": 642731.8, "field_5": 9217800.3 }, "geometry": { "type": "Point", "coordinates": [ 112.292362722023455, -7.074652162463383 ] } },
{ "type": "Feature", "properties": { "field_1": 1192574, "field_2": "Lainnya", "field_3": "Open Area", "field_4": 642744.3, "field_5": 9217800.39 }, "geometry": { "type": "Point", "coordinates": [ 112.292475881188921, -7.074651034424214 ] } },
{ "type": "Feature", "properties": { "field_1": 1192575, "field_2": "Lainnya", "field_3": "Open Area", "field_4": 642756.8, "field_5": 9217800.3 }, "geometry": { "type": "Point", "coordinates": [ 112.292589044877303, -7.074651534208999 ] } },
{ "type": "Feature", "properties": { "field_1": 1192576, "field_2": "Lainnya", "field_3": "Open Area", "field_4": 642769.3, "field_5": 9217800.39 }, "geometry": { "type": "Point", "coordinates": [ 112.292702204032068, -7.074650406114936 ] } },
{ "type": "Feature", "properties": { "field_1": 1192577, "field_2": "Lainnya", "field_3": "Open Area", "field_4": 642781.8, "field_5": 9217800.3 }, "geometry": { "type": "Point", "coordinates": [ 112.29281536771056, -7.074650905844678 ] } },
{ "type": "Feature", "properties": { "field_1": 1192578, "field_2": "Lainnya", "field_3": "Open Area", "field_4": 642794.3, "field_5": 9217800.39 }, "geometry": { "type": "Point", "coordinates": [ 112.29292852685461, -7.074649777695716 ] } },
{ "type": "Feature", "properties": { "field_1": 1192579, "field_2": "Lainnya", "field_3": "Open Area", "field_4": 642806.8, "field_5": 9217800.3 }, "geometry": { "type": "Point", "coordinates": [ 112.293041690523182, -7.074650277370417 ] } },
{ "type": "Feature", "properties": { "field_1": 1192580, "field_2": "Lainnya", "field_3": "Open Area", "field_4": 642819.3, "field_5": 9217800.39 }, "geometry": { "type": "Point", "coordinates": [ 112.293154849656531, -7.07464914916656 ] } },
{ "type": "Feature", "properties": { "field_1": 1192581, "field_2": "Lainnya", "field_3": "Open Area", "field_4": 642831.8, "field_5": 9217800.3 }, "geometry": { "type": "Point", "coordinates": [ 112.293268013315199, -7.074649648786218 ] } },
{ "type": "Feature", "properties": { "field_1": 1192582, "field_2": "Lainnya", "field_3": "Open Area", "field_4": 642844.3, "field_5": 9217800.39 }, "geometry": { "type": "Point", "coordinates": [ 112.293381172437847, -7.074648520527465 ] } },
{ "type": "Feature", "properties": { "field_1": 1201091, "field_2": "Lainya", "field_3": "Bahaya Listrik", "field_4": 639300.5, "field_5": 9226694.0 }, "geometry": { "type": "Point", "coordinates": [ 112.261082199224703, -6.994304990092021 ] } },
{ "type": "Feature", "properties": { "field_1": 1201099, "field_2": "Lainya", "field_3": "Bahaya Listrik", "field_4": 639300.5, "field_5": 9226594.0 }, "geometry": { "type": "Point", "coordinates": [ 112.261084625739244, -6.995209366198387 ] } },
{ "type": "Feature", "properties": { "field_1": 1201180, "field_2": "Lainya", "field_3": "Bahaya Listrik", "field_4": 639300.5, "field_5": 9225581.5 }, "geometry": { "type": "Point", "coordinates": [ 112.261109212307019, -7.004366172275444 ] } },
{ "type": "Feature", "properties": { "field_1": 1201359, "field_2": "Lainya", "field_3": "Potensi Kebakaran", "field_4": 639300.5, "field_5": 9223344.0 }, "geometry": { "type": "Point", "coordinates": [ 112.261163662501261, -7.024601570306603 ] } },
{ "type": "Feature", "properties": { "field_1": 1202006, "field_2": "Lainya", "field_3": "Potensi Kecelakaan", "field_4": 639300.5, "field_5": 9215256.59 }, "geometry": { "type": "Point", "coordinates": [ 112.261361814903481, -7.097741962088835 ] } },
{ "type": "Feature", "properties": { "field_1": 1202007, "field_2": "Lainya", "field_3": "Potensi Kecelakaan", "field_4": 639300.5, "field_5": 9215244.0 }, "geometry": { "type": "Point", "coordinates": [ 112.261362125016078, -7.097855822527805 ] } },
{ "type": "Feature", "properties": { "field_1": 1202008, "field_2": "Lainya", "field_3": "Potensi Kecelakaan", "field_4": 639300.5, "field_5": 9215231.59 }, "geometry": { "type": "Point", "coordinates": [ 112.26136243069999, -7.097968055096561 ] } },
{ "type": "Feature", "properties": { "field_1": 1202009, "field_2": "Lainya", "field_3": "Potensi Kecelakaan", "field_4": 639300.5, "field_5": 9215219.0 }, "geometry": { "type": "Point", "coordinates": [ 112.261362740822747, -7.098081915534399 ] } },
{ "type": "Feature", "properties": { "field_1": 1202010, "field_2": "Lainya", "field_3": "Potensi Kecelakaan", "field_4": 639300.5, "field_5": 9215206.59 }, "geometry": { "type": "Point", "coordinates": [ 112.261363046516635, -7.098194148102037 ] } },
{ "type": "Feature", "properties": { "field_1": 1202011, "field_2": "Lainya", "field_3": "Potensi Kecelakaan", "field_4": 639300.5, "field_5": 9215194.0 }, "geometry": { "type": "Point", "coordinates": [ 112.261363356649511, -7.09830800853874 ] } },
{ "type": "Feature", "properties": { "field_1": 1202012, "field_2": "Lainya", "field_3": "Potensi Kecelakaan", "field_4": 639300.5, "field_5": 9215181.59 }, "geometry": { "type": "Point", "coordinates": [ 112.261363662353403, -7.098420241105262 ] } },
{ "type": "Feature", "properties": { "field_1": 1211123, "field_2": "Lainnya", "field_3": "Bahaya Listrik", "field_4": 624506.8, "field_5": 9218800.3 }, "geometry": { "type": "Point", "coordinates": [ 112.127346181598, -7.066036729073313 ] } },
{ "type": "Feature", "properties": { "field_1": 1211124, "field_2": "Lainnya", "field_3": "Bahaya Listrik", "field_4": 624519.3, "field_5": 9218800.3 }, "geometry": { "type": "Point", "coordinates": [ 112.127459347859372, -7.066036455392426 ] } },
{ "type": "Feature", "properties": { "field_1": 1211125, "field_2": "Lainnya", "field_3": "Bahaya Listrik", "field_4": 624531.8, "field_5": 9218800.3 }, "geometry": { "type": "Point", "coordinates": [ 112.127572514116267, -7.066036181684079 ] } },
{ "type": "Feature", "properties": { "field_1": 1211126, "field_2": "Lainnya", "field_3": "Bahaya Listrik", "field_4": 624544.3, "field_5": 9218800.3 }, "geometry": { "type": "Point", "coordinates": [ 112.127685680368657, -7.066035907948275 ] } },
{ "type": "Feature", "properties": { "field_1": 1211127, "field_2": "Lainnya", "field_3": "Bahaya Listrik", "field_4": 624556.8, "field_5": 9218800.3 }, "geometry": { "type": "Point", "coordinates": [ 112.127798846616543, -7.066035634185014 ] } },
{ "type": "Feature", "properties": { "field_1": 1211128, "field_2": "Lainnya", "field_3": "Bahaya Listrik", "field_4": 624569.3, "field_5": 9218800.3 }, "geometry": { "type": "Point", "coordinates": [ 112.127912012859937, -7.066035360394296 ] } },
{ "type": "Feature", "properties": { "field_1": 1211129, "field_2": "Lainnya", "field_3": "Bahaya Listrik", "field_4": 624581.8, "field_5": 9218800.3 }, "geometry": { "type": "Point", "coordinates": [ 112.128025179098827, -7.066035086576119 ] } },
{ "type": "Feature", "properties": { "field_1": 1211130, "field_2": "Lainnya", "field_3": "Bahaya Listrik", "field_4": 624594.3, "field_5": 9218800.3 }, "geometry": { "type": "Point", "coordinates": [ 112.128138345333227, -7.066034812730487 ] } },
{ "type": "Feature", "properties": { "field_1": 1211131, "field_2": "Lainnya", "field_3": "Bahaya Listrik", "field_4": 624606.8, "field_5": 9218800.3 }, "geometry": { "type": "Point", "coordinates": [ 112.128251511563136, -7.066034538857397 ] } },
{ "type": "Feature", "properties": { "field_1": 1211132, "field_2": "Lainnya", "field_3": "Bahaya Listrik", "field_4": 624619.3, "field_5": 9218800.3 }, "geometry": { "type": "Point", "coordinates": [ 112.128364677788554, -7.066034264956847 ] } },
{ "type": "Feature", "properties": { "field_1": 1211133, "field_2": "Lainnya", "field_3": "Bahaya Listrik", "field_4": 624631.8, "field_5": 9218800.3 }, "geometry": { "type": "Point", "coordinates": [ 112.128477844009467, -7.066033991028842 ] } },
{ "type": "Feature", "properties": { "field_1": 1211134, "field_2": "Lainnya", "field_3": "Bahaya Listrik", "field_4": 624644.3, "field_5": 9218800.3 }, "geometry": { "type": "Point", "coordinates": [ 112.128591010225875, -7.066033717073378 ] } },
{ "type": "Feature", "properties": { "field_1": 1211135, "field_2": "Lainnya", "field_3": "Bahaya Listrik", "field_4": 624656.8, "field_5": 9218800.3 }, "geometry": { "type": "Point", "coordinates": [ 112.128704176437779, -7.066033443090458 ] } },
{ "type": "Feature", "properties": { "field_1": 1211136, "field_2": "Lainnya", "field_3": "Bahaya Listrik", "field_4": 624669.3, "field_5": 9218800.3 }, "geometry": { "type": "Point", "coordinates": [ 112.128817342645206, -7.06603316908008 ] } },
{ "type": "Feature", "properties": { "field_1": 1211137, "field_2": "Lainnya", "field_3": "Bahaya Listrik", "field_4": 624681.8, "field_5": 9218800.3 }, "geometry": { "type": "Point", "coordinates": [ 112.128930508848114, -7.066032895042245 ] } },
{ "type": "Feature", "properties": { "field_1": 1211138, "field_2": "Lainnya", "field_3": "Bahaya Listrik", "field_4": 624694.3, "field_5": 9218800.3 }, "geometry": { "type": "Point", "coordinates": [ 112.129043675046532, -7.066032620976952 ] } },
{ "type": "Feature", "properties": { "field_1": 1211139, "field_2": "Lainnya", "field_3": "Bahaya Listrik", "field_4": 624706.8, "field_5": 9218800.3 }, "geometry": { "type": "Point", "coordinates": [ 112.12915684124043, -7.066032346884201 ] } },
{ "type": "Feature", "properties": { "field_1": 1211540, "field_2": "Lainnya", "field_3": "Bahaya Listrik", "field_4": 629719.3, "field_5": 9218800.3 }, "geometry": { "type": "Point", "coordinates": [ 112.174536117368703, -7.065920222655462 ] } },
{ "type": "Feature", "properties": { "field_1": 1211541, "field_2": "Lainnya", "field_3": "Bahaya Listrik", "field_4": 629731.8, "field_5": 9218800.3 }, "geometry": { "type": "Point", "coordinates": [ 112.174649281716867, -7.065919937525273 ] } },
{ "type": "Feature", "properties": { "field_1": 1211542, "field_2": "Lainnya", "field_3": "Bahaya Listrik", "field_4": 629744.3, "field_5": 9218800.3 }, "geometry": { "type": "Point", "coordinates": [ 112.174762446060356, -7.065919652367628 ] } },
{ "type": "Feature", "properties": { "field_1": 1211543, "field_2": "Lainnya", "field_3": "Bahaya Listrik", "field_4": 629756.8, "field_5": 9218800.3 }, "geometry": { "type": "Point", "coordinates": [ 112.17487561039917, -7.065919367182528 ] } },
{ "type": "Feature", "properties": { "field_1": 1211544, "field_2": "Lainnya", "field_3": "Bahaya Listrik", "field_4": 629769.3, "field_5": 9218800.3 }, "geometry": { "type": "Point", "coordinates": [ 112.174988774733279, -7.065919081969973 ] } },
{ "type": "Feature", "properties": { "field_1": 1211545, "field_2": "Lainnya", "field_3": "Bahaya Listrik", "field_4": 629781.8, "field_5": 9218800.3 }, "geometry": { "type": "Point", "coordinates": [ 112.175101939062728, -7.065918796729964 ] } },
{ "type": "Feature", "properties": { "field_1": 1211546, "field_2": "Lainnya", "field_3": "Bahaya Listrik", "field_4": 629794.3, "field_5": 9218800.3 }, "geometry": { "type": "Point", "coordinates": [ 112.175215103387472, -7.065918511462498 ] } },
{ "type": "Feature", "properties": { "field_1": 1211547, "field_2": "Lainnya", "field_3": "Bahaya Listrik", "field_4": 629806.8, "field_5": 9218800.3 }, "geometry": { "type": "Point", "coordinates": [ 112.175328267707542, -7.065918226167577 ] } },
{ "type": "Feature", "properties": { "field_1": 1211548, "field_2": "Lainnya", "field_3": "Bahaya Listrik", "field_4": 629819.3, "field_5": 9218800.3 }, "geometry": { "type": "Point", "coordinates": [ 112.175441432022936, -7.065917940845201 ] } },
{ "type": "Feature", "properties": { "field_1": 1211549, "field_2": "Lainnya", "field_3": "Bahaya Listrik", "field_4": 629831.8, "field_5": 9218800.3 }, "geometry": { "type": "Point", "coordinates": [ 112.175554596333612, -7.065917655495371 ] } },
{ "type": "Feature", "properties": { "field_1": 1211550, "field_2": "Lainnya", "field_3": "Bahaya Listrik", "field_4": 629844.3, "field_5": 9218800.3 }, "geometry": { "type": "Point", "coordinates": [ 112.175667760639641, -7.065917370118085 ] } },
{ "type": "Feature", "properties": { "field_1": 1211551, "field_2": "Lainnya", "field_3": "Bahaya Listrik", "field_4": 629856.8, "field_5": 9218800.3 }, "geometry": { "type": "Point", "coordinates": [ 112.175780924940966, -7.065917084713344 ] } },
{ "type": "Feature", "properties": { "field_1": 1211552, "field_2": "Lainnya", "field_3": "Bahaya Listrik", "field_4": 629869.3, "field_5": 9218800.3 }, "geometry": { "type": "Point", "coordinates": [ 112.175894089237602, -7.065916799281148 ] } },
{ "type": "Feature", "properties": { "field_1": 1211553, "field_2": "Lainnya", "field_3": "Bahaya Listrik", "field_4": 629881.8, "field_5": 9218800.3 }, "geometry": { "type": "Point", "coordinates": [ 112.176007253529548, -7.065916513821496 ] } },
{ "type": "Feature", "properties": { "field_1": 1211554, "field_2": "Lainnya", "field_3": "Bahaya Listrik", "field_4": 629894.3, "field_5": 9218800.3 }, "geometry": { "type": "Point", "coordinates": [ 112.176120417816819, -7.065916228334389 ] } },
{ "type": "Feature", "properties": { "field_1": 1211555, "field_2": "Lainnya", "field_3": "Bahaya Listrik", "field_4": 629906.8, "field_5": 9218800.3 }, "geometry": { "type": "Point", "coordinates": [ 112.176233582099385, -7.065915942819829 ] } },
{ "type": "Feature", "properties": { "field_1": 1211556, "field_2": "Lainnya", "field_3": "Bahaya Listrik", "field_4": 629919.3, "field_5": 9218800.3 }, "geometry": { "type": "Point", "coordinates": [ 112.176346746377277, -7.06591565727781 ] } },
{ "type": "Feature", "properties": { "field_1": 1211557, "field_2": "Lainnya", "field_3": "Bahaya Listrik", "field_4": 629931.8, "field_5": 9218800.3 }, "geometry": { "type": "Point", "coordinates": [ 112.176459910650479, -7.065915371708337 ] } },
{ "type": "Feature", "properties": { "field_1": 1211558, "field_2": "Lainnya", "field_3": "Bahaya Listrik", "field_4": 629944.3, "field_5": 9218800.3 }, "geometry": { "type": "Point", "coordinates": [ 112.176573074918991, -7.065915086111411 ] } },
{ "type": "Feature", "properties": { "field_1": 1211590, "field_2": "Lainnya", "field_3": "Alur Irigasi", "field_4": 630344.3, "field_5": 9218800.39 }, "geometry": { "type": "Point", "coordinates": [ 112.180194326967751, -7.065905118552791 ] } },
{ "type": "Feature", "properties": { "field_1": 1211591, "field_2": "Lainnya", "field_3": "Alur Irigasi", "field_4": 630356.8, "field_5": 9218800.3 }, "geometry": { "type": "Point", "coordinates": [ 112.18030749314606, -7.065905646010522 ] } },
{ "type": "Feature", "properties": { "field_1": 1211592, "field_2": "Lainnya", "field_3": "Alur Irigasi", "field_4": 630369.3, "field_5": 9218800.39 }, "geometry": { "type": "Point", "coordinates": [ 112.180420655189664, -7.065904545519516 ] } },
{ "type": "Feature", "properties": { "field_1": 1211593, "field_2": "Lainnya", "field_3": "Alur Irigasi", "field_4": 630381.8, "field_5": 9218800.3 }, "geometry": { "type": "Point", "coordinates": [ 112.180533821358949, -7.065905072922271 ] } },
{ "type": "Feature", "properties": { "field_1": 1211594, "field_2": "Lainnya", "field_3": "Alur Irigasi", "field_4": 630394.3, "field_5": 9218800.39 }, "geometry": { "type": "Point", "coordinates": [ 112.180646983392748, -7.065903972376421 ] } },
{ "type": "Feature", "properties": { "field_1": 1211595, "field_2": "Lainnya", "field_3": "Alur Irigasi", "field_4": 630406.8, "field_5": 9218800.3 }, "geometry": { "type": "Point", "coordinates": [ 112.180760149553024, -7.0659044997242 ] } },
{ "type": "Feature", "properties": { "field_1": 1211596, "field_2": "Lainnya", "field_3": "Alur Irigasi", "field_4": 630419.3, "field_5": 9218800.39 }, "geometry": { "type": "Point", "coordinates": [ 112.180873311577002, -7.065903399123507 ] } },
{ "type": "Feature", "properties": { "field_1": 1211597, "field_2": "Lainnya", "field_3": "Alur Irigasi", "field_4": 630431.8, "field_5": 9218800.3 }, "geometry": { "type": "Point", "coordinates": [ 112.180986477728268, -7.065903926416309 ] } },
{ "type": "Feature", "properties": { "field_1": 1211598, "field_2": "Lainnya", "field_3": "Alur Irigasi", "field_4": 630444.3, "field_5": 9218800.39 }, "geometry": { "type": "Point", "coordinates": [ 112.181099639742442, -7.065902825760774 ] } },
{ "type": "Feature", "properties": { "field_1": 1211599, "field_2": "Lainnya", "field_3": "Alur Irigasi", "field_4": 630456.8, "field_5": 9218800.3 }, "geometry": { "type": "Point", "coordinates": [ 112.181212805884684, -7.0659033529986 ] } },
{ "type": "Feature", "properties": { "field_1": 1211600, "field_2": "Lainnya", "field_3": "Alur Irigasi", "field_4": 630469.3, "field_5": 9218800.39 }, "geometry": { "type": "Point", "coordinates": [ 112.181325967889052, -7.06590225228822 ] } },
{ "type": "Feature", "properties": { "field_1": 1211601, "field_2": "Lainnya", "field_3": "Alur Irigasi", "field_4": 630481.8, "field_5": 9218800.3 }, "geometry": { "type": "Point", "coordinates": [ 112.181439134022256, -7.065902779471069 ] } },
{ "type": "Feature", "properties": { "field_1": 1212440, "field_2": "Lainnya", "field_3": "Open Area", "field_4": 640969.3, "field_5": 9218800.39 }, "geometry": { "type": "Point", "coordinates": [ 112.27638207969504, -7.065651685230968 ] } },
{ "type": "Feature", "properties": { "field_1": 1212441, "field_2": "Lainnya", "field_3": "Open Area", "field_4": 640981.8, "field_5": 9218800.3 }, "geometry": { "type": "Point", "coordinates": [ 112.2764952418798, -7.065652189324583 ] } },
{ "type": "Feature", "properties": { "field_1": 1212442, "field_2": "Lainnya", "field_3": "Open Area", "field_4": 640994.3, "field_5": 9218800.39 }, "geometry": { "type": "Point", "coordinates": [ 112.276608399593115, -7.06565106552843 ] } },
{ "type": "Feature", "properties": { "field_1": 1212443, "field_2": "Lainnya", "field_3": "Open Area", "field_4": 641006.8, "field_5": 9218800.3 }, "geometry": { "type": "Point", "coordinates": [ 112.276721561768085, -7.065651569567071 ] } },
{ "type": "Feature", "properties": { "field_1": 1212444, "field_2": "Lainnya", "field_3": "Open Area", "field_4": 641019.3, "field_5": 9218800.39 }, "geometry": { "type": "Point", "coordinates": [ 112.276834719470827, -7.065650445716091 ] } },
{ "type": "Feature", "properties": { "field_1": 1212445, "field_2": "Lainnya", "field_3": "Open Area", "field_4": 641031.8, "field_5": 9218800.3 }, "geometry": { "type": "Point", "coordinates": [ 112.276947881636033, -7.065650949699761 ] } },
{ "type": "Feature", "properties": { "field_1": 1212446, "field_2": "Lainnya", "field_3": "Open Area", "field_4": 641044.3, "field_5": 9218800.39 }, "geometry": { "type": "Point", "coordinates": [ 112.277061039328203, -7.065649825793954 ] } },
{ "type": "Feature", "properties": { "field_1": 1212447, "field_2": "Lainnya", "field_3": "Open Area", "field_4": 641056.8, "field_5": 9218800.3 }, "geometry": { "type": "Point", "coordinates": [ 112.277174201483604, -7.06565032972265 ] } },
{ "type": "Feature", "properties": { "field_1": 1212448, "field_2": "Lainnya", "field_3": "Open Area", "field_4": 641069.3, "field_5": 9218800.39 }, "geometry": { "type": "Point", "coordinates": [ 112.2772873591652, -7.065649205762014 ] } },
{ "type": "Feature", "properties": { "field_1": 1212449, "field_2": "Lainnya", "field_3": "Open Area", "field_4": 641081.8, "field_5": 9218800.3 }, "geometry": { "type": "Point", "coordinates": [ 112.277400521310824, -7.06564970963574 ] } },
{ "type": "Feature", "properties": { "field_1": 1212450, "field_2": "Lainnya", "field_3": "Open Area", "field_4": 641094.3, "field_5": 9218800.39 }, "geometry": { "type": "Point", "coordinates": [ 112.277513678981833, -7.065648585620276 ] } },
{ "type": "Feature", "properties": { "field_1": 1212451, "field_2": "Lainnya", "field_3": "Open Area", "field_4": 641106.8, "field_5": 9218800.3 }, "geometry": { "type": "Point", "coordinates": [ 112.27762684111768, -7.065649089439029 ] } },
{ "type": "Feature", "properties": { "field_1": 1212452, "field_2": "Lainnya", "field_3": "Open Area", "field_4": 641119.3, "field_5": 9218800.39 }, "geometry": { "type": "Point", "coordinates": [ 112.277739998778117, -7.065647965368737 ] } },
{ "type": "Feature", "properties": { "field_1": 1212453, "field_2": "Lainnya", "field_3": "Open Area", "field_4": 641131.8, "field_5": 9218800.3 }, "geometry": { "type": "Point", "coordinates": [ 112.277853160904158, -7.065648469132519 ] } },
{ "type": "Feature", "properties": { "field_1": 1212454, "field_2": "Lainnya", "field_3": "Open Area", "field_4": 641144.3, "field_5": 9218800.39 }, "geometry": { "type": "Point", "coordinates": [ 112.277966318554007, -7.065647345007401 ] } },
{ "type": "Feature", "properties": { "field_1": 1212455, "field_2": "Lainnya", "field_3": "Open Area", "field_4": 641156.8, "field_5": 9218800.3 }, "geometry": { "type": "Point", "coordinates": [ 112.278079480670272, -7.06564784871621 ] } },
{ "type": "Feature", "properties": { "field_1": 1212456, "field_2": "Lainnya", "field_3": "Open Area", "field_4": 641169.3, "field_5": 9218800.39 }, "geometry": { "type": "Point", "coordinates": [ 112.278192638309534, -7.065646724536261 ] } },
{ "type": "Feature", "properties": { "field_1": 1212457, "field_2": "Lainnya", "field_3": "Open Area", "field_4": 641181.8, "field_5": 9218800.3 }, "geometry": { "type": "Point", "coordinates": [ 112.278305800416007, -7.065647228190099 ] } },
{ "type": "Feature", "properties": { "field_1": 1212458, "field_2": "Lainnya", "field_3": "Open Area", "field_4": 641194.3, "field_5": 9218800.39 }, "geometry": { "type": "Point", "coordinates": [ 112.278418958044682, -7.065646103955325 ] } },
{ "type": "Feature", "properties": { "field_1": 1212459, "field_2": "Lainnya", "field_3": "Open Area", "field_4": 641206.8, "field_5": 9218800.3 }, "geometry": { "type": "Point", "coordinates": [ 112.27853212014135, -7.06564660755419 ] } },
{ "type": "Feature", "properties": { "field_1": 1212460, "field_2": "Lainnya", "field_3": "Open Area", "field_4": 641219.3, "field_5": 9218800.39 }, "geometry": { "type": "Point", "coordinates": [ 112.278645277759438, -7.065645483264589 ] } },
{ "type": "Feature", "properties": { "field_1": 1212461, "field_2": "Lainnya", "field_3": "Open Area", "field_4": 641231.8, "field_5": 9218800.3 }, "geometry": { "type": "Point", "coordinates": [ 112.278758439846314, -7.06564598680848 ] } },
{ "type": "Feature", "properties": { "field_1": 1212462, "field_2": "Lainnya", "field_3": "Open Area", "field_4": 641244.3, "field_5": 9218800.39 }, "geometry": { "type": "Point", "coordinates": [ 112.278871597453815, -7.065644862464051 ] } },
{ "type": "Feature", "properties": { "field_1": 1212463, "field_2": "Lainnya", "field_3": "Open Area", "field_4": 641256.8, "field_5": 9218800.3 }, "geometry": { "type": "Point", "coordinates": [ 112.278984759530886, -7.065645365952972 ] } },
{ "type": "Feature", "properties": { "field_1": 1212464, "field_2": "Lainnya", "field_3": "Open Area", "field_4": 641269.3, "field_5": 9218800.39 }, "geometry": { "type": "Point", "coordinates": [ 112.279097917127814, -7.065644241553715 ] } },
{ "type": "Feature", "properties": { "field_1": 1212465, "field_2": "Lainnya", "field_3": "Open Area", "field_4": 641281.8, "field_5": 9218800.3 }, "geometry": { "type": "Point", "coordinates": [ 112.279211079195079, -7.065644744987663 ] } },
{ "type": "Feature", "properties": { "field_1": 1212466, "field_2": "Lainnya", "field_3": "Open Area", "field_4": 641294.3, "field_5": 9218800.39 }, "geometry": { "type": "Point", "coordinates": [ 112.279324236781406, -7.065643620533579 ] } },
{ "type": "Feature", "properties": { "field_1": 1212467, "field_2": "Lainnya", "field_3": "Open Area", "field_4": 641306.8, "field_5": 9218800.3 }, "geometry": { "type": "Point", "coordinates": [ 112.27943739883888, -7.065644123912556 ] } },
{ "type": "Feature", "properties": { "field_1": 1212468, "field_2": "Lainnya", "field_3": "Open Area", "field_4": 641319.3, "field_5": 9218800.39 }, "geometry": { "type": "Point", "coordinates": [ 112.279550556414591, -7.065642999403644 ] } },
{ "type": "Feature", "properties": { "field_1": 1212469, "field_2": "Lainnya", "field_3": "Open Area", "field_4": 641331.8, "field_5": 9218800.3 }, "geometry": { "type": "Point", "coordinates": [ 112.279663718462274, -7.065643502727649 ] } },
{ "type": "Feature", "properties": { "field_1": 1212470, "field_2": "Lainnya", "field_3": "Open Area", "field_4": 641344.3, "field_5": 9218800.39 }, "geometry": { "type": "Point", "coordinates": [ 112.279776876027398, -7.065642378163909 ] } },
{ "type": "Feature", "properties": { "field_1": 1212471, "field_2": "Lainnya", "field_3": "Open Area", "field_4": 641356.8, "field_5": 9218800.3 }, "geometry": { "type": "Point", "coordinates": [ 112.279890038065261, -7.065642881432943 ] } },
{ "type": "Feature", "properties": { "field_1": 1212472, "field_2": "Lainnya", "field_3": "Open Area", "field_4": 641369.3, "field_5": 9218800.39 }, "geometry": { "type": "Point", "coordinates": [ 112.280003195619784, -7.065641756814375 ] } },
{ "type": "Feature", "properties": { "field_1": 1212473, "field_2": "Lainnya", "field_3": "Open Area", "field_4": 641381.8, "field_5": 9218800.3 }, "geometry": { "type": "Point", "coordinates": [ 112.280116357647842, -7.065642260028437 ] } },
{ "type": "Feature", "properties": { "field_1": 1212474, "field_2": "Lainnya", "field_3": "Open Area", "field_4": 641394.3, "field_5": 9218800.39 }, "geometry": { "type": "Point", "coordinates": [ 112.280229515191778, -7.065641135355042 ] } },
{ "type": "Feature", "properties": { "field_1": 1212475, "field_2": "Lainnya", "field_3": "Open Area", "field_4": 641406.8, "field_5": 9218800.3 }, "geometry": { "type": "Point", "coordinates": [ 112.280342677210015, -7.065641638514133 ] } },
{ "type": "Feature", "properties": { "field_1": 1212476, "field_2": "Lainnya", "field_3": "Open Area", "field_4": 641419.3, "field_5": 9218800.39 }, "geometry": { "type": "Point", "coordinates": [ 112.28045583474335, -7.06564051378591 ] } },
{ "type": "Feature", "properties": { "field_1": 1212477, "field_2": "Lainnya", "field_3": "Open Area", "field_4": 641431.8, "field_5": 9218800.3 }, "geometry": { "type": "Point", "coordinates": [ 112.280568996751768, -7.065641016890027 ] } },
{ "type": "Feature", "properties": { "field_1": 1212478, "field_2": "Lainnya", "field_3": "Open Area", "field_4": 641444.3, "field_5": 9218800.39 }, "geometry": { "type": "Point", "coordinates": [ 112.280682154274515, -7.065639892106978 ] } },
{ "type": "Feature", "properties": { "field_1": 1212479, "field_2": "Lainnya", "field_3": "Open Area", "field_4": 641456.8, "field_5": 9218800.3 }, "geometry": { "type": "Point", "coordinates": [ 112.280795316273128, -7.065640395156124 ] } },
{ "type": "Feature", "properties": { "field_1": 1212480, "field_2": "Lainnya", "field_3": "Open Area", "field_4": 641469.3, "field_5": 9218800.39 }, "geometry": { "type": "Point", "coordinates": [ 112.280908473785246, -7.065639270318247 ] } },
{ "type": "Feature", "properties": { "field_1": 1212481, "field_2": "Lainnya", "field_3": "Open Area", "field_4": 641481.8, "field_5": 9218800.3 }, "geometry": { "type": "Point", "coordinates": [ 112.281021635774039, -7.065639773312421 ] } },
{ "type": "Feature", "properties": { "field_1": 1212482, "field_2": "Lainnya", "field_3": "Open Area", "field_4": 641494.3, "field_5": 9218800.39 }, "geometry": { "type": "Point", "coordinates": [ 112.281134793275555, -7.065638648419716 ] } },
{ "type": "Feature", "properties": { "field_1": 1212483, "field_2": "Lainnya", "field_3": "Open Area", "field_4": 641506.8, "field_5": 9218800.3 }, "geometry": { "type": "Point", "coordinates": [ 112.281247955254543, -7.065639151358918 ] } },
{ "type": "Feature", "properties": { "field_1": 1212484, "field_2": "Lainnya", "field_3": "Open Area", "field_4": 641519.3, "field_5": 9218800.39 }, "geometry": { "type": "Point", "coordinates": [ 112.281361112745458, -7.065638026411388 ] } },
{ "type": "Feature", "properties": { "field_1": 1212485, "field_2": "Lainnya", "field_3": "Open Area", "field_4": 641531.8, "field_5": 9218800.3 }, "geometry": { "type": "Point", "coordinates": [ 112.281474274714625, -7.065638529295617 ] } },
{ "type": "Feature", "properties": { "field_1": 1212486, "field_2": "Lainnya", "field_3": "Open Area", "field_4": 641544.3, "field_5": 9218800.39 }, "geometry": { "type": "Point", "coordinates": [ 112.281587432194911, -7.06563740429326 ] } },
{ "type": "Feature", "properties": { "field_1": 1212487, "field_2": "Lainnya", "field_3": "Open Area", "field_4": 641556.8, "field_5": 9218800.3 }, "geometry": { "type": "Point", "coordinates": [ 112.281700594154259, -7.065637907122516 ] } },
{ "type": "Feature", "properties": { "field_1": 1212488, "field_2": "Lainnya", "field_3": "Open Area", "field_4": 641569.3, "field_5": 9218800.39 }, "geometry": { "type": "Point", "coordinates": [ 112.281813751623943, -7.065636782065333 ] } },
{ "type": "Feature", "properties": { "field_1": 1212489, "field_2": "Lainnya", "field_3": "Open Area", "field_4": 641581.8, "field_5": 9218800.3 }, "geometry": { "type": "Point", "coordinates": [ 112.281926913573471, -7.065637284839619 ] } },
{ "type": "Feature", "properties": { "field_1": 1212490, "field_2": "Lainnya", "field_3": "Open Area", "field_4": 641594.3, "field_5": 9218800.39 }, "geometry": { "type": "Point", "coordinates": [ 112.28204007103254, -7.065636159727607 ] } },
{ "type": "Feature", "properties": { "field_1": 1212491, "field_2": "Lainnya", "field_3": "Open Area", "field_4": 641606.8, "field_5": 9218800.3 }, "geometry": { "type": "Point", "coordinates": [ 112.282153232972249, -7.065636662446921 ] } },
{ "type": "Feature", "properties": { "field_1": 1212492, "field_2": "Lainnya", "field_3": "Open Area", "field_4": 641619.3, "field_5": 9218800.39 }, "geometry": { "type": "Point", "coordinates": [ 112.282266390420702, -7.065635537280082 ] } },
{ "type": "Feature", "properties": { "field_1": 1212493, "field_2": "Lainnya", "field_3": "Open Area", "field_4": 641631.8, "field_5": 9218800.3 }, "geometry": { "type": "Point", "coordinates": [ 112.282379552350577, -7.065636039944423 ] } },
{ "type": "Feature", "properties": { "field_1": 1212494, "field_2": "Lainnya", "field_3": "Open Area", "field_4": 641644.3, "field_5": 9218800.39 }, "geometry": { "type": "Point", "coordinates": [ 112.2824927097884, -7.065634914722757 ] } },
{ "type": "Feature", "properties": { "field_1": 1212495, "field_2": "Lainnya", "field_3": "Open Area", "field_4": 641656.8, "field_5": 9218800.3 }, "geometry": { "type": "Point", "coordinates": [ 112.282605871708441, -7.065635417332127 ] } },
{ "type": "Feature", "properties": { "field_1": 1212496, "field_2": "Lainnya", "field_3": "Open Area", "field_4": 641669.3, "field_5": 9218800.39 }, "geometry": { "type": "Point", "coordinates": [ 112.282719029135663, -7.065634292055634 ] } },
{ "type": "Feature", "properties": { "field_1": 1212497, "field_2": "Lainnya", "field_3": "Open Area", "field_4": 641681.8, "field_5": 9218800.3 }, "geometry": { "type": "Point", "coordinates": [ 112.282832191045884, -7.065634794610034 ] } },
{ "type": "Feature", "properties": { "field_1": 1212498, "field_2": "Lainnya", "field_3": "Open Area", "field_4": 641694.3, "field_5": 9218800.39 }, "geometry": { "type": "Point", "coordinates": [ 112.282945348462476, -7.065633669278713 ] } },
{ "type": "Feature", "properties": { "field_1": 1212499, "field_2": "Lainnya", "field_3": "Open Area", "field_4": 641706.8, "field_5": 9218800.3 }, "geometry": { "type": "Point", "coordinates": [ 112.283058510362864, -7.065634171778139 ] } },
{ "type": "Feature", "properties": { "field_1": 1212500, "field_2": "Lainnya", "field_3": "Open Area", "field_4": 641719.3, "field_5": 9218800.39 }, "geometry": { "type": "Point", "coordinates": [ 112.283171667768841, -7.065633046391993 ] } },
{ "type": "Feature", "properties": { "field_1": 1212501, "field_2": "Lainnya", "field_3": "Open Area", "field_4": 641731.8, "field_5": 9218800.3 }, "geometry": { "type": "Point", "coordinates": [ 112.283284829659394, -7.065633548836448 ] } },
{ "type": "Feature", "properties": { "field_1": 1212502, "field_2": "Lainnya", "field_3": "Open Area", "field_4": 641744.3, "field_5": 9218800.39 }, "geometry": { "type": "Point", "coordinates": [ 112.283397987054741, -7.065632423395475 ] } },
{ "type": "Feature", "properties": { "field_1": 1212503, "field_2": "Lainnya", "field_3": "Open Area", "field_4": 641756.8, "field_5": 9218800.3 }, "geometry": { "type": "Point", "coordinates": [ 112.28351114893546, -7.065632925784957 ] } },
{ "type": "Feature", "properties": { "field_1": 1212504, "field_2": "Lainnya", "field_3": "Open Area", "field_4": 641769.3, "field_5": 9218800.39 }, "geometry": { "type": "Point", "coordinates": [ 112.283624306320164, -7.065631800289158 ] } },
{ "type": "Feature", "properties": { "field_1": 1212505, "field_2": "Lainnya", "field_3": "Open Area", "field_4": 641781.8, "field_5": 9218800.3 }, "geometry": { "type": "Point", "coordinates": [ 112.283737468191049, -7.065632302623668 ] } },
{ "type": "Feature", "properties": { "field_1": 1212506, "field_2": "Lainnya", "field_3": "Open Area", "field_4": 641794.3, "field_5": 9218800.39 }, "geometry": { "type": "Point", "coordinates": [ 112.283850625565137, -7.065631177073042 ] } },
{ "type": "Feature", "properties": { "field_1": 1212507, "field_2": "Lainnya", "field_3": "Open Area", "field_4": 641806.8, "field_5": 9218800.3 }, "geometry": { "type": "Point", "coordinates": [ 112.283963787426188, -7.065631679352581 ] } },
{ "type": "Feature", "properties": { "field_1": 1212508, "field_2": "Lainnya", "field_3": "Open Area", "field_4": 641819.3, "field_5": 9218800.39 }, "geometry": { "type": "Point", "coordinates": [ 112.284076944789646, -7.065630553747127 ] } },
{ "type": "Feature", "properties": { "field_1": 1212509, "field_2": "Lainnya", "field_3": "Open Area", "field_4": 641831.8, "field_5": 9218800.3 }, "geometry": { "type": "Point", "coordinates": [ 112.28419010664085, -7.065631055971695 ] } },
{ "type": "Feature", "properties": { "field_1": 1212510, "field_2": "Lainnya", "field_3": "Open Area", "field_4": 641844.3, "field_5": 9218800.39 }, "geometry": { "type": "Point", "coordinates": [ 112.284303263993678, -7.065629930311414 ] } },
{ "type": "Feature", "properties": { "field_1": 1212511, "field_2": "Lainnya", "field_3": "Open Area", "field_4": 641856.8, "field_5": 9218800.3 }, "geometry": { "type": "Point", "coordinates": [ 112.284416425835033, -7.065630432481011 ] } },
{ "type": "Feature", "properties": { "field_1": 1212512, "field_2": "Lainnya", "field_3": "Open Area", "field_4": 641869.3, "field_5": 9218800.39 }, "geometry": { "type": "Point", "coordinates": [ 112.284529583177232, -7.065629306765904 ] } },
{ "type": "Feature", "properties": { "field_1": 1212513, "field_2": "Lainnya", "field_3": "Open Area", "field_4": 641881.8, "field_5": 9218800.3 }, "geometry": { "type": "Point", "coordinates": [ 112.284642745008753, -7.065629808880528 ] } },
{ "type": "Feature", "properties": { "field_1": 1212514, "field_2": "Lainnya", "field_3": "Open Area", "field_4": 641894.3, "field_5": 9218800.39 }, "geometry": { "type": "Point", "coordinates": [ 112.284755902340308, -7.065628683110594 ] } },
{ "type": "Feature", "properties": { "field_1": 1212515, "field_2": "Lainnya", "field_3": "Open Area", "field_4": 641906.8, "field_5": 9218800.3 }, "geometry": { "type": "Point", "coordinates": [ 112.284869064161981, -7.065629185170247 ] } },
{ "type": "Feature", "properties": { "field_1": 1212516, "field_2": "Lainnya", "field_3": "Open Area", "field_4": 641919.3, "field_5": 9218800.39 }, "geometry": { "type": "Point", "coordinates": [ 112.284982221482892, -7.065628059345486 ] } },
{ "type": "Feature", "properties": { "field_1": 1212517, "field_2": "Lainnya", "field_3": "Open Area", "field_4": 641931.8, "field_5": 9218800.3 }, "geometry": { "type": "Point", "coordinates": [ 112.285095383294717, -7.065628561350168 ] } },
{ "type": "Feature", "properties": { "field_1": 1212518, "field_2": "Lainnya", "field_3": "Open Area", "field_4": 641944.3, "field_5": 9218800.39 }, "geometry": { "type": "Point", "coordinates": [ 112.285208540604998, -7.06562743547058 ] } },
{ "type": "Feature", "properties": { "field_1": 1212519, "field_2": "Lainnya", "field_3": "Open Area", "field_4": 641956.8, "field_5": 9218800.3 }, "geometry": { "type": "Point", "coordinates": [ 112.285321702406975, -7.065627937420289 ] } },
{ "type": "Feature", "properties": { "field_1": 1212520, "field_2": "Lainnya", "field_3": "Open Area", "field_4": 641969.3, "field_5": 9218800.39 }, "geometry": { "type": "Point", "coordinates": [ 112.285434859706612, -7.065626811485876 ] } },
{ "type": "Feature", "properties": { "field_1": 1212521, "field_2": "Lainnya", "field_3": "Open Area", "field_4": 641981.8, "field_5": 9218800.3 }, "geometry": { "type": "Point", "coordinates": [ 112.285548021498741, -7.065627313380613 ] } },
{ "type": "Feature", "properties": { "field_1": 1212522, "field_2": "Lainnya", "field_3": "Open Area", "field_4": 641994.3, "field_5": 9218800.39 }, "geometry": { "type": "Point", "coordinates": [ 112.28566117878772, -7.065626187391373 ] } },
{ "type": "Feature", "properties": { "field_1": 1212523, "field_2": "Lainnya", "field_3": "Open Area", "field_4": 642006.8, "field_5": 9218800.3 }, "geometry": { "type": "Point", "coordinates": [ 112.285774340570001, -7.065626689231138 ] } },
{ "type": "Feature", "properties": { "field_1": 1212524, "field_2": "Lainnya", "field_3": "Open Area", "field_4": 642019.3, "field_5": 9218800.39 }, "geometry": { "type": "Point", "coordinates": [ 112.28588749784835, -7.065625563187073 ] } },
{ "type": "Feature", "properties": { "field_1": 1212525, "field_2": "Lainnya", "field_3": "Open Area", "field_4": 642031.8, "field_5": 9218800.3 }, "geometry": { "type": "Point", "coordinates": [ 112.286000659620768, -7.065626064971866 ] } },
{ "type": "Feature", "properties": { "field_1": 1212526, "field_2": "Lainnya", "field_3": "Open Area", "field_4": 642044.3, "field_5": 9218800.39 }, "geometry": { "type": "Point", "coordinates": [ 112.286113816888474, -7.065624938872973 ] } },
{ "type": "Feature", "properties": { "field_1": 1212527, "field_2": "Lainnya", "field_3": "Open Area", "field_4": 642056.8, "field_5": 9218800.3 }, "geometry": { "type": "Point", "coordinates": [ 112.28622697865103, -7.065625440602796 ] } },
{ "type": "Feature", "properties": { "field_1": 1212528, "field_2": "Lainnya", "field_3": "Open Area", "field_4": 642069.3, "field_5": 9218800.39 }, "geometry": { "type": "Point", "coordinates": [ 112.286340135908091, -7.065624314449078 ] } },
{ "type": "Feature", "properties": { "field_1": 1212529, "field_2": "Lainnya", "field_3": "Open Area", "field_4": 642081.8, "field_5": 9218800.3 }, "geometry": { "type": "Point", "coordinates": [ 112.286453297660799, -7.065624816123929 ] } },
{ "type": "Feature", "properties": { "field_1": 1212530, "field_2": "Lainnya", "field_3": "Open Area", "field_4": 642094.3, "field_5": 9218800.39 }, "geometry": { "type": "Point", "coordinates": [ 112.286566454907188, -7.065623689915382 ] } },
{ "type": "Feature", "properties": { "field_1": 1212531, "field_2": "Lainnya", "field_3": "Open Area", "field_4": 642106.8, "field_5": 9218800.3 }, "geometry": { "type": "Point", "coordinates": [ 112.286679616650034, -7.065624191535261 ] } },
{ "type": "Feature", "properties": { "field_1": 1212532, "field_2": "Lainnya", "field_3": "Open Area", "field_4": 642119.3, "field_5": 9218800.39 }, "geometry": { "type": "Point", "coordinates": [ 112.286792773885779, -7.06562306527189 ] } },
{ "type": "Feature", "properties": { "field_1": 1212533, "field_2": "Lainnya", "field_3": "Open Area", "field_4": 642131.8, "field_5": 9218800.3 }, "geometry": { "type": "Point", "coordinates": [ 112.286905935618776, -7.065623566836797 ] } },
{ "type": "Feature", "properties": { "field_1": 1212534, "field_2": "Lainnya", "field_3": "Open Area", "field_4": 642144.3, "field_5": 9218800.39 }, "geometry": { "type": "Point", "coordinates": [ 112.287019092843863, -7.065622440518601 ] } },
{ "type": "Feature", "properties": { "field_1": 1212535, "field_2": "Lainnya", "field_3": "Open Area", "field_4": 642156.8, "field_5": 9218800.3 }, "geometry": { "type": "Point", "coordinates": [ 112.287132254566984, -7.065622942028535 ] } },
{ "type": "Feature", "properties": { "field_1": 1212536, "field_2": "Lainnya", "field_3": "Open Area", "field_4": 642169.3, "field_5": 9218800.39 }, "geometry": { "type": "Point", "coordinates": [ 112.287245411781427, -7.065621815655511 ] } },
{ "type": "Feature", "properties": { "field_1": 1212537, "field_2": "Lainnya", "field_3": "Open Area", "field_4": 642181.8, "field_5": 9218800.3 }, "geometry": { "type": "Point", "coordinates": [ 112.287358573494686, -7.065622317110476 ] } },
{ "type": "Feature", "properties": { "field_1": 1212538, "field_2": "Lainnya", "field_3": "Open Area", "field_4": 642194.3, "field_5": 9218800.39 }, "geometry": { "type": "Point", "coordinates": [ 112.287471730698456, -7.065621190682625 ] } },
{ "type": "Feature", "properties": { "field_1": 1212539, "field_2": "Lainnya", "field_3": "Open Area", "field_4": 642206.8, "field_5": 9218800.3 }, "geometry": { "type": "Point", "coordinates": [ 112.287584892401838, -7.065621692082619 ] } },
{ "type": "Feature", "properties": { "field_1": 1212540, "field_2": "Lainnya", "field_3": "Open Area", "field_4": 642219.3, "field_5": 9218800.39 }, "geometry": { "type": "Point", "coordinates": [ 112.287698049594965, -7.065620565599941 ] } },
{ "type": "Feature", "properties": { "field_1": 1212541, "field_2": "Lainnya", "field_3": "Open Area", "field_4": 642231.8, "field_5": 9218800.3 }, "geometry": { "type": "Point", "coordinates": [ 112.287811211288485, -7.065621066944964 ] } },
{ "type": "Feature", "properties": { "field_1": 1212542, "field_2": "Lainnya", "field_3": "Open Area", "field_4": 642244.3, "field_5": 9218800.39 }, "geometry": { "type": "Point", "coordinates": [ 112.287924368470939, -7.065619940407459 ] } },
{ "type": "Feature", "properties": { "field_1": 1212543, "field_2": "Lainnya", "field_3": "Open Area", "field_4": 642256.8, "field_5": 9218800.3 }, "geometry": { "type": "Point", "coordinates": [ 112.288037530154583, -7.065620441697511 ] } },
{ "type": "Feature", "properties": { "field_1": 1212544, "field_2": "Lainnya", "field_3": "Open Area", "field_4": 642269.3, "field_5": 9218800.39 }, "geometry": { "type": "Point", "coordinates": [ 112.288150687326393, -7.065619315105181 ] } },
{ "type": "Feature", "properties": { "field_1": 1212545, "field_2": "Lainnya", "field_3": "Open Area", "field_4": 642281.8, "field_5": 9218800.3 }, "geometry": { "type": "Point", "coordinates": [ 112.28826384900016, -7.065619816340259 ] } },
{ "type": "Feature", "properties": { "field_1": 1212546, "field_2": "Lainnya", "field_3": "Open Area", "field_4": 642294.3, "field_5": 9218800.39 }, "geometry": { "type": "Point", "coordinates": [ 112.288377006161298, -7.065618689693104 ] } },
{ "type": "Feature", "properties": { "field_1": 1212547, "field_2": "Lainnya", "field_3": "Open Area", "field_4": 642306.8, "field_5": 9218800.3 }, "geometry": { "type": "Point", "coordinates": [ 112.288490167825202, -7.065619190873211 ] } },
{ "type": "Feature", "properties": { "field_1": 1212548, "field_2": "Lainnya", "field_3": "Open Area", "field_4": 642319.3, "field_5": 9218800.39 }, "geometry": { "type": "Point", "coordinates": [ 112.288603324975668, -7.06561806417123 ] } },
{ "type": "Feature", "properties": { "field_1": 1212549, "field_2": "Lainnya", "field_3": "Open Area", "field_4": 642331.8, "field_5": 9218800.3 }, "geometry": { "type": "Point", "coordinates": [ 112.288716486629681, -7.065618565296366 ] } },
{ "type": "Feature", "properties": { "field_1": 1212550, "field_2": "Lainnya", "field_3": "Open Area", "field_4": 642344.3, "field_5": 9218800.39 }, "geometry": { "type": "Point", "coordinates": [ 112.288829643769489, -7.06561743853956 ] } },
{ "type": "Feature", "properties": { "field_1": 1212551, "field_2": "Lainnya", "field_3": "Open Area", "field_4": 642356.8, "field_5": 9218800.3 }, "geometry": { "type": "Point", "coordinates": [ 112.288942805413626, -7.065617939609722 ] } },
{ "type": "Feature", "properties": { "field_1": 1212552, "field_2": "Lainnya", "field_3": "Open Area", "field_4": 642369.3, "field_5": 9218800.39 }, "geometry": { "type": "Point", "coordinates": [ 112.289055962542761, -7.06561681279809 ] } },
{ "type": "Feature", "properties": { "field_1": 1212553, "field_2": "Lainnya", "field_3": "Open Area", "field_4": 642381.8, "field_5": 9218800.3 }, "geometry": { "type": "Point", "coordinates": [ 112.289169124177022, -7.065617313813283 ] } },
{ "type": "Feature", "properties": { "field_1": 1212554, "field_2": "Lainnya", "field_3": "Open Area", "field_4": 642394.3, "field_5": 9218800.39 }, "geometry": { "type": "Point", "coordinates": [ 112.289282281295485, -7.065616186946823 ] } },
{ "type": "Feature", "properties": { "field_1": 1212555, "field_2": "Lainnya", "field_3": "Open Area", "field_4": 642406.8, "field_5": 9218800.3 }, "geometry": { "type": "Point", "coordinates": [ 112.289395442919854, -7.065616687907044 ] } },
{ "type": "Feature", "properties": { "field_1": 1212556, "field_2": "Lainnya", "field_3": "Open Area", "field_4": 642419.3, "field_5": 9218800.39 }, "geometry": { "type": "Point", "coordinates": [ 112.289508600027645, -7.065615560985758 ] } },
{ "type": "Feature", "properties": { "field_1": 1212557, "field_2": "Lainnya", "field_3": "Open Area", "field_4": 642431.8, "field_5": 9218800.3 }, "geometry": { "type": "Point", "coordinates": [ 112.289621761642138, -7.065616061891008 ] } },
{ "type": "Feature", "properties": { "field_1": 1212558, "field_2": "Lainnya", "field_3": "Open Area", "field_4": 642444.3, "field_5": 9218800.39 }, "geometry": { "type": "Point", "coordinates": [ 112.289734918739256, -7.065614934914898 ] } },
{ "type": "Feature", "properties": { "field_1": 1212559, "field_2": "Lainnya", "field_3": "Open Area", "field_4": 642456.8, "field_5": 9218800.3 }, "geometry": { "type": "Point", "coordinates": [ 112.289848080343859, -7.065615435765177 ] } },
{ "type": "Feature", "properties": { "field_1": 1212560, "field_2": "Lainnya", "field_3": "Open Area", "field_4": 642469.3, "field_5": 9218800.39 }, "geometry": { "type": "Point", "coordinates": [ 112.289961237430305, -7.065614308734241 ] } },
{ "type": "Feature", "properties": { "field_1": 1212561, "field_2": "Lainnya", "field_3": "Open Area", "field_4": 642481.8, "field_5": 9218800.3 }, "geometry": { "type": "Point", "coordinates": [ 112.290074399025031, -7.065614809529547 ] } },
{ "type": "Feature", "properties": { "field_1": 1212562, "field_2": "Lainnya", "field_3": "Open Area", "field_4": 642494.3, "field_5": 9218800.39 }, "geometry": { "type": "Point", "coordinates": [ 112.290187556100776, -7.065613682443784 ] } },
{ "type": "Feature", "properties": { "field_1": 1212563, "field_2": "Lainnya", "field_3": "Open Area", "field_4": 642506.8, "field_5": 9218800.3 }, "geometry": { "type": "Point", "coordinates": [ 112.290300717685611, -7.065614183184119 ] } },
{ "type": "Feature", "properties": { "field_1": 1212564, "field_2": "Lainnya", "field_3": "Open Area", "field_4": 642519.3, "field_5": 9218800.39 }, "geometry": { "type": "Point", "coordinates": [ 112.290413874750683, -7.065613056043532 ] } },
{ "type": "Feature", "properties": { "field_1": 1212565, "field_2": "Lainnya", "field_3": "Open Area", "field_4": 642531.8, "field_5": 9218800.3 }, "geometry": { "type": "Point", "coordinates": [ 112.290527036325628, -7.065613556728895 ] } },
{ "type": "Feature", "properties": { "field_1": 1212566, "field_2": "Lainnya", "field_3": "Open Area", "field_4": 642544.3, "field_5": 9218800.39 }, "geometry": { "type": "Point", "coordinates": [ 112.290640193380014, -7.065612429533481 ] } },
{ "type": "Feature", "properties": { "field_1": 1212567, "field_2": "Lainnya", "field_3": "Open Area", "field_4": 642556.8, "field_5": 9218800.3 }, "geometry": { "type": "Point", "coordinates": [ 112.290753354945068, -7.065612930163875 ] } },
{ "type": "Feature", "properties": { "field_1": 1212568, "field_2": "Lainnya", "field_3": "Open Area", "field_4": 642569.3, "field_5": 9218800.39 }, "geometry": { "type": "Point", "coordinates": [ 112.290866511988767, -7.065611802913637 ] } },
{ "type": "Feature", "properties": { "field_1": 1212569, "field_2": "Lainnya", "field_3": "Open Area", "field_4": 642581.8, "field_5": 9218800.3 }, "geometry": { "type": "Point", "coordinates": [ 112.29097967354393, -7.065612303489057 ] } },
{ "type": "Feature", "properties": { "field_1": 1212570, "field_2": "Lainnya", "field_3": "Open Area", "field_4": 642594.3, "field_5": 9218800.39 }, "geometry": { "type": "Point", "coordinates": [ 112.291092830576943, -7.065611176183992 ] } },
{ "type": "Feature", "properties": { "field_1": 1212571, "field_2": "Lainnya", "field_3": "Open Area", "field_4": 642606.8, "field_5": 9218800.3 }, "geometry": { "type": "Point", "coordinates": [ 112.291205992122215, -7.065611676704441 ] } },
{ "type": "Feature", "properties": { "field_1": 1212572, "field_2": "Lainnya", "field_3": "Open Area", "field_4": 642619.3, "field_5": 9218800.39 }, "geometry": { "type": "Point", "coordinates": [ 112.291319149144542, -7.065610549344552 ] } },
{ "type": "Feature", "properties": { "field_1": 1212573, "field_2": "Lainnya", "field_3": "Open Area", "field_4": 642631.8, "field_5": 9218800.3 }, "geometry": { "type": "Point", "coordinates": [ 112.291432310679909, -7.06561104981003 ] } },
{ "type": "Feature", "properties": { "field_1": 1212574, "field_2": "Lainnya", "field_3": "Open Area", "field_4": 642644.3, "field_5": 9218800.39 }, "geometry": { "type": "Point", "coordinates": [ 112.291545467691549, -7.065609922395313 ] } },
{ "type": "Feature", "properties": { "field_1": 1212575, "field_2": "Lainnya", "field_3": "Open Area", "field_4": 642656.8, "field_5": 9218800.3 }, "geometry": { "type": "Point", "coordinates": [ 112.291658629217011, -7.065610422805821 ] } },
{ "type": "Feature", "properties": { "field_1": 1212576, "field_2": "Lainnya", "field_3": "Open Area", "field_4": 642669.3, "field_5": 9218800.39 }, "geometry": { "type": "Point", "coordinates": [ 112.291771786217964, -7.065609295336278 ] } },
{ "type": "Feature", "properties": { "field_1": 1212577, "field_2": "Lainnya", "field_3": "Open Area", "field_4": 642681.8, "field_5": 9218800.3 }, "geometry": { "type": "Point", "coordinates": [ 112.291884947733521, -7.065609795691816 ] } },
{ "type": "Feature", "properties": { "field_1": 1212578, "field_2": "Lainnya", "field_3": "Open Area", "field_4": 642694.3, "field_5": 9218800.39 }, "geometry": { "type": "Point", "coordinates": [ 112.291998104723774, -7.065608668167449 ] } },
{ "type": "Feature", "properties": { "field_1": 1212579, "field_2": "Lainnya", "field_3": "Open Area", "field_4": 642706.8, "field_5": 9218800.3 }, "geometry": { "type": "Point", "coordinates": [ 112.292111266229441, -7.065609168468012 ] } },
{ "type": "Feature", "properties": { "field_1": 1212580, "field_2": "Lainnya", "field_3": "Open Area", "field_4": 642719.3, "field_5": 9218800.39 }, "geometry": { "type": "Point", "coordinates": [ 112.292224423208992, -7.065608040888819 ] } },
{ "type": "Feature", "properties": { "field_1": 1212581, "field_2": "Lainnya", "field_3": "Open Area", "field_4": 642731.8, "field_5": 9218800.3 }, "geometry": { "type": "Point", "coordinates": [ 112.292337584704754, -7.065608541134413 ] } },
{ "type": "Feature", "properties": { "field_1": 1212582, "field_2": "Lainnya", "field_3": "Open Area", "field_4": 642744.3, "field_5": 9218800.39 }, "geometry": { "type": "Point", "coordinates": [ 112.292450741673605, -7.065607413500394 ] } },
{ "type": "Feature", "properties": { "field_1": 1212583, "field_2": "Lainnya", "field_3": "Open Area", "field_4": 642756.8, "field_5": 9218800.3 }, "geometry": { "type": "Point", "coordinates": [ 112.292563903159461, -7.065607913691016 ] } },
{ "type": "Feature", "properties": { "field_1": 1212584, "field_2": "Lainnya", "field_3": "Open Area", "field_4": 642769.3, "field_5": 9218800.39 }, "geometry": { "type": "Point", "coordinates": [ 112.292677060117626, -7.065606786002173 ] } },
{ "type": "Feature", "properties": { "field_1": 1212585, "field_2": "Lainnya", "field_3": "Open Area", "field_4": 642781.8, "field_5": 9218800.3 }, "geometry": { "type": "Point", "coordinates": [ 112.292790221593563, -7.065607286137825 ] } },
{ "type": "Feature", "properties": { "field_1": 1212586, "field_2": "Lainnya", "field_3": "Open Area", "field_4": 642794.3, "field_5": 9218800.39 }, "geometry": { "type": "Point", "coordinates": [ 112.292903378541027, -7.065606158394155 ] } },
{ "type": "Feature", "properties": { "field_1": 1212587, "field_2": "Lainnya", "field_3": "Open Area", "field_4": 642806.8, "field_5": 9218800.3 }, "geometry": { "type": "Point", "coordinates": [ 112.293016540007045, -7.065606658474835 ] } },
{ "type": "Feature", "properties": { "field_1": 1212588, "field_2": "Lainnya", "field_3": "Open Area", "field_4": 642819.3, "field_5": 9218800.39 }, "geometry": { "type": "Point", "coordinates": [ 112.293129696943808, -7.065605530676341 ] } },
{ "type": "Feature", "properties": { "field_1": 1212589, "field_2": "Lainnya", "field_3": "Open Area", "field_4": 642831.8, "field_5": 9218800.3 }, "geometry": { "type": "Point", "coordinates": [ 112.293242858399921, -7.065606030702049 ] } },
{ "type": "Feature", "properties": { "field_1": 1212590, "field_2": "Lainnya", "field_3": "Open Area", "field_4": 642844.3, "field_5": 9218800.39 }, "geometry": { "type": "Point", "coordinates": [ 112.293356015325969, -7.06560490284873 ] } },
{ "type": "Feature", "properties": { "field_1": 1212591, "field_2": "Lainnya", "field_3": "Open Area", "field_4": 642856.8, "field_5": 9218800.3 }, "geometry": { "type": "Point", "coordinates": [ 112.293469176772177, -7.065605402819466 ] } },
{ "type": "Feature", "properties": { "field_1": 1212592, "field_2": "Lainnya", "field_3": "Open Area", "field_4": 642869.3, "field_5": 9218800.39 }, "geometry": { "type": "Point", "coordinates": [ 112.293582333687525, -7.065604274911322 ] } },
{ "type": "Feature", "properties": { "field_1": 1212593, "field_2": "Lainnya", "field_3": "Open Area", "field_4": 642881.8, "field_5": 9218800.3 }, "geometry": { "type": "Point", "coordinates": [ 112.293695495123828, -7.065604774827086 ] } },
{ "type": "Feature", "properties": { "field_1": 1212594, "field_2": "Lainnya", "field_3": "Open Area", "field_4": 642894.3, "field_5": 9218800.39 }, "geometry": { "type": "Point", "coordinates": [ 112.293808652028446, -7.065603646864119 ] } },
{ "type": "Feature", "properties": { "field_1": 1212595, "field_2": "Lainnya", "field_3": "Open Area", "field_4": 642906.8, "field_5": 9218800.3 }, "geometry": { "type": "Point", "coordinates": [ 112.293921813454816, -7.065604146724912 ] } },
{ "type": "Feature", "properties": { "field_1": 1212596, "field_2": "Lainnya", "field_3": "Open Area", "field_4": 642919.3, "field_5": 9218800.39 }, "geometry": { "type": "Point", "coordinates": [ 112.294034970348747, -7.065603018707118 ] } },
{ "type": "Feature", "properties": { "field_1": 1212597, "field_2": "Lainnya", "field_3": "Open Area", "field_4": 642931.8, "field_5": 9218800.3 }, "geometry": { "type": "Point", "coordinates": [ 112.294148131765198, -7.06560351851294 ] } },
{ "type": "Feature", "properties": { "field_1": 1212598, "field_2": "Lainnya", "field_3": "Open Area", "field_4": 642944.3, "field_5": 9218800.39 }, "geometry": { "type": "Point", "coordinates": [ 112.294261288648414, -7.065602390440321 ] } },
{ "type": "Feature", "properties": { "field_1": 1212599, "field_2": "Lainnya", "field_3": "Open Area", "field_4": 642956.8, "field_5": 9218800.3 }, "geometry": { "type": "Point", "coordinates": [ 112.29437445005496, -7.065602890191173 ] } },
{ "type": "Feature", "properties": { "field_1": 1212600, "field_2": "Lainnya", "field_3": "Open Area", "field_4": 642969.3, "field_5": 9218800.39 }, "geometry": { "type": "Point", "coordinates": [ 112.294487606927447, -7.065601762063729 ] } },
{ "type": "Feature", "properties": { "field_1": 1212601, "field_2": "Lainnya", "field_3": "Open Area", "field_4": 642981.8, "field_5": 9218800.3 }, "geometry": { "type": "Point", "coordinates": [ 112.294600768324059, -7.065602261759609 ] } },
{ "type": "Feature", "properties": { "field_1": 1212602, "field_2": "Lainnya", "field_3": "Open Area", "field_4": 642994.3, "field_5": 9218800.39 }, "geometry": { "type": "Point", "coordinates": [ 112.294713925185846, -7.065601133577341 ] } },
{ "type": "Feature", "properties": { "field_1": 1212603, "field_2": "Lainnya", "field_3": "Open Area", "field_4": 643006.8, "field_5": 9218800.3 }, "geometry": { "type": "Point", "coordinates": [ 112.294827086572525, -7.065601633218249 ] } },
{ "type": "Feature", "properties": { "field_1": 1212604, "field_2": "Lainnya", "field_3": "Open Area", "field_4": 643019.3, "field_5": 9218800.39 }, "geometry": { "type": "Point", "coordinates": [ 112.294940243423596, -7.065600504981155 ] } },
{ "type": "Feature", "properties": { "field_1": 1212605, "field_2": "Lainnya", "field_3": "Open Area", "field_4": 643031.8, "field_5": 9218800.3 }, "geometry": { "type": "Point", "coordinates": [ 112.295053404800356, -7.065601004567093 ] } },
{ "type": "Feature", "properties": { "field_1": 1212606, "field_2": "Lainnya", "field_3": "Open Area", "field_4": 643044.3, "field_5": 9218800.39 }, "geometry": { "type": "Point", "coordinates": [ 112.295166561640698, -7.065599876275174 ] } },
{ "type": "Feature", "properties": { "field_1": 1212607, "field_2": "Lainnya", "field_3": "Open Area", "field_4": 643056.8, "field_5": 9218800.3 }, "geometry": { "type": "Point", "coordinates": [ 112.295279723007525, -7.06560037580614 ] } },
{ "type": "Feature", "properties": { "field_1": 1212608, "field_2": "Lainnya", "field_3": "Open Area", "field_4": 643069.3, "field_5": 9218800.39 }, "geometry": { "type": "Point", "coordinates": [ 112.295392879837152, -7.065599247459395 ] } },
{ "type": "Feature", "properties": { "field_1": 1212609, "field_2": "Lainnya", "field_3": "Open Area", "field_4": 643081.8, "field_5": 9218800.3 }, "geometry": { "type": "Point", "coordinates": [ 112.295506041194059, -7.065599746935392 ] } },
{ "type": "Feature", "properties": { "field_1": 1212610, "field_2": "Lainnya", "field_3": "Open Area", "field_4": 643094.3, "field_5": 9218800.39 }, "geometry": { "type": "Point", "coordinates": [ 112.295619198012972, -7.065598618533823 ] } },
{ "type": "Feature", "properties": { "field_1": 1212611, "field_2": "Lainnya", "field_3": "Open Area", "field_4": 643106.8, "field_5": 9218800.3 }, "geometry": { "type": "Point", "coordinates": [ 112.295732359359931, -7.065599117954846 ] } },
{ "type": "Feature", "properties": { "field_1": 1212612, "field_2": "Lainnya", "field_3": "Open Area", "field_4": 643119.3, "field_5": 9218800.39 }, "geometry": { "type": "Point", "coordinates": [ 112.2958455161681, -7.065597989498453 ] } },
{ "type": "Feature", "properties": { "field_1": 1212613, "field_2": "Lainnya", "field_3": "Open Area", "field_4": 643131.8, "field_5": 9218800.3 }, "geometry": { "type": "Point", "coordinates": [ 112.295958677505141, -7.065598488864505 ] } },
{ "type": "Feature", "properties": { "field_1": 1212614, "field_2": "Lainnya", "field_3": "Open Area", "field_4": 643144.3, "field_5": 9218800.39 }, "geometry": { "type": "Point", "coordinates": [ 112.296071834302595, -7.065597360353287 ] } },
{ "type": "Feature", "properties": { "field_1": 1212615, "field_2": "Lainnya", "field_3": "Open Area", "field_4": 643156.8, "field_5": 9218800.3 }, "geometry": { "type": "Point", "coordinates": [ 112.296184995629687, -7.065597859664369 ] } },
{ "type": "Feature", "properties": { "field_1": 1212616, "field_2": "Lainnya", "field_3": "Open Area", "field_4": 643169.3, "field_5": 9218800.39 }, "geometry": { "type": "Point", "coordinates": [ 112.296298152416426, -7.065596731098328 ] } },
{ "type": "Feature", "properties": { "field_1": 1212617, "field_2": "Lainnya", "field_3": "Open Area", "field_4": 643181.8, "field_5": 9218800.3 }, "geometry": { "type": "Point", "coordinates": [ 112.296411313733586, -7.065597230354436 ] } },
{ "type": "Feature", "properties": { "field_1": 1212618, "field_2": "Lainnya", "field_3": "Open Area", "field_4": 643194.3, "field_5": 9218800.39 }, "geometry": { "type": "Point", "coordinates": [ 112.296524470509581, -7.065596101733569 ] } },
{ "type": "Feature", "properties": { "field_1": 1212619, "field_2": "Lainnya", "field_3": "Open Area", "field_4": 643206.8, "field_5": 9218800.3 }, "geometry": { "type": "Point", "coordinates": [ 112.296637631816807, -7.065596600934709 ] } },
{ "type": "Feature", "properties": { "field_1": 1212620, "field_2": "Lainnya", "field_3": "Open Area", "field_4": 643219.3, "field_5": 9218800.39 }, "geometry": { "type": "Point", "coordinates": [ 112.296750788582074, -7.065595472259017 ] } },
{ "type": "Feature", "properties": { "field_1": 1212621, "field_2": "Lainnya", "field_3": "Open Area", "field_4": 643231.8, "field_5": 9218800.3 }, "geometry": { "type": "Point", "coordinates": [ 112.296863949879352, -7.065595971405186 ] } },
{ "type": "Feature", "properties": { "field_1": 1212622, "field_2": "Lainnya", "field_3": "Open Area", "field_4": 643244.3, "field_5": 9218800.39 }, "geometry": { "type": "Point", "coordinates": [ 112.296977106633875, -7.065594842674669 ] } },
{ "type": "Feature", "properties": { "field_1": 1231778, "field_2": "Lainnya", "field_3": "Bahaya Listrik", "field_4": 632644.3, "field_5": 9219800.39 }, "geometry": { "type": "Point", "coordinates": [ 112.200993112679896, -7.056807999233977 ] } },
{ "type": "Feature", "properties": { "field_1": 1231779, "field_2": "Lainnya", "field_3": "Bahaya Listrik", "field_4": 632656.8, "field_5": 9219800.3 }, "geometry": { "type": "Point", "coordinates": [ 112.201106275821502, -7.056808522011059 ] } },
{ "type": "Feature", "properties": { "field_1": 1231780, "field_2": "Lainnya", "field_3": "Bahaya Listrik", "field_4": 632669.3, "field_5": 9219800.39 }, "geometry": { "type": "Point", "coordinates": [ 112.201219434761043, -7.05680741685117 ] } },
{ "type": "Feature", "properties": { "field_1": 1231781, "field_2": "Lainnya", "field_3": "Bahaya Listrik", "field_4": 632681.8, "field_5": 9219800.3 }, "geometry": { "type": "Point", "coordinates": [ 112.201332597893469, -7.056807939573344 ] } },
{ "type": "Feature", "properties": { "field_1": 1231782, "field_2": "Lainnya", "field_3": "Bahaya Listrik", "field_4": 632694.3, "field_5": 9219800.39 }, "geometry": { "type": "Point", "coordinates": [ 112.201445756823034, -7.056806834358685 ] } },
{ "type": "Feature", "properties": { "field_1": 1241780, "field_2": "Lainya", "field_3": "Pohon Lapuk", "field_4": 641300.5, "field_5": 9219181.59 }, "geometry": { "type": "Point", "coordinates": [ 112.279370886309664, -7.062196019499169 ] } },
{ "type": "Feature", "properties": { "field_1": 1241781, "field_2": "Lainya", "field_3": "Pohon Lapuk", "field_4": 641300.5, "field_5": 9219169.0 }, "geometry": { "type": "Point", "coordinates": [ 112.279371199258037, -7.062309879312803 ] } },
{ "type": "Feature", "properties": { "field_1": 1241782, "field_2": "Lainya", "field_3": "Pohon Lapuk", "field_4": 641300.5, "field_5": 9219156.59 }, "geometry": { "type": "Point", "coordinates": [ 112.27937150773721, -7.062422111265163 ] } },
{ "type": "Feature", "properties": { "field_1": 1241783, "field_2": "Lainya", "field_3": "Pohon Lapuk", "field_4": 641300.5, "field_5": 9219144.0 }, "geometry": { "type": "Point", "coordinates": [ 112.279371820695829, -7.062535971077669 ] } },
{ "type": "Feature", "properties": { "field_1": 1241784, "field_2": "Lainya", "field_3": "Pohon Lapuk", "field_4": 641300.5, "field_5": 9219131.59 }, "geometry": { "type": "Point", "coordinates": [ 112.279372129185134, -7.062648203028917 ] } },
{ "type": "Feature", "properties": { "field_1": 1241785, "field_2": "Lainya", "field_3": "Pohon Lapuk", "field_4": 641300.5, "field_5": 9219119.0 }, "geometry": { "type": "Point", "coordinates": [ 112.279372442154028, -7.062762062840294 ] } },
{ "type": "Feature", "properties": { "field_1": 1241786, "field_2": "Lainya", "field_3": "Pohon Lapuk", "field_4": 641300.5, "field_5": 9219106.59 }, "geometry": { "type": "Point", "coordinates": [ 112.279372750653465, -7.062874294790429 ] } },
{ "type": "Feature", "properties": { "field_1": 1241787, "field_2": "Lainya", "field_3": "Pohon Lapuk", "field_4": 641300.5, "field_5": 9219094.0 }, "geometry": { "type": "Point", "coordinates": [ 112.279373063632619, -7.062988154600677 ] } },
{ "type": "Feature", "properties": { "field_1": 1241948, "field_2": "Lainya", "field_3": "Open Area", "field_4": 641300.5, "field_5": 9217081.59 }, "geometry": { "type": "Point", "coordinates": [ 112.279423157330925, -7.081187720024298 ] } },
{ "type": "Feature", "properties": { "field_1": 1242089, "field_2": "Lainya", "field_3": "Potensi Kebakaran", "field_4": 641300.5, "field_5": 9215319.0 }, "geometry": { "type": "Point", "coordinates": [ 112.279467141006521, -7.097127984659942 ] } },
{ "type": "Feature", "properties": { "field_1": 1242090, "field_2": "Lainya", "field_3": "Potensi Kebakaran", "field_4": 641300.5, "field_5": 9215306.59 }, "geometry": { "type": "Point", "coordinates": [ 112.27946745104525, -7.097240216440585 ] } },
{ "type": "Feature", "properties": { "field_1": 1242091, "field_2": "Lainya", "field_3": "Potensi Kebakaran", "field_4": 641300.5, "field_5": 9215294.0 }, "geometry": { "type": "Point", "coordinates": [ 112.279467765586048, -7.097354076078878 ] } },
{ "type": "Feature", "properties": { "field_1": 1242092, "field_2": "Lainya", "field_3": "Potensi Kebakaran", "field_4": 641300.5, "field_5": 9215281.59 }, "geometry": { "type": "Point", "coordinates": [ 112.279468075634909, -7.097466307858402 ] } },
{ "type": "Feature", "properties": { "field_1": 1242093, "field_2": "Lainya", "field_3": "Potensi Kebakaran", "field_4": 641300.5, "field_5": 9215269.0 }, "geometry": { "type": "Point", "coordinates": [ 112.279468390185997, -7.097580167495562 ] } },
{ "type": "Feature", "properties": { "field_1": 1242094, "field_2": "Lainya", "field_3": "Potensi Kebakaran", "field_4": 641300.5, "field_5": 9215256.59 }, "geometry": { "type": "Point", "coordinates": [ 112.279468700244976, -7.097692399273969 ] } },
{ "type": "Feature", "properties": { "field_1": 1242095, "field_2": "Lainya", "field_3": "Potensi Kebakaran", "field_4": 641300.5, "field_5": 9215244.0 }, "geometry": { "type": "Point", "coordinates": [ 112.279469014806324, -7.097806258909994 ] } },
{ "type": "Feature", "properties": { "field_1": 1242096, "field_2": "Lainya", "field_3": "Potensi Kebakaran", "field_4": 641300.5, "field_5": 9215231.59 }, "geometry": { "type": "Point", "coordinates": [ 112.279469324875436, -7.097918490687285 ] } },
{ "type": "Feature", "properties": { "field_1": 1242097, "field_2": "Lainya", "field_3": "Potensi Kebakaran", "field_4": 641300.5, "field_5": 9215219.0 }, "geometry": { "type": "Point", "coordinates": [ 112.279469639447058, -7.098032350322176 ] } },
{ "type": "Feature", "properties": { "field_1": 1242098, "field_2": "Lainya", "field_3": "Potensi Kebakaran", "field_4": 641300.5, "field_5": 9215206.59 }, "geometry": { "type": "Point", "coordinates": [ 112.279469949526302, -7.098144582098346 ] } },
{ "type": "Feature", "properties": { "field_1": 1242099, "field_2": "Lainya", "field_3": "Potensi Kebakaran", "field_4": 641300.5, "field_5": 9215194.0 }, "geometry": { "type": "Point", "coordinates": [ 112.279470264108198, -7.098258441732104 ] } },
{ "type": "Feature", "properties": { "field_1": 1242100, "field_2": "Lainya", "field_3": "Potensi Kebakaran", "field_4": 641300.5, "field_5": 9215181.59 }, "geometry": { "type": "Point", "coordinates": [ 112.279470574197575, -7.098370673507157 ] } },
{ "type": "Feature", "properties": { "field_1": 1242101, "field_2": "Lainya", "field_3": "Potensi Kebakaran", "field_4": 641300.5, "field_5": 9215169.0 }, "geometry": { "type": "Point", "coordinates": [ 112.279470888789746, -7.09848453313978 ] } },
{ "type": "Feature", "properties": { "field_1": 1242102, "field_2": "Lainya", "field_3": "Potensi Kebakaran", "field_4": 641300.5, "field_5": 9215156.59 }, "geometry": { "type": "Point", "coordinates": [ 112.279471198889254, -7.098596764913715 ] } },
{ "type": "Feature", "properties": { "field_1": 1242103, "field_2": "Lainya", "field_3": "Potensi Kebakaran", "field_4": 641300.5, "field_5": 9215144.0 }, "geometry": { "type": "Point", "coordinates": [ 112.2794715134917, -7.098710624545205 ] } },
{ "type": "Feature", "properties": { "field_1": 1242104, "field_2": "Lainya", "field_3": "Potensi Kebakaran", "field_4": 641300.5, "field_5": 9215131.59 }, "geometry": { "type": "Point", "coordinates": [ 112.279471823601341, -7.098822856318022 ] } },
{ "type": "Feature", "properties": { "field_1": 1242105, "field_2": "Lainya", "field_3": "Potensi Kebakaran", "field_4": 641300.5, "field_5": 9215119.0 }, "geometry": { "type": "Point", "coordinates": [ 112.279472138214075, -7.098936715948377 ] } },
{ "type": "Feature", "properties": { "field_1": 1242106, "field_2": "Lainya", "field_3": "Potensi Kebakaran", "field_4": 641300.5, "field_5": 9215106.59 }, "geometry": { "type": "Point", "coordinates": [ 112.27947244833382, -7.099048947720076 ] } },
{ "type": "Feature", "properties": { "field_1": 1242107, "field_2": "Lainya", "field_3": "Potensi Kebakaran", "field_4": 641300.5, "field_5": 9215094.0 }, "geometry": { "type": "Point", "coordinates": [ 112.279472762956843, -7.099162807349297 ] } },
{ "type": "Feature", "properties": { "field_1": 1242108, "field_2": "Lainya", "field_3": "Potensi Kebakaran", "field_4": 641300.5, "field_5": 9215081.59 }, "geometry": { "type": "Point", "coordinates": [ 112.27947307308672, -7.099275039119878 ] } },
{ "type": "Feature", "properties": { "field_1": 1242109, "field_2": "Lainya", "field_3": "Potensi Kebakaran", "field_4": 641300.5, "field_5": 9215069.0 }, "geometry": { "type": "Point", "coordinates": [ 112.279473387720003, -7.099388898747964 ] } },
{ "type": "Feature", "properties": { "field_1": 1242110, "field_2": "Lainya", "field_3": "Potensi Kebakaran", "field_4": 641300.5, "field_5": 9215056.59 }, "geometry": { "type": "Point", "coordinates": [ 112.279473697860027, -7.099501130517428 ] } },
{ "type": "Feature", "properties": { "field_1": 1242111, "field_2": "Lainya", "field_3": "Potensi Kebakaran", "field_4": 641300.5, "field_5": 9215044.0 }, "geometry": { "type": "Point", "coordinates": [ 112.279474012503584, -7.09961499014438 ] } },
{ "type": "Feature", "properties": { "field_1": 1242112, "field_2": "Lainya", "field_3": "Potensi Kebakaran", "field_4": 641300.5, "field_5": 9215031.59 }, "geometry": { "type": "Point", "coordinates": [ 112.279474322653712, -7.099727221912725 ] } },
{ "type": "Feature", "properties": { "field_1": 1242113, "field_2": "Lainya", "field_3": "Potensi Kebakaran", "field_4": 641300.5, "field_5": 9215019.0 }, "geometry": { "type": "Point", "coordinates": [ 112.279474637307558, -7.099841081538542 ] } },
{ "type": "Feature", "properties": { "field_1": 1242114, "field_2": "Lainya", "field_3": "Potensi Kebakaran", "field_4": 641300.5, "field_5": 9215006.59 }, "geometry": { "type": "Point", "coordinates": [ 112.279474947467833, -7.09995331330577 ] } },
{ "type": "Feature", "properties": { "field_1": 1242115, "field_2": "Lainya", "field_3": "Potensi Kebakaran", "field_4": 641300.5, "field_5": 9214994.0 }, "geometry": { "type": "Point", "coordinates": [ 112.279475262131939, -7.100067172930454 ] } },
{ "type": "Feature", "properties": { "field_1": 1242116, "field_2": "Lainya", "field_3": "Potensi Kebakaran", "field_4": 641300.5, "field_5": 9214981.59 }, "geometry": { "type": "Point", "coordinates": [ 112.279475572302346, -7.100179404696561 ] } },
{ "type": "Feature", "properties": { "field_1": 1242117, "field_2": "Lainya", "field_3": "Potensi Kebakaran", "field_4": 641300.5, "field_5": 9214969.0 }, "geometry": { "type": "Point", "coordinates": [ 112.279475886976726, -7.100293264320111 ] } },
{ "type": "Feature", "properties": { "field_1": 1252083, "field_2": "Lainya", "field_3": "Potensi Kecelakaan", "field_4": 638656.8, "field_5": 9220800.3 }, "geometry": { "type": "Point", "coordinates": [ 112.255398659405515, -7.0476218328372 ] } },
{ "type": "Feature", "properties": { "field_1": 1252084, "field_2": "Lainya", "field_3": "Potensi Kecelakaan", "field_4": 638669.3, "field_5": 9220800.39 }, "geometry": { "type": "Point", "coordinates": [ 112.255511813709177, -7.047620714927335 ] } },
{ "type": "Feature", "properties": { "field_1": 1252085, "field_2": "Lainya", "field_3": "Potensi Kecelakaan", "field_4": 638681.8, "field_5": 9220800.3 }, "geometry": { "type": "Point", "coordinates": [ 112.255624972389484, -7.047621224866923 ] } },
{ "type": "Feature", "properties": { "field_1": 1341103, "field_2": "Lainya", "field_3": "Tambak", "field_4": 646300.5, "field_5": 9225594.0 }, "geometry": { "type": "Point", "coordinates": [ 112.324469734174514, -7.004078915165032 ] } },
{ "type": "Feature", "properties": { "field_1": 1341104, "field_2": "Lainya", "field_3": "Tambak", "field_4": 646300.5, "field_5": 9225581.5 }, "geometry": { "type": "Point", "coordinates": [ 112.324470053163225, -7.004191959292629 ] } },
{ "type": "Feature", "properties": { "field_1": 1341105, "field_2": "Lainya", "field_3": "Tambak", "field_4": 646300.5, "field_5": 9225569.0 }, "geometry": { "type": "Point", "coordinates": [ 112.324470372157208, -7.004305003419669 ] } },
{ "type": "Feature", "properties": { "field_1": 1341106, "field_2": "Lainya", "field_3": "Tambak", "field_4": 646300.5, "field_5": 9225556.5 }, "geometry": { "type": "Point", "coordinates": [ 112.324470691156463, -7.004418047546153 ] } },
{ "type": "Feature", "properties": { "field_1": 1341107, "field_2": "Lainya", "field_3": "Tambak", "field_4": 646300.5, "field_5": 9225544.0 }, "geometry": { "type": "Point", "coordinates": [ 112.324471010161005, -7.00453109167208 ] } },
{ "type": "Feature", "properties": { "field_1": 1341434, "field_2": "Lainya", "field_3": "Potensi Kebakaran", "field_4": 646300.5, "field_5": 9221456.5 }, "geometry": { "type": "Point", "coordinates": [ 112.324575607640725, -7.041496490945924 ] } },
{ "type": "Feature", "properties": { "field_1": 1341435, "field_2": "Lainya", "field_3": "Potensi Kebakaran", "field_4": 646300.5, "field_5": 9221444.0 }, "geometry": { "type": "Point", "coordinates": [ 112.32457592837622, -7.04160953488879 ] } },
{ "type": "Feature", "properties": { "field_1": 1341436, "field_2": "Lainya", "field_3": "Potensi Kebakaran", "field_4": 646300.5, "field_5": 9221431.5 }, "geometry": { "type": "Point", "coordinates": [ 112.324576249117015, -7.041722578831098 ] } },
{ "type": "Feature", "properties": { "field_1": 1341437, "field_2": "Lainya", "field_3": "Potensi Kebakaran", "field_4": 646300.5, "field_5": 9221419.0 }, "geometry": { "type": "Point", "coordinates": [ 112.324576569863083, -7.041835622772846 ] } },
{ "type": "Feature", "properties": { "field_1": 1341438, "field_2": "Lainya", "field_3": "Potensi Kebakaran", "field_4": 646300.5, "field_5": 9221406.5 }, "geometry": { "type": "Point", "coordinates": [ 112.324576890614438, -7.041948666714037 ] } },
{ "type": "Feature", "properties": { "field_1": 1341439, "field_2": "Lainya", "field_3": "Potensi Kebakaran", "field_4": 646300.5, "field_5": 9221394.0 }, "geometry": { "type": "Point", "coordinates": [ 112.32457721137105, -7.042061710654665 ] } },
{ "type": "Feature", "properties": { "field_1": 1341440, "field_2": "Lainya", "field_3": "Potensi Kebakaran", "field_4": 646300.5, "field_5": 9221381.5 }, "geometry": { "type": "Point", "coordinates": [ 112.324577532132963, -7.042174754594736 ] } },
{ "type": "Feature", "properties": { "field_1": 1341441, "field_2": "Lainya", "field_3": "Potensi Kebakaran", "field_4": 646300.5, "field_5": 9221369.0 }, "geometry": { "type": "Point", "coordinates": [ 112.324577852900148, -7.042287798534246 ] } },
{ "type": "Feature", "properties": { "field_1": 1341442, "field_2": "Lainya", "field_3": "Potensi Kebakaran", "field_4": 646300.5, "field_5": 9221356.5 }, "geometry": { "type": "Point", "coordinates": [ 112.324578173672606, -7.042400842473196 ] } },
{ "type": "Feature", "properties": { "field_1": 1341443, "field_2": "Lainya", "field_3": "Potensi Kebakaran", "field_4": 646300.5, "field_5": 9221344.0 }, "geometry": { "type": "Point", "coordinates": [ 112.324578494450336, -7.042513886411587 ] } },
{ "type": "Feature", "properties": { "field_1": 1341444, "field_2": "Lainya", "field_3": "Potensi Kebakaran", "field_4": 646300.5, "field_5": 9221331.5 }, "geometry": { "type": "Point", "coordinates": [ 112.324578815233366, -7.042626930349418 ] } },
{ "type": "Feature", "properties": { "field_1": 1341445, "field_2": "Lainya", "field_3": "Potensi Kebakaran", "field_4": 646300.5, "field_5": 9221319.0 }, "geometry": { "type": "Point", "coordinates": [ 112.324579136021654, -7.04273997428669 ] } },
{ "type": "Feature", "properties": { "field_1": 1341446, "field_2": "Lainya", "field_3": "Potensi Kebakaran", "field_4": 646300.5, "field_5": 9221306.5 }, "geometry": { "type": "Point", "coordinates": [ 112.324579456815229, -7.042853018223401 ] } },
{ "type": "Feature", "properties": { "field_1": 1341447, "field_2": "Lainya", "field_3": "Potensi Kebakaran", "field_4": 646300.5, "field_5": 9221294.0 }, "geometry": { "type": "Point", "coordinates": [ 112.324579777614076, -7.042966062159554 ] } },
{ "type": "Feature", "properties": { "field_1": 1341448, "field_2": "Lainya", "field_3": "Potensi Kebakaran", "field_4": 646300.5, "field_5": 9221281.5 }, "geometry": { "type": "Point", "coordinates": [ 112.32458009841821, -7.043079106095147 ] } },
{ "type": "Feature", "properties": { "field_1": 1341449, "field_2": "Lainya", "field_3": "Potensi Kebakaran", "field_4": 646300.5, "field_5": 9221269.0 }, "geometry": { "type": "Point", "coordinates": [ 112.324580419227615, -7.043192150030179 ] } },
{ "type": "Feature", "properties": { "field_1": 1341450, "field_2": "Lainya", "field_3": "Potensi Kebakaran", "field_4": 646300.5, "field_5": 9221256.5 }, "geometry": { "type": "Point", "coordinates": [ 112.324580740042308, -7.043305193964653 ] } },
{ "type": "Feature", "properties": { "field_1": 1341451, "field_2": "Lainya", "field_3": "Potensi Kebakaran", "field_4": 646300.5, "field_5": 9221244.0 }, "geometry": { "type": "Point", "coordinates": [ 112.324581060862272, -7.043418237898566 ] } },
{ "type": "Feature", "properties": { "field_1": 1341452, "field_2": "Lainya", "field_3": "Potensi Kebakaran", "field_4": 646300.5, "field_5": 9221231.5 }, "geometry": { "type": "Point", "coordinates": [ 112.324581381687523, -7.043531281831921 ] } },
{ "type": "Feature", "properties": { "field_1": 1341453, "field_2": "Lainya", "field_3": "Potensi Kebakaran", "field_4": 646300.5, "field_5": 9221219.0 }, "geometry": { "type": "Point", "coordinates": [ 112.324581702518032, -7.043644325764714 ] } },
{ "type": "Feature", "properties": { "field_1": 1341454, "field_2": "Lainya", "field_3": "Potensi Kebakaran", "field_4": 646300.5, "field_5": 9221206.5 }, "geometry": { "type": "Point", "coordinates": [ 112.324582023353841, -7.043757369696951 ] } },
{ "type": "Feature", "properties": { "field_1": 1341455, "field_2": "Lainya", "field_3": "Potensi Kebakaran", "field_4": 646300.5, "field_5": 9221194.0 }, "geometry": { "type": "Point", "coordinates": [ 112.324582344194923, -7.043870413628624 ] } },
{ "type": "Feature", "properties": { "field_1": 1341456, "field_2": "Lainya", "field_3": "Potensi Kebakaran", "field_4": 646300.5, "field_5": 9221181.5 }, "geometry": { "type": "Point", "coordinates": [ 112.324582665041291, -7.043983457559739 ] } },
{ "type": "Feature", "properties": { "field_1": 1341457, "field_2": "Lainya", "field_3": "Potensi Kebakaran", "field_4": 646300.5, "field_5": 9221169.0 }, "geometry": { "type": "Point", "coordinates": [ 112.324582985892917, -7.044096501490294 ] } },
{ "type": "Feature", "properties": { "field_1": 1341458, "field_2": "Lainya", "field_3": "Potensi Kebakaran", "field_4": 646300.5, "field_5": 9221156.5 }, "geometry": { "type": "Point", "coordinates": [ 112.32458330674983, -7.04420954542029 ] } },
{ "type": "Feature", "properties": { "field_1": 1341459, "field_2": "Lainya", "field_3": "Potensi Kebakaran", "field_4": 646300.5, "field_5": 9221144.0 }, "geometry": { "type": "Point", "coordinates": [ 112.324583627612029, -7.044322589349726 ] } },
{ "type": "Feature", "properties": { "field_1": 1341460, "field_2": "Lainya", "field_3": "Potensi Kebakaran", "field_4": 646300.5, "field_5": 9221131.5 }, "geometry": { "type": "Point", "coordinates": [ 112.3245839484795, -7.044435633278603 ] } },
{ "type": "Feature", "properties": { "field_1": 1341461, "field_2": "Lainya", "field_3": "Potensi Kebakaran", "field_4": 646300.5, "field_5": 9221119.0 }, "geometry": { "type": "Point", "coordinates": [ 112.324584269352258, -7.044548677206916 ] } },
{ "type": "Feature", "properties": { "field_1": 1341462, "field_2": "Lainya", "field_3": "Potensi Kebakaran", "field_4": 646300.5, "field_5": 9221106.5 }, "geometry": { "type": "Point", "coordinates": [ 112.324584590230288, -7.044661721134674 ] } },
{ "type": "Feature", "properties": { "field_1": 1341463, "field_2": "Lainya", "field_3": "Potensi Kebakaran", "field_4": 646300.5, "field_5": 9221094.0 }, "geometry": { "type": "Point", "coordinates": [ 112.32458491111359, -7.04477476506187 ] } },
{ "type": "Feature", "properties": { "field_1": 1341464, "field_2": "Lainya", "field_3": "Potensi Kebakaran", "field_4": 646300.5, "field_5": 9221081.5 }, "geometry": { "type": "Point", "coordinates": [ 112.324585232002178, -7.044887808988507 ] } },
{ "type": "Feature", "properties": { "field_1": 1341465, "field_2": "Lainya", "field_3": "Potensi Kebakaran", "field_4": 646300.5, "field_5": 9221069.0 }, "geometry": { "type": "Point", "coordinates": [ 112.324585552896053, -7.045000852914584 ] } },
{ "type": "Feature", "properties": { "field_1": 1341466, "field_2": "Lainya", "field_3": "Potensi Kebakaran", "field_4": 646300.5, "field_5": 9221056.5 }, "geometry": { "type": "Point", "coordinates": [ 112.324585873795186, -7.045113896840101 ] } },
{ "type": "Feature", "properties": { "field_1": 1341467, "field_2": "Lainya", "field_3": "Potensi Kebakaran", "field_4": 646300.5, "field_5": 9221044.0 }, "geometry": { "type": "Point", "coordinates": [ 112.32458619469962, -7.045226940765059 ] } },
{ "type": "Feature", "properties": { "field_1": 1341468, "field_2": "Lainya", "field_3": "Potensi Kebakaran", "field_4": 646300.5, "field_5": 9221031.5 }, "geometry": { "type": "Point", "coordinates": [ 112.324586515609312, -7.045339984689456 ] } },
{ "type": "Feature", "properties": { "field_1": 1341469, "field_2": "Lainya", "field_3": "Potensi Kebakaran", "field_4": 646300.5, "field_5": 9221019.0 }, "geometry": { "type": "Point", "coordinates": [ 112.32458683652429, -7.045453028613293 ] } },
{ "type": "Feature", "properties": { "field_1": 1341470, "field_2": "Lainya", "field_3": "Potensi Kebakaran", "field_4": 646300.5, "field_5": 9221006.5 }, "geometry": { "type": "Point", "coordinates": [ 112.324587157444554, -7.045566072536571 ] } },
{ "type": "Feature", "properties": { "field_1": 1341471, "field_2": "Lainya", "field_3": "Potensi Kebakaran", "field_4": 646300.5, "field_5": 9220994.0 }, "geometry": { "type": "Point", "coordinates": [ 112.324587478370091, -7.04567911645929 ] } },
{ "type": "Feature", "properties": { "field_1": 1341472, "field_2": "Lainya", "field_3": "Potensi Kebakaran", "field_4": 646300.5, "field_5": 9220981.5 }, "geometry": { "type": "Point", "coordinates": [ 112.3245877993009, -7.045792160381448 ] } },
{ "type": "Feature", "properties": { "field_1": 1341473, "field_2": "Lainya", "field_3": "Potensi Kebakaran", "field_4": 646300.5, "field_5": 9220969.0 }, "geometry": { "type": "Point", "coordinates": [ 112.324588120236996, -7.045905204303046 ] } },
{ "type": "Feature", "properties": { "field_1": 1341474, "field_2": "Lainya", "field_3": "Potensi Kebakaran", "field_4": 646300.5, "field_5": 9220956.5 }, "geometry": { "type": "Point", "coordinates": [ 112.324588441178378, -7.046018248224086 ] } },
{ "type": "Feature", "properties": { "field_1": 1341475, "field_2": "Lainya", "field_3": "Potensi Kebakaran", "field_4": 646300.5, "field_5": 9220944.0 }, "geometry": { "type": "Point", "coordinates": [ 112.324588762125018, -7.046131292144563 ] } },
{ "type": "Feature", "properties": { "field_1": 1341476, "field_2": "Lainya", "field_3": "Potensi Kebakaran", "field_4": 646300.5, "field_5": 9220931.5 }, "geometry": { "type": "Point", "coordinates": [ 112.324589083076958, -7.046244336064482 ] } },
{ "type": "Feature", "properties": { "field_1": 1341477, "field_2": "Lainya", "field_3": "Potensi Kebakaran", "field_4": 646300.5, "field_5": 9220919.0 }, "geometry": { "type": "Point", "coordinates": [ 112.324589404034157, -7.046357379983839 ] } },
{ "type": "Feature", "properties": { "field_1": 1341478, "field_2": "Lainya", "field_3": "Potensi Kebakaran", "field_4": 646300.5, "field_5": 9220906.5 }, "geometry": { "type": "Point", "coordinates": [ 112.324589724996656, -7.046470423902638 ] } },
{ "type": "Feature", "properties": { "field_1": 1341479, "field_2": "Lainya", "field_3": "Potensi Kebakaran", "field_4": 646300.5, "field_5": 9220894.0 }, "geometry": { "type": "Point", "coordinates": [ 112.324590045964413, -7.046583467820875 ] } },
{ "type": "Feature", "properties": { "field_1": 1341480, "field_2": "Lainya", "field_3": "Potensi Kebakaran", "field_4": 646300.5, "field_5": 9220881.5 }, "geometry": { "type": "Point", "coordinates": [ 112.324590366937457, -7.046696511738556 ] } },
{ "type": "Feature", "properties": { "field_1": 1341481, "field_2": "Lainya", "field_3": "Potensi Kebakaran", "field_4": 646300.5, "field_5": 9220869.0 }, "geometry": { "type": "Point", "coordinates": [ 112.324590687915787, -7.046809555655674 ] } },
{ "type": "Feature", "properties": { "field_1": 1341482, "field_2": "Lainya", "field_3": "Potensi Kebakaran", "field_4": 646300.5, "field_5": 9220856.5 }, "geometry": { "type": "Point", "coordinates": [ 112.32459100889939, -7.046922599572234 ] } },
{ "type": "Feature", "properties": { "field_1": 1341483, "field_2": "Lainya", "field_3": "Potensi Kebakaran", "field_4": 646300.5, "field_5": 9220844.0 }, "geometry": { "type": "Point", "coordinates": [ 112.324591329888278, -7.047035643488232 ] } },
{ "type": "Feature", "properties": { "field_1": 1341484, "field_2": "Lainya", "field_3": "Potensi Kebakaran", "field_4": 646300.5, "field_5": 9220831.5 }, "geometry": { "type": "Point", "coordinates": [ 112.324591650882439, -7.047148687403671 ] } },
{ "type": "Feature", "properties": { "field_1": 1341485, "field_2": "Lainya", "field_3": "Potensi Kebakaran", "field_4": 646300.5, "field_5": 9220819.0 }, "geometry": { "type": "Point", "coordinates": [ 112.324591971881858, -7.047261731318549 ] } },
{ "type": "Feature", "properties": { "field_1": 1341486, "field_2": "Lainya", "field_3": "Potensi Kebakaran", "field_4": 646300.5, "field_5": 9220806.5 }, "geometry": { "type": "Point", "coordinates": [ 112.324592292886578, -7.04737477523287 ] } },
{ "type": "Feature", "properties": { "field_1": 1341487, "field_2": "Lainya", "field_3": "Potensi Kebakaran", "field_4": 646300.5, "field_5": 9220794.0 }, "geometry": { "type": "Point", "coordinates": [ 112.324592613896584, -7.047487819146629 ] } },
{ "type": "Feature", "properties": { "field_1": 1341488, "field_2": "Lainya", "field_3": "Potensi Kebakaran", "field_4": 646300.5, "field_5": 9220781.59 }, "geometry": { "type": "Point", "coordinates": [ 112.324592932600524, -7.047600049143655 ] } },
{ "type": "Feature", "properties": { "field_1": 1341489, "field_2": "Lainya", "field_3": "Potensi Kebakaran", "field_4": 646300.5, "field_5": 9220769.0 }, "geometry": { "type": "Point", "coordinates": [ 112.324593255932413, -7.047713906972465 ] } },
{ "type": "Feature", "properties": { "field_1": 1341490, "field_2": "Lainya", "field_3": "Potensi Kebakaran", "field_4": 646300.5, "field_5": 9220756.59 }, "geometry": { "type": "Point", "coordinates": [ 112.32459357464684, -7.047826136968381 ] } },
{ "type": "Feature", "properties": { "field_1": 1341491, "field_2": "Lainya", "field_3": "Potensi Kebakaran", "field_4": 646300.5, "field_5": 9220744.0 }, "geometry": { "type": "Point", "coordinates": [ 112.324593897989359, -7.047939994796063 ] } },
{ "type": "Feature", "properties": { "field_1": 1341492, "field_2": "Lainya", "field_3": "Potensi Kebakaran", "field_4": 646300.5, "field_5": 9220731.59 }, "geometry": { "type": "Point", "coordinates": [ 112.32459421671426, -7.048052224790867 ] } },
{ "type": "Feature", "properties": { "field_1": 1341493, "field_2": "Lainya", "field_3": "Potensi Kebakaran", "field_4": 646300.5, "field_5": 9220719.0 }, "geometry": { "type": "Point", "coordinates": [ 112.324594540067409, -7.048166082617422 ] } },
{ "type": "Feature", "properties": { "field_1": 1341494, "field_2": "Lainya", "field_3": "Potensi Kebakaran", "field_4": 646300.5, "field_5": 9220706.59 }, "geometry": { "type": "Point", "coordinates": [ 112.324594858802797, -7.048278312611112 ] } },
{ "type": "Feature", "properties": { "field_1": 1341495, "field_2": "Lainya", "field_3": "Potensi Kebakaran", "field_4": 646300.5, "field_5": 9220694.0 }, "geometry": { "type": "Point", "coordinates": [ 112.32459518216659, -7.048392170436538 ] } },
{ "type": "Feature", "properties": { "field_1": 1341496, "field_2": "Lainya", "field_3": "Potensi Kebakaran", "field_4": 646300.5, "field_5": 9220681.59 }, "geometry": { "type": "Point", "coordinates": [ 112.324595500912451, -7.048504400429117 ] } },
{ "type": "Feature", "properties": { "field_1": 1341497, "field_2": "Lainya", "field_3": "Potensi Kebakaran", "field_4": 646300.5, "field_5": 9220669.0 }, "geometry": { "type": "Point", "coordinates": [ 112.32459582428686, -7.048618258253414 ] } },
{ "type": "Feature", "properties": { "field_1": 1341498, "field_2": "Lainya", "field_3": "Potensi Kebakaran", "field_4": 646300.5, "field_5": 9220656.59 }, "geometry": { "type": "Point", "coordinates": [ 112.324596143043223, -7.048730488244883 ] } },
{ "type": "Feature", "properties": { "field_1": 1341499, "field_2": "Lainya", "field_3": "Potensi Kebakaran", "field_4": 646300.5, "field_5": 9220644.0 }, "geometry": { "type": "Point", "coordinates": [ 112.324596466428275, -7.048844346068051 ] } },
{ "type": "Feature", "properties": { "field_1": 1341500, "field_2": "Lainya", "field_3": "Potensi Kebakaran", "field_4": 646300.5, "field_5": 9220631.59 }, "geometry": { "type": "Point", "coordinates": [ 112.324596785195098, -7.048956576058406 ] } },
{ "type": "Feature", "properties": { "field_1": 1341501, "field_2": "Lainya", "field_3": "Potensi Kebakaran", "field_4": 646300.5, "field_5": 9220619.0 }, "geometry": { "type": "Point", "coordinates": [ 112.32459710859078, -7.049070433880447 ] } },
{ "type": "Feature", "properties": { "field_1": 1341502, "field_2": "Lainya", "field_3": "Potensi Kebakaran", "field_4": 646300.5, "field_5": 9220606.59 }, "geometry": { "type": "Point", "coordinates": [ 112.324597427368104, -7.04918266386969 ] } },
{ "type": "Feature", "properties": { "field_1": 1341503, "field_2": "Lainya", "field_3": "Potensi Kebakaran", "field_4": 646300.5, "field_5": 9220594.0 }, "geometry": { "type": "Point", "coordinates": [ 112.324597750774416, -7.049296521690602 ] } },
{ "type": "Feature", "properties": { "field_1": 1341504, "field_2": "Lainya", "field_3": "Potensi Kebakaran", "field_4": 646300.5, "field_5": 9220581.59 }, "geometry": { "type": "Point", "coordinates": [ 112.324598069562214, -7.049408751678734 ] } },
{ "type": "Feature", "properties": { "field_1": 1341505, "field_2": "Lainya", "field_3": "Potensi Kebakaran", "field_4": 646300.5, "field_5": 9220569.0 }, "geometry": { "type": "Point", "coordinates": [ 112.324598392979169, -7.049522609498517 ] } },
{ "type": "Feature", "properties": { "field_1": 1341506, "field_2": "Lainya", "field_3": "Potensi Kebakaran", "field_4": 646300.5, "field_5": 9220556.59 }, "geometry": { "type": "Point", "coordinates": [ 112.324598711777455, -7.049634839485535 ] } },
{ "type": "Feature", "properties": { "field_1": 1341507, "field_2": "Lainya", "field_3": "Potensi Kebakaran", "field_4": 646300.5, "field_5": 9220544.0 }, "geometry": { "type": "Point", "coordinates": [ 112.324599035205026, -7.049748697304191 ] } },
{ "type": "Feature", "properties": { "field_1": 1341508, "field_2": "Lainya", "field_3": "Potensi Kebakaran", "field_4": 646300.5, "field_5": 9220531.59 }, "geometry": { "type": "Point", "coordinates": [ 112.324599354013785, -7.049860927290097 ] } },
{ "type": "Feature", "properties": { "field_1": 1341509, "field_2": "Lainya", "field_3": "Potensi Kebakaran", "field_4": 646300.5, "field_5": 9220519.0 }, "geometry": { "type": "Point", "coordinates": [ 112.324599677452014, -7.049974785107624 ] } },
{ "type": "Feature", "properties": { "field_1": 1341510, "field_2": "Lainya", "field_3": "Potensi Kebakaran", "field_4": 646300.5, "field_5": 9220506.59 }, "geometry": { "type": "Point", "coordinates": [ 112.324599996271246, -7.050087015092418 ] } },
{ "type": "Feature", "properties": { "field_1": 1341659, "field_2": "Lainya", "field_3": "Open Area", "field_4": 646300.5, "field_5": 9218644.0 }, "geometry": { "type": "Point", "coordinates": [ 112.324647906157907, -7.066931363973765 ] } },
{ "type": "Feature", "properties": { "field_1": 1341660, "field_2": "Lainya", "field_3": "Open Area", "field_4": 646300.5, "field_5": 9218631.59 }, "geometry": { "type": "Point", "coordinates": [ 112.32464822576334, -7.067043593875034 ] } },
{ "type": "Feature", "properties": { "field_1": 1341661, "field_2": "Lainya", "field_3": "Open Area", "field_4": 646300.5, "field_5": 9218619.0 }, "geometry": { "type": "Point", "coordinates": [ 112.324648550009798, -7.067157451606695 ] } },
{ "type": "Feature", "properties": { "field_1": 1341662, "field_2": "Lainya", "field_3": "Open Area", "field_4": 646300.5, "field_5": 9218606.59 }, "geometry": { "type": "Point", "coordinates": [ 112.324648869625733, -7.067269681506846 ] } },
{ "type": "Feature", "properties": { "field_1": 1341663, "field_2": "Lainya", "field_3": "Open Area", "field_4": 646300.5, "field_5": 9218594.0 }, "geometry": { "type": "Point", "coordinates": [ 112.32464919388282, -7.067383539237375 ] } },
{ "type": "Feature", "properties": { "field_1": 1341664, "field_2": "Lainya", "field_3": "Open Area", "field_4": 646300.5, "field_5": 9218581.59 }, "geometry": { "type": "Point", "coordinates": [ 112.324649513509229, -7.067495769136413 ] } },
{ "type": "Feature", "properties": { "field_1": 1341665, "field_2": "Lainya", "field_3": "Open Area", "field_4": 646300.5, "field_5": 9218569.0 }, "geometry": { "type": "Point", "coordinates": [ 112.32464983777696, -7.067609626865813 ] } },
{ "type": "Feature", "properties": { "field_1": 1341666, "field_2": "Lainya", "field_3": "Open Area", "field_4": 646300.5, "field_5": 9218556.59 }, "geometry": { "type": "Point", "coordinates": [ 112.324650157413842, -7.067721856763736 ] } },
{ "type": "Feature", "properties": { "field_1": 1341667, "field_2": "Lainya", "field_3": "Open Area", "field_4": 646300.5, "field_5": 9218544.0 }, "geometry": { "type": "Point", "coordinates": [ 112.324650481692188, -7.067835714492003 ] } },
{ "type": "Feature", "properties": { "field_1": 1341668, "field_2": "Lainya", "field_3": "Open Area", "field_4": 646300.5, "field_5": 9218531.59 }, "geometry": { "type": "Point", "coordinates": [ 112.324650801339573, -7.067947944388811 ] } },
{ "type": "Feature", "properties": { "field_1": 1341669, "field_2": "Lainya", "field_3": "Open Area", "field_4": 646300.5, "field_5": 9218519.0 }, "geometry": { "type": "Point", "coordinates": [ 112.324651125628563, -7.068061802115947 ] } },
{ "type": "Feature", "properties": { "field_1": 1341670, "field_2": "Lainya", "field_3": "Open Area", "field_4": 646300.5, "field_5": 9218506.59 }, "geometry": { "type": "Point", "coordinates": [ 112.32465144528642, -7.068174032011638 ] } },
{ "type": "Feature", "properties": { "field_1": 1341671, "field_2": "Lainya", "field_3": "Open Area", "field_4": 646300.5, "field_5": 9218494.0 }, "geometry": { "type": "Point", "coordinates": [ 112.324651769586055, -7.068287889737642 ] } },
{ "type": "Feature", "properties": { "field_1": 1341672, "field_2": "Lainya", "field_3": "Open Area", "field_4": 646300.5, "field_5": 9218481.59 }, "geometry": { "type": "Point", "coordinates": [ 112.3246520892544, -7.06840011963222 ] } },
{ "type": "Feature", "properties": { "field_1": 1341673, "field_2": "Lainya", "field_3": "Open Area", "field_4": 646300.5, "field_5": 9218469.0 }, "geometry": { "type": "Point", "coordinates": [ 112.324652413564678, -7.068513977357093 ] } },
{ "type": "Feature", "properties": { "field_1": 1341674, "field_2": "Lainya", "field_3": "Open Area", "field_4": 646300.5, "field_5": 9218456.59 }, "geometry": { "type": "Point", "coordinates": [ 112.324652733243497, -7.068626207250556 ] } },
{ "type": "Feature", "properties": { "field_1": 1341675, "field_2": "Lainya", "field_3": "Open Area", "field_4": 646300.5, "field_5": 9218444.0 }, "geometry": { "type": "Point", "coordinates": [ 112.324653057564404, -7.068740064974295 ] } },
{ "type": "Feature", "properties": { "field_1": 1341676, "field_2": "Lainya", "field_3": "Open Area", "field_4": 646300.5, "field_5": 9218431.59 }, "geometry": { "type": "Point", "coordinates": [ 112.324653377253711, -7.068852294866643 ] } },
{ "type": "Feature", "properties": { "field_1": 1341677, "field_2": "Lainya", "field_3": "Open Area", "field_4": 646300.5, "field_5": 9218419.0 }, "geometry": { "type": "Point", "coordinates": [ 112.324653701585248, -7.068966152589254 ] } },
{ "type": "Feature", "properties": { "field_1": 1341678, "field_2": "Lainya", "field_3": "Open Area", "field_4": 646300.5, "field_5": 9218406.59 }, "geometry": { "type": "Point", "coordinates": [ 112.324654021285042, -7.069078382480485 ] } },
{ "type": "Feature", "properties": { "field_1": 1341679, "field_2": "Lainya", "field_3": "Open Area", "field_4": 646300.5, "field_5": 9218394.0 }, "geometry": { "type": "Point", "coordinates": [ 112.324654345627224, -7.069192240201963 ] } },
{ "type": "Feature", "properties": { "field_1": 1341680, "field_2": "Lainya", "field_3": "Open Area", "field_4": 646300.5, "field_5": 9218381.59 }, "geometry": { "type": "Point", "coordinates": [ 112.324654665337505, -7.069304470092081 ] } },
{ "type": "Feature", "properties": { "field_1": 1341681, "field_2": "Lainya", "field_3": "Open Area", "field_4": 646300.5, "field_5": 9218369.0 }, "geometry": { "type": "Point", "coordinates": [ 112.324654989690302, -7.069418327812427 ] } },
{ "type": "Feature", "properties": { "field_1": 1341682, "field_2": "Lainya", "field_3": "Open Area", "field_4": 646300.5, "field_5": 9218356.59 }, "geometry": { "type": "Point", "coordinates": [ 112.324655309411071, -7.069530557701426 ] } },
{ "type": "Feature", "properties": { "field_1": 1341683, "field_2": "Lainya", "field_3": "Open Area", "field_4": 646300.5, "field_5": 9218344.0 }, "geometry": { "type": "Point", "coordinates": [ 112.324655633774526, -7.069644415420643 ] } },
{ "type": "Feature", "properties": { "field_1": 1341684, "field_2": "Lainya", "field_3": "Open Area", "field_4": 646300.5, "field_5": 9218331.59 }, "geometry": { "type": "Point", "coordinates": [ 112.324655953505754, -7.069756645308528 ] } },
{ "type": "Feature", "properties": { "field_1": 1341685, "field_2": "Lainya", "field_3": "Open Area", "field_4": 646300.5, "field_5": 9218319.0 }, "geometry": { "type": "Point", "coordinates": [ 112.324656277879839, -7.069870503026613 ] } },
{ "type": "Feature", "properties": { "field_1": 1341686, "field_2": "Lainya", "field_3": "Open Area", "field_4": 646300.5, "field_5": 9218306.59 }, "geometry": { "type": "Point", "coordinates": [ 112.324656597621569, -7.069982732913382 ] } },
{ "type": "Feature", "properties": { "field_1": 1341687, "field_2": "Lainya", "field_3": "Open Area", "field_4": 646300.5, "field_5": 9218294.0 }, "geometry": { "type": "Point", "coordinates": [ 112.324656922006284, -7.070096590630335 ] } },
{ "type": "Feature", "properties": { "field_1": 1341688, "field_2": "Lainya", "field_3": "Open Area", "field_4": 646300.5, "field_5": 9218281.59 }, "geometry": { "type": "Point", "coordinates": [ 112.324657241758501, -7.070208820515989 ] } },
{ "type": "Feature", "properties": { "field_1": 1341689, "field_2": "Lainya", "field_3": "Open Area", "field_4": 646300.5, "field_5": 9218269.0 }, "geometry": { "type": "Point", "coordinates": [ 112.32465756615386, -7.070322678231809 ] } },
{ "type": "Feature", "properties": { "field_1": 1341690, "field_2": "Lainya", "field_3": "Open Area", "field_4": 646300.5, "field_5": 9218256.59 }, "geometry": { "type": "Point", "coordinates": [ 112.324657885916551, -7.07043490811635 ] } },
{ "type": "Feature", "properties": { "field_1": 1341691, "field_2": "Lainya", "field_3": "Open Area", "field_4": 646300.5, "field_5": 9218244.0 }, "geometry": { "type": "Point", "coordinates": [ 112.324658210322539, -7.070548765831039 ] } },
{ "type": "Feature", "properties": { "field_1": 1341692, "field_2": "Lainya", "field_3": "Open Area", "field_4": 646300.5, "field_5": 9218231.59 }, "geometry": { "type": "Point", "coordinates": [ 112.324658530095732, -7.070660995714462 ] } },
{ "type": "Feature", "properties": { "field_1": 1341693, "field_2": "Lainya", "field_3": "Open Area", "field_4": 646300.5, "field_5": 9218219.0 }, "geometry": { "type": "Point", "coordinates": [ 112.32465885451235, -7.07077485342802 ] } },
{ "type": "Feature", "properties": { "field_1": 1341694, "field_2": "Lainya", "field_3": "Open Area", "field_4": 646300.5, "field_5": 9218206.59 }, "geometry": { "type": "Point", "coordinates": [ 112.324659174296016, -7.070887083310328 ] } },
{ "type": "Feature", "properties": { "field_1": 1341695, "field_2": "Lainya", "field_3": "Open Area", "field_4": 646300.5, "field_5": 9218194.0 }, "geometry": { "type": "Point", "coordinates": [ 112.324659498723292, -7.071000941022753 ] } },
{ "type": "Feature", "properties": { "field_1": 1341696, "field_2": "Lainya", "field_3": "Open Area", "field_4": 646300.5, "field_5": 9218181.59 }, "geometry": { "type": "Point", "coordinates": [ 112.324659818517432, -7.071113170903946 ] } },
{ "type": "Feature", "properties": { "field_1": 1341697, "field_2": "Lainya", "field_3": "Open Area", "field_4": 646300.5, "field_5": 9218169.0 }, "geometry": { "type": "Point", "coordinates": [ 112.324660142955338, -7.07122702861524 ] } },
{ "type": "Feature", "properties": { "field_1": 1341698, "field_2": "Lainya", "field_3": "Open Area", "field_4": 646300.5, "field_5": 9218156.59 }, "geometry": { "type": "Point", "coordinates": [ 112.324660462759951, -7.071339258495315 ] } },
{ "type": "Feature", "properties": { "field_1": 1341699, "field_2": "Lainya", "field_3": "Open Area", "field_4": 646300.5, "field_5": 9218144.0 }, "geometry": { "type": "Point", "coordinates": [ 112.324660787208487, -7.071453116205478 ] } },
{ "type": "Feature", "properties": { "field_1": 1341700, "field_2": "Lainya", "field_3": "Open Area", "field_4": 646300.5, "field_5": 9218131.59 }, "geometry": { "type": "Point", "coordinates": [ 112.324661107023616, -7.071565346084439 ] } },
{ "type": "Feature", "properties": { "field_1": 1341701, "field_2": "Lainya", "field_3": "Open Area", "field_4": 646300.5, "field_5": 9218119.0 }, "geometry": { "type": "Point", "coordinates": [ 112.324661431482795, -7.071679203793469 ] } },
{ "type": "Feature", "properties": { "field_1": 1341702, "field_2": "Lainya", "field_3": "Open Area", "field_4": 646300.5, "field_5": 9218106.59 }, "geometry": { "type": "Point", "coordinates": [ 112.324661751308398, -7.071791433671315 ] } },
{ "type": "Feature", "properties": { "field_1": 1341703, "field_2": "Lainya", "field_3": "Open Area", "field_4": 646300.5, "field_5": 9218094.0 }, "geometry": { "type": "Point", "coordinates": [ 112.324662075778207, -7.071905291379214 ] } },
{ "type": "Feature", "properties": { "field_1": 1341704, "field_2": "Lainya", "field_3": "Open Area", "field_4": 646300.5, "field_5": 9218081.59 }, "geometry": { "type": "Point", "coordinates": [ 112.324662395614283, -7.072017521255942 ] } },
{ "type": "Feature", "properties": { "field_1": 1341705, "field_2": "Lainya", "field_3": "Open Area", "field_4": 646300.5, "field_5": 9218069.0 }, "geometry": { "type": "Point", "coordinates": [ 112.324662720094722, -7.072131378962708 ] } },
{ "type": "Feature", "properties": { "field_1": 1341706, "field_2": "Lainya", "field_3": "Open Area", "field_4": 646300.5, "field_5": 9218056.59 }, "geometry": { "type": "Point", "coordinates": [ 112.324663039941299, -7.072243608838322 ] } },
{ "type": "Feature", "properties": { "field_1": 1341707, "field_2": "Lainya", "field_3": "Open Area", "field_4": 646300.5, "field_5": 9218044.0 }, "geometry": { "type": "Point", "coordinates": [ 112.324663364432368, -7.072357466543956 ] } },
{ "type": "Feature", "properties": { "field_1": 1341708, "field_2": "Lainya", "field_3": "Open Area", "field_4": 646300.5, "field_5": 9218031.59 }, "geometry": { "type": "Point", "coordinates": [ 112.324663684289433, -7.072469696418456 ] } },
{ "type": "Feature", "properties": { "field_1": 1341709, "field_2": "Lainya", "field_3": "Open Area", "field_4": 646300.5, "field_5": 9218019.0 }, "geometry": { "type": "Point", "coordinates": [ 112.324664008791146, -7.072583554122957 ] } },
{ "type": "Feature", "properties": { "field_1": 1341710, "field_2": "Lainya", "field_3": "Open Area", "field_4": 646300.5, "field_5": 9218006.59 }, "geometry": { "type": "Point", "coordinates": [ 112.324664328658685, -7.072695783996339 ] } },
{ "type": "Feature", "properties": { "field_1": 1341711, "field_2": "Lainya", "field_3": "Open Area", "field_4": 646300.5, "field_5": 9217994.0 }, "geometry": { "type": "Point", "coordinates": [ 112.324664653171027, -7.07280964169971 ] } },
{ "type": "Feature", "properties": { "field_1": 1341712, "field_2": "Lainya", "field_3": "Open Area", "field_4": 646300.5, "field_5": 9217981.59 }, "geometry": { "type": "Point", "coordinates": [ 112.324664973049053, -7.072921871571976 ] } },
{ "type": "Feature", "properties": { "field_1": 1341713, "field_2": "Lainya", "field_3": "Open Area", "field_4": 646300.5, "field_5": 9217969.0 }, "geometry": { "type": "Point", "coordinates": [ 112.324665297572039, -7.073035729274214 ] } },
{ "type": "Feature", "properties": { "field_1": 1341714, "field_2": "Lainya", "field_3": "Open Area", "field_4": 646300.5, "field_5": 9217956.59 }, "geometry": { "type": "Point", "coordinates": [ 112.324665617460553, -7.073147959145365 ] } },
{ "type": "Feature", "properties": { "field_1": 1341715, "field_2": "Lainya", "field_3": "Open Area", "field_4": 646300.5, "field_5": 9217944.0 }, "geometry": { "type": "Point", "coordinates": [ 112.324665941994169, -7.073261816846471 ] } },
{ "type": "Feature", "properties": { "field_1": 1341716, "field_2": "Lainya", "field_3": "Open Area", "field_4": 646300.5, "field_5": 9217931.59 }, "geometry": { "type": "Point", "coordinates": [ 112.324666261893171, -7.073374046716505 ] } },
{ "type": "Feature", "properties": { "field_1": 1341717, "field_2": "Lainya", "field_3": "Open Area", "field_4": 646300.5, "field_5": 9217919.0 }, "geometry": { "type": "Point", "coordinates": [ 112.324666586437431, -7.07348790441648 ] } },
{ "type": "Feature", "properties": { "field_1": 1341718, "field_2": "Lainya", "field_3": "Open Area", "field_4": 646300.5, "field_5": 9217906.59 }, "geometry": { "type": "Point", "coordinates": [ 112.324666906346906, -7.073600134285399 ] } },
{ "type": "Feature", "properties": { "field_1": 1341719, "field_2": "Lainya", "field_3": "Open Area", "field_4": 646300.5, "field_5": 9217894.0 }, "geometry": { "type": "Point", "coordinates": [ 112.324667230901795, -7.073713991984239 ] } },
{ "type": "Feature", "properties": { "field_1": 1341720, "field_2": "Lainya", "field_3": "Open Area", "field_4": 646300.5, "field_5": 9217881.59 }, "geometry": { "type": "Point", "coordinates": [ 112.324667550821758, -7.073826221852042 ] } },
{ "type": "Feature", "properties": { "field_1": 1341721, "field_2": "Lainya", "field_3": "Open Area", "field_4": 646300.5, "field_5": 9217869.0 }, "geometry": { "type": "Point", "coordinates": [ 112.324667875387291, -7.073940079549752 ] } },
{ "type": "Feature", "properties": { "field_1": 1341722, "field_2": "Lainya", "field_3": "Open Area", "field_4": 646300.5, "field_5": 9217856.59 }, "geometry": { "type": "Point", "coordinates": [ 112.324668195317727, -7.074052309416437 ] } },
{ "type": "Feature", "properties": { "field_1": 1341723, "field_2": "Lainya", "field_3": "Open Area", "field_4": 646300.5, "field_5": 9217844.0 }, "geometry": { "type": "Point", "coordinates": [ 112.324668519893905, -7.074166167113015 ] } },
{ "type": "Feature", "properties": { "field_1": 1341724, "field_2": "Lainya", "field_3": "Open Area", "field_4": 646300.5, "field_5": 9217831.59 }, "geometry": { "type": "Point", "coordinates": [ 112.324668839834828, -7.074278396978585 ] } },
{ "type": "Feature", "properties": { "field_1": 1341725, "field_2": "Lainya", "field_3": "Open Area", "field_4": 646300.5, "field_5": 9217819.0 }, "geometry": { "type": "Point", "coordinates": [ 112.324669164421636, -7.074392254674029 ] } },
{ "type": "Feature", "properties": { "field_1": 1341726, "field_2": "Lainya", "field_3": "Open Area", "field_4": 646300.5, "field_5": 9217806.59 }, "geometry": { "type": "Point", "coordinates": [ 112.324669484373061, -7.074504484538485 ] } },
{ "type": "Feature", "properties": { "field_1": 1341727, "field_2": "Lainya", "field_3": "Open Area", "field_4": 646300.5, "field_5": 9217794.0 }, "geometry": { "type": "Point", "coordinates": [ 112.324669808970498, -7.074618342232798 ] } },
{ "type": "Feature", "properties": { "field_1": 1341728, "field_2": "Lainya", "field_3": "Open Area", "field_4": 646300.5, "field_5": 9217781.59 }, "geometry": { "type": "Point", "coordinates": [ 112.324670128932382, -7.074730572096135 ] } },
{ "type": "Feature", "properties": { "field_1": 1341729, "field_2": "Lainya", "field_3": "Open Area", "field_4": 646300.5, "field_5": 9217769.0 }, "geometry": { "type": "Point", "coordinates": [ 112.324670453540477, -7.074844429789315 ] } },
{ "type": "Feature", "properties": { "field_1": 1341730, "field_2": "Lainya", "field_3": "Open Area", "field_4": 646300.5, "field_5": 9217756.59 }, "geometry": { "type": "Point", "coordinates": [ 112.32467077351285, -7.074956659651536 ] } },
{ "type": "Feature", "properties": { "field_1": 1341731, "field_2": "Lainya", "field_3": "Open Area", "field_4": 646300.5, "field_5": 9217744.0 }, "geometry": { "type": "Point", "coordinates": [ 112.324671098131574, -7.075070517343585 ] } },
{ "type": "Feature", "properties": { "field_1": 1341732, "field_2": "Lainya", "field_3": "Open Area", "field_4": 646300.5, "field_5": 9217731.59 }, "geometry": { "type": "Point", "coordinates": [ 112.324671418114434, -7.075182747204692 ] } },
{ "type": "Feature", "properties": { "field_1": 1341733, "field_2": "Lainya", "field_3": "Open Area", "field_4": 646300.5, "field_5": 9217719.0 }, "geometry": { "type": "Point", "coordinates": [ 112.324671742743789, -7.075296604895606 ] } },
{ "type": "Feature", "properties": { "field_1": 1341734, "field_2": "Lainya", "field_3": "Open Area", "field_4": 646300.5, "field_5": 9217706.59 }, "geometry": { "type": "Point", "coordinates": [ 112.324672062737136, -7.075408834755596 ] } },
{ "type": "Feature", "properties": { "field_1": 1341735, "field_2": "Lainya", "field_3": "Open Area", "field_4": 646300.5, "field_5": 9217694.0 }, "geometry": { "type": "Point", "coordinates": [ 112.324672387377134, -7.075522692445379 ] } },
{ "type": "Feature", "properties": { "field_1": 1341736, "field_2": "Lainya", "field_3": "Open Area", "field_4": 646300.5, "field_5": 9217681.59 }, "geometry": { "type": "Point", "coordinates": [ 112.324672707380955, -7.075634922304252 ] } },
{ "type": "Feature", "properties": { "field_1": 1341737, "field_2": "Lainya", "field_3": "Open Area", "field_4": 646300.5, "field_5": 9217669.0 }, "geometry": { "type": "Point", "coordinates": [ 112.324673032031583, -7.075748779992901 ] } },
{ "type": "Feature", "properties": { "field_1": 1341738, "field_2": "Lainya", "field_3": "Open Area", "field_4": 646300.5, "field_5": 9217656.59 }, "geometry": { "type": "Point", "coordinates": [ 112.324673352045906, -7.075861009850658 ] } },
{ "type": "Feature", "properties": { "field_1": 1341739, "field_2": "Lainya", "field_3": "Open Area", "field_4": 646300.5, "field_5": 9217644.0 }, "geometry": { "type": "Point", "coordinates": [ 112.324673676707164, -7.075974867538176 ] } },
{ "type": "Feature", "properties": { "field_1": 1341740, "field_2": "Lainya", "field_3": "Open Area", "field_4": 646300.5, "field_5": 9217631.59 }, "geometry": { "type": "Point", "coordinates": [ 112.324673996731974, -7.076087097394817 ] } },
{ "type": "Feature", "properties": { "field_1": 1341741, "field_2": "Lainya", "field_3": "Open Area", "field_4": 646300.5, "field_5": 9217619.0 }, "geometry": { "type": "Point", "coordinates": [ 112.324674321403876, -7.076200955081201 ] } },
{ "type": "Feature", "properties": { "field_1": 1341742, "field_2": "Lainya", "field_3": "Open Area", "field_4": 646300.5, "field_5": 9217606.59 }, "geometry": { "type": "Point", "coordinates": [ 112.324674641439159, -7.076313184936725 ] } },
{ "type": "Feature", "properties": { "field_1": 1341743, "field_2": "Lainya", "field_3": "Open Area", "field_4": 646300.5, "field_5": 9217594.0 }, "geometry": { "type": "Point", "coordinates": [ 112.324674966121691, -7.076427042621978 ] } },
{ "type": "Feature", "properties": { "field_1": 1341744, "field_2": "Lainya", "field_3": "Open Area", "field_4": 646300.5, "field_5": 9217581.59 }, "geometry": { "type": "Point", "coordinates": [ 112.324675286167462, -7.076539272476386 ] } },
{ "type": "Feature", "properties": { "field_1": 1341745, "field_2": "Lainya", "field_3": "Open Area", "field_4": 646300.5, "field_5": 9217569.0 }, "geometry": { "type": "Point", "coordinates": [ 112.324675610860638, -7.076653130160508 ] } },
{ "type": "Feature", "properties": { "field_1": 1341746, "field_2": "Lainya", "field_3": "Open Area", "field_4": 646300.5, "field_5": 9217556.59 }, "geometry": { "type": "Point", "coordinates": [ 112.324675930916897, -7.076765360013798 ] } },
{ "type": "Feature", "properties": { "field_1": 1341747, "field_2": "Lainya", "field_3": "Open Area", "field_4": 646300.5, "field_5": 9217544.0 }, "geometry": { "type": "Point", "coordinates": [ 112.324676255620716, -7.076879217696784 ] } },
{ "type": "Feature", "properties": { "field_1": 1341748, "field_2": "Lainya", "field_3": "Open Area", "field_4": 646300.5, "field_5": 9217531.59 }, "geometry": { "type": "Point", "coordinates": [ 112.324676575687448, -7.076991447548959 ] } },
{ "type": "Feature", "properties": { "field_1": 1341749, "field_2": "Lainya", "field_3": "Open Area", "field_4": 646300.5, "field_5": 9217519.0 }, "geometry": { "type": "Point", "coordinates": [ 112.324676900401897, -7.077105305230813 ] } },
{ "type": "Feature", "properties": { "field_1": 1341750, "field_2": "Lainya", "field_3": "Open Area", "field_4": 646300.5, "field_5": 9217506.59 }, "geometry": { "type": "Point", "coordinates": [ 112.324677220479117, -7.077217535081872 ] } },
{ "type": "Feature", "properties": { "field_1": 1341751, "field_2": "Lainya", "field_3": "Open Area", "field_4": 646300.5, "field_5": 9217494.0 }, "geometry": { "type": "Point", "coordinates": [ 112.324677545204196, -7.077331392762595 ] } },
{ "type": "Feature", "properties": { "field_1": 1341752, "field_2": "Lainya", "field_3": "Open Area", "field_4": 646300.5, "field_5": 9217481.59 }, "geometry": { "type": "Point", "coordinates": [ 112.324677865291918, -7.077443622612534 ] } },
{ "type": "Feature", "properties": { "field_1": 1341753, "field_2": "Lainya", "field_3": "Open Area", "field_4": 646300.5, "field_5": 9217469.0 }, "geometry": { "type": "Point", "coordinates": [ 112.32467819002764, -7.077557480292124 ] } },
{ "type": "Feature", "properties": { "field_1": 1341754, "field_2": "Lainya", "field_3": "Open Area", "field_4": 646300.5, "field_5": 9217456.59 }, "geometry": { "type": "Point", "coordinates": [ 112.324678510125835, -7.077669710140949 ] } },
{ "type": "Feature", "properties": { "field_1": 1341755, "field_2": "Lainya", "field_3": "Open Area", "field_4": 646300.5, "field_5": 9217444.0 }, "geometry": { "type": "Point", "coordinates": [ 112.324678834872188, -7.077783567819405 ] } },
{ "type": "Feature", "properties": { "field_1": 1341756, "field_2": "Lainya", "field_3": "Open Area", "field_4": 646300.5, "field_5": 9217431.59 }, "geometry": { "type": "Point", "coordinates": [ 112.324679154980871, -7.077895797667114 ] } },
{ "type": "Feature", "properties": { "field_1": 1341757, "field_2": "Lainya", "field_3": "Open Area", "field_4": 646300.5, "field_5": 9217419.0 }, "geometry": { "type": "Point", "coordinates": [ 112.324679479737853, -7.078009655344438 ] } },
{ "type": "Feature", "properties": { "field_1": 1341758, "field_2": "Lainya", "field_3": "Open Area", "field_4": 646300.5, "field_5": 9217406.59 }, "geometry": { "type": "Point", "coordinates": [ 112.324679799857023, -7.078121885191028 ] } },
{ "type": "Feature", "properties": { "field_1": 1341759, "field_2": "Lainya", "field_3": "Open Area", "field_4": 646300.5, "field_5": 9217394.0 }, "geometry": { "type": "Point", "coordinates": [ 112.324680124624663, -7.078235742867218 ] } },
{ "type": "Feature", "properties": { "field_1": 1341760, "field_2": "Lainya", "field_3": "Open Area", "field_4": 646300.5, "field_5": 9217381.59 }, "geometry": { "type": "Point", "coordinates": [ 112.324680444754307, -7.078347972712693 ] } },
{ "type": "Feature", "properties": { "field_1": 1341761, "field_2": "Lainya", "field_3": "Open Area", "field_4": 646300.5, "field_5": 9217369.0 }, "geometry": { "type": "Point", "coordinates": [ 112.324680769532577, -7.07846183038775 ] } },
{ "type": "Feature", "properties": { "field_1": 1341762, "field_2": "Lainya", "field_3": "Open Area", "field_4": 646300.5, "field_5": 9217356.59 }, "geometry": { "type": "Point", "coordinates": [ 112.324681089672708, -7.07857406023211 ] } },
{ "type": "Feature", "properties": { "field_1": 1341763, "field_2": "Lainya", "field_3": "Open Area", "field_4": 646300.5, "field_5": 9217344.0 }, "geometry": { "type": "Point", "coordinates": [ 112.324681414461608, -7.078687917906033 ] } },
{ "type": "Feature", "properties": { "field_1": 1341764, "field_2": "Lainya", "field_3": "Open Area", "field_4": 646300.5, "field_5": 9217331.59 }, "geometry": { "type": "Point", "coordinates": [ 112.324681734612241, -7.078800147749274 ] } },
{ "type": "Feature", "properties": { "field_1": 1341765, "field_2": "Lainya", "field_3": "Open Area", "field_4": 646300.5, "field_5": 9217319.0 }, "geometry": { "type": "Point", "coordinates": [ 112.324682059411785, -7.078914005422067 ] } },
{ "type": "Feature", "properties": { "field_1": 1341766, "field_2": "Lainya", "field_3": "Open Area", "field_4": 646300.5, "field_5": 9217306.59 }, "geometry": { "type": "Point", "coordinates": [ 112.324682379572877, -7.079026235264191 ] } },
{ "type": "Feature", "properties": { "field_1": 1341767, "field_2": "Lainya", "field_3": "Open Area", "field_4": 646300.5, "field_5": 9217294.0 }, "geometry": { "type": "Point", "coordinates": [ 112.324682704383051, -7.079140092935849 ] } },
{ "type": "Feature", "properties": { "field_1": 1341768, "field_2": "Lainya", "field_3": "Open Area", "field_4": 646300.5, "field_5": 9217281.59 }, "geometry": { "type": "Point", "coordinates": [ 112.324683024554645, -7.079252322776857 ] } },
{ "type": "Feature", "properties": { "field_1": 1341769, "field_2": "Lainya", "field_3": "Open Area", "field_4": 646300.5, "field_5": 9217269.0 }, "geometry": { "type": "Point", "coordinates": [ 112.324683349375462, -7.079366180447383 ] } },
{ "type": "Feature", "properties": { "field_1": 1341770, "field_2": "Lainya", "field_3": "Open Area", "field_4": 646300.5, "field_5": 9217256.59 }, "geometry": { "type": "Point", "coordinates": [ 112.324683669557544, -7.079478410287273 ] } },
{ "type": "Feature", "properties": { "field_1": 1341771, "field_2": "Lainya", "field_3": "Open Area", "field_4": 646300.5, "field_5": 9217244.0 }, "geometry": { "type": "Point", "coordinates": [ 112.324683994389005, -7.079592267956666 ] } },
{ "type": "Feature", "properties": { "field_1": 1341772, "field_2": "Lainya", "field_3": "Open Area", "field_4": 646300.5, "field_5": 9217231.59 }, "geometry": { "type": "Point", "coordinates": [ 112.32468431458156, -7.079704497795438 ] } },
{ "type": "Feature", "properties": { "field_1": 1341773, "field_2": "Lainya", "field_3": "Open Area", "field_4": 646300.5, "field_5": 9217219.0 }, "geometry": { "type": "Point", "coordinates": [ 112.324684639423651, -7.079818355463698 ] } },
{ "type": "Feature", "properties": { "field_1": 1341774, "field_2": "Lainya", "field_3": "Open Area", "field_4": 646300.5, "field_5": 9217206.59 }, "geometry": { "type": "Point", "coordinates": [ 112.32468495962668, -7.079930585301356 ] } },
{ "type": "Feature", "properties": { "field_1": 1341775, "field_2": "Lainya", "field_3": "Open Area", "field_4": 646300.5, "field_5": 9217194.0 }, "geometry": { "type": "Point", "coordinates": [ 112.324685284479415, -7.080044442968481 ] } },
{ "type": "Feature", "properties": { "field_1": 1341776, "field_2": "Lainya", "field_3": "Open Area", "field_4": 646300.5, "field_5": 9217181.59 }, "geometry": { "type": "Point", "coordinates": [ 112.324685604692945, -7.080156672805021 ] } },
{ "type": "Feature", "properties": { "field_1": 1341777, "field_2": "Lainya", "field_3": "Open Area", "field_4": 646300.5, "field_5": 9217169.0 }, "geometry": { "type": "Point", "coordinates": [ 112.324685929556296, -7.080270530471013 ] } },
{ "type": "Feature", "properties": { "field_1": 1341778, "field_2": "Lainya", "field_3": "Open Area", "field_4": 646300.5, "field_5": 9217156.59 }, "geometry": { "type": "Point", "coordinates": [ 112.324686249780328, -7.080382760306437 ] } },
{ "type": "Feature", "properties": { "field_1": 1341779, "field_2": "Lainya", "field_3": "Open Area", "field_4": 646300.5, "field_5": 9217144.0 }, "geometry": { "type": "Point", "coordinates": [ 112.324686574654322, -7.080496617971296 ] } },
{ "type": "Feature", "properties": { "field_1": 1341780, "field_2": "Lainya", "field_3": "Open Area", "field_4": 646300.5, "field_5": 9217131.59 }, "geometry": { "type": "Point", "coordinates": [ 112.324686894888814, -7.080608847805602 ] } },
{ "type": "Feature", "properties": { "field_1": 1341781, "field_2": "Lainya", "field_3": "Open Area", "field_4": 646300.5, "field_5": 9217119.0 }, "geometry": { "type": "Point", "coordinates": [ 112.324687219773466, -7.080722705469327 ] } },
{ "type": "Feature", "properties": { "field_1": 1341782, "field_2": "Lainya", "field_3": "Open Area", "field_4": 646300.5, "field_5": 9217106.59 }, "geometry": { "type": "Point", "coordinates": [ 112.324687540018445, -7.080834935302517 ] } },
{ "type": "Feature", "properties": { "field_1": 1341783, "field_2": "Lainya", "field_3": "Open Area", "field_4": 646300.5, "field_5": 9217094.0 }, "geometry": { "type": "Point", "coordinates": [ 112.324687864913727, -7.08094879296511 ] } },
{ "type": "Feature", "properties": { "field_1": 1341784, "field_2": "Lainya", "field_3": "Open Area", "field_4": 646300.5, "field_5": 9217081.59 }, "geometry": { "type": "Point", "coordinates": [ 112.324688185169194, -7.081061022797181 ] } },
{ "type": "Feature", "properties": { "field_1": 1341785, "field_2": "Lainya", "field_3": "Open Area", "field_4": 646300.5, "field_5": 9217069.0 }, "geometry": { "type": "Point", "coordinates": [ 112.324688510075106, -7.08117488045864 ] } },
{ "type": "Feature", "properties": { "field_1": 1341786, "field_2": "Lainya", "field_3": "Open Area", "field_4": 646300.5, "field_5": 9217056.59 }, "geometry": { "type": "Point", "coordinates": [ 112.32468883034106, -7.081287110289595 ] } },
{ "type": "Feature", "properties": { "field_1": 1341787, "field_2": "Lainya", "field_3": "Open Area", "field_4": 646300.5, "field_5": 9217044.0 }, "geometry": { "type": "Point", "coordinates": [ 112.324689155257602, -7.081400967949921 ] } },
{ "type": "Feature", "properties": { "field_1": 1341788, "field_2": "Lainya", "field_3": "Open Area", "field_4": 646300.5, "field_5": 9217031.59 }, "geometry": { "type": "Point", "coordinates": [ 112.324689475534043, -7.081513197779758 ] } },
{ "type": "Feature", "properties": { "field_1": 1341789, "field_2": "Lainya", "field_3": "Open Area", "field_4": 646300.5, "field_5": 9217019.0 }, "geometry": { "type": "Point", "coordinates": [ 112.324689800461229, -7.081627055438951 ] } },
{ "type": "Feature", "properties": { "field_1": 1341790, "field_2": "Lainya", "field_3": "Open Area", "field_4": 646300.5, "field_5": 9217006.59 }, "geometry": { "type": "Point", "coordinates": [ 112.324690120748159, -7.081739285267671 ] } },
{ "type": "Feature", "properties": { "field_1": 1341791, "field_2": "Lainya", "field_3": "Open Area", "field_4": 646300.5, "field_5": 9216994.0 }, "geometry": { "type": "Point", "coordinates": [ 112.324690445685988, -7.081853142925731 ] } },
{ "type": "Feature", "properties": { "field_1": 1341792, "field_2": "Lainya", "field_3": "Open Area", "field_4": 646300.5, "field_5": 9216981.59 }, "geometry": { "type": "Point", "coordinates": [ 112.324690765983391, -7.081965372753332 ] } },
{ "type": "Feature", "properties": { "field_1": 1341793, "field_2": "Lainya", "field_3": "Open Area", "field_4": 646300.5, "field_5": 9216969.0 }, "geometry": { "type": "Point", "coordinates": [ 112.32469109093185, -7.082079230410258 ] } },
{ "type": "Feature", "properties": { "field_1": 1341794, "field_2": "Lainya", "field_3": "Open Area", "field_4": 646300.5, "field_5": 9216956.59 }, "geometry": { "type": "Point", "coordinates": [ 112.324691411239755, -7.082191460236744 ] } },
{ "type": "Feature", "properties": { "field_1": 1341795, "field_2": "Lainya", "field_3": "Open Area", "field_4": 646300.5, "field_5": 9216944.0 }, "geometry": { "type": "Point", "coordinates": [ 112.324691736198858, -7.082305317892535 ] } },
{ "type": "Feature", "properties": { "field_1": 1341796, "field_2": "Lainya", "field_3": "Open Area", "field_4": 646300.5, "field_5": 9216931.59 }, "geometry": { "type": "Point", "coordinates": [ 112.324692056517236, -7.082417547717903 ] } },
{ "type": "Feature", "properties": { "field_1": 1341797, "field_2": "Lainya", "field_3": "Open Area", "field_4": 646300.5, "field_5": 9216919.0 }, "geometry": { "type": "Point", "coordinates": [ 112.324692381486969, -7.082531405372563 ] } },
{ "type": "Feature", "properties": { "field_1": 1341798, "field_2": "Lainya", "field_3": "Open Area", "field_4": 646300.5, "field_5": 9216906.59 }, "geometry": { "type": "Point", "coordinates": [ 112.324692701815835, -7.082643635196813 ] } },
{ "type": "Feature", "properties": { "field_1": 1341799, "field_2": "Lainya", "field_3": "Open Area", "field_4": 646300.5, "field_5": 9216894.0 }, "geometry": { "type": "Point", "coordinates": [ 112.324693026796197, -7.082757492850339 ] } },
{ "type": "Feature", "properties": { "field_1": 1341800, "field_2": "Lainya", "field_3": "Open Area", "field_4": 646300.5, "field_5": 9216881.59 }, "geometry": { "type": "Point", "coordinates": [ 112.324693347135565, -7.082869722673472 ] } },
{ "type": "Feature", "properties": { "field_1": 1341801, "field_2": "Lainya", "field_3": "Open Area", "field_4": 646300.5, "field_5": 9216869.0 }, "geometry": { "type": "Point", "coordinates": [ 112.324693672126571, -7.082983580325863 ] } },
{ "type": "Feature", "properties": { "field_1": 1341802, "field_2": "Lainya", "field_3": "Open Area", "field_4": 646300.5, "field_5": 9216856.59 }, "geometry": { "type": "Point", "coordinates": [ 112.324693992476412, -7.083095810147877 ] } },
{ "type": "Feature", "properties": { "field_1": 1341803, "field_2": "Lainya", "field_3": "Open Area", "field_4": 646300.5, "field_5": 9216844.0 }, "geometry": { "type": "Point", "coordinates": [ 112.324694317478048, -7.083209667799136 ] } },
{ "type": "Feature", "properties": { "field_1": 1341804, "field_2": "Lainya", "field_3": "Open Area", "field_4": 646300.5, "field_5": 9216831.59 }, "geometry": { "type": "Point", "coordinates": [ 112.324694637838377, -7.083321897620034 ] } },
{ "type": "Feature", "properties": { "field_1": 1341805, "field_2": "Lainya", "field_3": "Open Area", "field_4": 646300.5, "field_5": 9216819.0 }, "geometry": { "type": "Point", "coordinates": [ 112.324694962850657, -7.083435755270159 ] } },
{ "type": "Feature", "properties": { "field_1": 1341806, "field_2": "Lainya", "field_3": "Open Area", "field_4": 646300.5, "field_5": 9216806.59 }, "geometry": { "type": "Point", "coordinates": [ 112.324695283221473, -7.083547985089939 ] } },
{ "type": "Feature", "properties": { "field_1": 1341807, "field_2": "Lainya", "field_3": "Open Area", "field_4": 646300.5, "field_5": 9216794.0 }, "geometry": { "type": "Point", "coordinates": [ 112.324695608244397, -7.08366184273893 ] } },
{ "type": "Feature", "properties": { "field_1": 1341808, "field_2": "Lainya", "field_3": "Open Area", "field_4": 646300.5, "field_5": 9216781.59 }, "geometry": { "type": "Point", "coordinates": [ 112.324695928625687, -7.083774072557592 ] } },
{ "type": "Feature", "properties": { "field_1": 1341809, "field_2": "Lainya", "field_3": "Open Area", "field_4": 646300.5, "field_5": 9216769.0 }, "geometry": { "type": "Point", "coordinates": [ 112.324696253659255, -7.083887930205448 ] } },
{ "type": "Feature", "properties": { "field_1": 1341810, "field_2": "Lainya", "field_3": "Open Area", "field_4": 646300.5, "field_5": 9216756.59 }, "geometry": { "type": "Point", "coordinates": [ 112.324696574051032, -7.084000160022994 ] } },
{ "type": "Feature", "properties": { "field_1": 1341811, "field_2": "Lainya", "field_3": "Open Area", "field_4": 646300.5, "field_5": 9216744.0 }, "geometry": { "type": "Point", "coordinates": [ 112.32469689909523, -7.084114017669716 ] } },
{ "type": "Feature", "properties": { "field_1": 1341812, "field_2": "Lainya", "field_3": "Open Area", "field_4": 646300.5, "field_5": 9216731.59 }, "geometry": { "type": "Point", "coordinates": [ 112.324697219497494, -7.084226247486144 ] } },
{ "type": "Feature", "properties": { "field_1": 1341813, "field_2": "Lainya", "field_3": "Open Area", "field_4": 646300.5, "field_5": 9216719.0 }, "geometry": { "type": "Point", "coordinates": [ 112.324697544552336, -7.084340105131734 ] } },
{ "type": "Feature", "properties": { "field_1": 1341814, "field_2": "Lainya", "field_3": "Open Area", "field_4": 646300.5, "field_5": 9216706.59 }, "geometry": { "type": "Point", "coordinates": [ 112.324697864965074, -7.084452334947043 ] } },
{ "type": "Feature", "properties": { "field_1": 1341815, "field_2": "Lainya", "field_3": "Open Area", "field_4": 646300.5, "field_5": 9216694.0 }, "geometry": { "type": "Point", "coordinates": [ 112.324698190030546, -7.084566192591499 ] } },
{ "type": "Feature", "properties": { "field_1": 1341816, "field_2": "Lainya", "field_3": "Open Area", "field_4": 646300.5, "field_5": 9216681.59 }, "geometry": { "type": "Point", "coordinates": [ 112.324698510453786, -7.084678422405691 ] } },
{ "type": "Feature", "properties": { "field_1": 1341817, "field_2": "Lainya", "field_3": "Open Area", "field_4": 646300.5, "field_5": 9216669.0 }, "geometry": { "type": "Point", "coordinates": [ 112.324698835529901, -7.084792280049014 ] } },
{ "type": "Feature", "properties": { "field_1": 1341818, "field_2": "Lainya", "field_3": "Open Area", "field_4": 646300.5, "field_5": 9216656.59 }, "geometry": { "type": "Point", "coordinates": [ 112.324699155963614, -7.084904509862087 ] } },
{ "type": "Feature", "properties": { "field_1": 1341819, "field_2": "Lainya", "field_3": "Open Area", "field_4": 646300.5, "field_5": 9216644.0 }, "geometry": { "type": "Point", "coordinates": [ 112.324699481050359, -7.085018367504274 ] } },
{ "type": "Feature", "properties": { "field_1": 1341820, "field_2": "Lainya", "field_3": "Open Area", "field_4": 646300.5, "field_5": 9216631.59 }, "geometry": { "type": "Point", "coordinates": [ 112.32469980149456, -7.08513059731623 ] } },
{ "type": "Feature", "properties": { "field_1": 1341821, "field_2": "Lainya", "field_3": "Open Area", "field_4": 646300.5, "field_5": 9216619.0 }, "geometry": { "type": "Point", "coordinates": [ 112.324700126591964, -7.085244454957284 ] } },
{ "type": "Feature", "properties": { "field_1": 1341822, "field_2": "Lainya", "field_3": "Open Area", "field_4": 646300.5, "field_5": 9216606.59 }, "geometry": { "type": "Point", "coordinates": [ 112.324700447046652, -7.085356684768123 ] } },
{ "type": "Feature", "properties": { "field_1": 1341823, "field_2": "Lainya", "field_3": "Open Area", "field_4": 646300.5, "field_5": 9216594.0 }, "geometry": { "type": "Point", "coordinates": [ 112.324700772154671, -7.085470542408043 ] } },
{ "type": "Feature", "properties": { "field_1": 1342806, "field_2": "Lainya", "field_3": "Tambak", "field_4": 646300.5, "field_5": 9204306.5 }, "geometry": { "type": "Point", "coordinates": [ 112.325020623830923, -7.19659225050926 ] } },
{ "type": "Feature", "properties": { "field_1": 1342806, "field_2": "Lainya", "field_3": "Tambak", "field_4": 646300.5, "field_5": 9204306.5 }, "geometry": { "type": "Point", "coordinates": [ 112.325020623830923, -7.19659225050926 ] } },
{ "type": "Feature", "properties": { "field_1": 1342807, "field_2": "Lainya", "field_3": "Tambak", "field_4": 646300.5, "field_5": 9204294.0 }, "geometry": { "type": "Point", "coordinates": [ 112.325020951814338, -7.19670529367613 ] } },
{ "type": "Feature", "properties": { "field_1": 1342808, "field_2": "Lainya", "field_3": "Tambak", "field_4": 646300.5, "field_5": 9204281.5 }, "geometry": { "type": "Point", "coordinates": [ 112.325021279803025, -7.196818336842429 ] } },
{ "type": "Feature", "properties": { "field_1": 1342809, "field_2": "Lainya", "field_3": "Tambak", "field_4": 646300.5, "field_5": 9204269.0 }, "geometry": { "type": "Point", "coordinates": [ 112.325021607797026, -7.196931380008153 ] } },
{ "type": "Feature", "properties": { "field_1": 1342810, "field_2": "Lainya", "field_3": "Open Area", "field_4": 646300.5, "field_5": 9204256.5 }, "geometry": { "type": "Point", "coordinates": [ 112.3250219357963, -7.197044423173309 ] } },
{ "type": "Feature", "properties": { "field_1": 1342811, "field_2": "Lainya", "field_3": "Open Area", "field_4": 646300.5, "field_5": 9204244.0 }, "geometry": { "type": "Point", "coordinates": [ 112.325022263800847, -7.197157466337895 ] } },
{ "type": "Feature", "properties": { "field_1": 1342812, "field_2": "Lainya", "field_3": "Open Area", "field_4": 646300.5, "field_5": 9204231.5 }, "geometry": { "type": "Point", "coordinates": [ 112.325022591810708, -7.197270509501905 ] } },
{ "type": "Feature", "properties": { "field_1": 1342813, "field_2": "Lainya", "field_3": "Open Area", "field_4": 646300.5, "field_5": 9204219.0 }, "geometry": { "type": "Point", "coordinates": [ 112.325022919825841, -7.197383552665347 ] } },
{ "type": "Feature", "properties": { "field_1": 1342814, "field_2": "Lainya", "field_3": "Open Area", "field_4": 646300.5, "field_5": 9204206.5 }, "geometry": { "type": "Point", "coordinates": [ 112.325023247846261, -7.197496595828214 ] } },
{ "type": "Feature", "properties": { "field_1": 1342815, "field_2": "Lainya", "field_3": "Open Area", "field_4": 646300.5, "field_5": 9204194.0 }, "geometry": { "type": "Point", "coordinates": [ 112.325023575871967, -7.197609638990509 ] } },
{ "type": "Feature", "properties": { "field_1": 1342816, "field_2": "Lainya", "field_3": "Open Area", "field_4": 646300.5, "field_5": 9204181.5 }, "geometry": { "type": "Point", "coordinates": [ 112.325023903902959, -7.197722682152235 ] } },
{ "type": "Feature", "properties": { "field_1": 1342817, "field_2": "Lainya", "field_3": "Open Area", "field_4": 646300.5, "field_5": 9204169.0 }, "geometry": { "type": "Point", "coordinates": [ 112.325024231939253, -7.197835725313389 ] } },
{ "type": "Feature", "properties": { "field_1": 1342818, "field_2": "Lainya", "field_3": "Open Area", "field_4": 646300.5, "field_5": 9204156.5 }, "geometry": { "type": "Point", "coordinates": [ 112.325024559980832, -7.197948768473973 ] } },
{ "type": "Feature", "properties": { "field_1": 1342819, "field_2": "Lainya", "field_3": "Open Area", "field_4": 646300.5, "field_5": 9204144.0 }, "geometry": { "type": "Point", "coordinates": [ 112.32502488802767, -7.19806181163398 ] } },
{ "type": "Feature", "properties": { "field_1": 1342820, "field_2": "Lainya", "field_3": "Open Area", "field_4": 646300.5, "field_5": 9204131.5 }, "geometry": { "type": "Point", "coordinates": [ 112.325025216079823, -7.19817485479342 ] } },
{ "type": "Feature", "properties": { "field_1": 1342821, "field_2": "Lainya", "field_3": "Open Area", "field_4": 646300.5, "field_5": 9204119.0 }, "geometry": { "type": "Point", "coordinates": [ 112.325025544137247, -7.198287897952286 ] } },
{ "type": "Feature", "properties": { "field_1": 1342822, "field_2": "Lainya", "field_3": "Open Area", "field_4": 646300.5, "field_5": 9204106.5 }, "geometry": { "type": "Point", "coordinates": [ 112.325025872199987, -7.198400941110579 ] } },
{ "type": "Feature", "properties": { "field_1": 1342823, "field_2": "Lainya", "field_3": "Open Area", "field_4": 646300.5, "field_5": 9204094.0 }, "geometry": { "type": "Point", "coordinates": [ 112.325026200267985, -7.198513984268305 ] } },
{ "type": "Feature", "properties": { "field_1": 1342824, "field_2": "Lainya", "field_3": "Open Area", "field_4": 646300.5, "field_5": 9204081.5 }, "geometry": { "type": "Point", "coordinates": [ 112.325026528341269, -7.198627027425455 ] } },
{ "type": "Feature", "properties": { "field_1": 1342825, "field_2": "Lainya", "field_3": "Open Area", "field_4": 646300.5, "field_5": 9204069.0 }, "geometry": { "type": "Point", "coordinates": [ 112.325026856419854, -7.198740070582033 ] } },
{ "type": "Feature", "properties": { "field_1": 1342826, "field_2": "Lainya", "field_3": "Open Area", "field_4": 646300.5, "field_5": 9204056.5 }, "geometry": { "type": "Point", "coordinates": [ 112.325027184503725, -7.19885311373804 ] } },
{ "type": "Feature", "properties": { "field_1": 1342827, "field_2": "Lainya", "field_3": "Open Area", "field_4": 646300.5, "field_5": 9204044.0 }, "geometry": { "type": "Point", "coordinates": [ 112.325027512592882, -7.198966156893475 ] } },
{ "type": "Feature", "properties": { "field_1": 1342828, "field_2": "Lainya", "field_3": "Open Area", "field_4": 646300.5, "field_5": 9204031.5 }, "geometry": { "type": "Point", "coordinates": [ 112.325027840687326, -7.199079200048339 ] } },
{ "type": "Feature", "properties": { "field_1": 1342829, "field_2": "Lainya", "field_3": "Open Area", "field_4": 646300.5, "field_5": 9204019.0 }, "geometry": { "type": "Point", "coordinates": [ 112.325028168787057, -7.199192243202633 ] } },
{ "type": "Feature", "properties": { "field_1": 1342830, "field_2": "Lainya", "field_3": "Open Area", "field_4": 646300.5, "field_5": 9204006.5 }, "geometry": { "type": "Point", "coordinates": [ 112.325028496892074, -7.199305286356351 ] } },
{ "type": "Feature", "properties": { "field_1": 1342831, "field_2": "Lainya", "field_3": "Open Area", "field_4": 646300.5, "field_5": 9203994.0 }, "geometry": { "type": "Point", "coordinates": [ 112.325028825002377, -7.199418329509502 ] } },
{ "type": "Feature", "properties": { "field_1": 1342832, "field_2": "Lainya", "field_3": "Open Area", "field_4": 646300.5, "field_5": 9203981.5 }, "geometry": { "type": "Point", "coordinates": [ 112.325029153117967, -7.199531372662077 ] } },
{ "type": "Feature", "properties": { "field_1": 1342833, "field_2": "Lainya", "field_3": "Open Area", "field_4": 646300.5, "field_5": 9203969.0 }, "geometry": { "type": "Point", "coordinates": [ 112.325029481238843, -7.199644415814084 ] } },
{ "type": "Feature", "properties": { "field_1": 1342834, "field_2": "Lainya", "field_3": "Open Area", "field_4": 646300.5, "field_5": 9203956.5 }, "geometry": { "type": "Point", "coordinates": [ 112.32502980936502, -7.199757458965513 ] } },
{ "type": "Feature", "properties": { "field_1": 1342835, "field_2": "Lainya", "field_3": "Open Area", "field_4": 646300.5, "field_5": 9203944.0 }, "geometry": { "type": "Point", "coordinates": [ 112.325030137496469, -7.199870502116375 ] } },
{ "type": "Feature", "properties": { "field_1": 1342836, "field_2": "Lainya", "field_3": "Open Area", "field_4": 646300.5, "field_5": 9203931.5 }, "geometry": { "type": "Point", "coordinates": [ 112.325030465633205, -7.199983545266666 ] } },
{ "type": "Feature", "properties": { "field_1": 1342837, "field_2": "Lainya", "field_3": "Open Area", "field_4": 646300.5, "field_5": 9203919.0 }, "geometry": { "type": "Point", "coordinates": [ 112.325030793775241, -7.200096588416382 ] } },
{ "type": "Feature", "properties": { "field_1": 1342838, "field_2": "Lainya", "field_3": "Open Area", "field_4": 646300.5, "field_5": 9203906.5 }, "geometry": { "type": "Point", "coordinates": [ 112.325031121922564, -7.200209631565528 ] } },
{ "type": "Feature", "properties": { "field_1": 1342839, "field_2": "Lainya", "field_3": "Open Area", "field_4": 646300.5, "field_5": 9203894.0 }, "geometry": { "type": "Point", "coordinates": [ 112.325031450075159, -7.2003226747141 ] } },
{ "type": "Feature", "properties": { "field_1": 1342840, "field_2": "Lainya", "field_3": "Open Area", "field_4": 646300.5, "field_5": 9203881.5 }, "geometry": { "type": "Point", "coordinates": [ 112.325031778233054, -7.200435717862103 ] } },
{ "type": "Feature", "properties": { "field_1": 1342841, "field_2": "Lainya", "field_3": "Open Area", "field_4": 646300.5, "field_5": 9203869.0 }, "geometry": { "type": "Point", "coordinates": [ 112.325032106396236, -7.200548761009531 ] } },
{ "type": "Feature", "properties": { "field_1": 1342842, "field_2": "Lainya", "field_3": "Open Area", "field_4": 646300.5, "field_5": 9203856.5 }, "geometry": { "type": "Point", "coordinates": [ 112.32503243456469, -7.200661804156389 ] } },
{ "type": "Feature", "properties": { "field_1": 1342843, "field_2": "Lainya", "field_3": "Open Area", "field_4": 646300.5, "field_5": 9203844.0 }, "geometry": { "type": "Point", "coordinates": [ 112.325032762738445, -7.200774847302672 ] } },
{ "type": "Feature", "properties": { "field_1": 1342844, "field_2": "Lainya", "field_3": "Open Area", "field_4": 646300.5, "field_5": 9203831.5 }, "geometry": { "type": "Point", "coordinates": [ 112.325033090917486, -7.200887890448388 ] } },
{ "type": "Feature", "properties": { "field_1": 1342845, "field_2": "Lainya", "field_3": "Open Area", "field_4": 646300.5, "field_5": 9203819.0 }, "geometry": { "type": "Point", "coordinates": [ 112.3250334191018, -7.201000933593528 ] } },
{ "type": "Feature", "properties": { "field_1": 1342846, "field_2": "Lainya", "field_3": "Open Area", "field_4": 646300.5, "field_5": 9203806.5 }, "geometry": { "type": "Point", "coordinates": [ 112.325033747291428, -7.2011139767381 ] } },
{ "type": "Feature", "properties": { "field_1": 1342847, "field_2": "Lainya", "field_3": "Open Area", "field_4": 646300.5, "field_5": 9203794.0 }, "geometry": { "type": "Point", "coordinates": [ 112.325034075486329, -7.201227019882098 ] } },
{ "type": "Feature", "properties": { "field_1": 1342848, "field_2": "Lainya", "field_3": "Open Area", "field_4": 646300.5, "field_5": 9203781.5 }, "geometry": { "type": "Point", "coordinates": [ 112.325034403686516, -7.201340063025522 ] } },
{ "type": "Feature", "properties": { "field_1": 1342849, "field_2": "Lainya", "field_3": "Open Area", "field_4": 646300.5, "field_5": 9203769.0 }, "geometry": { "type": "Point", "coordinates": [ 112.325034731892003, -7.201453106168379 ] } },
{ "type": "Feature", "properties": { "field_1": 1342850, "field_2": "Lainya", "field_3": "Open Area", "field_4": 646300.5, "field_5": 9203756.5 }, "geometry": { "type": "Point", "coordinates": [ 112.325035060102763, -7.201566149310658 ] } },
{ "type": "Feature", "properties": { "field_1": 1342850, "field_2": "Lainya", "field_3": "Tambak", "field_4": 646300.5, "field_5": 9203756.5 }, "geometry": { "type": "Point", "coordinates": [ 112.325035060102763, -7.201566149310658 ] } },
{ "type": "Feature", "properties": { "field_1": 1342851, "field_2": "Lainya", "field_3": "Open Area", "field_4": 646300.5, "field_5": 9203744.0 }, "geometry": { "type": "Point", "coordinates": [ 112.325035388318796, -7.201679192452367 ] } },
{ "type": "Feature", "properties": { "field_1": 1342852, "field_2": "Lainya", "field_3": "Open Area", "field_4": 646300.5, "field_5": 9203731.5 }, "geometry": { "type": "Point", "coordinates": [ 112.325035716540157, -7.201792235593505 ] } },
{ "type": "Feature", "properties": { "field_1": 1342853, "field_2": "Lainya", "field_3": "Open Area", "field_4": 646300.5, "field_5": 9203719.0 }, "geometry": { "type": "Point", "coordinates": [ 112.325036044766776, -7.20190527873407 ] } },
{ "type": "Feature", "properties": { "field_1": 1342854, "field_2": "Lainya", "field_3": "Open Area", "field_4": 646300.5, "field_5": 9203706.5 }, "geometry": { "type": "Point", "coordinates": [ 112.325036372998682, -7.202018321874064 ] } },
{ "type": "Feature", "properties": { "field_1": 1342855, "field_2": "Lainya", "field_3": "Open Area", "field_4": 646300.5, "field_5": 9203694.0 }, "geometry": { "type": "Point", "coordinates": [ 112.325036701235888, -7.202131365013486 ] } },
{ "type": "Feature", "properties": { "field_1": 1342856, "field_2": "Lainya", "field_3": "Open Area", "field_4": 646300.5, "field_5": 9203681.5 }, "geometry": { "type": "Point", "coordinates": [ 112.325037029478381, -7.202244408152336 ] } },
{ "type": "Feature", "properties": { "field_1": 1342857, "field_2": "Lainya", "field_3": "Open Area", "field_4": 646300.5, "field_5": 9203669.0 }, "geometry": { "type": "Point", "coordinates": [ 112.325037357726146, -7.202357451290613 ] } },
{ "type": "Feature", "properties": { "field_1": 1342858, "field_2": "Lainya", "field_3": "Open Area", "field_4": 646300.5, "field_5": 9203656.5 }, "geometry": { "type": "Point", "coordinates": [ 112.325037685979211, -7.202470494428317 ] } },
{ "type": "Feature", "properties": { "field_1": 1342859, "field_2": "Lainya", "field_3": "Open Area", "field_4": 646300.5, "field_5": 9203644.0 }, "geometry": { "type": "Point", "coordinates": [ 112.325038014237563, -7.202583537565451 ] } },
{ "type": "Feature", "properties": { "field_1": 1342860, "field_2": "Lainya", "field_3": "Open Area", "field_4": 646300.5, "field_5": 9203631.5 }, "geometry": { "type": "Point", "coordinates": [ 112.325038342501202, -7.202696580702012 ] } },
{ "type": "Feature", "properties": { "field_1": 1381420, "field_2": "Lainya", "field_3": "Potensi Kebakaran", "field_4": 648300.5, "field_5": 9221631.5 }, "geometry": { "type": "Point", "coordinates": [ 112.342675295172242, -7.039862268993576 ] } },
{ "type": "Feature", "properties": { "field_1": 1381421, "field_2": "Lainya", "field_3": "Potensi Kebakaran", "field_4": 648300.5, "field_5": 9221619.0 }, "geometry": { "type": "Point", "coordinates": [ 112.34267562021347, -7.03997531210753 ] } },
{ "type": "Feature", "properties": { "field_1": 1381422, "field_2": "Lainya", "field_3": "Potensi Kebakaran", "field_4": 648300.5, "field_5": 9221606.5 }, "geometry": { "type": "Point", "coordinates": [ 112.342675945260027, -7.040088355220925 ] } },
{ "type": "Feature", "properties": { "field_1": 1381423, "field_2": "Lainya", "field_3": "Potensi Kebakaran", "field_4": 648300.5, "field_5": 9221594.0 }, "geometry": { "type": "Point", "coordinates": [ 112.342676270311955, -7.040201398333759 ] } },
{ "type": "Feature", "properties": { "field_1": 1381424, "field_2": "Lainya", "field_3": "Potensi Kebakaran", "field_4": 648300.5, "field_5": 9221581.5 }, "geometry": { "type": "Point", "coordinates": [ 112.342676595369213, -7.040314441446032 ] } },
{ "type": "Feature", "properties": { "field_1": 1381425, "field_2": "Lainya", "field_3": "Potensi Kebakaran", "field_4": 648300.5, "field_5": 9221569.0 }, "geometry": { "type": "Point", "coordinates": [ 112.342676920431828, -7.040427484557748 ] } },
{ "type": "Feature", "properties": { "field_1": 1381426, "field_2": "Lainya", "field_3": "Potensi Kebakaran", "field_4": 648300.5, "field_5": 9221556.5 }, "geometry": { "type": "Point", "coordinates": [ 112.3426772454998, -7.040540527668905 ] } },
{ "type": "Feature", "properties": { "field_1": 1381427, "field_2": "Lainya", "field_3": "Potensi Kebakaran", "field_4": 648300.5, "field_5": 9221544.0 }, "geometry": { "type": "Point", "coordinates": [ 112.342677570573116, -7.040653570779498 ] } },
{ "type": "Feature", "properties": { "field_1": 1381428, "field_2": "Lainya", "field_3": "Potensi Kebakaran", "field_4": 648300.5, "field_5": 9221531.5 }, "geometry": { "type": "Point", "coordinates": [ 112.342677895651775, -7.040766613889534 ] } },
{ "type": "Feature", "properties": { "field_1": 1381429, "field_2": "Lainya", "field_3": "Potensi Kebakaran", "field_4": 648300.5, "field_5": 9221519.0 }, "geometry": { "type": "Point", "coordinates": [ 112.342678220735806, -7.040879656999008 ] } },
{ "type": "Feature", "properties": { "field_1": 1381430, "field_2": "Lainya", "field_3": "Potensi Kebakaran", "field_4": 648300.5, "field_5": 9221506.5 }, "geometry": { "type": "Point", "coordinates": [ 112.342678545825166, -7.040992700107924 ] } },
{ "type": "Feature", "properties": { "field_1": 1381431, "field_2": "Lainya", "field_3": "Potensi Kebakaran", "field_4": 648300.5, "field_5": 9221494.0 }, "geometry": { "type": "Point", "coordinates": [ 112.342678870919883, -7.04110574321628 ] } },
{ "type": "Feature", "properties": { "field_1": 1381432, "field_2": "Lainya", "field_3": "Potensi Kebakaran", "field_4": 648300.5, "field_5": 9221481.5 }, "geometry": { "type": "Point", "coordinates": [ 112.342679196019958, -7.041218786324076 ] } },
{ "type": "Feature", "properties": { "field_1": 1381433, "field_2": "Lainya", "field_3": "Potensi Kebakaran", "field_4": 648300.5, "field_5": 9221469.0 }, "geometry": { "type": "Point", "coordinates": [ 112.342679521125376, -7.041331829431313 ] } },
{ "type": "Feature", "properties": { "field_1": 1381434, "field_2": "Lainya", "field_3": "Potensi Kebakaran", "field_4": 648300.5, "field_5": 9221456.5 }, "geometry": { "type": "Point", "coordinates": [ 112.342679846236138, -7.041444872537987 ] } },
{ "type": "Feature", "properties": { "field_1": 1381435, "field_2": "Lainya", "field_3": "Potensi Kebakaran", "field_4": 648300.5, "field_5": 9221444.0 }, "geometry": { "type": "Point", "coordinates": [ 112.342680171352271, -7.041557915644104 ] } },
{ "type": "Feature", "properties": { "field_1": 1381436, "field_2": "Lainya", "field_3": "Potensi Kebakaran", "field_4": 648300.5, "field_5": 9221431.5 }, "geometry": { "type": "Point", "coordinates": [ 112.342680496473747, -7.041670958749658 ] } },
{ "type": "Feature", "properties": { "field_1": 1381437, "field_2": "Lainya", "field_3": "Potensi Kebakaran", "field_4": 648300.5, "field_5": 9221419.0 }, "geometry": { "type": "Point", "coordinates": [ 112.342680821600567, -7.041784001854654 ] } },
{ "type": "Feature", "properties": { "field_1": 1381438, "field_2": "Lainya", "field_3": "Potensi Kebakaran", "field_4": 648300.5, "field_5": 9221406.5 }, "geometry": { "type": "Point", "coordinates": [ 112.342681146732744, -7.041897044959091 ] } },
{ "type": "Feature", "properties": { "field_1": 1381439, "field_2": "Lainya", "field_3": "Potensi Kebakaran", "field_4": 648300.5, "field_5": 9221394.0 }, "geometry": { "type": "Point", "coordinates": [ 112.342681471870264, -7.042010088062968 ] } },
{ "type": "Feature", "properties": { "field_1": 1381440, "field_2": "Lainya", "field_3": "Potensi Kebakaran", "field_4": 648300.5, "field_5": 9221381.5 }, "geometry": { "type": "Point", "coordinates": [ 112.342681797013142, -7.042123131166283 ] } },
{ "type": "Feature", "properties": { "field_1": 1381441, "field_2": "Lainya", "field_3": "Potensi Kebakaran", "field_4": 648300.5, "field_5": 9221369.0 }, "geometry": { "type": "Point", "coordinates": [ 112.342682122161349, -7.042236174269038 ] } },
{ "type": "Feature", "properties": { "field_1": 1381442, "field_2": "Lainya", "field_3": "Potensi Kebakaran", "field_4": 648300.5, "field_5": 9221356.5 }, "geometry": { "type": "Point", "coordinates": [ 112.342682447314928, -7.042349217371235 ] } },
{ "type": "Feature", "properties": { "field_1": 1381443, "field_2": "Lainya", "field_3": "Potensi Kebakaran", "field_4": 648300.5, "field_5": 9221344.0 }, "geometry": { "type": "Point", "coordinates": [ 112.34268277247385, -7.042462260472869 ] } },
{ "type": "Feature", "properties": { "field_1": 1381444, "field_2": "Lainya", "field_3": "Potensi Kebakaran", "field_4": 648300.5, "field_5": 9221331.5 }, "geometry": { "type": "Point", "coordinates": [ 112.34268309763813, -7.042575303573948 ] } },
{ "type": "Feature", "properties": { "field_1": 1381445, "field_2": "Lainya", "field_3": "Potensi Kebakaran", "field_4": 648300.5, "field_5": 9221319.0 }, "geometry": { "type": "Point", "coordinates": [ 112.342683422807752, -7.042688346674463 ] } },
{ "type": "Feature", "properties": { "field_1": 1381446, "field_2": "Lainya", "field_3": "Potensi Kebakaran", "field_4": 648300.5, "field_5": 9221306.5 }, "geometry": { "type": "Point", "coordinates": [ 112.342683747982733, -7.042801389774419 ] } },
{ "type": "Feature", "properties": { "field_1": 1381447, "field_2": "Lainya", "field_3": "Potensi Kebakaran", "field_4": 648300.5, "field_5": 9221294.0 }, "geometry": { "type": "Point", "coordinates": [ 112.342684073163056, -7.042914432873815 ] } },
{ "type": "Feature", "properties": { "field_1": 1381448, "field_2": "Lainya", "field_3": "Potensi Kebakaran", "field_4": 648300.5, "field_5": 9221281.5 }, "geometry": { "type": "Point", "coordinates": [ 112.342684398348737, -7.043027475972651 ] } },
{ "type": "Feature", "properties": { "field_1": 1381449, "field_2": "Lainya", "field_3": "Potensi Kebakaran", "field_4": 648300.5, "field_5": 9221269.0 }, "geometry": { "type": "Point", "coordinates": [ 112.342684723539762, -7.043140519070926 ] } },
{ "type": "Feature", "properties": { "field_1": 1381450, "field_2": "Lainya", "field_3": "Potensi Kebakaran", "field_4": 648300.5, "field_5": 9221256.5 }, "geometry": { "type": "Point", "coordinates": [ 112.342685048736143, -7.043253562168644 ] } },
{ "type": "Feature", "properties": { "field_1": 1381451, "field_2": "Lainya", "field_3": "Potensi Kebakaran", "field_4": 648300.5, "field_5": 9221244.0 }, "geometry": { "type": "Point", "coordinates": [ 112.342685373937869, -7.043366605265798 ] } },
{ "type": "Feature", "properties": { "field_1": 1381452, "field_2": "Lainya", "field_3": "Potensi Kebakaran", "field_4": 648300.5, "field_5": 9221231.5 }, "geometry": { "type": "Point", "coordinates": [ 112.342685699144951, -7.043479648362393 ] } },
{ "type": "Feature", "properties": { "field_1": 1381453, "field_2": "Lainya", "field_3": "Potensi Kebakaran", "field_4": 648300.5, "field_5": 9221219.0 }, "geometry": { "type": "Point", "coordinates": [ 112.342686024357377, -7.043592691458429 ] } },
{ "type": "Feature", "properties": { "field_1": 1381454, "field_2": "Lainya", "field_3": "Potensi Kebakaran", "field_4": 648300.5, "field_5": 9221206.5 }, "geometry": { "type": "Point", "coordinates": [ 112.34268634957516, -7.043705734553905 ] } },
{ "type": "Feature", "properties": { "field_1": 1381455, "field_2": "Lainya", "field_3": "Potensi Kebakaran", "field_4": 648300.5, "field_5": 9221194.0 }, "geometry": { "type": "Point", "coordinates": [ 112.342686674798301, -7.04381877764882 ] } },
{ "type": "Feature", "properties": { "field_1": 1381456, "field_2": "Lainya", "field_3": "Potensi Kebakaran", "field_4": 648300.5, "field_5": 9221181.5 }, "geometry": { "type": "Point", "coordinates": [ 112.342687000026785, -7.043931820743176 ] } },
{ "type": "Feature", "properties": { "field_1": 1381457, "field_2": "Lainya", "field_3": "Potensi Kebakaran", "field_4": 648300.5, "field_5": 9221169.0 }, "geometry": { "type": "Point", "coordinates": [ 112.342687325260613, -7.044044863836971 ] } },
{ "type": "Feature", "properties": { "field_1": 1381458, "field_2": "Lainya", "field_3": "Potensi Kebakaran", "field_4": 648300.5, "field_5": 9221156.5 }, "geometry": { "type": "Point", "coordinates": [ 112.342687650499798, -7.044157906930205 ] } },
{ "type": "Feature", "properties": { "field_1": 1381459, "field_2": "Lainya", "field_3": "Potensi Kebakaran", "field_4": 648300.5, "field_5": 9221144.0 }, "geometry": { "type": "Point", "coordinates": [ 112.342687975744326, -7.044270950022879 ] } },
{ "type": "Feature", "properties": { "field_1": 1381460, "field_2": "Lainya", "field_3": "Potensi Kebakaran", "field_4": 648300.5, "field_5": 9221131.5 }, "geometry": { "type": "Point", "coordinates": [ 112.342688300994212, -7.044383993114995 ] } },
{ "type": "Feature", "properties": { "field_1": 1381461, "field_2": "Lainya", "field_3": "Potensi Kebakaran", "field_4": 648300.5, "field_5": 9221119.0 }, "geometry": { "type": "Point", "coordinates": [ 112.342688626249455, -7.044497036206549 ] } },
{ "type": "Feature", "properties": { "field_1": 1381462, "field_2": "Lainya", "field_3": "Potensi Kebakaran", "field_4": 648300.5, "field_5": 9221106.5 }, "geometry": { "type": "Point", "coordinates": [ 112.342688951510027, -7.044610079297543 ] } },
{ "type": "Feature", "properties": { "field_1": 1381463, "field_2": "Lainya", "field_3": "Potensi Kebakaran", "field_4": 648300.5, "field_5": 9221094.0 }, "geometry": { "type": "Point", "coordinates": [ 112.342689276775971, -7.044723122387976 ] } },
{ "type": "Feature", "properties": { "field_1": 1381464, "field_2": "Lainya", "field_3": "Potensi Kebakaran", "field_4": 648300.5, "field_5": 9221081.5 }, "geometry": { "type": "Point", "coordinates": [ 112.342689602047258, -7.04483616547785 ] } },
{ "type": "Feature", "properties": { "field_1": 1381465, "field_2": "Lainya", "field_3": "Potensi Kebakaran", "field_4": 648300.5, "field_5": 9221069.0 }, "geometry": { "type": "Point", "coordinates": [ 112.342689927323903, -7.044949208567163 ] } },
{ "type": "Feature", "properties": { "field_1": 1381466, "field_2": "Lainya", "field_3": "Potensi Kebakaran", "field_4": 648300.5, "field_5": 9221056.5 }, "geometry": { "type": "Point", "coordinates": [ 112.342690252605891, -7.045062251655916 ] } },
{ "type": "Feature", "properties": { "field_1": 1381467, "field_2": "Lainya", "field_3": "Potensi Kebakaran", "field_4": 648300.5, "field_5": 9221044.0 }, "geometry": { "type": "Point", "coordinates": [ 112.342690577893237, -7.045175294744111 ] } },
{ "type": "Feature", "properties": { "field_1": 1381468, "field_2": "Lainya", "field_3": "Potensi Kebakaran", "field_4": 648300.5, "field_5": 9221031.5 }, "geometry": { "type": "Point", "coordinates": [ 112.342690903185911, -7.045288337831744 ] } },
{ "type": "Feature", "properties": { "field_1": 1381469, "field_2": "Lainya", "field_3": "Potensi Kebakaran", "field_4": 648300.5, "field_5": 9221019.0 }, "geometry": { "type": "Point", "coordinates": [ 112.342691228483957, -7.045401380918817 ] } },
{ "type": "Feature", "properties": { "field_1": 1381470, "field_2": "Lainya", "field_3": "Potensi Kebakaran", "field_4": 648300.5, "field_5": 9221006.5 }, "geometry": { "type": "Point", "coordinates": [ 112.342691553787361, -7.045514424005329 ] } },
{ "type": "Feature", "properties": { "field_1": 1381471, "field_2": "Lainya", "field_3": "Potensi Kebakaran", "field_4": 648300.5, "field_5": 9220994.0 }, "geometry": { "type": "Point", "coordinates": [ 112.342691879096094, -7.04562746709128 ] } },
{ "type": "Feature", "properties": { "field_1": 1381472, "field_2": "Lainya", "field_3": "Potensi Kebakaran", "field_4": 648300.5, "field_5": 9220981.5 }, "geometry": { "type": "Point", "coordinates": [ 112.342692204410184, -7.045740510176673 ] } },
{ "type": "Feature", "properties": { "field_1": 1381473, "field_2": "Lainya", "field_3": "Potensi Kebakaran", "field_4": 648300.5, "field_5": 9220969.0 }, "geometry": { "type": "Point", "coordinates": [ 112.342692529729632, -7.045853553261505 ] } },
{ "type": "Feature", "properties": { "field_1": 1381474, "field_2": "Lainya", "field_3": "Potensi Kebakaran", "field_4": 648300.5, "field_5": 9220956.5 }, "geometry": { "type": "Point", "coordinates": [ 112.342692855054423, -7.045966596345776 ] } },
{ "type": "Feature", "properties": { "field_1": 1381475, "field_2": "Lainya", "field_3": "Potensi Kebakaran", "field_4": 648300.5, "field_5": 9220944.0 }, "geometry": { "type": "Point", "coordinates": [ 112.342693180384572, -7.046079639429488 ] } },
{ "type": "Feature", "properties": { "field_1": 1381476, "field_2": "Lainya", "field_3": "Potensi Kebakaran", "field_4": 648300.5, "field_5": 9220931.5 }, "geometry": { "type": "Point", "coordinates": [ 112.342693505720064, -7.046192682512638 ] } },
{ "type": "Feature", "properties": { "field_1": 1381477, "field_2": "Lainya", "field_3": "Potensi Kebakaran", "field_4": 648300.5, "field_5": 9220919.0 }, "geometry": { "type": "Point", "coordinates": [ 112.342693831060913, -7.046305725595229 ] } },
{ "type": "Feature", "properties": { "field_1": 1381478, "field_2": "Lainya", "field_3": "Potensi Kebakaran", "field_4": 648300.5, "field_5": 9220906.5 }, "geometry": { "type": "Point", "coordinates": [ 112.342694156407106, -7.046418768677259 ] } },
{ "type": "Feature", "properties": { "field_1": 1381479, "field_2": "Lainya", "field_3": "Potensi Kebakaran", "field_4": 648300.5, "field_5": 9220894.0 }, "geometry": { "type": "Point", "coordinates": [ 112.342694481758656, -7.046531811758729 ] } },
{ "type": "Feature", "properties": { "field_1": 1381480, "field_2": "Lainya", "field_3": "Potensi Kebakaran", "field_4": 648300.5, "field_5": 9220881.5 }, "geometry": { "type": "Point", "coordinates": [ 112.342694807115564, -7.046644854839639 ] } },
{ "type": "Feature", "properties": { "field_1": 1381481, "field_2": "Lainya", "field_3": "Potensi Kebakaran", "field_4": 648300.5, "field_5": 9220869.0 }, "geometry": { "type": "Point", "coordinates": [ 112.3426951324778, -7.046757897919987 ] } },
{ "type": "Feature", "properties": { "field_1": 1381482, "field_2": "Lainya", "field_3": "Potensi Kebakaran", "field_4": 648300.5, "field_5": 9220856.5 }, "geometry": { "type": "Point", "coordinates": [ 112.342695457845409, -7.046870940999777 ] } },
{ "type": "Feature", "properties": { "field_1": 1381483, "field_2": "Lainya", "field_3": "Potensi Kebakaran", "field_4": 648300.5, "field_5": 9220844.0 }, "geometry": { "type": "Point", "coordinates": [ 112.342695783218346, -7.046983984079005 ] } },
{ "type": "Feature", "properties": { "field_1": 1381484, "field_2": "Lainya", "field_3": "Potensi Kebakaran", "field_4": 648300.5, "field_5": 9220831.5 }, "geometry": { "type": "Point", "coordinates": [ 112.34269610859667, -7.047097027157673 ] } },
{ "type": "Feature", "properties": { "field_1": 1381485, "field_2": "Lainya", "field_3": "Potensi Kebakaran", "field_4": 648300.5, "field_5": 9220819.0 }, "geometry": { "type": "Point", "coordinates": [ 112.342696433980308, -7.04721007023578 ] } },
{ "type": "Feature", "properties": { "field_1": 1381486, "field_2": "Lainya", "field_3": "Potensi Kebakaran", "field_4": 648300.5, "field_5": 9220806.5 }, "geometry": { "type": "Point", "coordinates": [ 112.342696759369304, -7.04732311331333 ] } },
{ "type": "Feature", "properties": { "field_1": 1381487, "field_2": "Lainya", "field_3": "Potensi Kebakaran", "field_4": 648300.5, "field_5": 9220794.0 }, "geometry": { "type": "Point", "coordinates": [ 112.342697084763671, -7.047436156390316 ] } },
{ "type": "Feature", "properties": { "field_1": 1381488, "field_2": "Lainya", "field_3": "Potensi Kebakaran", "field_4": 648300.5, "field_5": 9220781.59 }, "geometry": { "type": "Point", "coordinates": [ 112.342697407820481, -7.047548385556595 ] } },
{ "type": "Feature", "properties": { "field_1": 1381489, "field_2": "Lainya", "field_3": "Potensi Kebakaran", "field_4": 648300.5, "field_5": 9220769.0 }, "geometry": { "type": "Point", "coordinates": [ 112.342697735568436, -7.047662242542608 ] } },
{ "type": "Feature", "properties": { "field_1": 1381490, "field_2": "Lainya", "field_3": "Potensi Kebakaran", "field_4": 648300.5, "field_5": 9220756.59 }, "geometry": { "type": "Point", "coordinates": [ 112.342698058635861, -7.047774471707775 ] } },
{ "type": "Feature", "properties": { "field_1": 1381491, "field_2": "Lainya", "field_3": "Potensi Kebakaran", "field_4": 648300.5, "field_5": 9220744.0 }, "geometry": { "type": "Point", "coordinates": [ 112.342698386394588, -7.047888328692658 ] } },
{ "type": "Feature", "properties": { "field_1": 1381492, "field_2": "Lainya", "field_3": "Potensi Kebakaran", "field_4": 648300.5, "field_5": 9220731.59 }, "geometry": { "type": "Point", "coordinates": [ 112.342698709472643, -7.048000557856713 ] } },
{ "type": "Feature", "properties": { "field_1": 1381493, "field_2": "Lainya", "field_3": "Potensi Kebakaran", "field_4": 648300.5, "field_5": 9220719.0 }, "geometry": { "type": "Point", "coordinates": [ 112.34269903724217, -7.048114414840469 ] } },
{ "type": "Feature", "properties": { "field_1": 1381494, "field_2": "Lainya", "field_3": "Potensi Kebakaran", "field_4": 648300.5, "field_5": 9220706.59 }, "geometry": { "type": "Point", "coordinates": [ 112.342699360330855, -7.04822664400341 ] } },
{ "type": "Feature", "properties": { "field_1": 1381495, "field_2": "Lainya", "field_3": "Potensi Kebakaran", "field_4": 648300.5, "field_5": 9220694.0 }, "geometry": { "type": "Point", "coordinates": [ 112.342699688111125, -7.048340500986035 ] } },
{ "type": "Feature", "properties": { "field_1": 1381496, "field_2": "Lainya", "field_3": "Potensi Kebakaran", "field_4": 648300.5, "field_5": 9220681.59 }, "geometry": { "type": "Point", "coordinates": [ 112.342700011210439, -7.048452730147865 ] } },
{ "type": "Feature", "properties": { "field_1": 1381497, "field_2": "Lainya", "field_3": "Potensi Kebakaran", "field_4": 648300.5, "field_5": 9220669.0 }, "geometry": { "type": "Point", "coordinates": [ 112.34270033900151, -7.048566587129361 ] } },
{ "type": "Feature", "properties": { "field_1": 1381498, "field_2": "Lainya", "field_3": "Potensi Kebakaran", "field_4": 648300.5, "field_5": 9220656.59 }, "geometry": { "type": "Point", "coordinates": [ 112.34270066211144, -7.048678816290077 ] } },
{ "type": "Feature", "properties": { "field_1": 1381499, "field_2": "Lainya", "field_3": "Potensi Kebakaran", "field_4": 648300.5, "field_5": 9220644.0 }, "geometry": { "type": "Point", "coordinates": [ 112.342700989913283, -7.048792673270444 ] } },
{ "type": "Feature", "properties": { "field_1": 1381500, "field_2": "Lainya", "field_3": "Potensi Kebakaran", "field_4": 648300.5, "field_5": 9220631.59 }, "geometry": { "type": "Point", "coordinates": [ 112.342701313033842, -7.048904902430047 ] } },
{ "type": "Feature", "properties": { "field_1": 1382430, "field_2": "Lainya", "field_3": "Open Area", "field_4": 648300.5, "field_5": 9209006.59 }, "geometry": { "type": "Point", "coordinates": [ 112.343006311778353, -7.154034713416882 ] } },
{ "type": "Feature", "properties": { "field_1": 1421224, "field_2": "Lainya", "field_3": "Lumpur Hisap", "field_4": 650300.5, "field_5": 9223031.5 }, "geometry": { "type": "Point", "coordinates": [ 112.360742474675732, -7.027149224924126 ] } },
{ "type": "Feature", "properties": { "field_1": 1441272, "field_2": "Lainya", "field_3": "Open Area", "field_4": 651300.5, "field_5": 9221481.5 }, "geometry": { "type": "Point", "coordinates": [ 112.369835283372893, -7.041140048368176 ] } },
{ "type": "Feature", "properties": { "field_1": 1441273, "field_2": "Lainya", "field_3": "Cangkang Keong", "field_4": 651300.5, "field_5": 9221469.0 }, "geometry": { "type": "Point", "coordinates": [ 112.369835615048714, -7.041253090199002 ] } },
{ "type": "Feature", "properties": { "field_1": 1441274, "field_2": "Lainya", "field_3": "Cangkang Keong", "field_4": 651300.5, "field_5": 9221456.5 }, "geometry": { "type": "Point", "coordinates": [ 112.369835946729978, -7.041366132029269 ] } },
{ "type": "Feature", "properties": { "field_1": 1441275, "field_2": "Lainya", "field_3": "Cangkang Keong", "field_4": 651300.5, "field_5": 9221444.0 }, "geometry": { "type": "Point", "coordinates": [ 112.369836278416713, -7.041479173858974 ] } },
{ "type": "Feature", "properties": { "field_1": 1441276, "field_2": "Lainya", "field_3": "Cangkang Keong", "field_4": 651300.5, "field_5": 9221431.5 }, "geometry": { "type": "Point", "coordinates": [ 112.369836610108891, -7.041592215688119 ] } },
{ "type": "Feature", "properties": { "field_1": 1441277, "field_2": "Lainya", "field_3": "Open Area", "field_4": 651300.5, "field_5": 9221419.0 }, "geometry": { "type": "Point", "coordinates": [ 112.369836941806554, -7.041705257516704 ] } },
{ "type": "Feature", "properties": { "field_1": 1441278, "field_2": "Lainya", "field_3": "Cangkang Keong", "field_4": 651300.5, "field_5": 9221406.5 }, "geometry": { "type": "Point", "coordinates": [ 112.369837273509646, -7.041818299344729 ] } },
{ "type": "Feature", "properties": { "field_1": 1441279, "field_2": "Lainya", "field_3": "Cangkang Keong", "field_4": 651300.5, "field_5": 9221394.0 }, "geometry": { "type": "Point", "coordinates": [ 112.369837605218208, -7.041931341172194 ] } },
{ "type": "Feature", "properties": { "field_1": 1441279, "field_2": "Lainya", "field_3": "Open Area", "field_4": 651300.5, "field_5": 9221394.0 }, "geometry": { "type": "Point", "coordinates": [ 112.369837605218208, -7.041931341172194 ] } },
{ "type": "Feature", "properties": { "field_1": 1441280, "field_2": "Lainya", "field_3": "Cangkang Keong", "field_4": 651300.5, "field_5": 9221381.5 }, "geometry": { "type": "Point", "coordinates": [ 112.369837936932242, -7.042044382999099 ] } },
{ "type": "Feature", "properties": { "field_1": 1441280, "field_2": "Lainya", "field_3": "Open Area", "field_4": 651300.5, "field_5": 9221381.5 }, "geometry": { "type": "Point", "coordinates": [ 112.369837936932242, -7.042044382999099 ] } },
{ "type": "Feature", "properties": { "field_1": 1441281, "field_2": "Lainya", "field_3": "Cangkang Keong", "field_4": 651300.5, "field_5": 9221369.0 }, "geometry": { "type": "Point", "coordinates": [ 112.369838268651705, -7.042157424825441 ] } },
{ "type": "Feature", "properties": { "field_1": 1441281, "field_2": "Lainya", "field_3": "Open Area", "field_4": 651300.5, "field_5": 9221369.0 }, "geometry": { "type": "Point", "coordinates": [ 112.369838268651705, -7.042157424825441 ] } },
{ "type": "Feature", "properties": { "field_1": 1441282, "field_2": "Lainya", "field_3": "Cangkang Keong", "field_4": 651300.5, "field_5": 9221356.5 }, "geometry": { "type": "Point", "coordinates": [ 112.369838600376653, -7.042270466651224 ] } },
{ "type": "Feature", "properties": { "field_1": 1441282, "field_2": "Lainya", "field_3": "Open Area", "field_4": 651300.5, "field_5": 9221356.5 }, "geometry": { "type": "Point", "coordinates": [ 112.369838600376653, -7.042270466651224 ] } },
{ "type": "Feature", "properties": { "field_1": 1441283, "field_2": "Lainya", "field_3": "Cangkang Keong", "field_4": 651300.5, "field_5": 9221344.0 }, "geometry": { "type": "Point", "coordinates": [ 112.369838932107058, -7.042383508476443 ] } },
{ "type": "Feature", "properties": { "field_1": 1441283, "field_2": "Lainya", "field_3": "Open Area", "field_4": 651300.5, "field_5": 9221344.0 }, "geometry": { "type": "Point", "coordinates": [ 112.369838932107058, -7.042383508476443 ] } },
{ "type": "Feature", "properties": { "field_1": 1441284, "field_2": "Lainya", "field_3": "Cangkang Keong", "field_4": 651300.5, "field_5": 9221331.5 }, "geometry": { "type": "Point", "coordinates": [ 112.369839263842906, -7.042496550301103 ] } },
{ "type": "Feature", "properties": { "field_1": 1441284, "field_2": "Lainya", "field_3": "Open Area", "field_4": 651300.5, "field_5": 9221331.5 }, "geometry": { "type": "Point", "coordinates": [ 112.369839263842906, -7.042496550301103 ] } },
{ "type": "Feature", "properties": { "field_1": 1441285, "field_2": "Lainya", "field_3": "Cangkang Keong", "field_4": 651300.5, "field_5": 9221319.0 }, "geometry": { "type": "Point", "coordinates": [ 112.369839595584224, -7.042609592125205 ] } },
{ "type": "Feature", "properties": { "field_1": 1441285, "field_2": "Lainya", "field_3": "Open Area", "field_4": 651300.5, "field_5": 9221319.0 }, "geometry": { "type": "Point", "coordinates": [ 112.369839595584224, -7.042609592125205 ] } },
{ "type": "Feature", "properties": { "field_1": 1441286, "field_2": "Lainya", "field_3": "Cangkang Keong", "field_4": 651300.5, "field_5": 9221306.5 }, "geometry": { "type": "Point", "coordinates": [ 112.369839927331, -7.042722633948745 ] } },
{ "type": "Feature", "properties": { "field_1": 1441286, "field_2": "Lainya", "field_3": "Open Area", "field_4": 651300.5, "field_5": 9221306.5 }, "geometry": { "type": "Point", "coordinates": [ 112.369839927331, -7.042722633948745 ] } },
{ "type": "Feature", "properties": { "field_1": 1441287, "field_2": "Lainya", "field_3": "Cangkang Keong", "field_4": 651300.5, "field_5": 9221294.0 }, "geometry": { "type": "Point", "coordinates": [ 112.369840259083233, -7.042835675771723 ] } },
{ "type": "Feature", "properties": { "field_1": 1441287, "field_2": "Lainya", "field_3": "Open Area", "field_4": 651300.5, "field_5": 9221294.0 }, "geometry": { "type": "Point", "coordinates": [ 112.369840259083233, -7.042835675771723 ] } },
{ "type": "Feature", "properties": { "field_1": 1441288, "field_2": "Lainya", "field_3": "Cangkang Keong", "field_4": 651300.5, "field_5": 9221281.5 }, "geometry": { "type": "Point", "coordinates": [ 112.369840590840923, -7.042948717594141 ] } },
{ "type": "Feature", "properties": { "field_1": 1441288, "field_2": "Lainya", "field_3": "Open Area", "field_4": 651300.5, "field_5": 9221281.5 }, "geometry": { "type": "Point", "coordinates": [ 112.369840590840923, -7.042948717594141 ] } },
{ "type": "Feature", "properties": { "field_1": 1441289, "field_2": "Lainya", "field_3": "Cangkang Keong", "field_4": 651300.5, "field_5": 9221269.0 }, "geometry": { "type": "Point", "coordinates": [ 112.369840922604084, -7.043061759415999 ] } },
{ "type": "Feature", "properties": { "field_1": 1441289, "field_2": "Lainya", "field_3": "Open Area", "field_4": 651300.5, "field_5": 9221269.0 }, "geometry": { "type": "Point", "coordinates": [ 112.369840922604084, -7.043061759415999 ] } },
{ "type": "Feature", "properties": { "field_1": 1441290, "field_2": "Lainya", "field_3": "Cangkang Keong", "field_4": 651300.5, "field_5": 9221256.5 }, "geometry": { "type": "Point", "coordinates": [ 112.369841254372687, -7.043174801237297 ] } },
{ "type": "Feature", "properties": { "field_1": 1441290, "field_2": "Lainya", "field_3": "Open Area", "field_4": 651300.5, "field_5": 9221256.5 }, "geometry": { "type": "Point", "coordinates": [ 112.369841254372687, -7.043174801237297 ] } },
{ "type": "Feature", "properties": { "field_1": 1441291, "field_2": "Lainya", "field_3": "Cangkang Keong", "field_4": 651300.5, "field_5": 9221244.0 }, "geometry": { "type": "Point", "coordinates": [ 112.369841586146748, -7.043287843058033 ] } },
{ "type": "Feature", "properties": { "field_1": 1441291, "field_2": "Lainya", "field_3": "Open Area", "field_4": 651300.5, "field_5": 9221244.0 }, "geometry": { "type": "Point", "coordinates": [ 112.369841586146748, -7.043287843058033 ] } },
{ "type": "Feature", "properties": { "field_1": 1441292, "field_2": "Lainya", "field_3": "Cangkang Keong", "field_4": 651300.5, "field_5": 9221231.5 }, "geometry": { "type": "Point", "coordinates": [ 112.36984191792628, -7.043400884878208 ] } },
{ "type": "Feature", "properties": { "field_1": 1441292, "field_2": "Lainya", "field_3": "Open Area", "field_4": 651300.5, "field_5": 9221231.5 }, "geometry": { "type": "Point", "coordinates": [ 112.36984191792628, -7.043400884878208 ] } },
{ "type": "Feature", "properties": { "field_1": 1441293, "field_2": "Lainya", "field_3": "Cangkang Keong", "field_4": 651300.5, "field_5": 9221219.0 }, "geometry": { "type": "Point", "coordinates": [ 112.369842249711269, -7.043513926697824 ] } },
{ "type": "Feature", "properties": { "field_1": 1441293, "field_2": "Lainya", "field_3": "Open Area", "field_4": 651300.5, "field_5": 9221219.0 }, "geometry": { "type": "Point", "coordinates": [ 112.369842249711269, -7.043513926697824 ] } },
{ "type": "Feature", "properties": { "field_1": 1441294, "field_2": "Lainya", "field_3": "Cangkang Keong", "field_4": 651300.5, "field_5": 9221206.5 }, "geometry": { "type": "Point", "coordinates": [ 112.369842581501715, -7.043626968516878 ] } },
{ "type": "Feature", "properties": { "field_1": 1441294, "field_2": "Lainya", "field_3": "Open Area", "field_4": 651300.5, "field_5": 9221206.5 }, "geometry": { "type": "Point", "coordinates": [ 112.369842581501715, -7.043626968516878 ] } },
{ "type": "Feature", "properties": { "field_1": 1441295, "field_2": "Lainya", "field_3": "Cangkang Keong", "field_4": 651300.5, "field_5": 9221194.0 }, "geometry": { "type": "Point", "coordinates": [ 112.369842913297603, -7.043740010335371 ] } },
{ "type": "Feature", "properties": { "field_1": 1441295, "field_2": "Lainya", "field_3": "Open Area", "field_4": 651300.5, "field_5": 9221194.0 }, "geometry": { "type": "Point", "coordinates": [ 112.369842913297603, -7.043740010335371 ] } },
{ "type": "Feature", "properties": { "field_1": 1441296, "field_2": "Lainya", "field_3": "Cangkang Keong", "field_4": 651300.5, "field_5": 9221181.5 }, "geometry": { "type": "Point", "coordinates": [ 112.369843245098977, -7.043853052153304 ] } },
{ "type": "Feature", "properties": { "field_1": 1441296, "field_2": "Lainya", "field_3": "Open Area", "field_4": 651300.5, "field_5": 9221181.5 }, "geometry": { "type": "Point", "coordinates": [ 112.369843245098977, -7.043853052153304 ] } },
{ "type": "Feature", "properties": { "field_1": 1441297, "field_2": "Lainya", "field_3": "Cangkang Keong", "field_4": 651300.5, "field_5": 9221169.0 }, "geometry": { "type": "Point", "coordinates": [ 112.369843576905794, -7.043966093970678 ] } },
{ "type": "Feature", "properties": { "field_1": 1441297, "field_2": "Lainya", "field_3": "Open Area", "field_4": 651300.5, "field_5": 9221169.0 }, "geometry": { "type": "Point", "coordinates": [ 112.369843576905794, -7.043966093970678 ] } },
{ "type": "Feature", "properties": { "field_1": 1441298, "field_2": "Lainya", "field_3": "Cangkang Keong", "field_4": 651300.5, "field_5": 9221156.5 }, "geometry": { "type": "Point", "coordinates": [ 112.369843908718067, -7.044079135787489 ] } },
{ "type": "Feature", "properties": { "field_1": 1441298, "field_2": "Lainya", "field_3": "Open Area", "field_4": 651300.5, "field_5": 9221156.5 }, "geometry": { "type": "Point", "coordinates": [ 112.369843908718067, -7.044079135787489 ] } },
{ "type": "Feature", "properties": { "field_1": 1441299, "field_2": "Lainya", "field_3": "Cangkang Keong", "field_4": 651300.5, "field_5": 9221144.0 }, "geometry": { "type": "Point", "coordinates": [ 112.369844240535812, -7.044192177603739 ] } },
{ "type": "Feature", "properties": { "field_1": 1441299, "field_2": "Lainya", "field_3": "Open Area", "field_4": 651300.5, "field_5": 9221144.0 }, "geometry": { "type": "Point", "coordinates": [ 112.369844240535812, -7.044192177603739 ] } },
{ "type": "Feature", "properties": { "field_1": 1441300, "field_2": "Lainya", "field_3": "Cangkang Keong", "field_4": 651300.5, "field_5": 9221131.5 }, "geometry": { "type": "Point", "coordinates": [ 112.369844572359014, -7.04430521941943 ] } },
{ "type": "Feature", "properties": { "field_1": 1441300, "field_2": "Lainya", "field_3": "Open Area", "field_4": 651300.5, "field_5": 9221131.5 }, "geometry": { "type": "Point", "coordinates": [ 112.369844572359014, -7.04430521941943 ] } },
{ "type": "Feature", "properties": { "field_1": 1441301, "field_2": "Lainya", "field_3": "Cangkang Keong", "field_4": 651300.5, "field_5": 9221119.0 }, "geometry": { "type": "Point", "coordinates": [ 112.369844904187673, -7.044418261234557 ] } },
{ "type": "Feature", "properties": { "field_1": 1441301, "field_2": "Lainya", "field_3": "Open Area", "field_4": 651300.5, "field_5": 9221119.0 }, "geometry": { "type": "Point", "coordinates": [ 112.369844904187673, -7.044418261234557 ] } },
{ "type": "Feature", "properties": { "field_1": 1441302, "field_2": "Lainya", "field_3": "Cangkang Keong", "field_4": 651300.5, "field_5": 9221106.5 }, "geometry": { "type": "Point", "coordinates": [ 112.369845236021774, -7.044531303049126 ] } },
{ "type": "Feature", "properties": { "field_1": 1441302, "field_2": "Lainya", "field_3": "Open Area", "field_4": 651300.5, "field_5": 9221106.5 }, "geometry": { "type": "Point", "coordinates": [ 112.369845236021774, -7.044531303049126 ] } },
{ "type": "Feature", "properties": { "field_1": 1441303, "field_2": "Lainya", "field_3": "Cangkang Keong", "field_4": 651300.5, "field_5": 9221094.0 }, "geometry": { "type": "Point", "coordinates": [ 112.369845567861347, -7.044644344863135 ] } },
{ "type": "Feature", "properties": { "field_1": 1441303, "field_2": "Lainya", "field_3": "Open Area", "field_4": 651300.5, "field_5": 9221094.0 }, "geometry": { "type": "Point", "coordinates": [ 112.369845567861347, -7.044644344863135 ] } },
{ "type": "Feature", "properties": { "field_1": 1441304, "field_2": "Lainya", "field_3": "Cangkang Keong", "field_4": 651300.5, "field_5": 9221081.5 }, "geometry": { "type": "Point", "coordinates": [ 112.369845899706377, -7.04475738667658 ] } },
{ "type": "Feature", "properties": { "field_1": 1441304, "field_2": "Lainya", "field_3": "Open Area", "field_4": 651300.5, "field_5": 9221081.5 }, "geometry": { "type": "Point", "coordinates": [ 112.369845899706377, -7.04475738667658 ] } },
{ "type": "Feature", "properties": { "field_1": 1441305, "field_2": "Lainya", "field_3": "Cangkang Keong", "field_4": 651300.5, "field_5": 9221069.0 }, "geometry": { "type": "Point", "coordinates": [ 112.369846231556878, -7.044870428489467 ] } },
{ "type": "Feature", "properties": { "field_1": 1441305, "field_2": "Lainya", "field_3": "Open Area", "field_4": 651300.5, "field_5": 9221069.0 }, "geometry": { "type": "Point", "coordinates": [ 112.369846231556878, -7.044870428489467 ] } },
{ "type": "Feature", "properties": { "field_1": 1441306, "field_2": "Lainya", "field_3": "Cangkang Keong", "field_4": 651300.5, "field_5": 9221056.5 }, "geometry": { "type": "Point", "coordinates": [ 112.369846563412821, -7.044983470301794 ] } },
{ "type": "Feature", "properties": { "field_1": 1441306, "field_2": "Lainya", "field_3": "Open Area", "field_4": 651300.5, "field_5": 9221056.5 }, "geometry": { "type": "Point", "coordinates": [ 112.369846563412821, -7.044983470301794 ] } },
{ "type": "Feature", "properties": { "field_1": 1441307, "field_2": "Lainya", "field_3": "Cangkang Keong", "field_4": 651300.5, "field_5": 9221044.0 }, "geometry": { "type": "Point", "coordinates": [ 112.369846895274236, -7.045096512113558 ] } },
{ "type": "Feature", "properties": { "field_1": 1441307, "field_2": "Lainya", "field_3": "Open Area", "field_4": 651300.5, "field_5": 9221044.0 }, "geometry": { "type": "Point", "coordinates": [ 112.369846895274236, -7.045096512113558 ] } },
{ "type": "Feature", "properties": { "field_1": 1441308, "field_2": "Lainya", "field_3": "Cangkang Keong", "field_4": 651300.5, "field_5": 9221031.5 }, "geometry": { "type": "Point", "coordinates": [ 112.369847227141094, -7.045209553924762 ] } },
{ "type": "Feature", "properties": { "field_1": 1441308, "field_2": "Lainya", "field_3": "Open Area", "field_4": 651300.5, "field_5": 9221031.5 }, "geometry": { "type": "Point", "coordinates": [ 112.369847227141094, -7.045209553924762 ] } },
{ "type": "Feature", "properties": { "field_1": 1441309, "field_2": "Lainya", "field_3": "Cangkang Keong", "field_4": 651300.5, "field_5": 9221019.0 }, "geometry": { "type": "Point", "coordinates": [ 112.369847559013408, -7.045322595735404 ] } },
{ "type": "Feature", "properties": { "field_1": 1441309, "field_2": "Lainya", "field_3": "Open Area", "field_4": 651300.5, "field_5": 9221019.0 }, "geometry": { "type": "Point", "coordinates": [ 112.369847559013408, -7.045322595735404 ] } },
{ "type": "Feature", "properties": { "field_1": 1441310, "field_2": "Lainya", "field_3": "Cangkang Keong", "field_4": 651300.5, "field_5": 9221006.5 }, "geometry": { "type": "Point", "coordinates": [ 112.369847890891208, -7.045435637545486 ] } },
{ "type": "Feature", "properties": { "field_1": 1441310, "field_2": "Lainya", "field_3": "Open Area", "field_4": 651300.5, "field_5": 9221006.5 }, "geometry": { "type": "Point", "coordinates": [ 112.369847890891208, -7.045435637545486 ] } },
{ "type": "Feature", "properties": { "field_1": 1441311, "field_2": "Lainya", "field_3": "Cangkang Keong", "field_4": 651300.5, "field_5": 9220994.0 }, "geometry": { "type": "Point", "coordinates": [ 112.369848222774451, -7.045548679355007 ] } },
{ "type": "Feature", "properties": { "field_1": 1441311, "field_2": "Lainya", "field_3": "Open Area", "field_4": 651300.5, "field_5": 9220994.0 }, "geometry": { "type": "Point", "coordinates": [ 112.369848222774451, -7.045548679355007 ] } },
{ "type": "Feature", "properties": { "field_1": 1441312, "field_2": "Lainya", "field_3": "Cangkang Keong", "field_4": 651300.5, "field_5": 9220981.5 }, "geometry": { "type": "Point", "coordinates": [ 112.36984855466315, -7.045661721163968 ] } },
{ "type": "Feature", "properties": { "field_1": 1441312, "field_2": "Lainya", "field_3": "Open Area", "field_4": 651300.5, "field_5": 9220981.5 }, "geometry": { "type": "Point", "coordinates": [ 112.36984855466315, -7.045661721163968 ] } },
{ "type": "Feature", "properties": { "field_1": 1441313, "field_2": "Lainya", "field_3": "Cangkang Keong", "field_4": 651300.5, "field_5": 9220969.0 }, "geometry": { "type": "Point", "coordinates": [ 112.369848886557307, -7.045774762972368 ] } },
{ "type": "Feature", "properties": { "field_1": 1441313, "field_2": "Lainya", "field_3": "Open Area", "field_4": 651300.5, "field_5": 9220969.0 }, "geometry": { "type": "Point", "coordinates": [ 112.369848886557307, -7.045774762972368 ] } },
{ "type": "Feature", "properties": { "field_1": 1441314, "field_2": "Lainya", "field_3": "Cangkang Keong", "field_4": 651300.5, "field_5": 9220956.5 }, "geometry": { "type": "Point", "coordinates": [ 112.369849218456935, -7.045887804780206 ] } },
{ "type": "Feature", "properties": { "field_1": 1441314, "field_2": "Lainya", "field_3": "Open Area", "field_4": 651300.5, "field_5": 9220956.5 }, "geometry": { "type": "Point", "coordinates": [ 112.369849218456935, -7.045887804780206 ] } },
{ "type": "Feature", "properties": { "field_1": 1441315, "field_2": "Lainya", "field_3": "Cangkang Keong", "field_4": 651300.5, "field_5": 9220944.0 }, "geometry": { "type": "Point", "coordinates": [ 112.369849550362005, -7.046000846587484 ] } },
{ "type": "Feature", "properties": { "field_1": 1441315, "field_2": "Lainya", "field_3": "Open Area", "field_4": 651300.5, "field_5": 9220944.0 }, "geometry": { "type": "Point", "coordinates": [ 112.369849550362005, -7.046000846587484 ] } },
{ "type": "Feature", "properties": { "field_1": 1441316, "field_2": "Lainya", "field_3": "Cangkang Keong", "field_4": 651300.5, "field_5": 9220931.5 }, "geometry": { "type": "Point", "coordinates": [ 112.369849882272547, -7.046113888394201 ] } },
{ "type": "Feature", "properties": { "field_1": 1441316, "field_2": "Lainya", "field_3": "Open Area", "field_4": 651300.5, "field_5": 9220931.5 }, "geometry": { "type": "Point", "coordinates": [ 112.369849882272547, -7.046113888394201 ] } },
{ "type": "Feature", "properties": { "field_1": 1441317, "field_2": "Lainya", "field_3": "Cangkang Keong", "field_4": 651300.5, "field_5": 9220919.0 }, "geometry": { "type": "Point", "coordinates": [ 112.369850214188546, -7.046226930200356 ] } },
{ "type": "Feature", "properties": { "field_1": 1441317, "field_2": "Lainya", "field_3": "Open Area", "field_4": 651300.5, "field_5": 9220919.0 }, "geometry": { "type": "Point", "coordinates": [ 112.369850214188546, -7.046226930200356 ] } },
{ "type": "Feature", "properties": { "field_1": 1441318, "field_2": "Lainya", "field_3": "Cangkang Keong", "field_4": 651300.5, "field_5": 9220906.5 }, "geometry": { "type": "Point", "coordinates": [ 112.369850546109987, -7.046339972005951 ] } },
{ "type": "Feature", "properties": { "field_1": 1441318, "field_2": "Lainya", "field_3": "Open Area", "field_4": 651300.5, "field_5": 9220906.5 }, "geometry": { "type": "Point", "coordinates": [ 112.369850546109987, -7.046339972005951 ] } },
{ "type": "Feature", "properties": { "field_1": 1441319, "field_2": "Lainya", "field_3": "Cangkang Keong", "field_4": 651300.5, "field_5": 9220894.0 }, "geometry": { "type": "Point", "coordinates": [ 112.369850878036914, -7.046453013810985 ] } },
{ "type": "Feature", "properties": { "field_1": 1441319, "field_2": "Lainya", "field_3": "Open Area", "field_4": 651300.5, "field_5": 9220894.0 }, "geometry": { "type": "Point", "coordinates": [ 112.369850878036914, -7.046453013810985 ] } },
{ "type": "Feature", "properties": { "field_1": 1441320, "field_2": "Lainya", "field_3": "Cangkang Keong", "field_4": 651300.5, "field_5": 9220881.5 }, "geometry": { "type": "Point", "coordinates": [ 112.369851209969283, -7.046566055615458 ] } },
{ "type": "Feature", "properties": { "field_1": 1441320, "field_2": "Lainya", "field_3": "Open Area", "field_4": 651300.5, "field_5": 9220881.5 }, "geometry": { "type": "Point", "coordinates": [ 112.369851209969283, -7.046566055615458 ] } },
{ "type": "Feature", "properties": { "field_1": 1441321, "field_2": "Lainya", "field_3": "Cangkang Keong", "field_4": 651300.5, "field_5": 9220869.0 }, "geometry": { "type": "Point", "coordinates": [ 112.369851541907124, -7.046679097419371 ] } },
{ "type": "Feature", "properties": { "field_1": 1441321, "field_2": "Lainya", "field_3": "Open Area", "field_4": 651300.5, "field_5": 9220869.0 }, "geometry": { "type": "Point", "coordinates": [ 112.369851541907124, -7.046679097419371 ] } },
{ "type": "Feature", "properties": { "field_1": 1441322, "field_2": "Lainya", "field_3": "Cangkang Keong", "field_4": 651300.5, "field_5": 9220856.5 }, "geometry": { "type": "Point", "coordinates": [ 112.369851873850408, -7.046792139222721 ] } },
{ "type": "Feature", "properties": { "field_1": 1441322, "field_2": "Lainya", "field_3": "Open Area", "field_4": 651300.5, "field_5": 9220856.5 }, "geometry": { "type": "Point", "coordinates": [ 112.369851873850408, -7.046792139222721 ] } },
{ "type": "Feature", "properties": { "field_1": 1441323, "field_2": "Lainya", "field_3": "Cangkang Keong", "field_4": 651300.5, "field_5": 9220844.0 }, "geometry": { "type": "Point", "coordinates": [ 112.369852205799162, -7.046905181025512 ] } },
{ "type": "Feature", "properties": { "field_1": 1441323, "field_2": "Lainya", "field_3": "Open Area", "field_4": 651300.5, "field_5": 9220844.0 }, "geometry": { "type": "Point", "coordinates": [ 112.369852205799162, -7.046905181025512 ] } },
{ "type": "Feature", "properties": { "field_1": 1441324, "field_2": "Lainya", "field_3": "Cangkang Keong", "field_4": 651300.5, "field_5": 9220831.5 }, "geometry": { "type": "Point", "coordinates": [ 112.369852537753374, -7.047018222827742 ] } },
{ "type": "Feature", "properties": { "field_1": 1441324, "field_2": "Lainya", "field_3": "Open Area", "field_4": 651300.5, "field_5": 9220831.5 }, "geometry": { "type": "Point", "coordinates": [ 112.369852537753374, -7.047018222827742 ] } },
{ "type": "Feature", "properties": { "field_1": 1441325, "field_2": "Lainya", "field_3": "Cangkang Keong", "field_4": 651300.5, "field_5": 9220819.0 }, "geometry": { "type": "Point", "coordinates": [ 112.369852869713029, -7.047131264629409 ] } },
{ "type": "Feature", "properties": { "field_1": 1441325, "field_2": "Lainya", "field_3": "Open Area", "field_4": 651300.5, "field_5": 9220819.0 }, "geometry": { "type": "Point", "coordinates": [ 112.369852869713029, -7.047131264629409 ] } },
{ "type": "Feature", "properties": { "field_1": 1441326, "field_2": "Lainya", "field_3": "Cangkang Keong", "field_4": 651300.5, "field_5": 9220806.5 }, "geometry": { "type": "Point", "coordinates": [ 112.369853201678154, -7.047244306430518 ] } },
{ "type": "Feature", "properties": { "field_1": 1441326, "field_2": "Lainya", "field_3": "Open Area", "field_4": 651300.5, "field_5": 9220806.5 }, "geometry": { "type": "Point", "coordinates": [ 112.369853201678154, -7.047244306430518 ] } },
{ "type": "Feature", "properties": { "field_1": 1441327, "field_2": "Lainya", "field_3": "Cangkang Keong", "field_4": 651300.5, "field_5": 9220794.0 }, "geometry": { "type": "Point", "coordinates": [ 112.369853533648737, -7.047357348231064 ] } },
{ "type": "Feature", "properties": { "field_1": 1441327, "field_2": "Lainya", "field_3": "Open Area", "field_4": 651300.5, "field_5": 9220794.0 }, "geometry": { "type": "Point", "coordinates": [ 112.369853533648737, -7.047357348231064 ] } },
{ "type": "Feature", "properties": { "field_1": 1441328, "field_2": "Lainya", "field_3": "Cangkang Keong", "field_4": 651300.5, "field_5": 9220781.59 }, "geometry": { "type": "Point", "coordinates": [ 112.369853863234553, -7.047469576130093 ] } },
{ "type": "Feature", "properties": { "field_1": 1441328, "field_2": "Lainya", "field_3": "Open Area", "field_4": 651300.5, "field_5": 9220781.59 }, "geometry": { "type": "Point", "coordinates": [ 112.369853863234553, -7.047469576130093 ] } },
{ "type": "Feature", "properties": { "field_1": 1441329, "field_2": "Lainya", "field_3": "Cangkang Keong", "field_4": 651300.5, "field_5": 9220769.0 }, "geometry": { "type": "Point", "coordinates": [ 112.369854197606287, -7.047583431830472 ] } },
{ "type": "Feature", "properties": { "field_1": 1441329, "field_2": "Lainya", "field_3": "Open Area", "field_4": 651300.5, "field_5": 9220769.0 }, "geometry": { "type": "Point", "coordinates": [ 112.369854197606287, -7.047583431830472 ] } },
{ "type": "Feature", "properties": { "field_1": 1441330, "field_2": "Lainya", "field_3": "Cangkang Keong", "field_4": 651300.5, "field_5": 9220756.59 }, "geometry": { "type": "Point", "coordinates": [ 112.369854527202932, -7.047695659728388 ] } },
{ "type": "Feature", "properties": { "field_1": 1441330, "field_2": "Lainya", "field_3": "Open Area", "field_4": 651300.5, "field_5": 9220756.59 }, "geometry": { "type": "Point", "coordinates": [ 112.369854527202932, -7.047695659728388 ] } },
{ "type": "Feature", "properties": { "field_1": 1441331, "field_2": "Lainya", "field_3": "Cangkang Keong", "field_4": 651300.5, "field_5": 9220744.0 }, "geometry": { "type": "Point", "coordinates": [ 112.369854861585679, -7.04780951542764 ] } },
{ "type": "Feature", "properties": { "field_1": 1441331, "field_2": "Lainya", "field_3": "Open Area", "field_4": 651300.5, "field_5": 9220744.0 }, "geometry": { "type": "Point", "coordinates": [ 112.369854861585679, -7.04780951542764 ] } },
{ "type": "Feature", "properties": { "field_1": 1441332, "field_2": "Lainya", "field_3": "Cangkang Keong", "field_4": 651300.5, "field_5": 9220731.59 }, "geometry": { "type": "Point", "coordinates": [ 112.369855191193153, -7.04792174332444 ] } },
{ "type": "Feature", "properties": { "field_1": 1441332, "field_2": "Lainya", "field_3": "Open Area", "field_4": 651300.5, "field_5": 9220731.59 }, "geometry": { "type": "Point", "coordinates": [ 112.369855191193153, -7.04792174332444 ] } },
{ "type": "Feature", "properties": { "field_1": 1441333, "field_2": "Lainya", "field_3": "Cangkang Keong", "field_4": 651300.5, "field_5": 9220719.0 }, "geometry": { "type": "Point", "coordinates": [ 112.3698555255869, -7.048035599022562 ] } },
{ "type": "Feature", "properties": { "field_1": 1441333, "field_2": "Lainya", "field_3": "Open Area", "field_4": 651300.5, "field_5": 9220719.0 }, "geometry": { "type": "Point", "coordinates": [ 112.3698555255869, -7.048035599022562 ] } },
{ "type": "Feature", "properties": { "field_1": 1441334, "field_2": "Lainya", "field_3": "Cangkang Keong", "field_4": 651300.5, "field_5": 9220706.59 }, "geometry": { "type": "Point", "coordinates": [ 112.369855855205202, -7.048147826918246 ] } },
{ "type": "Feature", "properties": { "field_1": 1441334, "field_2": "Lainya", "field_3": "Open Area", "field_4": 651300.5, "field_5": 9220706.59 }, "geometry": { "type": "Point", "coordinates": [ 112.369855855205202, -7.048147826918246 ] } },
{ "type": "Feature", "properties": { "field_1": 1441335, "field_2": "Lainya", "field_3": "Cangkang Keong", "field_4": 651300.5, "field_5": 9220694.0 }, "geometry": { "type": "Point", "coordinates": [ 112.369856189609948, -7.048261682615239 ] } },
{ "type": "Feature", "properties": { "field_1": 1441335, "field_2": "Lainya", "field_3": "Open Area", "field_4": 651300.5, "field_5": 9220694.0 }, "geometry": { "type": "Point", "coordinates": [ 112.369856189609948, -7.048261682615239 ] } },
{ "type": "Feature", "properties": { "field_1": 1441336, "field_2": "Lainya", "field_3": "Cangkang Keong", "field_4": 651300.5, "field_5": 9220681.59 }, "geometry": { "type": "Point", "coordinates": [ 112.369856519239107, -7.048373910509811 ] } },
{ "type": "Feature", "properties": { "field_1": 1441336, "field_2": "Lainya", "field_3": "Open Area", "field_4": 651300.5, "field_5": 9220681.59 }, "geometry": { "type": "Point", "coordinates": [ 112.369856519239107, -7.048373910509811 ] } },
{ "type": "Feature", "properties": { "field_1": 1441337, "field_2": "Lainya", "field_3": "Cangkang Keong", "field_4": 651300.5, "field_5": 9220669.0 }, "geometry": { "type": "Point", "coordinates": [ 112.369856853654838, -7.048487766205672 ] } },
{ "type": "Feature", "properties": { "field_1": 1441337, "field_2": "Lainya", "field_3": "Open Area", "field_4": 651300.5, "field_5": 9220669.0 }, "geometry": { "type": "Point", "coordinates": [ 112.369856853654838, -7.048487766205672 ] } },
{ "type": "Feature", "properties": { "field_1": 1441338, "field_2": "Lainya", "field_3": "Cangkang Keong", "field_4": 651300.5, "field_5": 9220656.59 }, "geometry": { "type": "Point", "coordinates": [ 112.36985718329484, -7.048599994099131 ] } },
{ "type": "Feature", "properties": { "field_1": 1441338, "field_2": "Lainya", "field_3": "Open Area", "field_4": 651300.5, "field_5": 9220656.59 }, "geometry": { "type": "Point", "coordinates": [ 112.36985718329484, -7.048599994099131 ] } },
{ "type": "Feature", "properties": { "field_1": 1441339, "field_2": "Lainya", "field_3": "Cangkang Keong", "field_4": 651300.5, "field_5": 9220644.0 }, "geometry": { "type": "Point", "coordinates": [ 112.36985751772157, -7.048713849793861 ] } },
{ "type": "Feature", "properties": { "field_1": 1441339, "field_2": "Lainya", "field_3": "Open Area", "field_4": 651300.5, "field_5": 9220644.0 }, "geometry": { "type": "Point", "coordinates": [ 112.36985751772157, -7.048713849793861 ] } },
{ "type": "Feature", "properties": { "field_1": 1441340, "field_2": "Lainya", "field_3": "Cangkang Keong", "field_4": 651300.5, "field_5": 9220631.59 }, "geometry": { "type": "Point", "coordinates": [ 112.369857847372401, -7.048826077686205 ] } },
{ "type": "Feature", "properties": { "field_1": 1441340, "field_2": "Lainya", "field_3": "Open Area", "field_4": 651300.5, "field_5": 9220631.59 }, "geometry": { "type": "Point", "coordinates": [ 112.369857847372401, -7.048826077686205 ] } },
{ "type": "Feature", "properties": { "field_1": 1441341, "field_2": "Lainya", "field_3": "Cangkang Keong", "field_4": 651300.5, "field_5": 9220619.0 }, "geometry": { "type": "Point", "coordinates": [ 112.36985818181013, -7.048939933379804 ] } },
{ "type": "Feature", "properties": { "field_1": 1441341, "field_2": "Lainya", "field_3": "Open Area", "field_4": 651300.5, "field_5": 9220619.0 }, "geometry": { "type": "Point", "coordinates": [ 112.36985818181013, -7.048939933379804 ] } },
{ "type": "Feature", "properties": { "field_1": 1441342, "field_2": "Lainya", "field_3": "Cangkang Keong", "field_4": 651300.5, "field_5": 9220606.59 }, "geometry": { "type": "Point", "coordinates": [ 112.369858511471804, -7.049052161271038 ] } },
{ "type": "Feature", "properties": { "field_1": 1441342, "field_2": "Lainya", "field_3": "Open Area", "field_4": 651300.5, "field_5": 9220606.59 }, "geometry": { "type": "Point", "coordinates": [ 112.369858511471804, -7.049052161271038 ] } },
{ "type": "Feature", "properties": { "field_1": 1441343, "field_2": "Lainya", "field_3": "Cangkang Keong", "field_4": 651300.5, "field_5": 9220594.0 }, "geometry": { "type": "Point", "coordinates": [ 112.369858845920533, -7.049166016963504 ] } },
{ "type": "Feature", "properties": { "field_1": 1441343, "field_2": "Lainya", "field_3": "Open Area", "field_4": 651300.5, "field_5": 9220594.0 }, "geometry": { "type": "Point", "coordinates": [ 112.369858845920533, -7.049166016963504 ] } },
{ "type": "Feature", "properties": { "field_1": 1441344, "field_2": "Lainya", "field_3": "Cangkang Keong", "field_4": 651300.5, "field_5": 9220581.59 }, "geometry": { "type": "Point", "coordinates": [ 112.369859175593049, -7.049278244853622 ] } },
{ "type": "Feature", "properties": { "field_1": 1441344, "field_2": "Lainya", "field_3": "Open Area", "field_4": 651300.5, "field_5": 9220581.59 }, "geometry": { "type": "Point", "coordinates": [ 112.369859175593049, -7.049278244853622 ] } },
{ "type": "Feature", "properties": { "field_1": 1441345, "field_2": "Lainya", "field_3": "Cangkang Keong", "field_4": 651300.5, "field_5": 9220569.0 }, "geometry": { "type": "Point", "coordinates": [ 112.369859510052763, -7.049392100544961 ] } },
{ "type": "Feature", "properties": { "field_1": 1441345, "field_2": "Lainya", "field_3": "Open Area", "field_4": 651300.5, "field_5": 9220569.0 }, "geometry": { "type": "Point", "coordinates": [ 112.369859510052763, -7.049392100544961 ] } },
{ "type": "Feature", "properties": { "field_1": 1441346, "field_2": "Lainya", "field_3": "Cangkang Keong", "field_4": 651300.5, "field_5": 9220556.59 }, "geometry": { "type": "Point", "coordinates": [ 112.369859839736122, -7.049504328433962 ] } },
{ "type": "Feature", "properties": { "field_1": 1441347, "field_2": "Lainya", "field_3": "Open Area", "field_4": 651300.5, "field_5": 9220544.0 }, "geometry": { "type": "Point", "coordinates": [ 112.369860174206849, -7.049618184124172 ] } },
{ "type": "Feature", "properties": { "field_1": 1441348, "field_2": "Lainya", "field_3": "Cangkang Keong", "field_4": 651300.5, "field_5": 9220531.59 }, "geometry": { "type": "Point", "coordinates": [ 112.369860503901023, -7.049730412012059 ] } },
{ "type": "Feature", "properties": { "field_1": 1441348, "field_2": "Lainya", "field_3": "Open Area", "field_4": 651300.5, "field_5": 9220531.59 }, "geometry": { "type": "Point", "coordinates": [ 112.369860503901023, -7.049730412012059 ] } },
{ "type": "Feature", "properties": { "field_1": 1441349, "field_2": "Lainya", "field_3": "Cangkang Keong", "field_4": 651300.5, "field_5": 9220519.0 }, "geometry": { "type": "Point", "coordinates": [ 112.369860838382749, -7.049844267701137 ] } },
{ "type": "Feature", "properties": { "field_1": 1441350, "field_2": "Lainya", "field_3": "Open Area", "field_4": 651300.5, "field_5": 9220506.59 }, "geometry": { "type": "Point", "coordinates": [ 112.36986116808778, -7.049956495587911 ] } },
{ "type": "Feature", "properties": { "field_1": 1441351, "field_2": "Lainya", "field_3": "Cangkang Keong", "field_4": 651300.5, "field_5": 9220494.0 }, "geometry": { "type": "Point", "coordinates": [ 112.369861502580491, -7.050070351275858 ] } },
{ "type": "Feature", "properties": { "field_1": 1441352, "field_2": "Lainya", "field_3": "Cangkang Keong", "field_4": 651300.5, "field_5": 9220481.59 }, "geometry": { "type": "Point", "coordinates": [ 112.369861832296365, -7.050182579161519 ] } },
{ "type": "Feature", "properties": { "field_1": 1441353, "field_2": "Lainya", "field_3": "Cangkang Keong", "field_4": 651300.5, "field_5": 9220469.0 }, "geometry": { "type": "Point", "coordinates": [ 112.369862166800075, -7.050296434848335 ] } },
{ "type": "Feature", "properties": { "field_1": 1441355, "field_2": "Lainya", "field_3": "Cangkang Keong", "field_4": 651300.5, "field_5": 9220444.0 }, "geometry": { "type": "Point", "coordinates": [ 112.369862831041488, -7.050522518418567 ] } },
{ "type": "Feature", "properties": { "field_1": 1441356, "field_2": "Lainya", "field_3": "Cangkang Keong", "field_4": 651300.5, "field_5": 9220431.59 }, "geometry": { "type": "Point", "coordinates": [ 112.369863160779047, -7.050634746301998 ] } },
{ "type": "Feature", "properties": { "field_1": 1441357, "field_2": "Lainya", "field_3": "Cangkang Keong", "field_4": 651300.5, "field_5": 9220419.0 }, "geometry": { "type": "Point", "coordinates": [ 112.369863495304756, -7.050748601986554 ] } },
{ "type": "Feature", "properties": { "field_1": 1441358, "field_2": "Lainya", "field_3": "Cangkang Keong", "field_4": 651300.5, "field_5": 9220406.59 }, "geometry": { "type": "Point", "coordinates": [ 112.36986382505313, -7.050860829868869 ] } },
{ "type": "Feature", "properties": { "field_1": 1441359, "field_2": "Lainya", "field_3": "Cangkang Keong", "field_4": 651300.5, "field_5": 9220394.0 }, "geometry": { "type": "Point", "coordinates": [ 112.369864159589838, -7.050974685552295 ] } },
{ "type": "Feature", "properties": { "field_1": 1441360, "field_2": "Lainya", "field_3": "Cangkang Keong", "field_4": 651300.5, "field_5": 9220381.59 }, "geometry": { "type": "Point", "coordinates": [ 112.369864489349069, -7.051086913433497 ] } },
{ "type": "Feature", "properties": { "field_1": 1441361, "field_2": "Lainya", "field_3": "Cangkang Keong", "field_4": 651300.5, "field_5": 9220369.0 }, "geometry": { "type": "Point", "coordinates": [ 112.369864823896762, -7.051200769115792 ] } },
{ "type": "Feature", "properties": { "field_1": 1441362, "field_2": "Lainya", "field_3": "Cangkang Keong", "field_4": 651300.5, "field_5": 9220356.59 }, "geometry": { "type": "Point", "coordinates": [ 112.369865153666836, -7.051312996995878 ] } },
{ "type": "Feature", "properties": { "field_1": 1441363, "field_2": "Lainya", "field_3": "Cangkang Keong", "field_4": 651300.5, "field_5": 9220344.0 }, "geometry": { "type": "Point", "coordinates": [ 112.369865488225528, -7.051426852677044 ] } },
{ "type": "Feature", "properties": { "field_1": 1441364, "field_2": "Lainya", "field_3": "Cangkang Keong", "field_4": 651300.5, "field_5": 9220331.59 }, "geometry": { "type": "Point", "coordinates": [ 112.369865818006431, -7.051539080556014 ] } },
{ "type": "Feature", "properties": { "field_1": 1441365, "field_2": "Lainya", "field_3": "Cangkang Keong", "field_4": 651300.5, "field_5": 9220319.0 }, "geometry": { "type": "Point", "coordinates": [ 112.369866152576137, -7.051652936236048 ] } },
{ "type": "Feature", "properties": { "field_1": 1441366, "field_2": "Lainya", "field_3": "Cangkang Keong", "field_4": 651300.5, "field_5": 9220306.59 }, "geometry": { "type": "Point", "coordinates": [ 112.369866482367883, -7.051765164113908 ] } },
{ "type": "Feature", "properties": { "field_1": 1441367, "field_2": "Lainya", "field_3": "Cangkang Keong", "field_4": 651300.5, "field_5": 9220294.0 }, "geometry": { "type": "Point", "coordinates": [ 112.369866816948573, -7.051879019792809 ] } },
{ "type": "Feature", "properties": { "field_1": 1441368, "field_2": "Lainya", "field_3": "Cangkang Keong", "field_4": 651300.5, "field_5": 9220281.59 }, "geometry": { "type": "Point", "coordinates": [ 112.369867146751147, -7.051991247669553 ] } },
{ "type": "Feature", "properties": { "field_1": 1441369, "field_2": "Lainya", "field_3": "Cangkang Keong", "field_4": 651300.5, "field_5": 9220269.0 }, "geometry": { "type": "Point", "coordinates": [ 112.369867481342851, -7.052105103347325 ] } },
{ "type": "Feature", "properties": { "field_1": 1441370, "field_2": "Lainya", "field_3": "Cangkang Keong", "field_4": 651300.5, "field_5": 9220256.59 }, "geometry": { "type": "Point", "coordinates": [ 112.369867811156283, -7.052217331222954 ] } },
{ "type": "Feature", "properties": { "field_1": 1441371, "field_2": "Lainya", "field_3": "Cangkang Keong", "field_4": 651300.5, "field_5": 9220244.0 }, "geometry": { "type": "Point", "coordinates": [ 112.369868145758957, -7.052331186899594 ] } },
{ "type": "Feature", "properties": { "field_1": 1441372, "field_2": "Lainya", "field_3": "Cangkang Keong", "field_4": 651300.5, "field_5": 9220231.59 }, "geometry": { "type": "Point", "coordinates": [ 112.369868475583218, -7.05244341477411 ] } },
{ "type": "Feature", "properties": { "field_1": 1441373, "field_2": "Lainya", "field_3": "Cangkang Keong", "field_4": 651300.5, "field_5": 9220219.0 }, "geometry": { "type": "Point", "coordinates": [ 112.369868810196905, -7.052557270449618 ] } },
{ "type": "Feature", "properties": { "field_1": 1441374, "field_2": "Lainya", "field_3": "Cangkang Keong", "field_4": 651300.5, "field_5": 9220206.59 }, "geometry": { "type": "Point", "coordinates": [ 112.369869140032009, -7.052669498323018 ] } },
{ "type": "Feature", "properties": { "field_1": 1441375, "field_2": "Lainya", "field_3": "Cangkang Keong", "field_4": 651300.5, "field_5": 9220194.0 }, "geometry": { "type": "Point", "coordinates": [ 112.369869474656696, -7.052783353997398 ] } },
{ "type": "Feature", "properties": { "field_1": 1441376, "field_2": "Lainya", "field_3": "Cangkang Keong", "field_4": 651300.5, "field_5": 9220181.59 }, "geometry": { "type": "Point", "coordinates": [ 112.369869804502642, -7.052895581869683 ] } },
{ "type": "Feature", "properties": { "field_1": 1441377, "field_2": "Lainya", "field_3": "Cangkang Keong", "field_4": 651300.5, "field_5": 9220169.0 }, "geometry": { "type": "Point", "coordinates": [ 112.369870139138314, -7.053009437542931 ] } },
{ "type": "Feature", "properties": { "field_1": 1441378, "field_2": "Lainya", "field_3": "Cangkang Keong", "field_4": 651300.5, "field_5": 9220156.59 }, "geometry": { "type": "Point", "coordinates": [ 112.369870468995089, -7.053121665414101 ] } },
{ "type": "Feature", "properties": { "field_1": 1441379, "field_2": "Lainya", "field_3": "Cangkang Keong", "field_4": 651300.5, "field_5": 9220144.0 }, "geometry": { "type": "Point", "coordinates": [ 112.369870803641774, -7.053235521086217 ] } },
{ "type": "Feature", "properties": { "field_1": 1441380, "field_2": "Lainya", "field_3": "Cangkang Keong", "field_4": 651300.5, "field_5": 9220131.59 }, "geometry": { "type": "Point", "coordinates": [ 112.369871133509406, -7.053347748956273 ] } },
{ "type": "Feature", "properties": { "field_1": 1441381, "field_2": "Lainya", "field_3": "Cangkang Keong", "field_4": 651300.5, "field_5": 9220119.0 }, "geometry": { "type": "Point", "coordinates": [ 112.369871468167077, -7.053461604627259 ] } },
{ "type": "Feature", "properties": { "field_1": 1441382, "field_2": "Lainya", "field_3": "Cangkang Keong", "field_4": 651300.5, "field_5": 9220106.59 }, "geometry": { "type": "Point", "coordinates": [ 112.369871798045537, -7.0535738324962 ] } },
{ "type": "Feature", "properties": { "field_1": 1441383, "field_2": "Lainya", "field_3": "Cangkang Keong", "field_4": 651300.5, "field_5": 9220094.0 }, "geometry": { "type": "Point", "coordinates": [ 112.369872132714207, -7.053687688166056 ] } },
{ "type": "Feature", "properties": { "field_1": 1441384, "field_2": "Lainya", "field_3": "Cangkang Keong", "field_4": 651300.5, "field_5": 9220081.59 }, "geometry": { "type": "Point", "coordinates": [ 112.36987246260351, -7.053799916033881 ] } },
{ "type": "Feature", "properties": { "field_1": 1441385, "field_2": "Lainya", "field_3": "Cangkang Keong", "field_4": 651300.5, "field_5": 9220069.0 }, "geometry": { "type": "Point", "coordinates": [ 112.369872797283179, -7.053913771702605 ] } },
{ "type": "Feature", "properties": { "field_1": 1441386, "field_2": "Lainya", "field_3": "Cangkang Keong", "field_4": 651300.5, "field_5": 9220056.59 }, "geometry": { "type": "Point", "coordinates": [ 112.369873127183325, -7.054025999569315 ] } },
{ "type": "Feature", "properties": { "field_1": 1441387, "field_2": "Lainya", "field_3": "Cangkang Keong", "field_4": 651300.5, "field_5": 9220044.0 }, "geometry": { "type": "Point", "coordinates": [ 112.369873461873979, -7.054139855236909 ] } },
{ "type": "Feature", "properties": { "field_1": 1441388, "field_2": "Lainya", "field_3": "Cangkang Keong", "field_4": 651300.5, "field_5": 9220031.59 }, "geometry": { "type": "Point", "coordinates": [ 112.369873791784968, -7.054252083102504 ] } },
{ "type": "Feature", "properties": { "field_1": 1441389, "field_2": "Lainya", "field_3": "Cangkang Keong", "field_4": 651300.5, "field_5": 9220019.0 }, "geometry": { "type": "Point", "coordinates": [ 112.369874126486621, -7.054365938768965 ] } },
{ "type": "Feature", "properties": { "field_1": 1441391, "field_2": "Lainya", "field_3": "Cangkang Keong", "field_4": 651300.5, "field_5": 9219994.0 }, "geometry": { "type": "Point", "coordinates": [ 112.36987479112112, -7.054592022298776 ] } },
{ "type": "Feature", "properties": { "field_1": 1441392, "field_2": "Lainya", "field_3": "Cangkang Keong", "field_4": 651300.5, "field_5": 9219981.59 }, "geometry": { "type": "Point", "coordinates": [ 112.369875121053781, -7.054704250162143 ] } },
{ "type": "Feature", "properties": { "field_1": 1441393, "field_2": "Lainya", "field_3": "Cangkang Keong", "field_4": 651300.5, "field_5": 9219969.0 }, "geometry": { "type": "Point", "coordinates": [ 112.369875455777432, -7.054818105826342 ] } },
{ "type": "Feature", "properties": { "field_1": 1441394, "field_2": "Lainya", "field_3": "Cangkang Keong", "field_4": 651300.5, "field_5": 9219956.59 }, "geometry": { "type": "Point", "coordinates": [ 112.369875785720936, -7.054930333688593 ] } },
{ "type": "Feature", "properties": { "field_1": 1441395, "field_2": "Lainya", "field_3": "Cangkang Keong", "field_4": 651300.5, "field_5": 9219944.0 }, "geometry": { "type": "Point", "coordinates": [ 112.369876120455586, -7.055044189351662 ] } },
{ "type": "Feature", "properties": { "field_1": 1441396, "field_2": "Lainya", "field_3": "Cangkang Keong", "field_4": 651300.5, "field_5": 9219931.59 }, "geometry": { "type": "Point", "coordinates": [ 112.369876450409933, -7.055156417212797 ] } },
{ "type": "Feature", "properties": { "field_1": 1441397, "field_2": "Lainya", "field_3": "Cangkang Keong", "field_4": 651300.5, "field_5": 9219919.0 }, "geometry": { "type": "Point", "coordinates": [ 112.369876785155583, -7.055270272874733 ] } },
{ "type": "Feature", "properties": { "field_1": 1441407, "field_2": "Lainya", "field_3": "Open Area", "field_4": 651300.5, "field_5": 9219794.0 }, "geometry": { "type": "Point", "coordinates": [ 112.369880108983125, -7.056400690456397 ] } },
{ "type": "Feature", "properties": { "field_1": 1441408, "field_2": "Lainya", "field_3": "Open Area", "field_4": 651300.5, "field_5": 9219781.59 }, "geometry": { "type": "Point", "coordinates": [ 112.369880439002515, -7.056512918310841 ] } },
{ "type": "Feature", "properties": { "field_1": 1441409, "field_2": "Lainya", "field_3": "Open Area", "field_4": 651300.5, "field_5": 9219769.0 }, "geometry": { "type": "Point", "coordinates": [ 112.369880773814145, -7.056626773965989 ] } },
{ "type": "Feature", "properties": { "field_1": 1441410, "field_2": "Lainya", "field_3": "Open Area", "field_4": 651300.5, "field_5": 9219756.59 }, "geometry": { "type": "Point", "coordinates": [ 112.369881103844378, -7.056739001819318 ] } },
{ "type": "Feature", "properties": { "field_1": 1441411, "field_2": "Lainya", "field_3": "Open Area", "field_4": 651300.5, "field_5": 9219744.0 }, "geometry": { "type": "Point", "coordinates": [ 112.369881438667008, -7.056852857473335 ] } },
{ "type": "Feature", "properties": { "field_1": 1441412, "field_2": "Lainya", "field_3": "Open Area", "field_4": 651300.5, "field_5": 9219731.59 }, "geometry": { "type": "Point", "coordinates": [ 112.369881768708083, -7.056965085325547 ] } },
{ "type": "Feature", "properties": { "field_1": 1441413, "field_2": "Lainya", "field_3": "Open Area", "field_4": 651300.5, "field_5": 9219719.0 }, "geometry": { "type": "Point", "coordinates": [ 112.369882103541698, -7.057078940978434 ] } },
{ "type": "Feature", "properties": { "field_1": 1441414, "field_2": "Lainya", "field_3": "Open Area", "field_4": 651300.5, "field_5": 9219706.59 }, "geometry": { "type": "Point", "coordinates": [ 112.369882433593602, -7.057191168829532 ] } },
{ "type": "Feature", "properties": { "field_1": 1441415, "field_2": "Lainya", "field_3": "Open Area", "field_4": 651300.5, "field_5": 9219694.0 }, "geometry": { "type": "Point", "coordinates": [ 112.369882768438245, -7.057305024481285 ] } },
{ "type": "Feature", "properties": { "field_1": 1441416, "field_2": "Lainya", "field_3": "Open Area", "field_4": 651300.5, "field_5": 9219681.59 }, "geometry": { "type": "Point", "coordinates": [ 112.369883098500992, -7.057417252331267 ] } },
{ "type": "Feature", "properties": { "field_1": 1441417, "field_2": "Lainya", "field_3": "Open Area", "field_4": 651300.5, "field_5": 9219669.0 }, "geometry": { "type": "Point", "coordinates": [ 112.369883433356605, -7.057531107981891 ] } },
{ "type": "Feature", "properties": { "field_1": 1441418, "field_2": "Lainya", "field_3": "Open Area", "field_4": 651300.5, "field_5": 9219656.59 }, "geometry": { "type": "Point", "coordinates": [ 112.369883763430195, -7.057643335830755 ] } },
{ "type": "Feature", "properties": { "field_1": 1441419, "field_2": "Lainya", "field_3": "Open Area", "field_4": 651300.5, "field_5": 9219644.0 }, "geometry": { "type": "Point", "coordinates": [ 112.369884098296822, -7.057757191480247 ] } },
{ "type": "Feature", "properties": { "field_1": 1441420, "field_2": "Lainya", "field_3": "Open Area", "field_4": 651300.5, "field_5": 9219631.59 }, "geometry": { "type": "Point", "coordinates": [ 112.369884428381255, -7.057869419327998 ] } },
{ "type": "Feature", "properties": { "field_1": 1441421, "field_2": "Lainya", "field_3": "Open Area", "field_4": 651300.5, "field_5": 9219619.0 }, "geometry": { "type": "Point", "coordinates": [ 112.369884763258867, -7.057983274976356 ] } },
{ "type": "Feature", "properties": { "field_1": 1441422, "field_2": "Lainya", "field_3": "Open Area", "field_4": 651300.5, "field_5": 9219606.59 }, "geometry": { "type": "Point", "coordinates": [ 112.369885093354156, -7.058095502822993 ] } },
{ "type": "Feature", "properties": { "field_1": 1441423, "field_2": "Lainya", "field_3": "Open Area", "field_4": 651300.5, "field_5": 9219594.0 }, "geometry": { "type": "Point", "coordinates": [ 112.369885428242753, -7.058209358470219 ] } },
{ "type": "Feature", "properties": { "field_1": 1441424, "field_2": "Lainya", "field_3": "Open Area", "field_4": 651300.5, "field_5": 9219581.59 }, "geometry": { "type": "Point", "coordinates": [ 112.369885758348872, -7.058321586315739 ] } },
{ "type": "Feature", "properties": { "field_1": 1441425, "field_2": "Lainya", "field_3": "Open Area", "field_4": 651300.5, "field_5": 9219569.0 }, "geometry": { "type": "Point", "coordinates": [ 112.369886093248482, -7.058435441961834 ] } },
{ "type": "Feature", "properties": { "field_1": 1441426, "field_2": "Lainya", "field_3": "Open Area", "field_4": 651300.5, "field_5": 9219556.59 }, "geometry": { "type": "Point", "coordinates": [ 112.369886423365443, -7.058547669806241 ] } },
{ "type": "Feature", "properties": { "field_1": 1441427, "field_2": "Lainya", "field_3": "Open Area", "field_4": 651300.5, "field_5": 9219544.0 }, "geometry": { "type": "Point", "coordinates": [ 112.369886758276053, -7.058661525451203 ] } },
{ "type": "Feature", "properties": { "field_1": 1441428, "field_2": "Lainya", "field_3": "Open Area", "field_4": 651300.5, "field_5": 9219531.59 }, "geometry": { "type": "Point", "coordinates": [ 112.369887088403843, -7.058773753294493 ] } },
{ "type": "Feature", "properties": { "field_1": 1441429, "field_2": "Lainya", "field_3": "Open Area", "field_4": 651300.5, "field_5": 9219519.0 }, "geometry": { "type": "Point", "coordinates": [ 112.369887423325466, -7.058887608938325 ] } },
{ "type": "Feature", "properties": { "field_1": 1441430, "field_2": "Lainya", "field_3": "Open Area", "field_4": 651300.5, "field_5": 9219506.59 }, "geometry": { "type": "Point", "coordinates": [ 112.369887753464084, -7.058999836780498 ] } },
{ "type": "Feature", "properties": { "field_1": 1441431, "field_2": "Lainya", "field_3": "Open Area", "field_4": 651300.5, "field_5": 9219494.0 }, "geometry": { "type": "Point", "coordinates": [ 112.369888088396692, -7.059113692423196 ] } },
{ "type": "Feature", "properties": { "field_1": 1441432, "field_2": "Lainya", "field_3": "Open Area", "field_4": 651300.5, "field_5": 9219481.59 }, "geometry": { "type": "Point", "coordinates": [ 112.369888418546168, -7.059225920264256 ] } },
{ "type": "Feature", "properties": { "field_1": 1441433, "field_2": "Lainya", "field_3": "Open Area", "field_4": 651300.5, "field_5": 9219469.0 }, "geometry": { "type": "Point", "coordinates": [ 112.369888753489775, -7.059339775905823 ] } },
{ "type": "Feature", "properties": { "field_1": 1441434, "field_2": "Lainya", "field_3": "Open Area", "field_4": 651300.5, "field_5": 9219456.59 }, "geometry": { "type": "Point", "coordinates": [ 112.369889083650094, -7.059452003745764 ] } },
{ "type": "Feature", "properties": { "field_1": 1441435, "field_2": "Lainya", "field_3": "Open Area", "field_4": 651300.5, "field_5": 9219444.0 }, "geometry": { "type": "Point", "coordinates": [ 112.3698894186047, -7.0595658593862 ] } },
{ "type": "Feature", "properties": { "field_1": 1441436, "field_2": "Lainya", "field_3": "Open Area", "field_4": 651300.5, "field_5": 9219431.59 }, "geometry": { "type": "Point", "coordinates": [ 112.369889748775847, -7.059678087225026 ] } },
{ "type": "Feature", "properties": { "field_1": 1441437, "field_2": "Lainya", "field_3": "Open Area", "field_4": 651300.5, "field_5": 9219419.0 }, "geometry": { "type": "Point", "coordinates": [ 112.369890083741453, -7.05979194286433 ] } },
{ "type": "Feature", "properties": { "field_1": 1441438, "field_2": "Lainya", "field_3": "Open Area", "field_4": 651300.5, "field_5": 9219406.59 }, "geometry": { "type": "Point", "coordinates": [ 112.369890413923443, -7.05990417070204 ] } },
{ "type": "Feature", "properties": { "field_1": 1441439, "field_2": "Lainya", "field_3": "Open Area", "field_4": 651300.5, "field_5": 9219394.0 }, "geometry": { "type": "Point", "coordinates": [ 112.369890748900048, -7.060018026340211 ] } },
{ "type": "Feature", "properties": { "field_1": 1441440, "field_2": "Lainya", "field_3": "Open Area", "field_4": 651300.5, "field_5": 9219381.59 }, "geometry": { "type": "Point", "coordinates": [ 112.369891079092881, -7.060130254176806 ] } },
{ "type": "Feature", "properties": { "field_1": 1441441, "field_2": "Lainya", "field_3": "Open Area", "field_4": 651300.5, "field_5": 9219369.0 }, "geometry": { "type": "Point", "coordinates": [ 112.369891414080485, -7.060244109813846 ] } },
{ "type": "Feature", "properties": { "field_1": 1441442, "field_2": "Lainya", "field_3": "Open Area", "field_4": 651300.5, "field_5": 9219356.59 }, "geometry": { "type": "Point", "coordinates": [ 112.36989174428416, -7.060356337649322 ] } },
{ "type": "Feature", "properties": { "field_1": 1441443, "field_2": "Lainya", "field_3": "Open Area", "field_4": 651300.5, "field_5": 9219344.0 }, "geometry": { "type": "Point", "coordinates": [ 112.369892079282749, -7.060470193285233 ] } },
{ "type": "Feature", "properties": { "field_1": 1441444, "field_2": "Lainya", "field_3": "Open Area", "field_4": 651300.5, "field_5": 9219331.59 }, "geometry": { "type": "Point", "coordinates": [ 112.369892409497282, -7.060582421119594 ] } },
{ "type": "Feature", "properties": { "field_1": 1441445, "field_2": "Lainya", "field_3": "Open Area", "field_4": 651300.5, "field_5": 9219319.0 }, "geometry": { "type": "Point", "coordinates": [ 112.36989274450687, -7.060696276754369 ] } },
{ "type": "Feature", "properties": { "field_1": 1441446, "field_2": "Lainya", "field_3": "Open Area", "field_4": 651300.5, "field_5": 9219306.59 }, "geometry": { "type": "Point", "coordinates": [ 112.369893074732232, -7.060808504587616 ] } },
{ "type": "Feature", "properties": { "field_1": 1441447, "field_2": "Lainya", "field_3": "Open Area", "field_4": 651300.5, "field_5": 9219294.0 }, "geometry": { "type": "Point", "coordinates": [ 112.369893409752819, -7.06092236022126 ] } },
{ "type": "Feature", "properties": { "field_1": 1441448, "field_2": "Lainya", "field_3": "Open Area", "field_4": 651300.5, "field_5": 9219281.59 }, "geometry": { "type": "Point", "coordinates": [ 112.369893739989024, -7.06103458805339 ] } },
{ "type": "Feature", "properties": { "field_1": 1441449, "field_2": "Lainya", "field_3": "Open Area", "field_4": 651300.5, "field_5": 9219269.0 }, "geometry": { "type": "Point", "coordinates": [ 112.369894075020611, -7.0611484436859 ] } },
{ "type": "Feature", "properties": { "field_1": 1441450, "field_2": "Lainya", "field_3": "Open Area", "field_4": 651300.5, "field_5": 9219256.59 }, "geometry": { "type": "Point", "coordinates": [ 112.369894405267644, -7.061260671516915 ] } },
{ "type": "Feature", "properties": { "field_1": 1441451, "field_2": "Lainya", "field_3": "Open Area", "field_4": 651300.5, "field_5": 9219244.0 }, "geometry": { "type": "Point", "coordinates": [ 112.369894740310244, -7.061374527148293 ] } },
{ "type": "Feature", "properties": { "field_1": 1441452, "field_2": "Lainya", "field_3": "Open Area", "field_4": 651300.5, "field_5": 9219231.59 }, "geometry": { "type": "Point", "coordinates": [ 112.36989507056812, -7.061486754978191 ] } },
{ "type": "Feature", "properties": { "field_1": 1441453, "field_2": "Lainya", "field_3": "Open Area", "field_4": 651300.5, "field_5": 9219219.0 }, "geometry": { "type": "Point", "coordinates": [ 112.369895405621705, -7.061600610608441 ] } },
{ "type": "Feature", "properties": { "field_1": 1441454, "field_2": "Lainya", "field_3": "Open Area", "field_4": 651300.5, "field_5": 9219206.59 }, "geometry": { "type": "Point", "coordinates": [ 112.369895735890438, -7.06171283843722 ] } },
{ "type": "Feature", "properties": { "field_1": 1441455, "field_2": "Lainya", "field_3": "Open Area", "field_4": 651300.5, "field_5": 9219194.0 }, "geometry": { "type": "Point", "coordinates": [ 112.369896070955008, -7.061826694066335 ] } },
{ "type": "Feature", "properties": { "field_1": 1441456, "field_2": "Lainya", "field_3": "Open Area", "field_4": 651300.5, "field_5": 9219181.59 }, "geometry": { "type": "Point", "coordinates": [ 112.369896401234584, -7.061938921894 ] } },
{ "type": "Feature", "properties": { "field_1": 1441457, "field_2": "Lainya", "field_3": "Open Area", "field_4": 651300.5, "field_5": 9219169.0 }, "geometry": { "type": "Point", "coordinates": [ 112.369896736310153, -7.062052777521982 ] } },
{ "type": "Feature", "properties": { "field_1": 1441458, "field_2": "Lainya", "field_3": "Open Area", "field_4": 651300.5, "field_5": 9219156.59 }, "geometry": { "type": "Point", "coordinates": [ 112.369897066600572, -7.062165005348533 ] } },
{ "type": "Feature", "properties": { "field_1": 1441459, "field_2": "Lainya", "field_3": "Open Area", "field_4": 651300.5, "field_5": 9219144.0 }, "geometry": { "type": "Point", "coordinates": [ 112.36989740168714, -7.062278860975383 ] } },
{ "type": "Feature", "properties": { "field_1": 1441460, "field_2": "Lainya", "field_3": "Open Area", "field_4": 651300.5, "field_5": 9219131.59 }, "geometry": { "type": "Point", "coordinates": [ 112.369897731988402, -7.062391088800816 ] } },
{ "type": "Feature", "properties": { "field_1": 1441461, "field_2": "Lainya", "field_3": "Open Area", "field_4": 651300.5, "field_5": 9219119.0 }, "geometry": { "type": "Point", "coordinates": [ 112.36989806708597, -7.062504944426532 ] } },
{ "type": "Feature", "properties": { "field_1": 1441462, "field_2": "Lainya", "field_3": "Open Area", "field_4": 651300.5, "field_5": 9219106.59 }, "geometry": { "type": "Point", "coordinates": [ 112.36989839739806, -7.06261717225085 ] } },
{ "type": "Feature", "properties": { "field_1": 1441463, "field_2": "Lainya", "field_3": "Open Area", "field_4": 651300.5, "field_5": 9219094.0 }, "geometry": { "type": "Point", "coordinates": [ 112.369898732506641, -7.062731027875435 ] } },
{ "type": "Feature", "properties": { "field_1": 1441464, "field_2": "Lainya", "field_3": "Open Area", "field_4": 651300.5, "field_5": 9219081.59 }, "geometry": { "type": "Point", "coordinates": [ 112.36989906282956, -7.062843255698636 ] } },
{ "type": "Feature", "properties": { "field_1": 1441465, "field_2": "Lainya", "field_3": "Open Area", "field_4": 651300.5, "field_5": 9219069.0 }, "geometry": { "type": "Point", "coordinates": [ 112.369899397949141, -7.062957111322088 ] } },
{ "type": "Feature", "properties": { "field_1": 1441466, "field_2": "Lainya", "field_3": "Open Area", "field_4": 651300.5, "field_5": 9219056.59 }, "geometry": { "type": "Point", "coordinates": [ 112.369899728282903, -7.063069339144173 ] } },
{ "type": "Feature", "properties": { "field_1": 1441467, "field_2": "Lainya", "field_3": "Open Area", "field_4": 651300.5, "field_5": 9219044.0 }, "geometry": { "type": "Point", "coordinates": [ 112.369900063413468, -7.063183194766492 ] } },
{ "type": "Feature", "properties": { "field_1": 1441468, "field_2": "Lainya", "field_3": "Open Area", "field_4": 651300.5, "field_5": 9219031.59 }, "geometry": { "type": "Point", "coordinates": [ 112.369900393758101, -7.06329542258746 ] } },
{ "type": "Feature", "properties": { "field_1": 1441469, "field_2": "Lainya", "field_3": "Open Area", "field_4": 651300.5, "field_5": 9219019.0 }, "geometry": { "type": "Point", "coordinates": [ 112.369900728899651, -7.063409278208646 ] } },
{ "type": "Feature", "properties": { "field_1": 1441470, "field_2": "Lainya", "field_3": "Open Area", "field_4": 651300.5, "field_5": 9219006.59 }, "geometry": { "type": "Point", "coordinates": [ 112.369901059255113, -7.063521506028499 ] } },
{ "type": "Feature", "properties": { "field_1": 1441471, "field_2": "Lainya", "field_3": "Open Area", "field_4": 651300.5, "field_5": 9218994.0 }, "geometry": { "type": "Point", "coordinates": [ 112.369901394407677, -7.063635361648555 ] } },
{ "type": "Feature", "properties": { "field_1": 1441472, "field_2": "Lainya", "field_3": "Open Area", "field_4": 651300.5, "field_5": 9218981.59 }, "geometry": { "type": "Point", "coordinates": [ 112.369901724773968, -7.063747589467288 ] } },
{ "type": "Feature", "properties": { "field_1": 1441473, "field_2": "Lainya", "field_3": "Open Area", "field_4": 651300.5, "field_5": 9218969.0 }, "geometry": { "type": "Point", "coordinates": [ 112.369902059937544, -7.063861445086212 ] } },
{ "type": "Feature", "properties": { "field_1": 1441474, "field_2": "Lainya", "field_3": "Open Area", "field_4": 651300.5, "field_5": 9218956.59 }, "geometry": { "type": "Point", "coordinates": [ 112.369902390314678, -7.06397367290383 ] } },
{ "type": "Feature", "properties": { "field_1": 1441475, "field_2": "Lainya", "field_3": "Open Area", "field_4": 651300.5, "field_5": 9218944.0 }, "geometry": { "type": "Point", "coordinates": [ 112.36990272548924, -7.064087528521619 ] } },
{ "type": "Feature", "properties": { "field_1": 1441476, "field_2": "Lainya", "field_3": "Open Area", "field_4": 651300.5, "field_5": 9218931.59 }, "geometry": { "type": "Point", "coordinates": [ 112.369903055877231, -7.064199756338122 ] } },
{ "type": "Feature", "properties": { "field_1": 1441477, "field_2": "Lainya", "field_3": "Open Area", "field_4": 651300.5, "field_5": 9218919.0 }, "geometry": { "type": "Point", "coordinates": [ 112.369903391062778, -7.064313611954778 ] } },
{ "type": "Feature", "properties": { "field_1": 1441478, "field_2": "Lainya", "field_3": "Open Area", "field_4": 651300.5, "field_5": 9218906.59 }, "geometry": { "type": "Point", "coordinates": [ 112.369903721461597, -7.064425839770164 ] } },
{ "type": "Feature", "properties": { "field_1": 1441479, "field_2": "Lainya", "field_3": "Open Area", "field_4": 651300.5, "field_5": 9218894.0 }, "geometry": { "type": "Point", "coordinates": [ 112.369904056658171, -7.064539695385687 ] } },
{ "type": "Feature", "properties": { "field_1": 1441480, "field_2": "Lainya", "field_3": "Open Area", "field_4": 651300.5, "field_5": 9218881.59 }, "geometry": { "type": "Point", "coordinates": [ 112.369904387067834, -7.064651923199957 ] } },
{ "type": "Feature", "properties": { "field_1": 1441481, "field_2": "Lainya", "field_3": "Open Area", "field_4": 651300.5, "field_5": 9218869.0 }, "geometry": { "type": "Point", "coordinates": [ 112.369904722275379, -7.064765778814347 ] } },
{ "type": "Feature", "properties": { "field_1": 1441482, "field_2": "Lainya", "field_3": "Open Area", "field_4": 651300.5, "field_5": 9218856.59 }, "geometry": { "type": "Point", "coordinates": [ 112.36990505269587, -7.064878006627501 ] } },
{ "type": "Feature", "properties": { "field_1": 1441483, "field_2": "Lainya", "field_3": "Open Area", "field_4": 651300.5, "field_5": 9218844.0 }, "geometry": { "type": "Point", "coordinates": [ 112.369905387914443, -7.06499186224076 ] } },
{ "type": "Feature", "properties": { "field_1": 1441484, "field_2": "Lainya", "field_3": "Open Area", "field_4": 651300.5, "field_5": 9218831.59 }, "geometry": { "type": "Point", "coordinates": [ 112.369905718345777, -7.065104090052795 ] } },
{ "type": "Feature", "properties": { "field_1": 1441485, "field_2": "Lainya", "field_3": "Open Area", "field_4": 651300.5, "field_5": 9218819.0 }, "geometry": { "type": "Point", "coordinates": [ 112.369906053575335, -7.065217945664921 ] } },
{ "type": "Feature", "properties": { "field_1": 1441486, "field_2": "Lainya", "field_3": "Open Area", "field_4": 651300.5, "field_5": 9218806.59 }, "geometry": { "type": "Point", "coordinates": [ 112.369906384017511, -7.065330173475838 ] } },
{ "type": "Feature", "properties": { "field_1": 1441487, "field_2": "Lainya", "field_3": "Open Area", "field_4": 651300.5, "field_5": 9218794.0 }, "geometry": { "type": "Point", "coordinates": [ 112.369906719258083, -7.065444029086833 ] } },
{ "type": "Feature", "properties": { "field_1": 1441488, "field_2": "Lainya", "field_3": "Open Area", "field_4": 651300.5, "field_5": 9218781.59 }, "geometry": { "type": "Point", "coordinates": [ 112.369907049711102, -7.065556256896635 ] } },
{ "type": "Feature", "properties": { "field_1": 1441489, "field_2": "Lainya", "field_3": "Open Area", "field_4": 651300.5, "field_5": 9218769.0 }, "geometry": { "type": "Point", "coordinates": [ 112.369907384962659, -7.065670112506496 ] } },
{ "type": "Feature", "properties": { "field_1": 1441490, "field_2": "Lainya", "field_3": "Open Area", "field_4": 651300.5, "field_5": 9218756.59 }, "geometry": { "type": "Point", "coordinates": [ 112.369907715426521, -7.06578234031518 ] } },
{ "type": "Feature", "properties": { "field_1": 1441491, "field_2": "Lainya", "field_3": "Open Area", "field_4": 651300.5, "field_5": 9218744.0 }, "geometry": { "type": "Point", "coordinates": [ 112.369908050689091, -7.065896195923907 ] } },
{ "type": "Feature", "properties": { "field_1": 1441492, "field_2": "Lainya", "field_3": "Open Area", "field_4": 651300.5, "field_5": 9218731.59 }, "geometry": { "type": "Point", "coordinates": [ 112.369908381163782, -7.066008423731477 ] } },
{ "type": "Feature", "properties": { "field_1": 1441493, "field_2": "Lainya", "field_3": "Open Area", "field_4": 651300.5, "field_5": 9218719.0 }, "geometry": { "type": "Point", "coordinates": [ 112.369908716437337, -7.066122279339069 ] } },
{ "type": "Feature", "properties": { "field_1": 1441494, "field_2": "Lainya", "field_3": "Open Area", "field_4": 651300.5, "field_5": 9218706.59 }, "geometry": { "type": "Point", "coordinates": [ 112.369909046922885, -7.066234507145521 ] } },
{ "type": "Feature", "properties": { "field_1": 1441495, "field_2": "Lainya", "field_3": "Open Area", "field_4": 651300.5, "field_5": 9218694.0 }, "geometry": { "type": "Point", "coordinates": [ 112.369909382207439, -7.066348362751984 ] } },
{ "type": "Feature", "properties": { "field_1": 1441496, "field_2": "Lainya", "field_3": "Open Area", "field_4": 651300.5, "field_5": 9218681.59 }, "geometry": { "type": "Point", "coordinates": [ 112.36990971270383, -7.066460590557318 ] } },
{ "type": "Feature", "properties": { "field_1": 1441497, "field_2": "Lainya", "field_3": "Open Area", "field_4": 651300.5, "field_5": 9218669.0 }, "geometry": { "type": "Point", "coordinates": [ 112.369910047999369, -7.066574446162645 ] } },
{ "type": "Feature", "properties": { "field_1": 1441498, "field_2": "Lainya", "field_3": "Open Area", "field_4": 651300.5, "field_5": 9218656.59 }, "geometry": { "type": "Point", "coordinates": [ 112.369910378506617, -7.066686673966863 ] } },
{ "type": "Feature", "properties": { "field_1": 1441499, "field_2": "Lainya", "field_3": "Open Area", "field_4": 651300.5, "field_5": 9218644.0 }, "geometry": { "type": "Point", "coordinates": [ 112.369910713813155, -7.066800529571058 ] } },
{ "type": "Feature", "properties": { "field_1": 1441500, "field_2": "Lainya", "field_3": "Open Area", "field_4": 651300.5, "field_5": 9218631.59 }, "geometry": { "type": "Point", "coordinates": [ 112.369911044331232, -7.06691275737416 ] } },
{ "type": "Feature", "properties": { "field_1": 1441501, "field_2": "Lainya", "field_3": "Open Area", "field_4": 651300.5, "field_5": 9218619.0 }, "geometry": { "type": "Point", "coordinates": [ 112.369911379648784, -7.067026612977222 ] } },
{ "type": "Feature", "properties": { "field_1": 1441502, "field_2": "Lainya", "field_3": "Open Area", "field_4": 651300.5, "field_5": 9218606.59 }, "geometry": { "type": "Point", "coordinates": [ 112.369911710177689, -7.067138840779207 ] } },
{ "type": "Feature", "properties": { "field_1": 1441503, "field_2": "Lainya", "field_3": "Open Area", "field_4": 651300.5, "field_5": 9218594.0 }, "geometry": { "type": "Point", "coordinates": [ 112.36991204550624, -7.067252696381134 ] } },
{ "type": "Feature", "properties": { "field_1": 1441504, "field_2": "Lainya", "field_3": "Open Area", "field_4": 651300.5, "field_5": 9218581.59 }, "geometry": { "type": "Point", "coordinates": [ 112.369912376045988, -7.067364924182001 ] } },
{ "type": "Feature", "properties": { "field_1": 1441505, "field_2": "Lainya", "field_3": "Open Area", "field_4": 651300.5, "field_5": 9218569.0 }, "geometry": { "type": "Point", "coordinates": [ 112.369912711385538, -7.067478779782797 ] } },
{ "type": "Feature", "properties": { "field_1": 1441506, "field_2": "Lainya", "field_3": "Open Area", "field_4": 651300.5, "field_5": 9218556.59 }, "geometry": { "type": "Point", "coordinates": [ 112.36991304193613, -7.067591007582547 ] } },
{ "type": "Feature", "properties": { "field_1": 1441507, "field_2": "Lainya", "field_3": "Open Area", "field_4": 651300.5, "field_5": 9218544.0 }, "geometry": { "type": "Point", "coordinates": [ 112.369913377286679, -7.067704863182208 ] } },
{ "type": "Feature", "properties": { "field_1": 1441508, "field_2": "Lainya", "field_3": "Open Area", "field_4": 651300.5, "field_5": 9218531.59 }, "geometry": { "type": "Point", "coordinates": [ 112.369913707848113, -7.067817090980842 ] } },
{ "type": "Feature", "properties": { "field_1": 1441509, "field_2": "Lainya", "field_3": "Open Area", "field_4": 651300.5, "field_5": 9218519.0 }, "geometry": { "type": "Point", "coordinates": [ 112.369914043209647, -7.067930946579371 ] } },
{ "type": "Feature", "properties": { "field_1": 1441510, "field_2": "Lainya", "field_3": "Open Area", "field_4": 651300.5, "field_5": 9218506.59 }, "geometry": { "type": "Point", "coordinates": [ 112.369914373781938, -7.068043174376887 ] } },
{ "type": "Feature", "properties": { "field_1": 1441511, "field_2": "Lainya", "field_3": "Open Area", "field_4": 651300.5, "field_5": 9218494.0 }, "geometry": { "type": "Point", "coordinates": [ 112.369914709154486, -7.068157029974281 ] } },
{ "type": "Feature", "properties": { "field_1": 1441512, "field_2": "Lainya", "field_3": "Open Area", "field_4": 651300.5, "field_5": 9218481.59 }, "geometry": { "type": "Point", "coordinates": [ 112.369915039737592, -7.068269257770682 ] } },
{ "type": "Feature", "properties": { "field_1": 1441513, "field_2": "Lainya", "field_3": "Open Area", "field_4": 651300.5, "field_5": 9218469.0 }, "geometry": { "type": "Point", "coordinates": [ 112.369915375121153, -7.068383113366943 ] } },
{ "type": "Feature", "properties": { "field_1": 1441514, "field_2": "Lainya", "field_3": "Open Area", "field_4": 651300.5, "field_5": 9218456.59 }, "geometry": { "type": "Point", "coordinates": [ 112.369915705715101, -7.068495341162226 ] } },
{ "type": "Feature", "properties": { "field_1": 1441515, "field_2": "Lainya", "field_3": "Open Area", "field_4": 651300.5, "field_5": 9218444.0 }, "geometry": { "type": "Point", "coordinates": [ 112.369916041109647, -7.068609196757354 ] } },
{ "type": "Feature", "properties": { "field_1": 1441516, "field_2": "Lainya", "field_3": "Open Area", "field_4": 651300.5, "field_5": 9218431.59 }, "geometry": { "type": "Point", "coordinates": [ 112.369916371714453, -7.06872142455152 ] } },
{ "type": "Feature", "properties": { "field_1": 1441517, "field_2": "Lainya", "field_3": "Open Area", "field_4": 651300.5, "field_5": 9218419.0 }, "geometry": { "type": "Point", "coordinates": [ 112.369916707119998, -7.068835280145514 ] } },
{ "type": "Feature", "properties": { "field_1": 1441518, "field_2": "Lainya", "field_3": "Open Area", "field_4": 651300.5, "field_5": 9218406.59 }, "geometry": { "type": "Point", "coordinates": [ 112.369917037735632, -7.068947507938562 ] } },
{ "type": "Feature", "properties": { "field_1": 1441519, "field_2": "Lainya", "field_3": "Open Area", "field_4": 651300.5, "field_5": 9218394.0 }, "geometry": { "type": "Point", "coordinates": [ 112.369917373152177, -7.069061363531423 ] } },
{ "type": "Feature", "properties": { "field_1": 1441520, "field_2": "Lainya", "field_3": "Open Area", "field_4": 651300.5, "field_5": 9218381.59 }, "geometry": { "type": "Point", "coordinates": [ 112.369917703778654, -7.069173591323355 ] } },
{ "type": "Feature", "properties": { "field_1": 1441521, "field_2": "Lainya", "field_3": "Open Area", "field_4": 651300.5, "field_5": 9218369.0 }, "geometry": { "type": "Point", "coordinates": [ 112.369918039206198, -7.069287446915081 ] } },
{ "type": "Feature", "properties": { "field_1": 1441522, "field_2": "Lainya", "field_3": "Open Area", "field_4": 651300.5, "field_5": 9218356.59 }, "geometry": { "type": "Point", "coordinates": [ 112.369918369843532, -7.069399674705895 ] } },
{ "type": "Feature", "properties": { "field_1": 1441523, "field_2": "Lainya", "field_3": "Open Area", "field_4": 651300.5, "field_5": 9218344.0 }, "geometry": { "type": "Point", "coordinates": [ 112.369918705282061, -7.069513530296489 ] } },
{ "type": "Feature", "properties": { "field_1": 1441524, "field_2": "Lainya", "field_3": "Open Area", "field_4": 651300.5, "field_5": 9218331.59 }, "geometry": { "type": "Point", "coordinates": [ 112.369919035930238, -7.069625758086185 ] } },
{ "type": "Feature", "properties": { "field_1": 1441525, "field_2": "Lainya", "field_3": "Open Area", "field_4": 651300.5, "field_5": 9218319.0 }, "geometry": { "type": "Point", "coordinates": [ 112.36991937137978, -7.069739613675646 ] } },
{ "type": "Feature", "properties": { "field_1": 1441526, "field_2": "Lainya", "field_3": "Open Area", "field_4": 651300.5, "field_5": 9218306.59 }, "geometry": { "type": "Point", "coordinates": [ 112.369919702038786, -7.069851841464224 ] } },
{ "type": "Feature", "properties": { "field_1": 1441527, "field_2": "Lainya", "field_3": "Open Area", "field_4": 651300.5, "field_5": 9218294.0 }, "geometry": { "type": "Point", "coordinates": [ 112.369920037499327, -7.069965697052551 ] } },
{ "type": "Feature", "properties": { "field_1": 1441528, "field_2": "Lainya", "field_3": "Open Area", "field_4": 651300.5, "field_5": 9218281.59 }, "geometry": { "type": "Point", "coordinates": [ 112.369920368169176, -7.070077924840011 ] } },
{ "type": "Feature", "properties": { "field_1": 1441529, "field_2": "Lainya", "field_3": "Open Area", "field_4": 651300.5, "field_5": 9218269.0 }, "geometry": { "type": "Point", "coordinates": [ 112.369920703640716, -7.070191780427205 ] } },
{ "type": "Feature", "properties": { "field_1": 1441530, "field_2": "Lainya", "field_3": "Open Area", "field_4": 651300.5, "field_5": 9218256.59 }, "geometry": { "type": "Point", "coordinates": [ 112.369921034321408, -7.07030400821355 ] } },
{ "type": "Feature", "properties": { "field_1": 1441531, "field_2": "Lainya", "field_3": "Open Area", "field_4": 651300.5, "field_5": 9218244.0 }, "geometry": { "type": "Point", "coordinates": [ 112.369921369803933, -7.07041786379961 ] } },
{ "type": "Feature", "properties": { "field_1": 1441532, "field_2": "Lainya", "field_3": "Open Area", "field_4": 651300.5, "field_5": 9218231.59 }, "geometry": { "type": "Point", "coordinates": [ 112.369921700495482, -7.070530091584836 ] } },
{ "type": "Feature", "properties": { "field_1": 1441533, "field_2": "Lainya", "field_3": "Open Area", "field_4": 651300.5, "field_5": 9218219.0 }, "geometry": { "type": "Point", "coordinates": [ 112.369922035989006, -7.070643947169761 ] } },
{ "type": "Feature", "properties": { "field_1": 1441534, "field_2": "Lainya", "field_3": "Open Area", "field_4": 651300.5, "field_5": 9218206.59 }, "geometry": { "type": "Point", "coordinates": [ 112.369922366691398, -7.07075617495387 ] } },
{ "type": "Feature", "properties": { "field_1": 1441573, "field_2": "Lainya", "field_3": "Potensi Kebakaran", "field_4": 651300.5, "field_5": 9217719.0 }, "geometry": { "type": "Point", "coordinates": [ 112.36993536427714, -7.075165614099951 ] } },
{ "type": "Feature", "properties": { "field_1": 1441574, "field_2": "Lainya", "field_3": "Potensi Kebakaran", "field_4": 651300.5, "field_5": 9217706.59 }, "geometry": { "type": "Point", "coordinates": [ 112.369935695196375, -7.075277841861702 ] } },
{ "type": "Feature", "properties": { "field_1": 1441575, "field_2": "Lainya", "field_3": "Potensi Kebakaran", "field_4": 651300.5, "field_5": 9217694.0 }, "geometry": { "type": "Point", "coordinates": [ 112.369936030920897, -7.075391697422811 ] } },
{ "type": "Feature", "properties": { "field_1": 1441576, "field_2": "Lainya", "field_3": "Potensi Kebakaran", "field_4": 651300.5, "field_5": 9217681.59 }, "geometry": { "type": "Point", "coordinates": [ 112.369936361850947, -7.075503925183444 ] } },
{ "type": "Feature", "properties": { "field_1": 1441577, "field_2": "Lainya", "field_3": "Potensi Kebakaran", "field_4": 651300.5, "field_5": 9217669.0 }, "geometry": { "type": "Point", "coordinates": [ 112.369936697586468, -7.07561778074342 ] } },
{ "type": "Feature", "properties": { "field_1": 1441578, "field_2": "Lainya", "field_3": "Potensi Kebakaran", "field_4": 651300.5, "field_5": 9217656.59 }, "geometry": { "type": "Point", "coordinates": [ 112.369937028527389, -7.075730008502934 ] } },
{ "type": "Feature", "properties": { "field_1": 1441579, "field_2": "Lainya", "field_3": "Potensi Kebakaran", "field_4": 651300.5, "field_5": 9217644.0 }, "geometry": { "type": "Point", "coordinates": [ 112.369937364273909, -7.075843864061775 ] } },
{ "type": "Feature", "properties": { "field_1": 1441580, "field_2": "Lainya", "field_3": "Tambak", "field_4": 651300.5, "field_5": 9217631.59 }, "geometry": { "type": "Point", "coordinates": [ 112.369937695225659, -7.075956091820172 ] } },
{ "type": "Feature", "properties": { "field_1": 1441581, "field_2": "Lainya", "field_3": "Tambak", "field_4": 651300.5, "field_5": 9217619.0 }, "geometry": { "type": "Point", "coordinates": [ 112.369938030983178, -7.076069947377878 ] } },
{ "type": "Feature", "properties": { "field_1": 1441582, "field_2": "Lainya", "field_3": "Tambak", "field_4": 651300.5, "field_5": 9217606.59 }, "geometry": { "type": "Point", "coordinates": [ 112.369938361945785, -7.076182175135155 ] } },
{ "type": "Feature", "properties": { "field_1": 1441583, "field_2": "Lainya", "field_3": "Tambak", "field_4": 651300.5, "field_5": 9217594.0 }, "geometry": { "type": "Point", "coordinates": [ 112.369938697714289, -7.076296030691727 ] } },
{ "type": "Feature", "properties": { "field_1": 1441584, "field_2": "Lainya", "field_3": "Tambak", "field_4": 651300.5, "field_5": 9217581.59 }, "geometry": { "type": "Point", "coordinates": [ 112.369939028687739, -7.076408258447888 ] } },
{ "type": "Feature", "properties": { "field_1": 1441773, "field_2": "Lainya", "field_3": "Potensi Kebakaran", "field_4": 651300.5, "field_5": 9215219.0 }, "geometry": { "type": "Point", "coordinates": [ 112.370002136779306, -7.097773935223566 ] } },
{ "type": "Feature", "properties": { "field_1": 1441774, "field_2": "Lainya", "field_3": "Potensi Kebakaran", "field_4": 651300.5, "field_5": 9215206.59 }, "geometry": { "type": "Point", "coordinates": [ 112.370002468782914, -7.097886162873319 ] } },
{ "type": "Feature", "properties": { "field_1": 1441775, "field_2": "Lainya", "field_3": "Potensi Kebakaran", "field_4": 651300.5, "field_5": 9215194.0 }, "geometry": { "type": "Point", "coordinates": [ 112.370002805607527, -7.098000018320804 ] } },
{ "type": "Feature", "properties": { "field_1": 1441776, "field_2": "Lainya", "field_3": "Potensi Kebakaran", "field_4": 651300.5, "field_5": 9215181.59 }, "geometry": { "type": "Point", "coordinates": [ 112.370003137621978, -7.098112245969436 ] } },
{ "type": "Feature", "properties": { "field_1": 1442315, "field_2": "Lainya", "field_3": "Potensi Banjir", "field_4": 651300.5, "field_5": 9208444.0 }, "geometry": { "type": "Point", "coordinates": [ 112.37018418869161, -7.159042371668492 ] } },
{ "type": "Feature", "properties": { "field_1": 1442316, "field_2": "Lainya", "field_3": "Potensi Banjir", "field_4": 651300.5, "field_5": 9208431.5 }, "geometry": { "type": "Point", "coordinates": [ 112.370184526064293, -7.159155412909902 ] } },
{ "type": "Feature", "properties": { "field_1": 1442317, "field_2": "Lainya", "field_3": "Potensi Banjir", "field_4": 651300.5, "field_5": 9208419.0 }, "geometry": { "type": "Point", "coordinates": [ 112.370184863442432, -7.159268454150741 ] } },
{ "type": "Feature", "properties": { "field_1": 1442318, "field_2": "Lainya", "field_3": "Potensi Banjir", "field_4": 651300.5, "field_5": 9208406.5 }, "geometry": { "type": "Point", "coordinates": [ 112.370185200826029, -7.15938149539101 ] } },
{ "type": "Feature", "properties": { "field_1": 1442319, "field_2": "Lainya", "field_3": "Potensi Banjir", "field_4": 651300.5, "field_5": 9208394.0 }, "geometry": { "type": "Point", "coordinates": [ 112.370185538215111, -7.159494536630711 ] } },
{ "type": "Feature", "properties": { "field_1": 1442320, "field_2": "Lainya", "field_3": "Potensi Banjir", "field_4": 651300.5, "field_5": 9208381.5 }, "geometry": { "type": "Point", "coordinates": [ 112.37018587560965, -7.159607577869841 ] } },
{ "type": "Feature", "properties": { "field_1": 1442321, "field_2": "Lainya", "field_3": "Potensi Banjir", "field_4": 651300.5, "field_5": 9208369.0 }, "geometry": { "type": "Point", "coordinates": [ 112.370186213009646, -7.159720619108401 ] } },
{ "type": "Feature", "properties": { "field_1": 1442322, "field_2": "Lainya", "field_3": "Potensi Banjir", "field_4": 651300.5, "field_5": 9208356.5 }, "geometry": { "type": "Point", "coordinates": [ 112.370186550415113, -7.159833660346392 ] } },
{ "type": "Feature", "properties": { "field_1": 1442323, "field_2": "Lainya", "field_3": "Potensi Banjir", "field_4": 651300.5, "field_5": 9208344.0 }, "geometry": { "type": "Point", "coordinates": [ 112.370186887826037, -7.159946701583813 ] } },
{ "type": "Feature", "properties": { "field_1": 1442324, "field_2": "Lainya", "field_3": "Potensi Banjir", "field_4": 651300.5, "field_5": 9208331.5 }, "geometry": { "type": "Point", "coordinates": [ 112.370187225242447, -7.160059742820664 ] } },
{ "type": "Feature", "properties": { "field_1": 1442325, "field_2": "Lainya", "field_3": "Potensi Banjir", "field_4": 651300.5, "field_5": 9208319.0 }, "geometry": { "type": "Point", "coordinates": [ 112.370187562664313, -7.160172784056946 ] } },
{ "type": "Feature", "properties": { "field_1": 1442326, "field_2": "Lainya", "field_3": "Potensi Banjir", "field_4": 651300.5, "field_5": 9208306.5 }, "geometry": { "type": "Point", "coordinates": [ 112.370187900091636, -7.160285825292657 ] } },
{ "type": "Feature", "properties": { "field_1": 1442327, "field_2": "Lainya", "field_3": "Potensi Banjir", "field_4": 651300.5, "field_5": 9208294.0 }, "geometry": { "type": "Point", "coordinates": [ 112.370188237524445, -7.1603988665278 ] } },
{ "type": "Feature", "properties": { "field_1": 1442328, "field_2": "Lainya", "field_3": "Potensi Banjir", "field_4": 651300.5, "field_5": 9208281.5 }, "geometry": { "type": "Point", "coordinates": [ 112.370188574962697, -7.16051190776237 ] } },
{ "type": "Feature", "properties": { "field_1": 1442329, "field_2": "Lainya", "field_3": "Potensi Banjir", "field_4": 651300.5, "field_5": 9208269.0 }, "geometry": { "type": "Point", "coordinates": [ 112.370188912406434, -7.160624948996373 ] } },
{ "type": "Feature", "properties": { "field_1": 1442330, "field_2": "Lainya", "field_3": "Potensi Banjir", "field_4": 651300.5, "field_5": 9208256.5 }, "geometry": { "type": "Point", "coordinates": [ 112.370189249855628, -7.160737990229806 ] } },
{ "type": "Feature", "properties": { "field_1": 1442331, "field_2": "Lainya", "field_3": "Potensi Banjir", "field_4": 651300.5, "field_5": 9208244.0 }, "geometry": { "type": "Point", "coordinates": [ 112.370189587310279, -7.160851031462668 ] } },
{ "type": "Feature", "properties": { "field_1": 1442332, "field_2": "Lainya", "field_3": "Potensi Banjir", "field_4": 651300.5, "field_5": 9208231.5 }, "geometry": { "type": "Point", "coordinates": [ 112.370189924770401, -7.160964072694961 ] } },
{ "type": "Feature", "properties": { "field_1": 1442333, "field_2": "Lainya", "field_3": "Potensi Banjir", "field_4": 651300.5, "field_5": 9208219.0 }, "geometry": { "type": "Point", "coordinates": [ 112.370190262235994, -7.161077113926685 ] } },
{ "type": "Feature", "properties": { "field_1": 1442334, "field_2": "Lainya", "field_3": "Potensi Banjir", "field_4": 651300.5, "field_5": 9208206.5 }, "geometry": { "type": "Point", "coordinates": [ 112.370190599707058, -7.161190155157835 ] } },
{ "type": "Feature", "properties": { "field_1": 1442335, "field_2": "Lainya", "field_3": "Potensi Banjir", "field_4": 651300.5, "field_5": 9208194.0 }, "geometry": { "type": "Point", "coordinates": [ 112.37019093718358, -7.16130319638842 ] } },
{ "type": "Feature", "properties": { "field_1": 1442336, "field_2": "Lainya", "field_3": "Potensi Banjir", "field_4": 651300.5, "field_5": 9208181.5 }, "geometry": { "type": "Point", "coordinates": [ 112.370191274665558, -7.161416237618432 ] } },
{ "type": "Feature", "properties": { "field_1": 1442337, "field_2": "Lainya", "field_3": "Potensi Banjir", "field_4": 651300.5, "field_5": 9208169.0 }, "geometry": { "type": "Point", "coordinates": [ 112.370191612153008, -7.161529278847876 ] } },
{ "type": "Feature", "properties": { "field_1": 1442338, "field_2": "Lainya", "field_3": "Potensi Banjir", "field_4": 651300.5, "field_5": 9208156.5 }, "geometry": { "type": "Point", "coordinates": [ 112.370191949645914, -7.16164232007675 ] } },
{ "type": "Feature", "properties": { "field_1": 1442339, "field_2": "Lainya", "field_3": "Potensi Banjir", "field_4": 651300.5, "field_5": 9208144.0 }, "geometry": { "type": "Point", "coordinates": [ 112.370192287144306, -7.161755361305054 ] } },
{ "type": "Feature", "properties": { "field_1": 1442340, "field_2": "Lainya", "field_3": "Potensi Banjir", "field_4": 651300.5, "field_5": 9208131.5 }, "geometry": { "type": "Point", "coordinates": [ 112.370192624648155, -7.161868402532787 ] } },
{ "type": "Feature", "properties": { "field_1": 1442341, "field_2": "Lainya", "field_3": "Potensi Banjir", "field_4": 651300.5, "field_5": 9208119.0 }, "geometry": { "type": "Point", "coordinates": [ 112.370192962157475, -7.16198144375995 ] } },
{ "type": "Feature", "properties": { "field_1": 1442342, "field_2": "Lainya", "field_3": "Potensi Banjir", "field_4": 651300.5, "field_5": 9208106.5 }, "geometry": { "type": "Point", "coordinates": [ 112.370193299672252, -7.162094484986546 ] } },
{ "type": "Feature", "properties": { "field_1": 1442343, "field_2": "Lainya", "field_3": "Potensi Banjir", "field_4": 651300.5, "field_5": 9208094.0 }, "geometry": { "type": "Point", "coordinates": [ 112.3701936371925, -7.162207526212566 ] } },
{ "type": "Feature", "properties": { "field_1": 1442344, "field_2": "Lainya", "field_3": "Potensi Banjir", "field_4": 651300.5, "field_5": 9208081.5 }, "geometry": { "type": "Point", "coordinates": [ 112.370193974718205, -7.16232056743802 ] } },
{ "type": "Feature", "properties": { "field_1": 1442345, "field_2": "Lainya", "field_3": "Potensi Banjir", "field_4": 651300.5, "field_5": 9208069.0 }, "geometry": { "type": "Point", "coordinates": [ 112.370194312249382, -7.162433608662906 ] } },
{ "type": "Feature", "properties": { "field_1": 1442346, "field_2": "Lainya", "field_3": "Potensi Banjir", "field_4": 651300.5, "field_5": 9208056.5 }, "geometry": { "type": "Point", "coordinates": [ 112.370194649786029, -7.162546649887219 ] } },
{ "type": "Feature", "properties": { "field_1": 1442347, "field_2": "Lainya", "field_3": "Potensi Banjir", "field_4": 651300.5, "field_5": 9208044.0 }, "geometry": { "type": "Point", "coordinates": [ 112.370194987328119, -7.162659691110963 ] } },
{ "type": "Feature", "properties": { "field_1": 1442348, "field_2": "Lainya", "field_3": "Potensi Banjir", "field_4": 651300.5, "field_5": 9208031.5 }, "geometry": { "type": "Point", "coordinates": [ 112.370195324875695, -7.162772732334135 ] } },
{ "type": "Feature", "properties": { "field_1": 1442355, "field_2": "Lainya", "field_3": "Open Area", "field_4": 651300.5, "field_5": 9207944.0 }, "geometry": { "type": "Point", "coordinates": [ 112.370197687861747, -7.163564020880392 ] } },
{ "type": "Feature", "properties": { "field_1": 1442356, "field_2": "Lainya", "field_3": "Open Area", "field_4": 651300.5, "field_5": 9207931.5 }, "geometry": { "type": "Point", "coordinates": [ 112.37019802545305, -7.163677062099006 ] } },
{ "type": "Feature", "properties": { "field_1": 1442357, "field_2": "Lainya", "field_3": "Open Area", "field_4": 651300.5, "field_5": 9207919.0 }, "geometry": { "type": "Point", "coordinates": [ 112.370198363049823, -7.163790103317048 ] } },
{ "type": "Feature", "properties": { "field_1": 1442358, "field_2": "Lainya", "field_3": "Open Area", "field_4": 651300.5, "field_5": 9207906.5 }, "geometry": { "type": "Point", "coordinates": [ 112.370198700652054, -7.163903144534522 ] } },
{ "type": "Feature", "properties": { "field_1": 1442359, "field_2": "Lainya", "field_3": "Open Area", "field_4": 651300.5, "field_5": 9207894.0 }, "geometry": { "type": "Point", "coordinates": [ 112.370199038259756, -7.164016185751426 ] } },
{ "type": "Feature", "properties": { "field_1": 1442360, "field_2": "Lainya", "field_3": "Open Area", "field_4": 651300.5, "field_5": 9207881.5 }, "geometry": { "type": "Point", "coordinates": [ 112.3701993758729, -7.164129226967757 ] } },
{ "type": "Feature", "properties": { "field_1": 1442361, "field_2": "Lainya", "field_3": "Open Area", "field_4": 651300.5, "field_5": 9207869.0 }, "geometry": { "type": "Point", "coordinates": [ 112.37019971349153, -7.164242268183521 ] } },
{ "type": "Feature", "properties": { "field_1": 1442362, "field_2": "Lainya", "field_3": "Open Area", "field_4": 651300.5, "field_5": 9207856.5 }, "geometry": { "type": "Point", "coordinates": [ 112.370200051115617, -7.164355309398714 ] } },
{ "type": "Feature", "properties": { "field_1": 1442363, "field_2": "Lainya", "field_3": "Open Area", "field_4": 651300.5, "field_5": 9207844.0 }, "geometry": { "type": "Point", "coordinates": [ 112.370200388745189, -7.164468350613337 ] } },
{ "type": "Feature", "properties": { "field_1": 1442364, "field_2": "Lainya", "field_3": "Open Area", "field_4": 651300.5, "field_5": 9207831.5 }, "geometry": { "type": "Point", "coordinates": [ 112.370200726380219, -7.164581391827389 ] } },
{ "type": "Feature", "properties": { "field_1": 1442365, "field_2": "Lainya", "field_3": "Open Area", "field_4": 651300.5, "field_5": 9207819.0 }, "geometry": { "type": "Point", "coordinates": [ 112.370201064020705, -7.164694433040872 ] } },
{ "type": "Feature", "properties": { "field_1": 1442366, "field_2": "Lainya", "field_3": "Open Area", "field_4": 651300.5, "field_5": 9207806.5 }, "geometry": { "type": "Point", "coordinates": [ 112.370201401666648, -7.164807474253784 ] } },
{ "type": "Feature", "properties": { "field_1": 1442367, "field_2": "Lainya", "field_3": "Open Area", "field_4": 651300.5, "field_5": 9207794.0 }, "geometry": { "type": "Point", "coordinates": [ 112.370201739318077, -7.164920515466126 ] } },
{ "type": "Feature", "properties": { "field_1": 1442368, "field_2": "Lainya", "field_3": "Open Area", "field_4": 651300.5, "field_5": 9207781.5 }, "geometry": { "type": "Point", "coordinates": [ 112.370202076974962, -7.165033556677898 ] } },
{ "type": "Feature", "properties": { "field_1": 1442369, "field_2": "Lainya", "field_3": "Open Area", "field_4": 651300.5, "field_5": 9207769.0 }, "geometry": { "type": "Point", "coordinates": [ 112.370202414637319, -7.1651465978891 ] } },
{ "type": "Feature", "properties": { "field_1": 1442370, "field_2": "Lainya", "field_3": "Open Area", "field_4": 651300.5, "field_5": 9207756.5 }, "geometry": { "type": "Point", "coordinates": [ 112.370202752305147, -7.165259639099732 ] } },
{ "type": "Feature", "properties": { "field_1": 1442371, "field_2": "Lainya", "field_3": "Open Area", "field_4": 651300.5, "field_5": 9207744.0 }, "geometry": { "type": "Point", "coordinates": [ 112.370203089978418, -7.165372680309794 ] } },
{ "type": "Feature", "properties": { "field_1": 1442372, "field_2": "Lainya", "field_3": "Open Area", "field_4": 651300.5, "field_5": 9207731.5 }, "geometry": { "type": "Point", "coordinates": [ 112.370203427657174, -7.165485721519285 ] } },
{ "type": "Feature", "properties": { "field_1": 1442373, "field_2": "Lainya", "field_3": "Open Area", "field_4": 651300.5, "field_5": 9207719.0 }, "geometry": { "type": "Point", "coordinates": [ 112.370203765341387, -7.165598762728205 ] } },
{ "type": "Feature", "properties": { "field_1": 1442374, "field_2": "Lainya", "field_3": "Open Area", "field_4": 651300.5, "field_5": 9207706.5 }, "geometry": { "type": "Point", "coordinates": [ 112.370204103031071, -7.165711803936556 ] } },
{ "type": "Feature", "properties": { "field_1": 1442375, "field_2": "Lainya", "field_3": "Open Area", "field_4": 651300.5, "field_5": 9207694.0 }, "geometry": { "type": "Point", "coordinates": [ 112.370204440726212, -7.165824845144336 ] } },
{ "type": "Feature", "properties": { "field_1": 1442376, "field_2": "Lainya", "field_3": "Open Area", "field_4": 651300.5, "field_5": 9207681.5 }, "geometry": { "type": "Point", "coordinates": [ 112.370204778426825, -7.165937886351548 ] } },
{ "type": "Feature", "properties": { "field_1": 1442377, "field_2": "Lainya", "field_3": "Open Area", "field_4": 651300.5, "field_5": 9207669.0 }, "geometry": { "type": "Point", "coordinates": [ 112.370205116132908, -7.166050927558187 ] } },
{ "type": "Feature", "properties": { "field_1": 1442378, "field_2": "Lainya", "field_3": "Open Area", "field_4": 651300.5, "field_5": 9207656.5 }, "geometry": { "type": "Point", "coordinates": [ 112.370205453844463, -7.166163968764256 ] } },
{ "type": "Feature", "properties": { "field_1": 1442379, "field_2": "Lainya", "field_3": "Open Area", "field_4": 651300.5, "field_5": 9207644.0 }, "geometry": { "type": "Point", "coordinates": [ 112.37020579156146, -7.166277009969756 ] } },
{ "type": "Feature", "properties": { "field_1": 1442380, "field_2": "Lainya", "field_3": "Open Area", "field_4": 651300.5, "field_5": 9207631.5 }, "geometry": { "type": "Point", "coordinates": [ 112.370206129283943, -7.166390051174684 ] } },
{ "type": "Feature", "properties": { "field_1": 1442381, "field_2": "Lainya", "field_3": "Open Area", "field_4": 651300.5, "field_5": 9207619.0 }, "geometry": { "type": "Point", "coordinates": [ 112.370206467011883, -7.166503092379045 ] } },
{ "type": "Feature", "properties": { "field_1": 1442382, "field_2": "Lainya", "field_3": "Open Area", "field_4": 651300.5, "field_5": 9207606.5 }, "geometry": { "type": "Point", "coordinates": [ 112.370206804745294, -7.166616133582833 ] } },
{ "type": "Feature", "properties": { "field_1": 1442383, "field_2": "Lainya", "field_3": "Open Area", "field_4": 651300.5, "field_5": 9207594.0 }, "geometry": { "type": "Point", "coordinates": [ 112.370207142484162, -7.166729174786051 ] } },
{ "type": "Feature", "properties": { "field_1": 1442384, "field_2": "Lainya", "field_3": "Open Area", "field_4": 651300.5, "field_5": 9207581.5 }, "geometry": { "type": "Point", "coordinates": [ 112.370207480228515, -7.166842215988698 ] } },
{ "type": "Feature", "properties": { "field_1": 1442385, "field_2": "Lainya", "field_3": "Open Area", "field_4": 651300.5, "field_5": 9207569.0 }, "geometry": { "type": "Point", "coordinates": [ 112.370207817978326, -7.166955257190777 ] } },
{ "type": "Feature", "properties": { "field_1": 1442386, "field_2": "Lainya", "field_3": "Open Area", "field_4": 651300.5, "field_5": 9207556.5 }, "geometry": { "type": "Point", "coordinates": [ 112.370208155733579, -7.167068298392285 ] } },
{ "type": "Feature", "properties": { "field_1": 1442387, "field_2": "Lainya", "field_3": "Open Area", "field_4": 651300.5, "field_5": 9207544.0 }, "geometry": { "type": "Point", "coordinates": [ 112.370208493494331, -7.167181339593221 ] } },
{ "type": "Feature", "properties": { "field_1": 1442388, "field_2": "Lainya", "field_3": "Open Area", "field_4": 651300.5, "field_5": 9207531.5 }, "geometry": { "type": "Point", "coordinates": [ 112.370208831260527, -7.16729438079359 ] } },
{ "type": "Feature", "properties": { "field_1": 1442389, "field_2": "Lainya", "field_3": "Open Area", "field_4": 651300.5, "field_5": 9207519.0 }, "geometry": { "type": "Point", "coordinates": [ 112.370209169032208, -7.167407421993385 ] } },
{ "type": "Feature", "properties": { "field_1": 1442390, "field_2": "Lainya", "field_3": "Open Area", "field_4": 651300.5, "field_5": 9207506.5 }, "geometry": { "type": "Point", "coordinates": [ 112.370209506809331, -7.16752046319261 ] } },
{ "type": "Feature", "properties": { "field_1": 1442391, "field_2": "Lainya", "field_3": "Open Area", "field_4": 651300.5, "field_5": 9207494.0 }, "geometry": { "type": "Point", "coordinates": [ 112.37020984459194, -7.167633504391265 ] } },
{ "type": "Feature", "properties": { "field_1": 1442392, "field_2": "Lainya", "field_3": "Open Area", "field_4": 651300.5, "field_5": 9207481.5 }, "geometry": { "type": "Point", "coordinates": [ 112.370210182380006, -7.167746545589352 ] } },
{ "type": "Feature", "properties": { "field_1": 1442393, "field_2": "Lainya", "field_3": "Open Area", "field_4": 651300.5, "field_5": 9207469.0 }, "geometry": { "type": "Point", "coordinates": [ 112.370210520173529, -7.167859586786866 ] } },
{ "type": "Feature", "properties": { "field_1": 1442394, "field_2": "Lainya", "field_3": "Open Area", "field_4": 651300.5, "field_5": 9207456.5 }, "geometry": { "type": "Point", "coordinates": [ 112.370210857972538, -7.16797262798381 ] } },
{ "type": "Feature", "properties": { "field_1": 1442395, "field_2": "Lainya", "field_3": "Open Area", "field_4": 651300.5, "field_5": 9207444.0 }, "geometry": { "type": "Point", "coordinates": [ 112.370211195777017, -7.168085669180185 ] } },
{ "type": "Feature", "properties": { "field_1": 1442396, "field_2": "Lainya", "field_3": "Open Area", "field_4": 651300.5, "field_5": 9207431.5 }, "geometry": { "type": "Point", "coordinates": [ 112.370211533586939, -7.168198710375989 ] } },
{ "type": "Feature", "properties": { "field_1": 1442397, "field_2": "Lainya", "field_3": "Open Area", "field_4": 651300.5, "field_5": 9207419.0 }, "geometry": { "type": "Point", "coordinates": [ 112.370211871402333, -7.168311751571221 ] } },
{ "type": "Feature", "properties": { "field_1": 1442398, "field_2": "Lainya", "field_3": "Open Area", "field_4": 651300.5, "field_5": 9207406.5 }, "geometry": { "type": "Point", "coordinates": [ 112.370212209223197, -7.168424792765883 ] } },
{ "type": "Feature", "properties": { "field_1": 1442399, "field_2": "Lainya", "field_3": "Open Area", "field_4": 651300.5, "field_5": 9207394.0 }, "geometry": { "type": "Point", "coordinates": [ 112.370212547049519, -7.168537833959975 ] } },
{ "type": "Feature", "properties": { "field_1": 1442400, "field_2": "Lainya", "field_3": "Open Area", "field_4": 651300.5, "field_5": 9207381.5 }, "geometry": { "type": "Point", "coordinates": [ 112.370212884881326, -7.168650875153497 ] } },
{ "type": "Feature", "properties": { "field_1": 1442401, "field_2": "Lainya", "field_3": "Open Area", "field_4": 651300.5, "field_5": 9207369.0 }, "geometry": { "type": "Point", "coordinates": [ 112.370213222718576, -7.16876391634645 ] } },
{ "type": "Feature", "properties": { "field_1": 1442402, "field_2": "Lainya", "field_3": "Open Area", "field_4": 651300.5, "field_5": 9207356.5 }, "geometry": { "type": "Point", "coordinates": [ 112.370213560561311, -7.168876957538829 ] } },
{ "type": "Feature", "properties": { "field_1": 1442403, "field_2": "Lainya", "field_3": "Open Area", "field_4": 651300.5, "field_5": 9207344.0 }, "geometry": { "type": "Point", "coordinates": [ 112.370213898409503, -7.168989998730639 ] } },
{ "type": "Feature", "properties": { "field_1": 1442404, "field_2": "Lainya", "field_3": "Open Area", "field_4": 651300.5, "field_5": 9207331.5 }, "geometry": { "type": "Point", "coordinates": [ 112.370214236263166, -7.169103039921881 ] } },
{ "type": "Feature", "properties": { "field_1": 1442405, "field_2": "Lainya", "field_3": "Open Area", "field_4": 651300.5, "field_5": 9207319.0 }, "geometry": { "type": "Point", "coordinates": [ 112.370214574122286, -7.169216081112549 ] } },
{ "type": "Feature", "properties": { "field_1": 1442406, "field_2": "Lainya", "field_3": "Open Area", "field_4": 651300.5, "field_5": 9207306.5 }, "geometry": { "type": "Point", "coordinates": [ 112.370214911986878, -7.169329122302648 ] } },
{ "type": "Feature", "properties": { "field_1": 1442407, "field_2": "Lainya", "field_3": "Open Area", "field_4": 651300.5, "field_5": 9207294.0 }, "geometry": { "type": "Point", "coordinates": [ 112.37021524985694, -7.169442163492177 ] } },
{ "type": "Feature", "properties": { "field_1": 1442408, "field_2": "Lainya", "field_3": "Open Area", "field_4": 651300.5, "field_5": 9207281.5 }, "geometry": { "type": "Point", "coordinates": [ 112.37021558773246, -7.169555204681135 ] } },
{ "type": "Feature", "properties": { "field_1": 1442409, "field_2": "Lainya", "field_3": "Open Area", "field_4": 651300.5, "field_5": 9207269.0 }, "geometry": { "type": "Point", "coordinates": [ 112.370215925613451, -7.169668245869523 ] } },
{ "type": "Feature", "properties": { "field_1": 1442410, "field_2": "Lainya", "field_3": "Open Area", "field_4": 651300.5, "field_5": 9207256.5 }, "geometry": { "type": "Point", "coordinates": [ 112.370216263499913, -7.169781287057338 ] } },
{ "type": "Feature", "properties": { "field_1": 1442411, "field_2": "Lainya", "field_3": "Open Area", "field_4": 651300.5, "field_5": 9207244.0 }, "geometry": { "type": "Point", "coordinates": [ 112.370216601391832, -7.169894328244585 ] } },
{ "type": "Feature", "properties": { "field_1": 1442412, "field_2": "Lainya", "field_3": "Open Area", "field_4": 651300.5, "field_5": 9207231.5 }, "geometry": { "type": "Point", "coordinates": [ 112.370216939289222, -7.170007369431259 ] } },
{ "type": "Feature", "properties": { "field_1": 1442413, "field_2": "Lainya", "field_3": "Open Area", "field_4": 651300.5, "field_5": 9207219.0 }, "geometry": { "type": "Point", "coordinates": [ 112.370217277192069, -7.170120410617365 ] } },
{ "type": "Feature", "properties": { "field_1": 1442414, "field_2": "Lainya", "field_3": "Open Area", "field_4": 651300.5, "field_5": 9207206.5 }, "geometry": { "type": "Point", "coordinates": [ 112.370217615100387, -7.170233451802901 ] } },
{ "type": "Feature", "properties": { "field_1": 1442415, "field_2": "Lainya", "field_3": "Open Area", "field_4": 651300.5, "field_5": 9207194.0 }, "geometry": { "type": "Point", "coordinates": [ 112.370217953014176, -7.170346492987863 ] } },
{ "type": "Feature", "properties": { "field_1": 1442416, "field_2": "Lainya", "field_3": "Open Area", "field_4": 651300.5, "field_5": 9207181.5 }, "geometry": { "type": "Point", "coordinates": [ 112.370218290933423, -7.170459534172257 ] } },
{ "type": "Feature", "properties": { "field_1": 1442417, "field_2": "Lainya", "field_3": "Open Area", "field_4": 651300.5, "field_5": 9207169.0 }, "geometry": { "type": "Point", "coordinates": [ 112.37021862885814, -7.170572575356081 ] } },
{ "type": "Feature", "properties": { "field_1": 1442418, "field_2": "Lainya", "field_3": "Open Area", "field_4": 651300.5, "field_5": 9207156.5 }, "geometry": { "type": "Point", "coordinates": [ 112.370218966788329, -7.170685616539332 ] } },
{ "type": "Feature", "properties": { "field_1": 1442419, "field_2": "Lainya", "field_3": "Open Area", "field_4": 651300.5, "field_5": 9207144.0 }, "geometry": { "type": "Point", "coordinates": [ 112.370219304723975, -7.170798657722013 ] } },
{ "type": "Feature", "properties": { "field_1": 1442420, "field_2": "Lainya", "field_3": "Open Area", "field_4": 651300.5, "field_5": 9207131.5 }, "geometry": { "type": "Point", "coordinates": [ 112.370219642665091, -7.170911698904124 ] } },
{ "type": "Feature", "properties": { "field_1": 1442421, "field_2": "Lainya", "field_3": "Open Area", "field_4": 651300.5, "field_5": 9207119.0 }, "geometry": { "type": "Point", "coordinates": [ 112.370219980611679, -7.171024740085665 ] } },
{ "type": "Feature", "properties": { "field_1": 1442422, "field_2": "Lainya", "field_3": "Open Area", "field_4": 651300.5, "field_5": 9207106.5 }, "geometry": { "type": "Point", "coordinates": [ 112.370220318563725, -7.171137781266634 ] } },
{ "type": "Feature", "properties": { "field_1": 1442423, "field_2": "Lainya", "field_3": "Open Area", "field_4": 651300.5, "field_5": 9207094.0 }, "geometry": { "type": "Point", "coordinates": [ 112.370220656521241, -7.171250822447033 ] } },
{ "type": "Feature", "properties": { "field_1": 1442424, "field_2": "Lainya", "field_3": "Open Area", "field_4": 651300.5, "field_5": 9207081.5 }, "geometry": { "type": "Point", "coordinates": [ 112.370220994484228, -7.171363863626861 ] } },
{ "type": "Feature", "properties": { "field_1": 1442425, "field_2": "Lainya", "field_3": "Open Area", "field_4": 651300.5, "field_5": 9207069.0 }, "geometry": { "type": "Point", "coordinates": [ 112.370221332452672, -7.171476904806119 ] } },
{ "type": "Feature", "properties": { "field_1": 1442426, "field_2": "Lainya", "field_3": "Open Area", "field_4": 651300.5, "field_5": 9207056.5 }, "geometry": { "type": "Point", "coordinates": [ 112.370221670426574, -7.171589945984805 ] } },
{ "type": "Feature", "properties": { "field_1": 1442427, "field_2": "Lainya", "field_3": "Open Area", "field_4": 651300.5, "field_5": 9207044.0 }, "geometry": { "type": "Point", "coordinates": [ 112.37022200840596, -7.171702987162922 ] } },
{ "type": "Feature", "properties": { "field_1": 1442428, "field_2": "Lainya", "field_3": "Open Area", "field_4": 651300.5, "field_5": 9207031.5 }, "geometry": { "type": "Point", "coordinates": [ 112.370222346390804, -7.171816028340467 ] } },
{ "type": "Feature", "properties": { "field_1": 1442429, "field_2": "Lainya", "field_3": "Open Area", "field_4": 651300.5, "field_5": 9207019.0 }, "geometry": { "type": "Point", "coordinates": [ 112.370222684381119, -7.171929069517442 ] } },
{ "type": "Feature", "properties": { "field_1": 1442430, "field_2": "Lainya", "field_3": "Open Area", "field_4": 651300.5, "field_5": 9207006.5 }, "geometry": { "type": "Point", "coordinates": [ 112.370223022376891, -7.172042110693845 ] } },
{ "type": "Feature", "properties": { "field_1": 1442431, "field_2": "Lainya", "field_3": "Open Area", "field_4": 651300.5, "field_5": 9206994.0 }, "geometry": { "type": "Point", "coordinates": [ 112.370223360378148, -7.172155151869679 ] } },
{ "type": "Feature", "properties": { "field_1": 1442432, "field_2": "Lainya", "field_3": "Open Area", "field_4": 651300.5, "field_5": 9206981.5 }, "geometry": { "type": "Point", "coordinates": [ 112.370223698384848, -7.172268193044941 ] } },
{ "type": "Feature", "properties": { "field_1": 1442433, "field_2": "Lainya", "field_3": "Open Area", "field_4": 651300.5, "field_5": 9206969.0 }, "geometry": { "type": "Point", "coordinates": [ 112.370224036397019, -7.172381234219632 ] } },
{ "type": "Feature", "properties": { "field_1": 1442434, "field_2": "Lainya", "field_3": "Open Area", "field_4": 651300.5, "field_5": 9206956.5 }, "geometry": { "type": "Point", "coordinates": [ 112.370224374414676, -7.172494275393755 ] } },
{ "type": "Feature", "properties": { "field_1": 1442435, "field_2": "Lainya", "field_3": "Open Area", "field_4": 651300.5, "field_5": 9206944.0 }, "geometry": { "type": "Point", "coordinates": [ 112.370224712437775, -7.172607316567305 ] } },
{ "type": "Feature", "properties": { "field_1": 1442436, "field_2": "Lainya", "field_3": "Open Area", "field_4": 651300.5, "field_5": 9206931.5 }, "geometry": { "type": "Point", "coordinates": [ 112.370225050466345, -7.172720357740284 ] } },
{ "type": "Feature", "properties": { "field_1": 1442437, "field_2": "Lainya", "field_3": "Open Area", "field_4": 651300.5, "field_5": 9206919.0 }, "geometry": { "type": "Point", "coordinates": [ 112.370225388500401, -7.172833398912694 ] } },
{ "type": "Feature", "properties": { "field_1": 1442438, "field_2": "Lainya", "field_3": "Open Area", "field_4": 651300.5, "field_5": 9206906.5 }, "geometry": { "type": "Point", "coordinates": [ 112.3702257265399, -7.17294644008453 ] } },
{ "type": "Feature", "properties": { "field_1": 1442439, "field_2": "Lainya", "field_3": "Open Area", "field_4": 651300.5, "field_5": 9206894.0 }, "geometry": { "type": "Point", "coordinates": [ 112.37022606458487, -7.173059481255798 ] } },
{ "type": "Feature", "properties": { "field_1": 1442440, "field_2": "Lainya", "field_3": "Open Area", "field_4": 651300.5, "field_5": 9206881.5 }, "geometry": { "type": "Point", "coordinates": [ 112.370226402635311, -7.173172522426494 ] } },
{ "type": "Feature", "properties": { "field_1": 1442441, "field_2": "Lainya", "field_3": "Open Area", "field_4": 651300.5, "field_5": 9206869.0 }, "geometry": { "type": "Point", "coordinates": [ 112.370226740691223, -7.173285563596622 ] } },
{ "type": "Feature", "properties": { "field_1": 1442442, "field_2": "Lainya", "field_3": "Open Area", "field_4": 651300.5, "field_5": 9206856.5 }, "geometry": { "type": "Point", "coordinates": [ 112.370227078752592, -7.173398604766175 ] } },
{ "type": "Feature", "properties": { "field_1": 1442452, "field_2": "Lainya", "field_3": "Open Area", "field_4": 651300.5, "field_5": 9206731.5 }, "geometry": { "type": "Point", "coordinates": [ 112.370230459666956, -7.174529016430324 ] } },
{ "type": "Feature", "properties": { "field_1": 1442453, "field_2": "Lainya", "field_3": "Open Area", "field_4": 651300.5, "field_5": 9206719.0 }, "geometry": { "type": "Point", "coordinates": [ 112.370230797788452, -7.174642057593601 ] } },
{ "type": "Feature", "properties": { "field_1": 1442454, "field_2": "Lainya", "field_3": "Open Area", "field_4": 651300.5, "field_5": 9206706.5 }, "geometry": { "type": "Point", "coordinates": [ 112.370231135915418, -7.174755098756303 ] } },
{ "type": "Feature", "properties": { "field_1": 1442455, "field_2": "Lainya", "field_3": "Open Area", "field_4": 651300.5, "field_5": 9206694.0 }, "geometry": { "type": "Point", "coordinates": [ 112.37023147404787, -7.174868139918437 ] } },
{ "type": "Feature", "properties": { "field_1": 1442456, "field_2": "Lainya", "field_3": "Open Area", "field_4": 651300.5, "field_5": 9206681.5 }, "geometry": { "type": "Point", "coordinates": [ 112.370231812185764, -7.174981181080001 ] } },
{ "type": "Feature", "properties": { "field_1": 1442457, "field_2": "Lainya", "field_3": "Open Area", "field_4": 651300.5, "field_5": 9206669.0 }, "geometry": { "type": "Point", "coordinates": [ 112.37023215032913, -7.17509422224099 ] } },
{ "type": "Feature", "properties": { "field_1": 1442458, "field_2": "Lainya", "field_3": "Open Area", "field_4": 651300.5, "field_5": 9206656.5 }, "geometry": { "type": "Point", "coordinates": [ 112.370232488477967, -7.175207263401411 ] } },
{ "type": "Feature", "properties": { "field_1": 1442459, "field_2": "Lainya", "field_3": "Open Area", "field_4": 651300.5, "field_5": 9206644.0 }, "geometry": { "type": "Point", "coordinates": [ 112.370232826632261, -7.175320304561261 ] } },
{ "type": "Feature", "properties": { "field_1": 1442460, "field_2": "Lainya", "field_3": "Open Area", "field_4": 651300.5, "field_5": 9206631.5 }, "geometry": { "type": "Point", "coordinates": [ 112.370233164792026, -7.175433345720538 ] } },
{ "type": "Feature", "properties": { "field_1": 1442461, "field_2": "Lainya", "field_3": "Open Area", "field_4": 651300.5, "field_5": 9206619.0 }, "geometry": { "type": "Point", "coordinates": [ 112.370233502957262, -7.175546386879246 ] } },
{ "type": "Feature", "properties": { "field_1": 1442462, "field_2": "Lainya", "field_3": "Open Area", "field_4": 651300.5, "field_5": 9206606.5 }, "geometry": { "type": "Point", "coordinates": [ 112.37023384112797, -7.175659428037382 ] } },
{ "type": "Feature", "properties": { "field_1": 1442463, "field_2": "Lainya", "field_3": "Open Area", "field_4": 651300.5, "field_5": 9206594.0 }, "geometry": { "type": "Point", "coordinates": [ 112.370234179304134, -7.175772469194948 ] } },
{ "type": "Feature", "properties": { "field_1": 1442464, "field_2": "Lainya", "field_3": "Open Area", "field_4": 651300.5, "field_5": 9206581.5 }, "geometry": { "type": "Point", "coordinates": [ 112.370234517485756, -7.175885510351942 ] } },
{ "type": "Feature", "properties": { "field_1": 1442465, "field_2": "Lainya", "field_3": "Open Area", "field_4": 651300.5, "field_5": 9206569.0 }, "geometry": { "type": "Point", "coordinates": [ 112.370234855672862, -7.175998551508364 ] } },
{ "type": "Feature", "properties": { "field_1": 1442466, "field_2": "Lainya", "field_3": "Open Area", "field_4": 651300.5, "field_5": 9206556.5 }, "geometry": { "type": "Point", "coordinates": [ 112.370235193865426, -7.176111592664217 ] } },
{ "type": "Feature", "properties": { "field_1": 1442467, "field_2": "Lainya", "field_3": "Open Area", "field_4": 651300.5, "field_5": 9206544.0 }, "geometry": { "type": "Point", "coordinates": [ 112.370235532063447, -7.176224633819499 ] } },
{ "type": "Feature", "properties": { "field_1": 1442468, "field_2": "Lainya", "field_3": "Open Area", "field_4": 651300.5, "field_5": 9206531.5 }, "geometry": { "type": "Point", "coordinates": [ 112.370235870266953, -7.176337674974208 ] } },
{ "type": "Feature", "properties": { "field_1": 1442469, "field_2": "Lainya", "field_3": "Open Area", "field_4": 651300.5, "field_5": 9206519.0 }, "geometry": { "type": "Point", "coordinates": [ 112.370236208475916, -7.176450716128348 ] } },
{ "type": "Feature", "properties": { "field_1": 1442470, "field_2": "Lainya", "field_3": "Open Area", "field_4": 651300.5, "field_5": 9206506.5 }, "geometry": { "type": "Point", "coordinates": [ 112.370236546690336, -7.176563757281915 ] } },
{ "type": "Feature", "properties": { "field_1": 1442471, "field_2": "Lainya", "field_3": "Open Area", "field_4": 651300.5, "field_5": 9206494.0 }, "geometry": { "type": "Point", "coordinates": [ 112.370236884910241, -7.176676798434913 ] } },
{ "type": "Feature", "properties": { "field_1": 1442472, "field_2": "Lainya", "field_3": "Open Area", "field_4": 651300.5, "field_5": 9206481.5 }, "geometry": { "type": "Point", "coordinates": [ 112.370237223135604, -7.176789839587338 ] } },
{ "type": "Feature", "properties": { "field_1": 1442473, "field_2": "Lainya", "field_3": "Open Area", "field_4": 651300.5, "field_5": 9206469.0 }, "geometry": { "type": "Point", "coordinates": [ 112.370237561366423, -7.176902880739195 ] } },
{ "type": "Feature", "properties": { "field_1": 1442474, "field_2": "Lainya", "field_3": "Open Area", "field_4": 651300.5, "field_5": 9206456.5 }, "geometry": { "type": "Point", "coordinates": [ 112.370237899602728, -7.177015921890477 ] } },
{ "type": "Feature", "properties": { "field_1": 1442475, "field_2": "Lainya", "field_3": "Open Area", "field_4": 651300.5, "field_5": 9206444.0 }, "geometry": { "type": "Point", "coordinates": [ 112.37023823784449, -7.17712896304119 ] } },
{ "type": "Feature", "properties": { "field_1": 1442476, "field_2": "Lainya", "field_3": "Open Area", "field_4": 651300.5, "field_5": 9206431.5 }, "geometry": { "type": "Point", "coordinates": [ 112.370238576091722, -7.177242004191331 ] } },
{ "type": "Feature", "properties": { "field_1": 1442477, "field_2": "Lainya", "field_3": "Open Area", "field_4": 651300.5, "field_5": 9206419.0 }, "geometry": { "type": "Point", "coordinates": [ 112.370238914344412, -7.177355045340903 ] } },
{ "type": "Feature", "properties": { "field_1": 1442478, "field_2": "Lainya", "field_3": "Open Area", "field_4": 651300.5, "field_5": 9206406.5 }, "geometry": { "type": "Point", "coordinates": [ 112.370239252602573, -7.1774680864899 ] } },
{ "type": "Feature", "properties": { "field_1": 1442479, "field_2": "Lainya", "field_3": "Open Area", "field_4": 651300.5, "field_5": 9206394.0 }, "geometry": { "type": "Point", "coordinates": [ 112.370239590866206, -7.177581127638327 ] } },
{ "type": "Feature", "properties": { "field_1": 1442480, "field_2": "Lainya", "field_3": "Open Area", "field_4": 651300.5, "field_5": 9206381.5 }, "geometry": { "type": "Point", "coordinates": [ 112.370239929135295, -7.177694168786186 ] } },
{ "type": "Feature", "properties": { "field_1": 1442481, "field_2": "Lainya", "field_3": "Open Area", "field_4": 651300.5, "field_5": 9206369.0 }, "geometry": { "type": "Point", "coordinates": [ 112.370240267409855, -7.177807209933472 ] } },
{ "type": "Feature", "properties": { "field_1": 1442482, "field_2": "Lainya", "field_3": "Open Area", "field_4": 651300.5, "field_5": 9206356.5 }, "geometry": { "type": "Point", "coordinates": [ 112.370240605689887, -7.177920251080185 ] } },
{ "type": "Feature", "properties": { "field_1": 1442483, "field_2": "Lainya", "field_3": "Open Area", "field_4": 651300.5, "field_5": 9206344.0 }, "geometry": { "type": "Point", "coordinates": [ 112.370240943975389, -7.178033292226328 ] } },
{ "type": "Feature", "properties": { "field_1": 1442484, "field_2": "Lainya", "field_3": "Open Area", "field_4": 651300.5, "field_5": 9206331.5 }, "geometry": { "type": "Point", "coordinates": [ 112.370241282266349, -7.178146333371901 ] } },
{ "type": "Feature", "properties": { "field_1": 1442485, "field_2": "Lainya", "field_3": "Open Area", "field_4": 651300.5, "field_5": 9206319.0 }, "geometry": { "type": "Point", "coordinates": [ 112.37024162056278, -7.178259374516902 ] } },
{ "type": "Feature", "properties": { "field_1": 1442486, "field_2": "Lainya", "field_3": "Open Area", "field_4": 651300.5, "field_5": 9206306.5 }, "geometry": { "type": "Point", "coordinates": [ 112.370241958864668, -7.178372415661331 ] } },
{ "type": "Feature", "properties": { "field_1": 1442487, "field_2": "Lainya", "field_3": "Open Area", "field_4": 651300.5, "field_5": 9206294.0 }, "geometry": { "type": "Point", "coordinates": [ 112.370242297172027, -7.178485456805189 ] } },
{ "type": "Feature", "properties": { "field_1": 1442488, "field_2": "Lainya", "field_3": "Open Area", "field_4": 651300.5, "field_5": 9206281.5 }, "geometry": { "type": "Point", "coordinates": [ 112.370242635484857, -7.178598497948476 ] } },
{ "type": "Feature", "properties": { "field_1": 1442489, "field_2": "Lainya", "field_3": "Open Area", "field_4": 651300.5, "field_5": 9206269.0 }, "geometry": { "type": "Point", "coordinates": [ 112.370242973803144, -7.178711539091194 ] } },
{ "type": "Feature", "properties": { "field_1": 1442490, "field_2": "Lainya", "field_3": "Open Area", "field_4": 651300.5, "field_5": 9206256.5 }, "geometry": { "type": "Point", "coordinates": [ 112.370243312126917, -7.178824580233337 ] } },
{ "type": "Feature", "properties": { "field_1": 1442491, "field_2": "Lainya", "field_3": "Open Area", "field_4": 651300.5, "field_5": 9206244.0 }, "geometry": { "type": "Point", "coordinates": [ 112.370243650456146, -7.178937621374912 ] } },
{ "type": "Feature", "properties": { "field_1": 1442492, "field_2": "Lainya", "field_3": "Open Area", "field_4": 651300.5, "field_5": 9206231.5 }, "geometry": { "type": "Point", "coordinates": [ 112.370243988790833, -7.179050662515913 ] } },
{ "type": "Feature", "properties": { "field_1": 1442493, "field_2": "Lainya", "field_3": "Open Area", "field_4": 651300.5, "field_5": 9206219.0 }, "geometry": { "type": "Point", "coordinates": [ 112.37024432713099, -7.179163703656345 ] } },
{ "type": "Feature", "properties": { "field_1": 1442494, "field_2": "Lainya", "field_3": "Open Area", "field_4": 651300.5, "field_5": 9206206.5 }, "geometry": { "type": "Point", "coordinates": [ 112.370244665476619, -7.179276744796205 ] } },
{ "type": "Feature", "properties": { "field_1": 1442495, "field_2": "Lainya", "field_3": "Open Area", "field_4": 651300.5, "field_5": 9206194.0 }, "geometry": { "type": "Point", "coordinates": [ 112.370245003827719, -7.179389785935492 ] } },
{ "type": "Feature", "properties": { "field_1": 1442496, "field_2": "Lainya", "field_3": "Open Area", "field_4": 651300.5, "field_5": 9206181.5 }, "geometry": { "type": "Point", "coordinates": [ 112.370245342184276, -7.179502827074209 ] } },
{ "type": "Feature", "properties": { "field_1": 1442497, "field_2": "Lainya", "field_3": "Open Area", "field_4": 651300.5, "field_5": 9206169.0 }, "geometry": { "type": "Point", "coordinates": [ 112.37024568054629, -7.179615868212355 ] } },
{ "type": "Feature", "properties": { "field_1": 1442498, "field_2": "Lainya", "field_3": "Open Area", "field_4": 651300.5, "field_5": 9206156.5 }, "geometry": { "type": "Point", "coordinates": [ 112.370246018913789, -7.17972890934993 ] } },
{ "type": "Feature", "properties": { "field_1": 1442499, "field_2": "Lainya", "field_3": "Open Area", "field_4": 651300.5, "field_5": 9206144.0 }, "geometry": { "type": "Point", "coordinates": [ 112.370246357286746, -7.17984195048693 ] } },
{ "type": "Feature", "properties": { "field_1": 1442500, "field_2": "Lainya", "field_3": "Open Area", "field_4": 651300.5, "field_5": 9206131.5 }, "geometry": { "type": "Point", "coordinates": [ 112.370246695665188, -7.179954991623364 ] } },
{ "type": "Feature", "properties": { "field_1": 1442501, "field_2": "Lainya", "field_3": "Open Area", "field_4": 651300.5, "field_5": 9206119.0 }, "geometry": { "type": "Point", "coordinates": [ 112.370247034049072, -7.180068032759224 ] } },
{ "type": "Feature", "properties": { "field_1": 1442502, "field_2": "Lainya", "field_3": "Open Area", "field_4": 651300.5, "field_5": 9206106.5 }, "geometry": { "type": "Point", "coordinates": [ 112.370247372438428, -7.180181073894513 ] } },
{ "type": "Feature", "properties": { "field_1": 1442503, "field_2": "Lainya", "field_3": "Open Area", "field_4": 651300.5, "field_5": 9206094.0 }, "geometry": { "type": "Point", "coordinates": [ 112.370247710833254, -7.180294115029231 ] } },
{ "type": "Feature", "properties": { "field_1": 1442504, "field_2": "Lainya", "field_3": "Open Area", "field_4": 651300.5, "field_5": 9206081.5 }, "geometry": { "type": "Point", "coordinates": [ 112.370248049233538, -7.180407156163378 ] } },
{ "type": "Feature", "properties": { "field_1": 1442505, "field_2": "Lainya", "field_3": "Open Area", "field_4": 651300.5, "field_5": 9206069.0 }, "geometry": { "type": "Point", "coordinates": [ 112.370248387639307, -7.180520197296952 ] } },
{ "type": "Feature", "properties": { "field_1": 1442506, "field_2": "Lainya", "field_3": "Open Area", "field_4": 651300.5, "field_5": 9206056.5 }, "geometry": { "type": "Point", "coordinates": [ 112.370248726050548, -7.180633238429957 ] } },
{ "type": "Feature", "properties": { "field_1": 1442507, "field_2": "Lainya", "field_3": "Open Area", "field_4": 651300.5, "field_5": 9206044.0 }, "geometry": { "type": "Point", "coordinates": [ 112.370249064467231, -7.180746279562388 ] } },
{ "type": "Feature", "properties": { "field_1": 1442508, "field_2": "Lainya", "field_3": "Open Area", "field_4": 651300.5, "field_5": 9206031.5 }, "geometry": { "type": "Point", "coordinates": [ 112.370249402889385, -7.180859320694249 ] } },
{ "type": "Feature", "properties": { "field_1": 1442509, "field_2": "Lainya", "field_3": "Open Area", "field_4": 651300.5, "field_5": 9206019.0 }, "geometry": { "type": "Point", "coordinates": [ 112.370249741317025, -7.180972361825538 ] } },
{ "type": "Feature", "properties": { "field_1": 1442510, "field_2": "Lainya", "field_3": "Open Area", "field_4": 651300.5, "field_5": 9206006.5 }, "geometry": { "type": "Point", "coordinates": [ 112.370250079750107, -7.181085402956256 ] } },
{ "type": "Feature", "properties": { "field_1": 1442511, "field_2": "Lainya", "field_3": "Open Area", "field_4": 651300.5, "field_5": 9205994.0 }, "geometry": { "type": "Point", "coordinates": [ 112.370250418188675, -7.181198444086403 ] } },
{ "type": "Feature", "properties": { "field_1": 1442512, "field_2": "Lainya", "field_3": "Open Area", "field_4": 651300.5, "field_5": 9205981.5 }, "geometry": { "type": "Point", "coordinates": [ 112.370250756632686, -7.181311485215979 ] } },
{ "type": "Feature", "properties": { "field_1": 1442513, "field_2": "Lainya", "field_3": "Open Area", "field_4": 651300.5, "field_5": 9205969.0 }, "geometry": { "type": "Point", "coordinates": [ 112.370251095082196, -7.181424526344982 ] } },
{ "type": "Feature", "properties": { "field_1": 1442514, "field_2": "Lainya", "field_3": "Open Area", "field_4": 651300.5, "field_5": 9205956.5 }, "geometry": { "type": "Point", "coordinates": [ 112.370251433537149, -7.181537567473413 ] } },
{ "type": "Feature", "properties": { "field_1": 1442515, "field_2": "Lainya", "field_3": "Open Area", "field_4": 651300.5, "field_5": 9205944.0 }, "geometry": { "type": "Point", "coordinates": [ 112.370251771997573, -7.181650608601274 ] } },
{ "type": "Feature", "properties": { "field_1": 1442516, "field_2": "Lainya", "field_3": "Open Area", "field_4": 651300.5, "field_5": 9205931.5 }, "geometry": { "type": "Point", "coordinates": [ 112.370252110463468, -7.181763649728562 ] } },
{ "type": "Feature", "properties": { "field_1": 1442517, "field_2": "Lainya", "field_3": "Open Area", "field_4": 651300.5, "field_5": 9205919.0 }, "geometry": { "type": "Point", "coordinates": [ 112.370252448934835, -7.181876690855279 ] } },
{ "type": "Feature", "properties": { "field_1": 1442518, "field_2": "Lainya", "field_3": "Open Area", "field_4": 651300.5, "field_5": 9205906.5 }, "geometry": { "type": "Point", "coordinates": [ 112.370252787411658, -7.181989731981427 ] } },
{ "type": "Feature", "properties": { "field_1": 1442519, "field_2": "Lainya", "field_3": "Open Area", "field_4": 651300.5, "field_5": 9205894.0 }, "geometry": { "type": "Point", "coordinates": [ 112.370253125893953, -7.182102773107001 ] } },
{ "type": "Feature", "properties": { "field_1": 1442520, "field_2": "Lainya", "field_3": "Open Area", "field_4": 651300.5, "field_5": 9205881.5 }, "geometry": { "type": "Point", "coordinates": [ 112.370253464381705, -7.182215814232004 ] } },
{ "type": "Feature", "properties": { "field_1": 1442521, "field_2": "Lainya", "field_3": "Open Area", "field_4": 651300.5, "field_5": 9205869.0 }, "geometry": { "type": "Point", "coordinates": [ 112.370253802874942, -7.182328855356437 ] } },
{ "type": "Feature", "properties": { "field_1": 1442522, "field_2": "Lainya", "field_3": "Open Area", "field_4": 651300.5, "field_5": 9205856.5 }, "geometry": { "type": "Point", "coordinates": [ 112.370254141373636, -7.182441896480295 ] } },
{ "type": "Feature", "properties": { "field_1": 1442523, "field_2": "Lainya", "field_3": "Open Area", "field_4": 651300.5, "field_5": 9205844.0 }, "geometry": { "type": "Point", "coordinates": [ 112.370254479877801, -7.182554937603584 ] } },
{ "type": "Feature", "properties": { "field_1": 1442524, "field_2": "Lainya", "field_3": "Open Area", "field_4": 651300.5, "field_5": 9205831.5 }, "geometry": { "type": "Point", "coordinates": [ 112.370254818387423, -7.182667978726301 ] } },
{ "type": "Feature", "properties": { "field_1": 1442525, "field_2": "Lainya", "field_3": "Open Area", "field_4": 651300.5, "field_5": 9205819.0 }, "geometry": { "type": "Point", "coordinates": [ 112.37025515690253, -7.182781019848449 ] } },
{ "type": "Feature", "properties": { "field_1": 1442526, "field_2": "Lainya", "field_3": "Open Area", "field_4": 651300.5, "field_5": 9205806.5 }, "geometry": { "type": "Point", "coordinates": [ 112.370255495423081, -7.182894060970021 ] } },
{ "type": "Feature", "properties": { "field_1": 1442527, "field_2": "Lainya", "field_3": "Open Area", "field_4": 651300.5, "field_5": 9205794.0 }, "geometry": { "type": "Point", "coordinates": [ 112.370255833949102, -7.183007102091023 ] } },
{ "type": "Feature", "properties": { "field_1": 1442528, "field_2": "Lainya", "field_3": "Open Area", "field_4": 651300.5, "field_5": 9205781.5 }, "geometry": { "type": "Point", "coordinates": [ 112.370256172480609, -7.183120143211454 ] } },
{ "type": "Feature", "properties": { "field_1": 1442529, "field_2": "Lainya", "field_3": "Open Area", "field_4": 651300.5, "field_5": 9205769.0 }, "geometry": { "type": "Point", "coordinates": [ 112.370256511017558, -7.183233184331313 ] } },
{ "type": "Feature", "properties": { "field_1": 1442530, "field_2": "Lainya", "field_3": "Open Area", "field_4": 651300.5, "field_5": 9205756.5 }, "geometry": { "type": "Point", "coordinates": [ 112.370256849559993, -7.183346225450602 ] } },
{ "type": "Feature", "properties": { "field_1": 1442531, "field_2": "Lainya", "field_3": "Open Area", "field_4": 651300.5, "field_5": 9205744.0 }, "geometry": { "type": "Point", "coordinates": [ 112.3702571881079, -7.183459266569318 ] } },
{ "type": "Feature", "properties": { "field_1": 1442532, "field_2": "Lainya", "field_3": "Open Area", "field_4": 651300.5, "field_5": 9205731.5 }, "geometry": { "type": "Point", "coordinates": [ 112.370257526661248, -7.183572307687462 ] } },
{ "type": "Feature", "properties": { "field_1": 1442533, "field_2": "Lainya", "field_3": "Open Area", "field_4": 651300.5, "field_5": 9205719.0 }, "geometry": { "type": "Point", "coordinates": [ 112.370257865220083, -7.183685348805033 ] } },
{ "type": "Feature", "properties": { "field_1": 1442534, "field_2": "Lainya", "field_3": "Open Area", "field_4": 651300.5, "field_5": 9205706.5 }, "geometry": { "type": "Point", "coordinates": [ 112.370258203784388, -7.183798389922034 ] } },
{ "type": "Feature", "properties": { "field_1": 1442535, "field_2": "Lainya", "field_3": "Open Area", "field_4": 651300.5, "field_5": 9205694.0 }, "geometry": { "type": "Point", "coordinates": [ 112.370258542354136, -7.183911431038462 ] } },
{ "type": "Feature", "properties": { "field_1": 1442536, "field_2": "Lainya", "field_3": "Open Area", "field_4": 651300.5, "field_5": 9205681.5 }, "geometry": { "type": "Point", "coordinates": [ 112.37025888092937, -7.184024472154321 ] } },
{ "type": "Feature", "properties": { "field_1": 1442537, "field_2": "Lainya", "field_3": "Open Area", "field_4": 651300.5, "field_5": 9205669.0 }, "geometry": { "type": "Point", "coordinates": [ 112.370259219510061, -7.184137513269609 ] } },
{ "type": "Feature", "properties": { "field_1": 1442538, "field_2": "Lainya", "field_3": "Open Area", "field_4": 651300.5, "field_5": 9205656.5 }, "geometry": { "type": "Point", "coordinates": [ 112.370259558096237, -7.184250554384323 ] } },
{ "type": "Feature", "properties": { "field_1": 1442539, "field_2": "Lainya", "field_3": "Open Area", "field_4": 651300.5, "field_5": 9205644.0 }, "geometry": { "type": "Point", "coordinates": [ 112.37025989668787, -7.184363595498464 ] } },
{ "type": "Feature", "properties": { "field_1": 1442540, "field_2": "Lainya", "field_3": "Open Area", "field_4": 651300.5, "field_5": 9205631.5 }, "geometry": { "type": "Point", "coordinates": [ 112.37026023528496, -7.184476636612036 ] } },
{ "type": "Feature", "properties": { "field_1": 1442541, "field_2": "Lainya", "field_3": "Open Area", "field_4": 651300.5, "field_5": 9205619.0 }, "geometry": { "type": "Point", "coordinates": [ 112.370260573887521, -7.184589677725036 ] } },
{ "type": "Feature", "properties": { "field_1": 1442542, "field_2": "Lainya", "field_3": "Open Area", "field_4": 651300.5, "field_5": 9205606.5 }, "geometry": { "type": "Point", "coordinates": [ 112.370260912495553, -7.184702718837464 ] } },
{ "type": "Feature", "properties": { "field_1": 1442543, "field_2": "Lainya", "field_3": "Open Area", "field_4": 651300.5, "field_5": 9205594.0 }, "geometry": { "type": "Point", "coordinates": [ 112.370261251109056, -7.18481575994932 ] } },
{ "type": "Feature", "properties": { "field_1": 1442544, "field_2": "Lainya", "field_3": "Open Area", "field_4": 651300.5, "field_5": 9205581.5 }, "geometry": { "type": "Point", "coordinates": [ 112.370261589728031, -7.184928801060602 ] } },
{ "type": "Feature", "properties": { "field_1": 1442545, "field_2": "Lainya", "field_3": "Open Area", "field_4": 651300.5, "field_5": 9205569.0 }, "geometry": { "type": "Point", "coordinates": [ 112.370261928352448, -7.185041842171317 ] } },
{ "type": "Feature", "properties": { "field_1": 1442546, "field_2": "Lainya", "field_3": "Open Area", "field_4": 651300.5, "field_5": 9205556.5 }, "geometry": { "type": "Point", "coordinates": [ 112.370262266982351, -7.185154883281457 ] } },
{ "type": "Feature", "properties": { "field_1": 1442547, "field_2": "Lainya", "field_3": "Open Area", "field_4": 651300.5, "field_5": 9205544.0 }, "geometry": { "type": "Point", "coordinates": [ 112.370262605617711, -7.185267924391025 ] } },
{ "type": "Feature", "properties": { "field_1": 1442548, "field_2": "Lainya", "field_3": "Open Area", "field_4": 651300.5, "field_5": 9205531.5 }, "geometry": { "type": "Point", "coordinates": [ 112.370262944258542, -7.185380965500022 ] } },
{ "type": "Feature", "properties": { "field_1": 1442549, "field_2": "Lainya", "field_3": "Open Area", "field_4": 651300.5, "field_5": 9205519.0 }, "geometry": { "type": "Point", "coordinates": [ 112.370263282904844, -7.185494006608449 ] } },
{ "type": "Feature", "properties": { "field_1": 1442550, "field_2": "Lainya", "field_3": "Open Area", "field_4": 651300.5, "field_5": 9205506.5 }, "geometry": { "type": "Point", "coordinates": [ 112.370263621556617, -7.185607047716302 ] } },
{ "type": "Feature", "properties": { "field_1": 1442551, "field_2": "Lainya", "field_3": "Open Area", "field_4": 651300.5, "field_5": 9205494.0 }, "geometry": { "type": "Point", "coordinates": [ 112.370263960213848, -7.185720088823583 ] } },
{ "type": "Feature", "properties": { "field_1": 1442552, "field_2": "Lainya", "field_3": "Open Area", "field_4": 651300.5, "field_5": 9205481.5 }, "geometry": { "type": "Point", "coordinates": [ 112.370264298876549, -7.185833129930293 ] } },
{ "type": "Feature", "properties": { "field_1": 1442553, "field_2": "Lainya", "field_3": "Open Area", "field_4": 651300.5, "field_5": 9205469.0 }, "geometry": { "type": "Point", "coordinates": [ 112.370264637544722, -7.185946171036432 ] } },
{ "type": "Feature", "properties": { "field_1": 1442554, "field_2": "Lainya", "field_3": "Open Area", "field_4": 651300.5, "field_5": 9205456.5 }, "geometry": { "type": "Point", "coordinates": [ 112.370264976218351, -7.186059212141998 ] } },
{ "type": "Feature", "properties": { "field_1": 1442555, "field_2": "Lainya", "field_3": "Open Area", "field_4": 651300.5, "field_5": 9205444.0 }, "geometry": { "type": "Point", "coordinates": [ 112.370265314897452, -7.186172253246992 ] } },
{ "type": "Feature", "properties": { "field_1": 1442556, "field_2": "Lainya", "field_3": "Open Area", "field_4": 651300.5, "field_5": 9205431.5 }, "geometry": { "type": "Point", "coordinates": [ 112.370265653582024, -7.186285294351416 ] } },
{ "type": "Feature", "properties": { "field_1": 1442557, "field_2": "Lainya", "field_3": "Open Area", "field_4": 651300.5, "field_5": 9205419.0 }, "geometry": { "type": "Point", "coordinates": [ 112.370265992272053, -7.186398335455267 ] } },
{ "type": "Feature", "properties": { "field_1": 1442558, "field_2": "Lainya", "field_3": "Open Area", "field_4": 651300.5, "field_5": 9205406.5 }, "geometry": { "type": "Point", "coordinates": [ 112.370266330967567, -7.186511376558545 ] } },
{ "type": "Feature", "properties": { "field_1": 1442559, "field_2": "Lainya", "field_3": "Open Area", "field_4": 651300.5, "field_5": 9205394.0 }, "geometry": { "type": "Point", "coordinates": [ 112.370266669668538, -7.186624417661251 ] } },
{ "type": "Feature", "properties": { "field_1": 1442560, "field_2": "Lainya", "field_3": "Open Area", "field_4": 651300.5, "field_5": 9205381.5 }, "geometry": { "type": "Point", "coordinates": [ 112.370267008374967, -7.186737458763388 ] } },
{ "type": "Feature", "properties": { "field_1": 1442561, "field_2": "Lainya", "field_3": "Open Area", "field_4": 651300.5, "field_5": 9205369.0 }, "geometry": { "type": "Point", "coordinates": [ 112.37026734708688, -7.186850499864952 ] } },
{ "type": "Feature", "properties": { "field_1": 1442562, "field_2": "Lainya", "field_3": "Open Area", "field_4": 651300.5, "field_5": 9205356.5 }, "geometry": { "type": "Point", "coordinates": [ 112.370267685804251, -7.186963540965944 ] } },
{ "type": "Feature", "properties": { "field_1": 1442563, "field_2": "Lainya", "field_3": "Open Area", "field_4": 651300.5, "field_5": 9205344.0 }, "geometry": { "type": "Point", "coordinates": [ 112.370268024527093, -7.187076582066362 ] } },
{ "type": "Feature", "properties": { "field_1": 1442564, "field_2": "Lainya", "field_3": "Open Area", "field_4": 651300.5, "field_5": 9205331.5 }, "geometry": { "type": "Point", "coordinates": [ 112.370268363255391, -7.187189623166212 ] } },
{ "type": "Feature", "properties": { "field_1": 1442565, "field_2": "Lainya", "field_3": "Open Area", "field_4": 651300.5, "field_5": 9205319.0 }, "geometry": { "type": "Point", "coordinates": [ 112.370268701989161, -7.187302664265487 ] } },
{ "type": "Feature", "properties": { "field_1": 1442566, "field_2": "Lainya", "field_3": "Open Area", "field_4": 651300.5, "field_5": 9205306.5 }, "geometry": { "type": "Point", "coordinates": [ 112.370269040728402, -7.187415705364192 ] } },
{ "type": "Feature", "properties": { "field_1": 1442567, "field_2": "Lainya", "field_3": "Open Area", "field_4": 651300.5, "field_5": 9205294.0 }, "geometry": { "type": "Point", "coordinates": [ 112.370269379473115, -7.187528746462323 ] } },
{ "type": "Feature", "properties": { "field_1": 1442568, "field_2": "Lainya", "field_3": "Open Area", "field_4": 651300.5, "field_5": 9205281.5 }, "geometry": { "type": "Point", "coordinates": [ 112.370269718223284, -7.187641787559883 ] } },
{ "type": "Feature", "properties": { "field_1": 1442569, "field_2": "Lainya", "field_3": "Open Area", "field_4": 651300.5, "field_5": 9205269.0 }, "geometry": { "type": "Point", "coordinates": [ 112.370270056978924, -7.187754828656872 ] } },
{ "type": "Feature", "properties": { "field_1": 1442570, "field_2": "Lainya", "field_3": "Open Area", "field_4": 651300.5, "field_5": 9205256.5 }, "geometry": { "type": "Point", "coordinates": [ 112.370270395740022, -7.187867869753288 ] } },
{ "type": "Feature", "properties": { "field_1": 1442571, "field_2": "Lainya", "field_3": "Open Area", "field_4": 651300.5, "field_5": 9205244.0 }, "geometry": { "type": "Point", "coordinates": [ 112.370270734506605, -7.18798091084913 ] } },
{ "type": "Feature", "properties": { "field_1": 1442572, "field_2": "Lainya", "field_3": "Open Area", "field_4": 651300.5, "field_5": 9205231.5 }, "geometry": { "type": "Point", "coordinates": [ 112.370271073278658, -7.188093951944404 ] } },
{ "type": "Feature", "properties": { "field_1": 1442573, "field_2": "Lainya", "field_3": "Open Area", "field_4": 651300.5, "field_5": 9205219.0 }, "geometry": { "type": "Point", "coordinates": [ 112.370271412056155, -7.188206993039104 ] } },
{ "type": "Feature", "properties": { "field_1": 1442574, "field_2": "Lainya", "field_3": "Open Area", "field_4": 651300.5, "field_5": 9205206.5 }, "geometry": { "type": "Point", "coordinates": [ 112.370271750839137, -7.188320034133232 ] } },
{ "type": "Feature", "properties": { "field_1": 1442575, "field_2": "Lainya", "field_3": "Open Area", "field_4": 651300.5, "field_5": 9205194.0 }, "geometry": { "type": "Point", "coordinates": [ 112.370272089627576, -7.188433075226789 ] } },
{ "type": "Feature", "properties": { "field_1": 1442576, "field_2": "Lainya", "field_3": "Open Area", "field_4": 651300.5, "field_5": 9205181.5 }, "geometry": { "type": "Point", "coordinates": [ 112.370272428421487, -7.188546116319773 ] } }
]
}
