{
"type": "FeatureCollection",
"name": "field_3_Potensi Kecelakaan",
"crs": { "type": "name", "properties": { "name": "urn:ogc:def:crs:EPSG::32749" } },
"xy_coordinate_resolution": 1e-15,
"features": [
{ "type": "Feature", "properties": { "field_1": 1102595, "field_2": "Lainnya", "field_3": "Potensi Kecelakaan", "field_4": 634300.5, "field_5": 9207394.0 }, "geometry": { "type": "Point", "coordinates": [ 634300.5, 9207394.0 ] } },
{ "type": "Feature", "properties": { "field_1": 1102754, "field_2": "Lainnya", "field_3": "Potensi Kecelakaan", "field_4": 634300.5, "field_5": 9205406.5 }, "geometry": { "type": "Point", "coordinates": [ 634300.5, 9205406.5 ] } },
{ "type": "Feature", "properties": { "field_1": 1191442, "field_2": "Lainnya", "field_3": "Potensi Kecelakaan", "field_4": 628594.3, "field_5": 9217800.3 }, "geometry": { "type": "Point", "coordinates": [ 628594.300000000046566, 9217800.300000000745058 ] } },
{ "type": "Feature", "properties": { "field_1": 1191443, "field_2": "Lainnya", "field_3": "Potensi Kecelakaan", "field_4": 628606.8, "field_5": 9217800.3 }, "geometry": { "type": "Point", "coordinates": [ 628606.800000000046566, 9217800.300000000745058 ] } },
{ "type": "Feature", "properties": { "field_1": 1191444, "field_2": "Lainnya", "field_3": "Potensi Kecelakaan", "field_4": 628619.3, "field_5": 9217800.3 }, "geometry": { "type": "Point", "coordinates": [ 628619.300000000046566, 9217800.300000000745058 ] } },
{ "type": "Feature", "properties": { "field_1": 1191445, "field_2": "Lainnya", "field_3": "Potensi Kecelakaan", "field_4": 628631.8, "field_5": 9217800.3 }, "geometry": { "type": "Point", "coordinates": [ 628631.800000000046566, 9217800.300000000745058 ] } },
{ "type": "Feature", "properties": { "field_1": 1202006, "field_2": "Lainnya", "field_3": "Potensi Kecelakaan", "field_4": 639300.5, "field_5": 9215256.59 }, "geometry": { "type": "Point", "coordinates": [ 639300.5, 9215256.589999999850988 ] } },
{ "type": "Feature", "properties": { "field_1": 1202007, "field_2": "Lainnya", "field_3": "Potensi Kecelakaan", "field_4": 639300.5, "field_5": 9215244.0 }, "geometry": { "type": "Point", "coordinates": [ 639300.5, 9215244.0 ] } },
{ "type": "Feature", "properties": { "field_1": 1202008, "field_2": "Lainnya", "field_3": "Potensi Kecelakaan", "field_4": 639300.5, "field_5": 9215231.59 }, "geometry": { "type": "Point", "coordinates": [ 639300.5, 9215231.589999999850988 ] } },
{ "type": "Feature", "properties": { "field_1": 1202009, "field_2": "Lainnya", "field_3": "Potensi Kecelakaan", "field_4": 639300.5, "field_5": 9215219.0 }, "geometry": { "type": "Point", "coordinates": [ 639300.5, 9215219.0 ] } },
{ "type": "Feature", "properties": { "field_1": 1202010, "field_2": "Lainnya", "field_3": "Potensi Kecelakaan", "field_4": 639300.5, "field_5": 9215206.59 }, "geometry": { "type": "Point", "coordinates": [ 639300.5, 9215206.589999999850988 ] } },
{ "type": "Feature", "properties": { "field_1": 1202011, "field_2": "Lainnya", "field_3": "Potensi Kecelakaan", "field_4": 639300.5, "field_5": 9215194.0 }, "geometry": { "type": "Point", "coordinates": [ 639300.5, 9215194.0 ] } },
{ "type": "Feature", "properties": { "field_1": 1202012, "field_2": "Lainnya", "field_3": "Potensi Kecelakaan", "field_4": 639300.5, "field_5": 9215181.59 }, "geometry": { "type": "Point", "coordinates": [ 639300.5, 9215181.589999999850988 ] } },
{ "type": "Feature", "properties": { "field_1": 1252083, "field_2": "Lainnya", "field_3": "Potensi Kecelakaan", "field_4": 638656.8, "field_5": 9220800.3 }, "geometry": { "type": "Point", "coordinates": [ 638656.800000000046566, 9220800.300000000745058 ] } },
{ "type": "Feature", "properties": { "field_1": 1252084, "field_2": "Lainnya", "field_3": "Potensi Kecelakaan", "field_4": 638669.3, "field_5": 9220800.39 }, "geometry": { "type": "Point", "coordinates": [ 638669.300000000046566, 9220800.390000000596046 ] } },
{ "type": "Feature", "properties": { "field_1": 1252085, "field_2": "Lainnya", "field_3": "Potensi Kecelakaan", "field_4": 638681.8, "field_5": 9220800.3 }, "geometry": { "type": "Point", "coordinates": [ 638681.800000000046566, 9220800.300000000745058 ] } },
{ "type": "Feature", "properties": { "field_1": 1321896, "field_2": "Lainnya", "field_3": "Potensi Kecelakaan", "field_4": 645300.5, "field_5": 9215681.59 }, "geometry": { "type": "Point", "coordinates": [ 645300.5, 9215681.589999999850988 ] } },
{ "type": "Feature", "properties": { "field_1": 1321897, "field_2": "Lainnya", "field_3": "Potensi Kecelakaan", "field_4": 645300.5, "field_5": 9215669.0 }, "geometry": { "type": "Point", "coordinates": [ 645300.5, 9215669.0 ] } },
{ "type": "Feature", "properties": { "field_1": 1321898, "field_2": "Lainnya", "field_3": "Potensi Kecelakaan", "field_4": 645300.5, "field_5": 9215656.59 }, "geometry": { "type": "Point", "coordinates": [ 645300.5, 9215656.589999999850988 ] } },
{ "type": "Feature", "properties": { "field_1": 1321899, "field_2": "Lainnya", "field_3": "Potensi Kecelakaan", "field_4": 645300.5, "field_5": 9215644.0 }, "geometry": { "type": "Point", "coordinates": [ 645300.5, 9215644.0 ] } },
{ "type": "Feature", "properties": { "field_1": 1323000, "field_2": "Lainnya", "field_3": "Potensi Kecelakaan", "field_4": 645300.5, "field_5": 9201881.5 }, "geometry": { "type": "Point", "coordinates": [ 645300.5, 9201881.5 ] } },
{ "type": "Feature", "properties": { "field_1": 1322999, "field_2": "Lainnya", "field_3": "Potensi Kecelakaan", "field_4": 645300.5, "field_5": 9201894.0 }, "geometry": { "type": "Point", "coordinates": [ 645300.5, 9201894.0 ] } },
{ "type": "Feature", "properties": { "field_1": 1322998, "field_2": "Lainnya", "field_3": "Potensi Kecelakaan", "field_4": 645300.5, "field_5": 9201906.5 }, "geometry": { "type": "Point", "coordinates": [ 645300.5, 9201906.5 ] } },
{ "type": "Feature", "properties": { "field_1": 1322997, "field_2": "Lainnya", "field_3": "Potensi Kecelakaan", "field_4": 645300.5, "field_5": 9201919.0 }, "geometry": { "type": "Point", "coordinates": [ 645300.5, 9201919.0 ] } },
{ "type": "Feature", "properties": { "field_1": 1322996, "field_2": "Lainnya", "field_3": "Potensi Kecelakaan", "field_4": 645300.5, "field_5": 9201931.5 }, "geometry": { "type": "Point", "coordinates": [ 645300.5, 9201931.5 ] } },
{ "type": "Feature", "properties": { "field_1": 1322995, "field_2": "Lainnya", "field_3": "Potensi Kecelakaan", "field_4": 645300.5, "field_5": 9201944.0 }, "geometry": { "type": "Point", "coordinates": [ 645300.5, 9201944.0 ] } },
{ "type": "Feature", "properties": { "field_1": 1322994, "field_2": "Lainnya", "field_3": "Potensi Kecelakaan", "field_4": 645300.5, "field_5": 9201956.5 }, "geometry": { "type": "Point", "coordinates": [ 645300.5, 9201956.5 ] } },
{ "type": "Feature", "properties": { "field_1": 1322993, "field_2": "Lainnya", "field_3": "Potensi Kecelakaan", "field_4": 645300.5, "field_5": 9201969.0 }, "geometry": { "type": "Point", "coordinates": [ 645300.5, 9201969.0 ] } },
{ "type": "Feature", "properties": { "field_1": 1322992, "field_2": "Lainnya", "field_3": "Potensi Kecelakaan", "field_4": 645300.5, "field_5": 9201981.5 }, "geometry": { "type": "Point", "coordinates": [ 645300.5, 9201981.5 ] } },
{ "type": "Feature", "properties": { "field_1": 1322991, "field_2": "Lainnya", "field_3": "Potensi Kecelakaan", "field_4": 645300.5, "field_5": 9201994.0 }, "geometry": { "type": "Point", "coordinates": [ 645300.5, 9201994.0 ] } },
{ "type": "Feature", "properties": { "field_1": 1322990, "field_2": "Lainnya", "field_3": "Potensi Kecelakaan", "field_4": 645300.5, "field_5": 9202006.5 }, "geometry": { "type": "Point", "coordinates": [ 645300.5, 9202006.5 ] } },
{ "type": "Feature", "properties": { "field_1": 1322989, "field_2": "Lainnya", "field_3": "Potensi Kecelakaan", "field_4": 645300.5, "field_5": 9202019.0 }, "geometry": { "type": "Point", "coordinates": [ 645300.5, 9202019.0 ] } },
{ "type": "Feature", "properties": { "field_1": 1322988, "field_2": "Lainnya", "field_3": "Potensi Kecelakaan", "field_4": 645300.5, "field_5": 9202031.5 }, "geometry": { "type": "Point", "coordinates": [ 645300.5, 9202031.5 ] } },
{ "type": "Feature", "properties": { "field_1": 1322987, "field_2": "Lainnya", "field_3": "Potensi Kecelakaan", "field_4": 645300.5, "field_5": 9202044.0 }, "geometry": { "type": "Point", "coordinates": [ 645300.5, 9202044.0 ] } },
{ "type": "Feature", "properties": { "field_1": 1322986, "field_2": "Lainnya", "field_3": "Potensi Kecelakaan", "field_4": 645300.5, "field_5": 9202056.5 }, "geometry": { "type": "Point", "coordinates": [ 645300.5, 9202056.5 ] } },
{ "type": "Feature", "properties": { "field_1": 1322985, "field_2": "Lainnya", "field_3": "Potensi Kecelakaan", "field_4": 645300.5, "field_5": 9202069.0 }, "geometry": { "type": "Point", "coordinates": [ 645300.5, 9202069.0 ] } },
{ "type": "Feature", "properties": { "field_1": 1322984, "field_2": "Lainnya", "field_3": "Potensi Kecelakaan", "field_4": 645300.5, "field_5": 9202081.5 }, "geometry": { "type": "Point", "coordinates": [ 645300.5, 9202081.5 ] } },
{ "type": "Feature", "properties": { "field_1": 1322983, "field_2": "Lainnya", "field_3": "Potensi Kecelakaan", "field_4": 645300.5, "field_5": 9202094.0 }, "geometry": { "type": "Point", "coordinates": [ 645300.5, 9202094.0 ] } },
{ "type": "Feature", "properties": { "field_1": 1322982, "field_2": "Lainnya", "field_3": "Potensi Kecelakaan", "field_4": 645300.5, "field_5": 9202106.5 }, "geometry": { "type": "Point", "coordinates": [ 645300.5, 9202106.5 ] } },
{ "type": "Feature", "properties": { "field_1": 1322981, "field_2": "Lainnya", "field_3": "Potensi Kecelakaan", "field_4": 645300.5, "field_5": 9202119.0 }, "geometry": { "type": "Point", "coordinates": [ 645300.5, 9202119.0 ] } },
{ "type": "Feature", "properties": { "field_1": 1322980, "field_2": "Lainnya", "field_3": "Potensi Kecelakaan", "field_4": 645300.5, "field_5": 9202131.5 }, "geometry": { "type": "Point", "coordinates": [ 645300.5, 9202131.5 ] } },
{ "type": "Feature", "properties": { "field_1": 1322979, "field_2": "Lainnya", "field_3": "Potensi Kecelakaan", "field_4": 645300.5, "field_5": 9202144.0 }, "geometry": { "type": "Point", "coordinates": [ 645300.5, 9202144.0 ] } },
{ "type": "Feature", "properties": { "field_1": 1322978, "field_2": "Lainnya", "field_3": "Potensi Kecelakaan", "field_4": 645300.5, "field_5": 9202156.5 }, "geometry": { "type": "Point", "coordinates": [ 645300.5, 9202156.5 ] } },
{ "type": "Feature", "properties": { "field_1": 1322977, "field_2": "Lainnya", "field_3": "Potensi Kecelakaan", "field_4": 645300.5, "field_5": 9202169.0 }, "geometry": { "type": "Point", "coordinates": [ 645300.5, 9202169.0 ] } },
{ "type": "Feature", "properties": { "field_1": 1322976, "field_2": "Lainnya", "field_3": "Potensi Kecelakaan", "field_4": 645300.5, "field_5": 9202181.5 }, "geometry": { "type": "Point", "coordinates": [ 645300.5, 9202181.5 ] } },
{ "type": "Feature", "properties": { "field_1": 1322975, "field_2": "Lainnya", "field_3": "Potensi Kecelakaan", "field_4": 645300.5, "field_5": 9202194.0 }, "geometry": { "type": "Point", "coordinates": [ 645300.5, 9202194.0 ] } },
{ "type": "Feature", "properties": { "field_1": 1322974, "field_2": "Lainnya", "field_3": "Potensi Kecelakaan", "field_4": 645300.5, "field_5": 9202206.5 }, "geometry": { "type": "Point", "coordinates": [ 645300.5, 9202206.5 ] } },
{ "type": "Feature", "properties": { "field_1": 1322973, "field_2": "Lainnya", "field_3": "Potensi Kecelakaan", "field_4": 645300.5, "field_5": 9202219.0 }, "geometry": { "type": "Point", "coordinates": [ 645300.5, 9202219.0 ] } },
{ "type": "Feature", "properties": { "field_1": 1322972, "field_2": "Lainnya", "field_3": "Potensi Kecelakaan", "field_4": 645300.5, "field_5": 9202231.5 }, "geometry": { "type": "Point", "coordinates": [ 645300.5, 9202231.5 ] } },
{ "type": "Feature", "properties": { "field_1": 1322971, "field_2": "Lainnya", "field_3": "Potensi Kecelakaan", "field_4": 645300.5, "field_5": 9202244.0 }, "geometry": { "type": "Point", "coordinates": [ 645300.5, 9202244.0 ] } },
{ "type": "Feature", "properties": { "field_1": 1322970, "field_2": "Lainnya", "field_3": "Potensi Kecelakaan", "field_4": 645300.5, "field_5": 9202256.5 }, "geometry": { "type": "Point", "coordinates": [ 645300.5, 9202256.5 ] } },
{ "type": "Feature", "properties": { "field_1": 1322969, "field_2": "Lainnya", "field_3": "Potensi Kecelakaan", "field_4": 645300.5, "field_5": 9202269.0 }, "geometry": { "type": "Point", "coordinates": [ 645300.5, 9202269.0 ] } },
{ "type": "Feature", "properties": { "field_1": 1322968, "field_2": "Lainnya", "field_3": "Potensi Kecelakaan", "field_4": 645300.5, "field_5": 9202281.5 }, "geometry": { "type": "Point", "coordinates": [ 645300.5, 9202281.5 ] } },
{ "type": "Feature", "properties": { "field_1": 1322967, "field_2": "Lainnya", "field_3": "Potensi Kecelakaan", "field_4": 645300.5, "field_5": 9202294.0 }, "geometry": { "type": "Point", "coordinates": [ 645300.5, 9202294.0 ] } },
{ "type": "Feature", "properties": { "field_1": 1322966, "field_2": "Lainnya", "field_3": "Potensi Kecelakaan", "field_4": 645300.5, "field_5": 9202306.5 }, "geometry": { "type": "Point", "coordinates": [ 645300.5, 9202306.5 ] } },
{ "type": "Feature", "properties": { "field_1": 1322965, "field_2": "Lainnya", "field_3": "Potensi Kecelakaan", "field_4": 645300.5, "field_5": 9202319.0 }, "geometry": { "type": "Point", "coordinates": [ 645300.5, 9202319.0 ] } },
{ "type": "Feature", "properties": { "field_1": 1322964, "field_2": "Lainnya", "field_3": "Potensi Kecelakaan", "field_4": 645300.5, "field_5": 9202331.5 }, "geometry": { "type": "Point", "coordinates": [ 645300.5, 9202331.5 ] } },
{ "type": "Feature", "properties": { "field_1": 1322963, "field_2": "Lainnya", "field_3": "Potensi Kecelakaan", "field_4": 645300.5, "field_5": 9202344.0 }, "geometry": { "type": "Point", "coordinates": [ 645300.5, 9202344.0 ] } },
{ "type": "Feature", "properties": { "field_1": 1322962, "field_2": "Lainnya", "field_3": "Potensi Kecelakaan", "field_4": 645300.5, "field_5": 9202356.5 }, "geometry": { "type": "Point", "coordinates": [ 645300.5, 9202356.5 ] } },
{ "type": "Feature", "properties": { "field_1": 1322961, "field_2": "Lainnya", "field_3": "Potensi Kecelakaan", "field_4": 645300.5, "field_5": 9202369.0 }, "geometry": { "type": "Point", "coordinates": [ 645300.5, 9202369.0 ] } },
{ "type": "Feature", "properties": { "field_1": 1322960, "field_2": "Lainnya", "field_3": "Potensi Kecelakaan", "field_4": 645300.5, "field_5": 9202381.5 }, "geometry": { "type": "Point", "coordinates": [ 645300.5, 9202381.5 ] } },
{ "type": "Feature", "properties": { "field_1": 1322959, "field_2": "Lainnya", "field_3": "Potensi Kecelakaan", "field_4": 645300.5, "field_5": 9202394.0 }, "geometry": { "type": "Point", "coordinates": [ 645300.5, 9202394.0 ] } },
{ "type": "Feature", "properties": { "field_1": 1322958, "field_2": "Lainnya", "field_3": "Potensi Kecelakaan", "field_4": 645300.5, "field_5": 9202406.5 }, "geometry": { "type": "Point", "coordinates": [ 645300.5, 9202406.5 ] } },
{ "type": "Feature", "properties": { "field_1": 1322957, "field_2": "Lainnya", "field_3": "Potensi Kecelakaan", "field_4": 645300.5, "field_5": 9202419.0 }, "geometry": { "type": "Point", "coordinates": [ 645300.5, 9202419.0 ] } },
{ "type": "Feature", "properties": { "field_1": 1322956, "field_2": "Lainnya", "field_3": "Potensi Kecelakaan", "field_4": 645300.5, "field_5": 9202431.5 }, "geometry": { "type": "Point", "coordinates": [ 645300.5, 9202431.5 ] } },
{ "type": "Feature", "properties": { "field_1": 1322955, "field_2": "Lainnya", "field_3": "Potensi Kecelakaan", "field_4": 645300.5, "field_5": 9202444.0 }, "geometry": { "type": "Point", "coordinates": [ 645300.5, 9202444.0 ] } },
{ "type": "Feature", "properties": { "field_1": 1322954, "field_2": "Lainnya", "field_3": "Potensi Kecelakaan", "field_4": 645300.5, "field_5": 9202456.5 }, "geometry": { "type": "Point", "coordinates": [ 645300.5, 9202456.5 ] } },
{ "type": "Feature", "properties": { "field_1": 1322953, "field_2": "Lainnya", "field_3": "Potensi Kecelakaan", "field_4": 645300.5, "field_5": 9202469.0 }, "geometry": { "type": "Point", "coordinates": [ 645300.5, 9202469.0 ] } },
{ "type": "Feature", "properties": { "field_1": 1322952, "field_2": "Lainnya", "field_3": "Potensi Kecelakaan", "field_4": 645300.5, "field_5": 9202481.5 }, "geometry": { "type": "Point", "coordinates": [ 645300.5, 9202481.5 ] } },
{ "type": "Feature", "properties": { "field_1": 1322951, "field_2": "Lainnya", "field_3": "Potensi Kecelakaan", "field_4": 645300.5, "field_5": 9202494.0 }, "geometry": { "type": "Point", "coordinates": [ 645300.5, 9202494.0 ] } },
{ "type": "Feature", "properties": { "field_1": 1322950, "field_2": "Lainnya", "field_3": "Potensi Kecelakaan", "field_4": 645300.5, "field_5": 9202506.5 }, "geometry": { "type": "Point", "coordinates": [ 645300.5, 9202506.5 ] } },
{ "type": "Feature", "properties": { "field_1": 1322949, "field_2": "Lainnya", "field_3": "Potensi Kecelakaan", "field_4": 645300.5, "field_5": 9202519.0 }, "geometry": { "type": "Point", "coordinates": [ 645300.5, 9202519.0 ] } },
{ "type": "Feature", "properties": { "field_1": 1322948, "field_2": "Lainnya", "field_3": "Potensi Kecelakaan", "field_4": 645300.5, "field_5": 9202531.5 }, "geometry": { "type": "Point", "coordinates": [ 645300.5, 9202531.5 ] } },
{ "type": "Feature", "properties": { "field_1": 1322947, "field_2": "Lainnya", "field_3": "Potensi Kecelakaan", "field_4": 645300.5, "field_5": 9202544.0 }, "geometry": { "type": "Point", "coordinates": [ 645300.5, 9202544.0 ] } },
{ "type": "Feature", "properties": { "field_1": 1322946, "field_2": "Lainnya", "field_3": "Potensi Kecelakaan", "field_4": 645300.5, "field_5": 9202556.5 }, "geometry": { "type": "Point", "coordinates": [ 645300.5, 9202556.5 ] } },
{ "type": "Feature", "properties": { "field_1": 1322945, "field_2": "Lainnya", "field_3": "Potensi Kecelakaan", "field_4": 645300.5, "field_5": 9202569.0 }, "geometry": { "type": "Point", "coordinates": [ 645300.5, 9202569.0 ] } },
{ "type": "Feature", "properties": { "field_1": 1322944, "field_2": "Lainnya", "field_3": "Potensi Kecelakaan", "field_4": 645300.5, "field_5": 9202581.5 }, "geometry": { "type": "Point", "coordinates": [ 645300.5, 9202581.5 ] } },
{ "type": "Feature", "properties": { "field_1": 1322943, "field_2": "Lainnya", "field_3": "Potensi Kecelakaan", "field_4": 645300.5, "field_5": 9202594.0 }, "geometry": { "type": "Point", "coordinates": [ 645300.5, 9202594.0 ] } },
{ "type": "Feature", "properties": { "field_1": 1322942, "field_2": "Lainnya", "field_3": "Potensi Kecelakaan", "field_4": 645300.5, "field_5": 9202606.5 }, "geometry": { "type": "Point", "coordinates": [ 645300.5, 9202606.5 ] } },
{ "type": "Feature", "properties": { "field_1": 1322941, "field_2": "Lainnya", "field_3": "Potensi Kecelakaan", "field_4": 645300.5, "field_5": 9202619.0 }, "geometry": { "type": "Point", "coordinates": [ 645300.5, 9202619.0 ] } },
{ "type": "Feature", "properties": { "field_1": 1322940, "field_2": "Lainnya", "field_3": "Potensi Kecelakaan", "field_4": 645300.5, "field_5": 9202631.5 }, "geometry": { "type": "Point", "coordinates": [ 645300.5, 9202631.5 ] } },
{ "type": "Feature", "properties": { "field_1": 1322939, "field_2": "Lainnya", "field_3": "Potensi Kecelakaan", "field_4": 645300.5, "field_5": 9202644.0 }, "geometry": { "type": "Point", "coordinates": [ 645300.5, 9202644.0 ] } },
{ "type": "Feature", "properties": { "field_1": 1322938, "field_2": "Lainnya", "field_3": "Potensi Kecelakaan", "field_4": 645300.5, "field_5": 9202656.5 }, "geometry": { "type": "Point", "coordinates": [ 645300.5, 9202656.5 ] } },
{ "type": "Feature", "properties": { "field_1": 1322937, "field_2": "Lainnya", "field_3": "Potensi Kecelakaan", "field_4": 645300.5, "field_5": 9202669.0 }, "geometry": { "type": "Point", "coordinates": [ 645300.5, 9202669.0 ] } },
{ "type": "Feature", "properties": { "field_1": 1322936, "field_2": "Lainnya", "field_3": "Potensi Kecelakaan", "field_4": 645300.5, "field_5": 9202681.5 }, "geometry": { "type": "Point", "coordinates": [ 645300.5, 9202681.5 ] } },
{ "type": "Feature", "properties": { "field_1": 1322935, "field_2": "Lainnya", "field_3": "Potensi Kecelakaan", "field_4": 645300.5, "field_5": 9202694.0 }, "geometry": { "type": "Point", "coordinates": [ 645300.5, 9202694.0 ] } },
{ "type": "Feature", "properties": { "field_1": 1322934, "field_2": "Lainnya", "field_3": "Potensi Kecelakaan", "field_4": 645300.5, "field_5": 9202706.5 }, "geometry": { "type": "Point", "coordinates": [ 645300.5, 9202706.5 ] } },
{ "type": "Feature", "properties": { "field_1": 1322933, "field_2": "Lainnya", "field_3": "Potensi Kecelakaan", "field_4": 645300.5, "field_5": 9202719.0 }, "geometry": { "type": "Point", "coordinates": [ 645300.5, 9202719.0 ] } },
{ "type": "Feature", "properties": { "field_1": 1322932, "field_2": "Lainnya", "field_3": "Potensi Kecelakaan", "field_4": 645300.5, "field_5": 9202731.5 }, "geometry": { "type": "Point", "coordinates": [ 645300.5, 9202731.5 ] } },
{ "type": "Feature", "properties": { "field_1": 1322931, "field_2": "Lainnya", "field_3": "Potensi Kecelakaan", "field_4": 645300.5, "field_5": 9202744.0 }, "geometry": { "type": "Point", "coordinates": [ 645300.5, 9202744.0 ] } },
{ "type": "Feature", "properties": { "field_1": 1322930, "field_2": "Lainnya", "field_3": "Potensi Kecelakaan", "field_4": 645300.5, "field_5": 9202756.5 }, "geometry": { "type": "Point", "coordinates": [ 645300.5, 9202756.5 ] } },
{ "type": "Feature", "properties": { "field_1": 1322929, "field_2": "Lainnya", "field_3": "Potensi Kecelakaan", "field_4": 645300.5, "field_5": 9202769.0 }, "geometry": { "type": "Point", "coordinates": [ 645300.5, 9202769.0 ] } },
{ "type": "Feature", "properties": { "field_1": 1322928, "field_2": "Lainnya", "field_3": "Potensi Kecelakaan", "field_4": 645300.5, "field_5": 9202781.5 }, "geometry": { "type": "Point", "coordinates": [ 645300.5, 9202781.5 ] } },
{ "type": "Feature", "properties": { "field_1": 1322927, "field_2": "Lainnya", "field_3": "Potensi Kecelakaan", "field_4": 645300.5, "field_5": 9202794.0 }, "geometry": { "type": "Point", "coordinates": [ 645300.5, 9202794.0 ] } },
{ "type": "Feature", "properties": { "field_1": 1322926, "field_2": "Lainnya", "field_3": "Potensi Kecelakaan", "field_4": 645300.5, "field_5": 9202806.5 }, "geometry": { "type": "Point", "coordinates": [ 645300.5, 9202806.5 ] } },
{ "type": "Feature", "properties": { "field_1": 1322925, "field_2": "Lainnya", "field_3": "Potensi Kecelakaan", "field_4": 645300.5, "field_5": 9202819.0 }, "geometry": { "type": "Point", "coordinates": [ 645300.5, 9202819.0 ] } },
{ "type": "Feature", "properties": { "field_1": 1322924, "field_2": "Lainnya", "field_3": "Potensi Kecelakaan", "field_4": 645300.5, "field_5": 9202831.5 }, "geometry": { "type": "Point", "coordinates": [ 645300.5, 9202831.5 ] } },
{ "type": "Feature", "properties": { "field_1": 1322923, "field_2": "Lainnya", "field_3": "Potensi Kecelakaan", "field_4": 645300.5, "field_5": 9202844.0 }, "geometry": { "type": "Point", "coordinates": [ 645300.5, 9202844.0 ] } },
{ "type": "Feature", "properties": { "field_1": 1322922, "field_2": "Lainnya", "field_3": "Potensi Kecelakaan", "field_4": 645300.5, "field_5": 9202856.5 }, "geometry": { "type": "Point", "coordinates": [ 645300.5, 9202856.5 ] } },
{ "type": "Feature", "properties": { "field_1": 1322921, "field_2": "Lainnya", "field_3": "Potensi Kecelakaan", "field_4": 645300.5, "field_5": 9202869.0 }, "geometry": { "type": "Point", "coordinates": [ 645300.5, 9202869.0 ] } },
{ "type": "Feature", "properties": { "field_1": 1322920, "field_2": "Lainnya", "field_3": "Potensi Kecelakaan", "field_4": 645300.5, "field_5": 9202881.5 }, "geometry": { "type": "Point", "coordinates": [ 645300.5, 9202881.5 ] } },
{ "type": "Feature", "properties": { "field_1": 1322919, "field_2": "Lainnya", "field_3": "Potensi Kecelakaan", "field_4": 645300.5, "field_5": 9202894.0 }, "geometry": { "type": "Point", "coordinates": [ 645300.5, 9202894.0 ] } },
{ "type": "Feature", "properties": { "field_1": 1322918, "field_2": "Lainnya", "field_3": "Potensi Kecelakaan", "field_4": 645300.5, "field_5": 9202906.5 }, "geometry": { "type": "Point", "coordinates": [ 645300.5, 9202906.5 ] } },
{ "type": "Feature", "properties": { "field_1": 1322917, "field_2": "Lainnya", "field_3": "Potensi Kecelakaan", "field_4": 645300.5, "field_5": 9202919.0 }, "geometry": { "type": "Point", "coordinates": [ 645300.5, 9202919.0 ] } },
{ "type": "Feature", "properties": { "field_1": 1322916, "field_2": "Lainnya", "field_3": "Potensi Kecelakaan", "field_4": 645300.5, "field_5": 9202931.5 }, "geometry": { "type": "Point", "coordinates": [ 645300.5, 9202931.5 ] } },
{ "type": "Feature", "properties": { "field_1": 1322915, "field_2": "Lainnya", "field_3": "Potensi Kecelakaan", "field_4": 645300.5, "field_5": 9202944.0 }, "geometry": { "type": "Point", "coordinates": [ 645300.5, 9202944.0 ] } },
{ "type": "Feature", "properties": { "field_1": 1322914, "field_2": "Lainnya", "field_3": "Potensi Kecelakaan", "field_4": 645300.5, "field_5": 9202956.5 }, "geometry": { "type": "Point", "coordinates": [ 645300.5, 9202956.5 ] } },
{ "type": "Feature", "properties": { "field_1": 1322913, "field_2": "Lainnya", "field_3": "Potensi Kecelakaan", "field_4": 645300.5, "field_5": 9202969.0 }, "geometry": { "type": "Point", "coordinates": [ 645300.5, 9202969.0 ] } },
{ "type": "Feature", "properties": { "field_1": 1322912, "field_2": "Lainnya", "field_3": "Potensi Kecelakaan", "field_4": 645300.5, "field_5": 9202981.5 }, "geometry": { "type": "Point", "coordinates": [ 645300.5, 9202981.5 ] } },
{ "type": "Feature", "properties": { "field_1": 1322911, "field_2": "Lainnya", "field_3": "Potensi Kecelakaan", "field_4": 645300.5, "field_5": 9202994.0 }, "geometry": { "type": "Point", "coordinates": [ 645300.5, 9202994.0 ] } },
{ "type": "Feature", "properties": { "field_1": 1322910, "field_2": "Lainnya", "field_3": "Potensi Kecelakaan", "field_4": 645300.5, "field_5": 9203006.5 }, "geometry": { "type": "Point", "coordinates": [ 645300.5, 9203006.5 ] } },
{ "type": "Feature", "properties": { "field_1": 1322909, "field_2": "Lainnya", "field_3": "Potensi Kecelakaan", "field_4": 645300.5, "field_5": 9203019.0 }, "geometry": { "type": "Point", "coordinates": [ 645300.5, 9203019.0 ] } },
{ "type": "Feature", "properties": { "field_1": 1322908, "field_2": "Lainnya", "field_3": "Potensi Kecelakaan", "field_4": 645300.5, "field_5": 9203031.5 }, "geometry": { "type": "Point", "coordinates": [ 645300.5, 9203031.5 ] } },
{ "type": "Feature", "properties": { "field_1": 1322907, "field_2": "Lainnya", "field_3": "Potensi Kecelakaan", "field_4": 645300.5, "field_5": 9203044.0 }, "geometry": { "type": "Point", "coordinates": [ 645300.5, 9203044.0 ] } },
{ "type": "Feature", "properties": { "field_1": 1322906, "field_2": "Lainnya", "field_3": "Potensi Kecelakaan", "field_4": 645300.5, "field_5": 9203056.5 }, "geometry": { "type": "Point", "coordinates": [ 645300.5, 9203056.5 ] } },
{ "type": "Feature", "properties": { "field_1": 1322905, "field_2": "Lainnya", "field_3": "Potensi Kecelakaan", "field_4": 645300.5, "field_5": 9203069.0 }, "geometry": { "type": "Point", "coordinates": [ 645300.5, 9203069.0 ] } },
{ "type": "Feature", "properties": { "field_1": 1322904, "field_2": "Lainnya", "field_3": "Potensi Kecelakaan", "field_4": 645300.5, "field_5": 9203081.5 }, "geometry": { "type": "Point", "coordinates": [ 645300.5, 9203081.5 ] } },
{ "type": "Feature", "properties": { "field_1": 1322903, "field_2": "Lainnya", "field_3": "Potensi Kecelakaan", "field_4": 645300.5, "field_5": 9203094.0 }, "geometry": { "type": "Point", "coordinates": [ 645300.5, 9203094.0 ] } },
{ "type": "Feature", "properties": { "field_1": 1322902, "field_2": "Lainnya", "field_3": "Potensi Kecelakaan", "field_4": 645300.5, "field_5": 9203106.5 }, "geometry": { "type": "Point", "coordinates": [ 645300.5, 9203106.5 ] } },
{ "type": "Feature", "properties": { "field_1": 1322901, "field_2": "Lainnya", "field_3": "Potensi Kecelakaan", "field_4": 645300.5, "field_5": 9203119.0 }, "geometry": { "type": "Point", "coordinates": [ 645300.5, 9203119.0 ] } },
{ "type": "Feature", "properties": { "field_1": 1322900, "field_2": "Lainnya", "field_3": "Potensi Kecelakaan", "field_4": 645300.5, "field_5": 9203131.5 }, "geometry": { "type": "Point", "coordinates": [ 645300.5, 9203131.5 ] } },
{ "type": "Feature", "properties": { "field_1": 1322899, "field_2": "Lainnya", "field_3": "Potensi Kecelakaan", "field_4": 645300.5, "field_5": 9203144.0 }, "geometry": { "type": "Point", "coordinates": [ 645300.5, 9203144.0 ] } },
{ "type": "Feature", "properties": { "field_1": 1322898, "field_2": "Lainnya", "field_3": "Potensi Kecelakaan", "field_4": 645300.5, "field_5": 9203156.5 }, "geometry": { "type": "Point", "coordinates": [ 645300.5, 9203156.5 ] } },
{ "type": "Feature", "properties": { "field_1": 1322897, "field_2": "Lainnya", "field_3": "Potensi Kecelakaan", "field_4": 645300.5, "field_5": 9203169.0 }, "geometry": { "type": "Point", "coordinates": [ 645300.5, 9203169.0 ] } },
{ "type": "Feature", "properties": { "field_1": 1322896, "field_2": "Lainnya", "field_3": "Potensi Kecelakaan", "field_4": 645300.5, "field_5": 9203181.5 }, "geometry": { "type": "Point", "coordinates": [ 645300.5, 9203181.5 ] } },
{ "type": "Feature", "properties": { "field_1": 1322895, "field_2": "Lainnya", "field_3": "Potensi Kecelakaan", "field_4": 645300.5, "field_5": 9203194.0 }, "geometry": { "type": "Point", "coordinates": [ 645300.5, 9203194.0 ] } },
{ "type": "Feature", "properties": { "field_1": 1322894, "field_2": "Lainnya", "field_3": "Potensi Kecelakaan", "field_4": 645300.5, "field_5": 9203206.5 }, "geometry": { "type": "Point", "coordinates": [ 645300.5, 9203206.5 ] } },
{ "type": "Feature", "properties": { "field_1": 1322893, "field_2": "Lainnya", "field_3": "Potensi Kecelakaan", "field_4": 645300.5, "field_5": 9203219.0 }, "geometry": { "type": "Point", "coordinates": [ 645300.5, 9203219.0 ] } },
{ "type": "Feature", "properties": { "field_1": 1322892, "field_2": "Lainnya", "field_3": "Potensi Kecelakaan", "field_4": 645300.5, "field_5": 9203231.5 }, "geometry": { "type": "Point", "coordinates": [ 645300.5, 9203231.5 ] } },
{ "type": "Feature", "properties": { "field_1": 1322891, "field_2": "Lainnya", "field_3": "Potensi Kecelakaan", "field_4": 645300.5, "field_5": 9203244.0 }, "geometry": { "type": "Point", "coordinates": [ 645300.5, 9203244.0 ] } },
{ "type": "Feature", "properties": { "field_1": 1322890, "field_2": "Lainnya", "field_3": "Potensi Kecelakaan", "field_4": 645300.5, "field_5": 9203256.5 }, "geometry": { "type": "Point", "coordinates": [ 645300.5, 9203256.5 ] } },
{ "type": "Feature", "properties": { "field_1": 1322889, "field_2": "Lainnya", "field_3": "Potensi Kecelakaan", "field_4": 645300.5, "field_5": 9203269.0 }, "geometry": { "type": "Point", "coordinates": [ 645300.5, 9203269.0 ] } },
{ "type": "Feature", "properties": { "field_1": 1322888, "field_2": "Lainnya", "field_3": "Potensi Kecelakaan", "field_4": 645300.5, "field_5": 9203281.5 }, "geometry": { "type": "Point", "coordinates": [ 645300.5, 9203281.5 ] } },
{ "type": "Feature", "properties": { "field_1": 1322887, "field_2": "Lainnya", "field_3": "Potensi Kecelakaan", "field_4": 645300.5, "field_5": 9203294.0 }, "geometry": { "type": "Point", "coordinates": [ 645300.5, 9203294.0 ] } },
{ "type": "Feature", "properties": { "field_1": 1322886, "field_2": "Lainnya", "field_3": "Potensi Kecelakaan", "field_4": 645300.5, "field_5": 9203306.5 }, "geometry": { "type": "Point", "coordinates": [ 645300.5, 9203306.5 ] } },
{ "type": "Feature", "properties": { "field_1": 1322885, "field_2": "Lainnya", "field_3": "Potensi Kecelakaan", "field_4": 645300.5, "field_5": 9203319.0 }, "geometry": { "type": "Point", "coordinates": [ 645300.5, 9203319.0 ] } },
{ "type": "Feature", "properties": { "field_1": 1322884, "field_2": "Lainnya", "field_3": "Potensi Kecelakaan", "field_4": 645300.5, "field_5": 9203331.5 }, "geometry": { "type": "Point", "coordinates": [ 645300.5, 9203331.5 ] } },
{ "type": "Feature", "properties": { "field_1": 1322883, "field_2": "Lainnya", "field_3": "Potensi Kecelakaan", "field_4": 645300.5, "field_5": 9203344.0 }, "geometry": { "type": "Point", "coordinates": [ 645300.5, 9203344.0 ] } },
{ "type": "Feature", "properties": { "field_1": 1322882, "field_2": "Lainnya", "field_3": "Potensi Kecelakaan", "field_4": 645300.5, "field_5": 9203356.5 }, "geometry": { "type": "Point", "coordinates": [ 645300.5, 9203356.5 ] } },
{ "type": "Feature", "properties": { "field_1": 1322881, "field_2": "Lainnya", "field_3": "Potensi Kecelakaan", "field_4": 645300.5, "field_5": 9203369.0 }, "geometry": { "type": "Point", "coordinates": [ 645300.5, 9203369.0 ] } },
{ "type": "Feature", "properties": { "field_1": 1322880, "field_2": "Lainnya", "field_3": "Potensi Kecelakaan", "field_4": 645300.5, "field_5": 9203381.5 }, "geometry": { "type": "Point", "coordinates": [ 645300.5, 9203381.5 ] } },
{ "type": "Feature", "properties": { "field_1": 1322879, "field_2": "Lainnya", "field_3": "Potensi Kecelakaan", "field_4": 645300.5, "field_5": 9203394.0 }, "geometry": { "type": "Point", "coordinates": [ 645300.5, 9203394.0 ] } },
{ "type": "Feature", "properties": { "field_1": 1322878, "field_2": "Lainnya", "field_3": "Potensi Kecelakaan", "field_4": 645300.5, "field_5": 9203406.5 }, "geometry": { "type": "Point", "coordinates": [ 645300.5, 9203406.5 ] } },
{ "type": "Feature", "properties": { "field_1": 1322877, "field_2": "Lainnya", "field_3": "Potensi Kecelakaan", "field_4": 645300.5, "field_5": 9203419.0 }, "geometry": { "type": "Point", "coordinates": [ 645300.5, 9203419.0 ] } },
{ "type": "Feature", "properties": { "field_1": 1322876, "field_2": "Lainnya", "field_3": "Potensi Kecelakaan", "field_4": 645300.5, "field_5": 9203431.5 }, "geometry": { "type": "Point", "coordinates": [ 645300.5, 9203431.5 ] } },
{ "type": "Feature", "properties": { "field_1": 1322875, "field_2": "Lainnya", "field_3": "Potensi Kecelakaan", "field_4": 645300.5, "field_5": 9203444.0 }, "geometry": { "type": "Point", "coordinates": [ 645300.5, 9203444.0 ] } },
{ "type": "Feature", "properties": { "field_1": 1322874, "field_2": "Lainnya", "field_3": "Potensi Kecelakaan", "field_4": 645300.5, "field_5": 9203456.5 }, "geometry": { "type": "Point", "coordinates": [ 645300.5, 9203456.5 ] } },
{ "type": "Feature", "properties": { "field_1": 1322873, "field_2": "Lainnya", "field_3": "Potensi Kecelakaan", "field_4": 645300.5, "field_5": 9203469.0 }, "geometry": { "type": "Point", "coordinates": [ 645300.5, 9203469.0 ] } },
{ "type": "Feature", "properties": { "field_1": 1322872, "field_2": "Lainnya", "field_3": "Potensi Kecelakaan", "field_4": 645300.5, "field_5": 9203481.5 }, "geometry": { "type": "Point", "coordinates": [ 645300.5, 9203481.5 ] } },
{ "type": "Feature", "properties": { "field_1": 1322871, "field_2": "Lainnya", "field_3": "Potensi Kecelakaan", "field_4": 645300.5, "field_5": 9203494.0 }, "geometry": { "type": "Point", "coordinates": [ 645300.5, 9203494.0 ] } },
{ "type": "Feature", "properties": { "field_1": 1322870, "field_2": "Lainnya", "field_3": "Potensi Kecelakaan", "field_4": 645300.5, "field_5": 9203506.5 }, "geometry": { "type": "Point", "coordinates": [ 645300.5, 9203506.5 ] } },
{ "type": "Feature", "properties": { "field_1": 1322869, "field_2": "Lainnya", "field_3": "Potensi Kecelakaan", "field_4": 645300.5, "field_5": 9203519.0 }, "geometry": { "type": "Point", "coordinates": [ 645300.5, 9203519.0 ] } },
{ "type": "Feature", "properties": { "field_1": 1322868, "field_2": "Lainnya", "field_3": "Potensi Kecelakaan", "field_4": 645300.5, "field_5": 9203531.5 }, "geometry": { "type": "Point", "coordinates": [ 645300.5, 9203531.5 ] } },
{ "type": "Feature", "properties": { "field_1": 1322867, "field_2": "Lainnya", "field_3": "Potensi Kecelakaan", "field_4": 645300.5, "field_5": 9203544.0 }, "geometry": { "type": "Point", "coordinates": [ 645300.5, 9203544.0 ] } },
{ "type": "Feature", "properties": { "field_1": 1322866, "field_2": "Lainnya", "field_3": "Potensi Kecelakaan", "field_4": 645300.5, "field_5": 9203556.5 }, "geometry": { "type": "Point", "coordinates": [ 645300.5, 9203556.5 ] } },
{ "type": "Feature", "properties": { "field_1": 1322865, "field_2": "Lainnya", "field_3": "Potensi Kecelakaan", "field_4": 645300.5, "field_5": 9203569.0 }, "geometry": { "type": "Point", "coordinates": [ 645300.5, 9203569.0 ] } },
{ "type": "Feature", "properties": { "field_1": 1322864, "field_2": "Lainnya", "field_3": "Potensi Kecelakaan", "field_4": 645300.5, "field_5": 9203581.5 }, "geometry": { "type": "Point", "coordinates": [ 645300.5, 9203581.5 ] } },
{ "type": "Feature", "properties": { "field_1": 1322863, "field_2": "Lainnya", "field_3": "Potensi Kecelakaan", "field_4": 645300.5, "field_5": 9203594.0 }, "geometry": { "type": "Point", "coordinates": [ 645300.5, 9203594.0 ] } },
{ "type": "Feature", "properties": { "field_1": 1322862, "field_2": "Lainnya", "field_3": "Potensi Kecelakaan", "field_4": 645300.5, "field_5": 9203606.5 }, "geometry": { "type": "Point", "coordinates": [ 645300.5, 9203606.5 ] } },
{ "type": "Feature", "properties": { "field_1": 1322861, "field_2": "Lainnya", "field_3": "Potensi Kecelakaan", "field_4": 645300.5, "field_5": 9203619.0 }, "geometry": { "type": "Point", "coordinates": [ 645300.5, 9203619.0 ] } },
{ "type": "Feature", "properties": { "field_1": 1322860, "field_2": "Lainnya", "field_3": "Potensi Kecelakaan", "field_4": 645300.5, "field_5": 9203631.5 }, "geometry": { "type": "Point", "coordinates": [ 645300.5, 9203631.5 ] } },
{ "type": "Feature", "properties": { "field_1": 1322859, "field_2": "Lainnya", "field_3": "Potensi Kecelakaan", "field_4": 645300.5, "field_5": 9203644.0 }, "geometry": { "type": "Point", "coordinates": [ 645300.5, 9203644.0 ] } },
{ "type": "Feature", "properties": { "field_1": 1322858, "field_2": "Lainnya", "field_3": "Potensi Kecelakaan", "field_4": 645300.5, "field_5": 9203656.5 }, "geometry": { "type": "Point", "coordinates": [ 645300.5, 9203656.5 ] } },
{ "type": "Feature", "properties": { "field_1": 1322857, "field_2": "Lainnya", "field_3": "Potensi Kecelakaan", "field_4": 645300.5, "field_5": 9203669.0 }, "geometry": { "type": "Point", "coordinates": [ 645300.5, 9203669.0 ] } },
{ "type": "Feature", "properties": { "field_1": 1322856, "field_2": "Lainnya", "field_3": "Potensi Kecelakaan", "field_4": 645300.5, "field_5": 9203681.5 }, "geometry": { "type": "Point", "coordinates": [ 645300.5, 9203681.5 ] } },
{ "type": "Feature", "properties": { "field_1": 1322855, "field_2": "Lainnya", "field_3": "Potensi Kecelakaan", "field_4": 645300.5, "field_5": 9203694.0 }, "geometry": { "type": "Point", "coordinates": [ 645300.5, 9203694.0 ] } },
{ "type": "Feature", "properties": { "field_1": 1322854, "field_2": "Lainnya", "field_3": "Potensi Kecelakaan", "field_4": 645300.5, "field_5": 9203706.5 }, "geometry": { "type": "Point", "coordinates": [ 645300.5, 9203706.5 ] } },
{ "type": "Feature", "properties": { "field_1": 1322853, "field_2": "Lainnya", "field_3": "Potensi Kecelakaan", "field_4": 645300.5, "field_5": 9203719.0 }, "geometry": { "type": "Point", "coordinates": [ 645300.5, 9203719.0 ] } },
{ "type": "Feature", "properties": { "field_1": 1322852, "field_2": "Lainnya", "field_3": "Potensi Kecelakaan", "field_4": 645300.5, "field_5": 9203731.5 }, "geometry": { "type": "Point", "coordinates": [ 645300.5, 9203731.5 ] } },
{ "type": "Feature", "properties": { "field_1": 1322851, "field_2": "Lainnya", "field_3": "Potensi Kecelakaan", "field_4": 645300.5, "field_5": 9203744.0 }, "geometry": { "type": "Point", "coordinates": [ 645300.5, 9203744.0 ] } },
{ "type": "Feature", "properties": { "field_1": 1322850, "field_2": "Lainnya", "field_3": "Potensi Kecelakaan", "field_4": 645300.5, "field_5": 9203756.5 }, "geometry": { "type": "Point", "coordinates": [ 645300.5, 9203756.5 ] } },
{ "type": "Feature", "properties": { "field_1": 1322849, "field_2": "Lainnya", "field_3": "Potensi Kecelakaan", "field_4": 645300.5, "field_5": 9203769.0 }, "geometry": { "type": "Point", "coordinates": [ 645300.5, 9203769.0 ] } },
{ "type": "Feature", "properties": { "field_1": 1322848, "field_2": "Lainnya", "field_3": "Potensi Kecelakaan", "field_4": 645300.5, "field_5": 9203781.5 }, "geometry": { "type": "Point", "coordinates": [ 645300.5, 9203781.5 ] } },
{ "type": "Feature", "properties": { "field_1": 1322847, "field_2": "Lainnya", "field_3": "Potensi Kecelakaan", "field_4": 645300.5, "field_5": 9203794.0 }, "geometry": { "type": "Point", "coordinates": [ 645300.5, 9203794.0 ] } },
{ "type": "Feature", "properties": { "field_1": 1322846, "field_2": "Lainnya", "field_3": "Potensi Kecelakaan", "field_4": 645300.5, "field_5": 9203806.5 }, "geometry": { "type": "Point", "coordinates": [ 645300.5, 9203806.5 ] } },
{ "type": "Feature", "properties": { "field_1": 1322845, "field_2": "Lainnya", "field_3": "Potensi Kecelakaan", "field_4": 645300.5, "field_5": 9203819.0 }, "geometry": { "type": "Point", "coordinates": [ 645300.5, 9203819.0 ] } },
{ "type": "Feature", "properties": { "field_1": 1322844, "field_2": "Lainnya", "field_3": "Potensi Kecelakaan", "field_4": 645300.5, "field_5": 9203831.5 }, "geometry": { "type": "Point", "coordinates": [ 645300.5, 9203831.5 ] } },
{ "type": "Feature", "properties": { "field_1": 1322843, "field_2": "Lainnya", "field_3": "Potensi Kecelakaan", "field_4": 645300.5, "field_5": 9203844.0 }, "geometry": { "type": "Point", "coordinates": [ 645300.5, 9203844.0 ] } },
{ "type": "Feature", "properties": { "field_1": 1322842, "field_2": "Lainnya", "field_3": "Potensi Kecelakaan", "field_4": 645300.5, "field_5": 9203856.5 }, "geometry": { "type": "Point", "coordinates": [ 645300.5, 9203856.5 ] } },
{ "type": "Feature", "properties": { "field_1": 1322841, "field_2": "Lainnya", "field_3": "Potensi Kecelakaan", "field_4": 645300.5, "field_5": 9203869.0 }, "geometry": { "type": "Point", "coordinates": [ 645300.5, 9203869.0 ] } },
{ "type": "Feature", "properties": { "field_1": 1322840, "field_2": "Lainnya", "field_3": "Potensi Kecelakaan", "field_4": 645300.5, "field_5": 9203881.5 }, "geometry": { "type": "Point", "coordinates": [ 645300.5, 9203881.5 ] } },
{ "type": "Feature", "properties": { "field_1": 1322839, "field_2": "Lainnya", "field_3": "Potensi Kecelakaan", "field_4": 645300.5, "field_5": 9203894.0 }, "geometry": { "type": "Point", "coordinates": [ 645300.5, 9203894.0 ] } },
{ "type": "Feature", "properties": { "field_1": 1322838, "field_2": "Lainnya", "field_3": "Potensi Kecelakaan", "field_4": 645300.5, "field_5": 9203906.5 }, "geometry": { "type": "Point", "coordinates": [ 645300.5, 9203906.5 ] } },
{ "type": "Feature", "properties": { "field_1": 1322837, "field_2": "Lainnya", "field_3": "Potensi Kecelakaan", "field_4": 645300.5, "field_5": 9203919.0 }, "geometry": { "type": "Point", "coordinates": [ 645300.5, 9203919.0 ] } },
{ "type": "Feature", "properties": { "field_1": 1322836, "field_2": "Lainnya", "field_3": "Potensi Kecelakaan", "field_4": 645300.5, "field_5": 9203931.5 }, "geometry": { "type": "Point", "coordinates": [ 645300.5, 9203931.5 ] } },
{ "type": "Feature", "properties": { "field_1": 1322835, "field_2": "Lainnya", "field_3": "Potensi Kecelakaan", "field_4": 645300.5, "field_5": 9203944.0 }, "geometry": { "type": "Point", "coordinates": [ 645300.5, 9203944.0 ] } },
{ "type": "Feature", "properties": { "field_1": 1322834, "field_2": "Lainnya", "field_3": "Potensi Kecelakaan", "field_4": 645300.5, "field_5": 9203956.5 }, "geometry": { "type": "Point", "coordinates": [ 645300.5, 9203956.5 ] } },
{ "type": "Feature", "properties": { "field_1": 1322833, "field_2": "Lainnya", "field_3": "Potensi Kecelakaan", "field_4": 645300.5, "field_5": 9203969.0 }, "geometry": { "type": "Point", "coordinates": [ 645300.5, 9203969.0 ] } },
{ "type": "Feature", "properties": { "field_1": 1322832, "field_2": "Lainnya", "field_3": "Potensi Kecelakaan", "field_4": 645300.5, "field_5": 9203981.5 }, "geometry": { "type": "Point", "coordinates": [ 645300.5, 9203981.5 ] } },
{ "type": "Feature", "properties": { "field_1": 1322831, "field_2": "Lainnya", "field_3": "Potensi Kecelakaan", "field_4": 645300.5, "field_5": 9203994.0 }, "geometry": { "type": "Point", "coordinates": [ 645300.5, 9203994.0 ] } },
{ "type": "Feature", "properties": { "field_1": 1322830, "field_2": "Lainnya", "field_3": "Potensi Kecelakaan", "field_4": 645300.5, "field_5": 9204006.5 }, "geometry": { "type": "Point", "coordinates": [ 645300.5, 9204006.5 ] } },
{ "type": "Feature", "properties": { "field_1": 1322829, "field_2": "Lainnya", "field_3": "Potensi Kecelakaan", "field_4": 645300.5, "field_5": 9204019.0 }, "geometry": { "type": "Point", "coordinates": [ 645300.5, 9204019.0 ] } },
{ "type": "Feature", "properties": { "field_1": 1322828, "field_2": "Lainnya", "field_3": "Potensi Kecelakaan", "field_4": 645300.5, "field_5": 9204031.5 }, "geometry": { "type": "Point", "coordinates": [ 645300.5, 9204031.5 ] } },
{ "type": "Feature", "properties": { "field_1": 1322827, "field_2": "Lainnya", "field_3": "Potensi Kecelakaan", "field_4": 645300.5, "field_5": 9204044.0 }, "geometry": { "type": "Point", "coordinates": [ 645300.5, 9204044.0 ] } },
{ "type": "Feature", "properties": { "field_1": 1322826, "field_2": "Lainnya", "field_3": "Potensi Kecelakaan", "field_4": 645300.5, "field_5": 9204056.5 }, "geometry": { "type": "Point", "coordinates": [ 645300.5, 9204056.5 ] } },
{ "type": "Feature", "properties": { "field_1": 1322825, "field_2": "Lainnya", "field_3": "Potensi Kecelakaan", "field_4": 645300.5, "field_5": 9204069.0 }, "geometry": { "type": "Point", "coordinates": [ 645300.5, 9204069.0 ] } },
{ "type": "Feature", "properties": { "field_1": 1322824, "field_2": "Lainnya", "field_3": "Potensi Kecelakaan", "field_4": 645300.5, "field_5": 9204081.5 }, "geometry": { "type": "Point", "coordinates": [ 645300.5, 9204081.5 ] } },
{ "type": "Feature", "properties": { "field_1": 1322823, "field_2": "Lainnya", "field_3": "Potensi Kecelakaan", "field_4": 645300.5, "field_5": 9204094.0 }, "geometry": { "type": "Point", "coordinates": [ 645300.5, 9204094.0 ] } },
{ "type": "Feature", "properties": { "field_1": 1322822, "field_2": "Lainnya", "field_3": "Potensi Kecelakaan", "field_4": 645300.5, "field_5": 9204106.5 }, "geometry": { "type": "Point", "coordinates": [ 645300.5, 9204106.5 ] } },
{ "type": "Feature", "properties": { "field_1": 1322821, "field_2": "Lainnya", "field_3": "Potensi Kecelakaan", "field_4": 645300.5, "field_5": 9204119.0 }, "geometry": { "type": "Point", "coordinates": [ 645300.5, 9204119.0 ] } },
{ "type": "Feature", "properties": { "field_1": 1322820, "field_2": "Lainnya", "field_3": "Potensi Kecelakaan", "field_4": 645300.5, "field_5": 9204131.5 }, "geometry": { "type": "Point", "coordinates": [ 645300.5, 9204131.5 ] } },
{ "type": "Feature", "properties": { "field_1": 1322819, "field_2": "Lainnya", "field_3": "Potensi Kecelakaan", "field_4": 645300.5, "field_5": 9204144.0 }, "geometry": { "type": "Point", "coordinates": [ 645300.5, 9204144.0 ] } },
{ "type": "Feature", "properties": { "field_1": 1322818, "field_2": "Lainnya", "field_3": "Potensi Kecelakaan", "field_4": 645300.5, "field_5": 9204156.5 }, "geometry": { "type": "Point", "coordinates": [ 645300.5, 9204156.5 ] } },
{ "type": "Feature", "properties": { "field_1": 1322817, "field_2": "Lainnya", "field_3": "Potensi Kecelakaan", "field_4": 645300.5, "field_5": 9204169.0 }, "geometry": { "type": "Point", "coordinates": [ 645300.5, 9204169.0 ] } },
{ "type": "Feature", "properties": { "field_1": 1322816, "field_2": "Lainnya", "field_3": "Potensi Kecelakaan", "field_4": 645300.5, "field_5": 9204181.5 }, "geometry": { "type": "Point", "coordinates": [ 645300.5, 9204181.5 ] } },
{ "type": "Feature", "properties": { "field_1": 1322815, "field_2": "Lainnya", "field_3": "Potensi Kecelakaan", "field_4": 645300.5, "field_5": 9204194.0 }, "geometry": { "type": "Point", "coordinates": [ 645300.5, 9204194.0 ] } },
{ "type": "Feature", "properties": { "field_1": 1322814, "field_2": "Lainnya", "field_3": "Potensi Kecelakaan", "field_4": 645300.5, "field_5": 9204206.5 }, "geometry": { "type": "Point", "coordinates": [ 645300.5, 9204206.5 ] } },
{ "type": "Feature", "properties": { "field_1": 1322813, "field_2": "Lainnya", "field_3": "Potensi Kecelakaan", "field_4": 645300.5, "field_5": 9204219.0 }, "geometry": { "type": "Point", "coordinates": [ 645300.5, 9204219.0 ] } },
{ "type": "Feature", "properties": { "field_1": 1322812, "field_2": "Lainnya", "field_3": "Potensi Kecelakaan", "field_4": 645300.5, "field_5": 9204231.5 }, "geometry": { "type": "Point", "coordinates": [ 645300.5, 9204231.5 ] } },
{ "type": "Feature", "properties": { "field_1": 1322811, "field_2": "Lainnya", "field_3": "Potensi Kecelakaan", "field_4": 645300.5, "field_5": 9204244.0 }, "geometry": { "type": "Point", "coordinates": [ 645300.5, 9204244.0 ] } },
{ "type": "Feature", "properties": { "field_1": 1322810, "field_2": "Lainnya", "field_3": "Potensi Kecelakaan", "field_4": 645300.5, "field_5": 9204256.5 }, "geometry": { "type": "Point", "coordinates": [ 645300.5, 9204256.5 ] } },
{ "type": "Feature", "properties": { "field_1": 1322809, "field_2": "Lainnya", "field_3": "Potensi Kecelakaan", "field_4": 645300.5, "field_5": 9204269.0 }, "geometry": { "type": "Point", "coordinates": [ 645300.5, 9204269.0 ] } },
{ "type": "Feature", "properties": { "field_1": 1322808, "field_2": "Lainnya", "field_3": "Potensi Kecelakaan", "field_4": 645300.5, "field_5": 9204281.5 }, "geometry": { "type": "Point", "coordinates": [ 645300.5, 9204281.5 ] } },
{ "type": "Feature", "properties": { "field_1": 1322807, "field_2": "Lainnya", "field_3": "Potensi Kecelakaan", "field_4": 645300.5, "field_5": 9204294.0 }, "geometry": { "type": "Point", "coordinates": [ 645300.5, 9204294.0 ] } },
{ "type": "Feature", "properties": { "field_1": 1322806, "field_2": "Lainnya", "field_3": "Potensi Kecelakaan", "field_4": 645300.5, "field_5": 9204306.5 }, "geometry": { "type": "Point", "coordinates": [ 645300.5, 9204306.5 ] } },
{ "type": "Feature", "properties": { "field_1": 1322805, "field_2": "Lainnya", "field_3": "Potensi Kecelakaan", "field_4": 645300.5, "field_5": 9204319.0 }, "geometry": { "type": "Point", "coordinates": [ 645300.5, 9204319.0 ] } },
{ "type": "Feature", "properties": { "field_1": 1322804, "field_2": "Lainnya", "field_3": "Potensi Kecelakaan", "field_4": 645300.5, "field_5": 9204331.5 }, "geometry": { "type": "Point", "coordinates": [ 645300.5, 9204331.5 ] } },
{ "type": "Feature", "properties": { "field_1": 1322803, "field_2": "Lainnya", "field_3": "Potensi Kecelakaan", "field_4": 645300.5, "field_5": 9204344.0 }, "geometry": { "type": "Point", "coordinates": [ 645300.5, 9204344.0 ] } },
{ "type": "Feature", "properties": { "field_1": 1322802, "field_2": "Lainnya", "field_3": "Potensi Kecelakaan", "field_4": 645300.5, "field_5": 9204356.5 }, "geometry": { "type": "Point", "coordinates": [ 645300.5, 9204356.5 ] } },
{ "type": "Feature", "properties": { "field_1": 1322801, "field_2": "Lainnya", "field_3": "Potensi Kecelakaan", "field_4": 645300.5, "field_5": 9204369.0 }, "geometry": { "type": "Point", "coordinates": [ 645300.5, 9204369.0 ] } },
{ "type": "Feature", "properties": { "field_1": 1322800, "field_2": "Lainnya", "field_3": "Potensi Kecelakaan", "field_4": 645300.5, "field_5": 9204381.5 }, "geometry": { "type": "Point", "coordinates": [ 645300.5, 9204381.5 ] } },
{ "type": "Feature", "properties": { "field_1": 1322799, "field_2": "Lainnya", "field_3": "Potensi Kecelakaan", "field_4": 645300.5, "field_5": 9204394.0 }, "geometry": { "type": "Point", "coordinates": [ 645300.5, 9204394.0 ] } },
{ "type": "Feature", "properties": { "field_1": 1322798, "field_2": "Lainnya", "field_3": "Potensi Kecelakaan", "field_4": 645300.5, "field_5": 9204406.5 }, "geometry": { "type": "Point", "coordinates": [ 645300.5, 9204406.5 ] } },
{ "type": "Feature", "properties": { "field_1": 1322797, "field_2": "Lainnya", "field_3": "Potensi Kecelakaan", "field_4": 645300.5, "field_5": 9204419.0 }, "geometry": { "type": "Point", "coordinates": [ 645300.5, 9204419.0 ] } },
{ "type": "Feature", "properties": { "field_1": 1322796, "field_2": "Lainnya", "field_3": "Potensi Kecelakaan", "field_4": 645300.5, "field_5": 9204431.5 }, "geometry": { "type": "Point", "coordinates": [ 645300.5, 9204431.5 ] } },
{ "type": "Feature", "properties": { "field_1": 1322795, "field_2": "Lainnya", "field_3": "Potensi Kecelakaan", "field_4": 645300.5, "field_5": 9204444.0 }, "geometry": { "type": "Point", "coordinates": [ 645300.5, 9204444.0 ] } },
{ "type": "Feature", "properties": { "field_1": 1322794, "field_2": "Lainnya", "field_3": "Potensi Kecelakaan", "field_4": 645300.5, "field_5": 9204456.5 }, "geometry": { "type": "Point", "coordinates": [ 645300.5, 9204456.5 ] } },
{ "type": "Feature", "properties": { "field_1": 1322793, "field_2": "Lainnya", "field_3": "Potensi Kecelakaan", "field_4": 645300.5, "field_5": 9204469.0 }, "geometry": { "type": "Point", "coordinates": [ 645300.5, 9204469.0 ] } },
{ "type": "Feature", "properties": { "field_1": 1322792, "field_2": "Lainnya", "field_3": "Potensi Kecelakaan", "field_4": 645300.5, "field_5": 9204481.5 }, "geometry": { "type": "Point", "coordinates": [ 645300.5, 9204481.5 ] } },
{ "type": "Feature", "properties": { "field_1": 1322791, "field_2": "Lainnya", "field_3": "Potensi Kecelakaan", "field_4": 645300.5, "field_5": 9204494.0 }, "geometry": { "type": "Point", "coordinates": [ 645300.5, 9204494.0 ] } },
{ "type": "Feature", "properties": { "field_1": 1322790, "field_2": "Lainnya", "field_3": "Potensi Kecelakaan", "field_4": 645300.5, "field_5": 9204506.5 }, "geometry": { "type": "Point", "coordinates": [ 645300.5, 9204506.5 ] } },
{ "type": "Feature", "properties": { "field_1": 1322789, "field_2": "Lainnya", "field_3": "Potensi Kecelakaan", "field_4": 645300.5, "field_5": 9204519.0 }, "geometry": { "type": "Point", "coordinates": [ 645300.5, 9204519.0 ] } },
{ "type": "Feature", "properties": { "field_1": 1322788, "field_2": "Lainnya", "field_3": "Potensi Kecelakaan", "field_4": 645300.5, "field_5": 9204531.5 }, "geometry": { "type": "Point", "coordinates": [ 645300.5, 9204531.5 ] } },
{ "type": "Feature", "properties": { "field_1": 1322787, "field_2": "Lainnya", "field_3": "Potensi Kecelakaan", "field_4": 645300.5, "field_5": 9204544.0 }, "geometry": { "type": "Point", "coordinates": [ 645300.5, 9204544.0 ] } },
{ "type": "Feature", "properties": { "field_1": 1322786, "field_2": "Lainnya", "field_3": "Potensi Kecelakaan", "field_4": 645300.5, "field_5": 9204556.5 }, "geometry": { "type": "Point", "coordinates": [ 645300.5, 9204556.5 ] } },
{ "type": "Feature", "properties": { "field_1": 1322785, "field_2": "Lainnya", "field_3": "Potensi Kecelakaan", "field_4": 645300.5, "field_5": 9204569.0 }, "geometry": { "type": "Point", "coordinates": [ 645300.5, 9204569.0 ] } },
{ "type": "Feature", "properties": { "field_1": 1322784, "field_2": "Lainnya", "field_3": "Potensi Kecelakaan", "field_4": 645300.5, "field_5": 9204581.5 }, "geometry": { "type": "Point", "coordinates": [ 645300.5, 9204581.5 ] } },
{ "type": "Feature", "properties": { "field_1": 1322783, "field_2": "Lainnya", "field_3": "Potensi Kecelakaan", "field_4": 645300.5, "field_5": 9204594.0 }, "geometry": { "type": "Point", "coordinates": [ 645300.5, 9204594.0 ] } },
{ "type": "Feature", "properties": { "field_1": 1322782, "field_2": "Lainnya", "field_3": "Potensi Kecelakaan", "field_4": 645300.5, "field_5": 9204606.5 }, "geometry": { "type": "Point", "coordinates": [ 645300.5, 9204606.5 ] } },
{ "type": "Feature", "properties": { "field_1": 1322781, "field_2": "Lainnya", "field_3": "Potensi Kecelakaan", "field_4": 645300.5, "field_5": 9204619.0 }, "geometry": { "type": "Point", "coordinates": [ 645300.5, 9204619.0 ] } },
{ "type": "Feature", "properties": { "field_1": 1322780, "field_2": "Lainnya", "field_3": "Potensi Kecelakaan", "field_4": 645300.5, "field_5": 9204631.5 }, "geometry": { "type": "Point", "coordinates": [ 645300.5, 9204631.5 ] } },
{ "type": "Feature", "properties": { "field_1": 1322779, "field_2": "Lainnya", "field_3": "Potensi Kecelakaan", "field_4": 645300.5, "field_5": 9204644.0 }, "geometry": { "type": "Point", "coordinates": [ 645300.5, 9204644.0 ] } },
{ "type": "Feature", "properties": { "field_1": 1322778, "field_2": "Lainnya", "field_3": "Potensi Kecelakaan", "field_4": 645300.5, "field_5": 9204656.5 }, "geometry": { "type": "Point", "coordinates": [ 645300.5, 9204656.5 ] } },
{ "type": "Feature", "properties": { "field_1": 1322777, "field_2": "Lainnya", "field_3": "Potensi Kecelakaan", "field_4": 645300.5, "field_5": 9204669.0 }, "geometry": { "type": "Point", "coordinates": [ 645300.5, 9204669.0 ] } },
{ "type": "Feature", "properties": { "field_1": 1322776, "field_2": "Lainnya", "field_3": "Potensi Kecelakaan", "field_4": 645300.5, "field_5": 9204681.5 }, "geometry": { "type": "Point", "coordinates": [ 645300.5, 9204681.5 ] } },
{ "type": "Feature", "properties": { "field_1": 1322775, "field_2": "Lainnya", "field_3": "Potensi Kecelakaan", "field_4": 645300.5, "field_5": 9204694.0 }, "geometry": { "type": "Point", "coordinates": [ 645300.5, 9204694.0 ] } },
{ "type": "Feature", "properties": { "field_1": 1322774, "field_2": "Lainnya", "field_3": "Potensi Kecelakaan", "field_4": 645300.5, "field_5": 9204706.5 }, "geometry": { "type": "Point", "coordinates": [ 645300.5, 9204706.5 ] } },
{ "type": "Feature", "properties": { "field_1": 1322773, "field_2": "Lainnya", "field_3": "Potensi Kecelakaan", "field_4": 645300.5, "field_5": 9204719.0 }, "geometry": { "type": "Point", "coordinates": [ 645300.5, 9204719.0 ] } },
{ "type": "Feature", "properties": { "field_1": 1322772, "field_2": "Lainnya", "field_3": "Potensi Kecelakaan", "field_4": 645300.5, "field_5": 9204731.5 }, "geometry": { "type": "Point", "coordinates": [ 645300.5, 9204731.5 ] } },
{ "type": "Feature", "properties": { "field_1": 1322771, "field_2": "Lainnya", "field_3": "Potensi Kecelakaan", "field_4": 645300.5, "field_5": 9204744.0 }, "geometry": { "type": "Point", "coordinates": [ 645300.5, 9204744.0 ] } },
{ "type": "Feature", "properties": { "field_1": 1322770, "field_2": "Lainnya", "field_3": "Potensi Kecelakaan", "field_4": 645300.5, "field_5": 9204756.5 }, "geometry": { "type": "Point", "coordinates": [ 645300.5, 9204756.5 ] } },
{ "type": "Feature", "properties": { "field_1": 1322769, "field_2": "Lainnya", "field_3": "Potensi Kecelakaan", "field_4": 645300.5, "field_5": 9204769.0 }, "geometry": { "type": "Point", "coordinates": [ 645300.5, 9204769.0 ] } },
{ "type": "Feature", "properties": { "field_1": 1322768, "field_2": "Lainnya", "field_3": "Potensi Kecelakaan", "field_4": 645300.5, "field_5": 9204781.5 }, "geometry": { "type": "Point", "coordinates": [ 645300.5, 9204781.5 ] } },
{ "type": "Feature", "properties": { "field_1": 1322767, "field_2": "Lainnya", "field_3": "Potensi Kecelakaan", "field_4": 645300.5, "field_5": 9204794.0 }, "geometry": { "type": "Point", "coordinates": [ 645300.5, 9204794.0 ] } },
{ "type": "Feature", "properties": { "field_1": 1322766, "field_2": "Lainnya", "field_3": "Potensi Kecelakaan", "field_4": 645300.5, "field_5": 9204806.5 }, "geometry": { "type": "Point", "coordinates": [ 645300.5, 9204806.5 ] } },
{ "type": "Feature", "properties": { "field_1": 1322765, "field_2": "Lainnya", "field_3": "Potensi Kecelakaan", "field_4": 645300.5, "field_5": 9204819.0 }, "geometry": { "type": "Point", "coordinates": [ 645300.5, 9204819.0 ] } },
{ "type": "Feature", "properties": { "field_1": 1322764, "field_2": "Lainnya", "field_3": "Potensi Kecelakaan", "field_4": 645300.5, "field_5": 9204831.5 }, "geometry": { "type": "Point", "coordinates": [ 645300.5, 9204831.5 ] } },
{ "type": "Feature", "properties": { "field_1": 1322763, "field_2": "Lainnya", "field_3": "Potensi Kecelakaan", "field_4": 645300.5, "field_5": 9204844.0 }, "geometry": { "type": "Point", "coordinates": [ 645300.5, 9204844.0 ] } },
{ "type": "Feature", "properties": { "field_1": 1322762, "field_2": "Lainnya", "field_3": "Potensi Kecelakaan", "field_4": 645300.5, "field_5": 9204856.5 }, "geometry": { "type": "Point", "coordinates": [ 645300.5, 9204856.5 ] } },
{ "type": "Feature", "properties": { "field_1": 1322761, "field_2": "Lainnya", "field_3": "Potensi Kecelakaan", "field_4": 645300.5, "field_5": 9204869.0 }, "geometry": { "type": "Point", "coordinates": [ 645300.5, 9204869.0 ] } },
{ "type": "Feature", "properties": { "field_1": 1322760, "field_2": "Lainnya", "field_3": "Potensi Kecelakaan", "field_4": 645300.5, "field_5": 9204881.5 }, "geometry": { "type": "Point", "coordinates": [ 645300.5, 9204881.5 ] } },
{ "type": "Feature", "properties": { "field_1": 1322759, "field_2": "Lainnya", "field_3": "Potensi Kecelakaan", "field_4": 645300.5, "field_5": 9204894.0 }, "geometry": { "type": "Point", "coordinates": [ 645300.5, 9204894.0 ] } },
{ "type": "Feature", "properties": { "field_1": 1322758, "field_2": "Lainnya", "field_3": "Potensi Kecelakaan", "field_4": 645300.5, "field_5": 9204906.5 }, "geometry": { "type": "Point", "coordinates": [ 645300.5, 9204906.5 ] } },
{ "type": "Feature", "properties": { "field_1": 1322757, "field_2": "Lainnya", "field_3": "Potensi Kecelakaan", "field_4": 645300.5, "field_5": 9204919.0 }, "geometry": { "type": "Point", "coordinates": [ 645300.5, 9204919.0 ] } },
{ "type": "Feature", "properties": { "field_1": 1322756, "field_2": "Lainnya", "field_3": "Potensi Kecelakaan", "field_4": 645300.5, "field_5": 9204931.5 }, "geometry": { "type": "Point", "coordinates": [ 645300.5, 9204931.5 ] } },
{ "type": "Feature", "properties": { "field_1": 1322755, "field_2": "Lainnya", "field_3": "Potensi Kecelakaan", "field_4": 645300.5, "field_5": 9204944.0 }, "geometry": { "type": "Point", "coordinates": [ 645300.5, 9204944.0 ] } },
{ "type": "Feature", "properties": { "field_1": 1322754, "field_2": "Lainnya", "field_3": "Potensi Kecelakaan", "field_4": 645300.5, "field_5": 9204956.5 }, "geometry": { "type": "Point", "coordinates": [ 645300.5, 9204956.5 ] } },
{ "type": "Feature", "properties": { "field_1": 1322753, "field_2": "Lainnya", "field_3": "Potensi Kecelakaan", "field_4": 645300.5, "field_5": 9204969.0 }, "geometry": { "type": "Point", "coordinates": [ 645300.5, 9204969.0 ] } },
{ "type": "Feature", "properties": { "field_1": 1322752, "field_2": "Lainnya", "field_3": "Potensi Kecelakaan", "field_4": 645300.5, "field_5": 9204981.5 }, "geometry": { "type": "Point", "coordinates": [ 645300.5, 9204981.5 ] } },
{ "type": "Feature", "properties": { "field_1": 1322751, "field_2": "Lainnya", "field_3": "Potensi Kecelakaan", "field_4": 645300.5, "field_5": 9204994.0 }, "geometry": { "type": "Point", "coordinates": [ 645300.5, 9204994.0 ] } },
{ "type": "Feature", "properties": { "field_1": 1322750, "field_2": "Lainnya", "field_3": "Potensi Kecelakaan", "field_4": 645300.5, "field_5": 9205006.5 }, "geometry": { "type": "Point", "coordinates": [ 645300.5, 9205006.5 ] } },
{ "type": "Feature", "properties": { "field_1": 1322749, "field_2": "Lainnya", "field_3": "Potensi Kecelakaan", "field_4": 645300.5, "field_5": 9205019.0 }, "geometry": { "type": "Point", "coordinates": [ 645300.5, 9205019.0 ] } },
{ "type": "Feature", "properties": { "field_1": 1322748, "field_2": "Lainnya", "field_3": "Potensi Kecelakaan", "field_4": 645300.5, "field_5": 9205031.5 }, "geometry": { "type": "Point", "coordinates": [ 645300.5, 9205031.5 ] } },
{ "type": "Feature", "properties": { "field_1": 1322747, "field_2": "Lainnya", "field_3": "Potensi Kecelakaan", "field_4": 645300.5, "field_5": 9205044.0 }, "geometry": { "type": "Point", "coordinates": [ 645300.5, 9205044.0 ] } },
{ "type": "Feature", "properties": { "field_1": 1322746, "field_2": "Lainnya", "field_3": "Potensi Kecelakaan", "field_4": 645300.5, "field_5": 9205056.5 }, "geometry": { "type": "Point", "coordinates": [ 645300.5, 9205056.5 ] } },
{ "type": "Feature", "properties": { "field_1": 1322745, "field_2": "Lainnya", "field_3": "Potensi Kecelakaan", "field_4": 645300.5, "field_5": 9205069.0 }, "geometry": { "type": "Point", "coordinates": [ 645300.5, 9205069.0 ] } },
{ "type": "Feature", "properties": { "field_1": 1322744, "field_2": "Lainnya", "field_3": "Potensi Kecelakaan", "field_4": 645300.5, "field_5": 9205081.5 }, "geometry": { "type": "Point", "coordinates": [ 645300.5, 9205081.5 ] } },
{ "type": "Feature", "properties": { "field_1": 1322743, "field_2": "Lainnya", "field_3": "Potensi Kecelakaan", "field_4": 645300.5, "field_5": 9205094.0 }, "geometry": { "type": "Point", "coordinates": [ 645300.5, 9205094.0 ] } },
{ "type": "Feature", "properties": { "field_1": 1322742, "field_2": "Lainnya", "field_3": "Potensi Kecelakaan", "field_4": 645300.5, "field_5": 9205106.5 }, "geometry": { "type": "Point", "coordinates": [ 645300.5, 9205106.5 ] } },
{ "type": "Feature", "properties": { "field_1": 1322741, "field_2": "Lainnya", "field_3": "Potensi Kecelakaan", "field_4": 645300.5, "field_5": 9205119.0 }, "geometry": { "type": "Point", "coordinates": [ 645300.5, 9205119.0 ] } },
{ "type": "Feature", "properties": { "field_1": 1322740, "field_2": "Lainnya", "field_3": "Potensi Kecelakaan", "field_4": 645300.5, "field_5": 9205131.5 }, "geometry": { "type": "Point", "coordinates": [ 645300.5, 9205131.5 ] } },
{ "type": "Feature", "properties": { "field_1": 1322739, "field_2": "Lainnya", "field_3": "Potensi Kecelakaan", "field_4": 645300.5, "field_5": 9205144.0 }, "geometry": { "type": "Point", "coordinates": [ 645300.5, 9205144.0 ] } },
{ "type": "Feature", "properties": { "field_1": 1322738, "field_2": "Lainnya", "field_3": "Potensi Kecelakaan", "field_4": 645300.5, "field_5": 9205156.5 }, "geometry": { "type": "Point", "coordinates": [ 645300.5, 9205156.5 ] } },
{ "type": "Feature", "properties": { "field_1": 1322737, "field_2": "Lainnya", "field_3": "Potensi Kecelakaan", "field_4": 645300.5, "field_5": 9205169.0 }, "geometry": { "type": "Point", "coordinates": [ 645300.5, 9205169.0 ] } },
{ "type": "Feature", "properties": { "field_1": 1322736, "field_2": "Lainnya", "field_3": "Potensi Kecelakaan", "field_4": 645300.5, "field_5": 9205181.5 }, "geometry": { "type": "Point", "coordinates": [ 645300.5, 9205181.5 ] } },
{ "type": "Feature", "properties": { "field_1": 1322735, "field_2": "Lainnya", "field_3": "Potensi Kecelakaan", "field_4": 645300.5, "field_5": 9205194.0 }, "geometry": { "type": "Point", "coordinates": [ 645300.5, 9205194.0 ] } },
{ "type": "Feature", "properties": { "field_1": 1322734, "field_2": "Lainnya", "field_3": "Potensi Kecelakaan", "field_4": 645300.5, "field_5": 9205206.5 }, "geometry": { "type": "Point", "coordinates": [ 645300.5, 9205206.5 ] } },
{ "type": "Feature", "properties": { "field_1": 1322733, "field_2": "Lainnya", "field_3": "Potensi Kecelakaan", "field_4": 645300.5, "field_5": 9205219.0 }, "geometry": { "type": "Point", "coordinates": [ 645300.5, 9205219.0 ] } },
{ "type": "Feature", "properties": { "field_1": 1322732, "field_2": "Lainnya", "field_3": "Potensi Kecelakaan", "field_4": 645300.5, "field_5": 9205231.5 }, "geometry": { "type": "Point", "coordinates": [ 645300.5, 9205231.5 ] } },
{ "type": "Feature", "properties": { "field_1": 1322731, "field_2": "Lainnya", "field_3": "Potensi Kecelakaan", "field_4": 645300.5, "field_5": 9205244.0 }, "geometry": { "type": "Point", "coordinates": [ 645300.5, 9205244.0 ] } },
{ "type": "Feature", "properties": { "field_1": 1322730, "field_2": "Lainnya", "field_3": "Potensi Kecelakaan", "field_4": 645300.5, "field_5": 9205256.5 }, "geometry": { "type": "Point", "coordinates": [ 645300.5, 9205256.5 ] } },
{ "type": "Feature", "properties": { "field_1": 1322729, "field_2": "Lainnya", "field_3": "Potensi Kecelakaan", "field_4": 645300.5, "field_5": 9205269.0 }, "geometry": { "type": "Point", "coordinates": [ 645300.5, 9205269.0 ] } },
{ "type": "Feature", "properties": { "field_1": 1322728, "field_2": "Lainnya", "field_3": "Potensi Kecelakaan", "field_4": 645300.5, "field_5": 9205281.5 }, "geometry": { "type": "Point", "coordinates": [ 645300.5, 9205281.5 ] } },
{ "type": "Feature", "properties": { "field_1": 1322727, "field_2": "Lainnya", "field_3": "Potensi Kecelakaan", "field_4": 645300.5, "field_5": 9205294.0 }, "geometry": { "type": "Point", "coordinates": [ 645300.5, 9205294.0 ] } },
{ "type": "Feature", "properties": { "field_1": 1322726, "field_2": "Lainnya", "field_3": "Potensi Kecelakaan", "field_4": 645300.5, "field_5": 9205306.5 }, "geometry": { "type": "Point", "coordinates": [ 645300.5, 9205306.5 ] } },
{ "type": "Feature", "properties": { "field_1": 1322725, "field_2": "Lainnya", "field_3": "Potensi Kecelakaan", "field_4": 645300.5, "field_5": 9205319.0 }, "geometry": { "type": "Point", "coordinates": [ 645300.5, 9205319.0 ] } },
{ "type": "Feature", "properties": { "field_1": 1322724, "field_2": "Lainnya", "field_3": "Potensi Kecelakaan", "field_4": 645300.5, "field_5": 9205331.5 }, "geometry": { "type": "Point", "coordinates": [ 645300.5, 9205331.5 ] } },
{ "type": "Feature", "properties": { "field_1": 1322723, "field_2": "Lainnya", "field_3": "Potensi Kecelakaan", "field_4": 645300.5, "field_5": 9205344.0 }, "geometry": { "type": "Point", "coordinates": [ 645300.5, 9205344.0 ] } },
{ "type": "Feature", "properties": { "field_1": 1322722, "field_2": "Lainnya", "field_3": "Potensi Kecelakaan", "field_4": 645300.5, "field_5": 9205356.5 }, "geometry": { "type": "Point", "coordinates": [ 645300.5, 9205356.5 ] } },
{ "type": "Feature", "properties": { "field_1": 1322721, "field_2": "Lainnya", "field_3": "Potensi Kecelakaan", "field_4": 645300.5, "field_5": 9205369.0 }, "geometry": { "type": "Point", "coordinates": [ 645300.5, 9205369.0 ] } },
{ "type": "Feature", "properties": { "field_1": 1322720, "field_2": "Lainnya", "field_3": "Potensi Kecelakaan", "field_4": 645300.5, "field_5": 9205381.5 }, "geometry": { "type": "Point", "coordinates": [ 645300.5, 9205381.5 ] } },
{ "type": "Feature", "properties": { "field_1": 1322719, "field_2": "Lainnya", "field_3": "Potensi Kecelakaan", "field_4": 645300.5, "field_5": 9205394.0 }, "geometry": { "type": "Point", "coordinates": [ 645300.5, 9205394.0 ] } },
{ "type": "Feature", "properties": { "field_1": 1322718, "field_2": "Lainnya", "field_3": "Potensi Kecelakaan", "field_4": 645300.5, "field_5": 9205406.5 }, "geometry": { "type": "Point", "coordinates": [ 645300.5, 9205406.5 ] } },
{ "type": "Feature", "properties": { "field_1": 1322717, "field_2": "Lainnya", "field_3": "Potensi Kecelakaan", "field_4": 645300.5, "field_5": 9205419.0 }, "geometry": { "type": "Point", "coordinates": [ 645300.5, 9205419.0 ] } },
{ "type": "Feature", "properties": { "field_1": 1322716, "field_2": "Lainnya", "field_3": "Potensi Kecelakaan", "field_4": 645300.5, "field_5": 9205431.5 }, "geometry": { "type": "Point", "coordinates": [ 645300.5, 9205431.5 ] } },
{ "type": "Feature", "properties": { "field_1": 1322715, "field_2": "Lainnya", "field_3": "Potensi Kecelakaan", "field_4": 645300.5, "field_5": 9205444.0 }, "geometry": { "type": "Point", "coordinates": [ 645300.5, 9205444.0 ] } },
{ "type": "Feature", "properties": { "field_1": 1322714, "field_2": "Lainnya", "field_3": "Potensi Kecelakaan", "field_4": 645300.5, "field_5": 9205456.5 }, "geometry": { "type": "Point", "coordinates": [ 645300.5, 9205456.5 ] } },
{ "type": "Feature", "properties": { "field_1": 1322713, "field_2": "Lainnya", "field_3": "Potensi Kecelakaan", "field_4": 645300.5, "field_5": 9205469.0 }, "geometry": { "type": "Point", "coordinates": [ 645300.5, 9205469.0 ] } },
{ "type": "Feature", "properties": { "field_1": 1322712, "field_2": "Lainnya", "field_3": "Potensi Kecelakaan", "field_4": 645300.5, "field_5": 9205481.5 }, "geometry": { "type": "Point", "coordinates": [ 645300.5, 9205481.5 ] } },
{ "type": "Feature", "properties": { "field_1": 1322711, "field_2": "Lainnya", "field_3": "Potensi Kecelakaan", "field_4": 645300.5, "field_5": 9205494.0 }, "geometry": { "type": "Point", "coordinates": [ 645300.5, 9205494.0 ] } },
{ "type": "Feature", "properties": { "field_1": 1322710, "field_2": "Lainnya", "field_3": "Potensi Kecelakaan", "field_4": 645300.5, "field_5": 9205506.5 }, "geometry": { "type": "Point", "coordinates": [ 645300.5, 9205506.5 ] } },
{ "type": "Feature", "properties": { "field_1": 1322709, "field_2": "Lainnya", "field_3": "Potensi Kecelakaan", "field_4": 645300.5, "field_5": 9205519.0 }, "geometry": { "type": "Point", "coordinates": [ 645300.5, 9205519.0 ] } },
{ "type": "Feature", "properties": { "field_1": 1322708, "field_2": "Lainnya", "field_3": "Potensi Kecelakaan", "field_4": 645300.5, "field_5": 9205531.5 }, "geometry": { "type": "Point", "coordinates": [ 645300.5, 9205531.5 ] } },
{ "type": "Feature", "properties": { "field_1": 1322707, "field_2": "Lainnya", "field_3": "Potensi Kecelakaan", "field_4": 645300.5, "field_5": 9205544.0 }, "geometry": { "type": "Point", "coordinates": [ 645300.5, 9205544.0 ] } },
{ "type": "Feature", "properties": { "field_1": 1322706, "field_2": "Lainnya", "field_3": "Potensi Kecelakaan", "field_4": 645300.5, "field_5": 9205556.5 }, "geometry": { "type": "Point", "coordinates": [ 645300.5, 9205556.5 ] } },
{ "type": "Feature", "properties": { "field_1": 1322705, "field_2": "Lainnya", "field_3": "Potensi Kecelakaan", "field_4": 645300.5, "field_5": 9205569.0 }, "geometry": { "type": "Point", "coordinates": [ 645300.5, 9205569.0 ] } },
{ "type": "Feature", "properties": { "field_1": 1322704, "field_2": "Lainnya", "field_3": "Potensi Kecelakaan", "field_4": 645300.5, "field_5": 9205581.5 }, "geometry": { "type": "Point", "coordinates": [ 645300.5, 9205581.5 ] } },
{ "type": "Feature", "properties": { "field_1": 1322703, "field_2": "Lainnya", "field_3": "Potensi Kecelakaan", "field_4": 645300.5, "field_5": 9205594.0 }, "geometry": { "type": "Point", "coordinates": [ 645300.5, 9205594.0 ] } },
{ "type": "Feature", "properties": { "field_1": 1322702, "field_2": "Lainnya", "field_3": "Potensi Kecelakaan", "field_4": 645300.5, "field_5": 9205606.5 }, "geometry": { "type": "Point", "coordinates": [ 645300.5, 9205606.5 ] } },
{ "type": "Feature", "properties": { "field_1": 1322701, "field_2": "Lainnya", "field_3": "Potensi Kecelakaan", "field_4": 645300.5, "field_5": 9205619.0 }, "geometry": { "type": "Point", "coordinates": [ 645300.5, 9205619.0 ] } },
{ "type": "Feature", "properties": { "field_1": 1322700, "field_2": "Lainnya", "field_3": "Potensi Kecelakaan", "field_4": 645300.5, "field_5": 9205631.5 }, "geometry": { "type": "Point", "coordinates": [ 645300.5, 9205631.5 ] } },
{ "type": "Feature", "properties": { "field_1": 1322699, "field_2": "Lainnya", "field_3": "Potensi Kecelakaan", "field_4": 645300.5, "field_5": 9205644.0 }, "geometry": { "type": "Point", "coordinates": [ 645300.5, 9205644.0 ] } },
{ "type": "Feature", "properties": { "field_1": 1322698, "field_2": "Lainnya", "field_3": "Potensi Kecelakaan", "field_4": 645300.5, "field_5": 9205656.5 }, "geometry": { "type": "Point", "coordinates": [ 645300.5, 9205656.5 ] } },
{ "type": "Feature", "properties": { "field_1": 1322697, "field_2": "Lainnya", "field_3": "Potensi Kecelakaan", "field_4": 645300.5, "field_5": 9205669.0 }, "geometry": { "type": "Point", "coordinates": [ 645300.5, 9205669.0 ] } },
{ "type": "Feature", "properties": { "field_1": 1322696, "field_2": "Lainnya", "field_3": "Potensi Kecelakaan", "field_4": 645300.5, "field_5": 9205681.5 }, "geometry": { "type": "Point", "coordinates": [ 645300.5, 9205681.5 ] } },
{ "type": "Feature", "properties": { "field_1": 1322695, "field_2": "Lainnya", "field_3": "Potensi Kecelakaan", "field_4": 645300.5, "field_5": 9205694.0 }, "geometry": { "type": "Point", "coordinates": [ 645300.5, 9205694.0 ] } },
{ "type": "Feature", "properties": { "field_1": 1322694, "field_2": "Lainnya", "field_3": "Potensi Kecelakaan", "field_4": 645300.5, "field_5": 9205706.5 }, "geometry": { "type": "Point", "coordinates": [ 645300.5, 9205706.5 ] } },
{ "type": "Feature", "properties": { "field_1": 1322693, "field_2": "Lainnya", "field_3": "Potensi Kecelakaan", "field_4": 645300.5, "field_5": 9205719.0 }, "geometry": { "type": "Point", "coordinates": [ 645300.5, 9205719.0 ] } },
{ "type": "Feature", "properties": { "field_1": 1322692, "field_2": "Lainnya", "field_3": "Potensi Kecelakaan", "field_4": 645300.5, "field_5": 9205731.5 }, "geometry": { "type": "Point", "coordinates": [ 645300.5, 9205731.5 ] } },
{ "type": "Feature", "properties": { "field_1": 1322691, "field_2": "Lainnya", "field_3": "Potensi Kecelakaan", "field_4": 645300.5, "field_5": 9205744.0 }, "geometry": { "type": "Point", "coordinates": [ 645300.5, 9205744.0 ] } },
{ "type": "Feature", "properties": { "field_1": 1322690, "field_2": "Lainnya", "field_3": "Potensi Kecelakaan", "field_4": 645300.5, "field_5": 9205756.5 }, "geometry": { "type": "Point", "coordinates": [ 645300.5, 9205756.5 ] } },
{ "type": "Feature", "properties": { "field_1": 1322689, "field_2": "Lainnya", "field_3": "Potensi Kecelakaan", "field_4": 645300.5, "field_5": 9205769.0 }, "geometry": { "type": "Point", "coordinates": [ 645300.5, 9205769.0 ] } },
{ "type": "Feature", "properties": { "field_1": 1322688, "field_2": "Lainnya", "field_3": "Potensi Kecelakaan", "field_4": 645300.5, "field_5": 9205781.5 }, "geometry": { "type": "Point", "coordinates": [ 645300.5, 9205781.5 ] } },
{ "type": "Feature", "properties": { "field_1": 1322687, "field_2": "Lainnya", "field_3": "Potensi Kecelakaan", "field_4": 645300.5, "field_5": 9205794.0 }, "geometry": { "type": "Point", "coordinates": [ 645300.5, 9205794.0 ] } },
{ "type": "Feature", "properties": { "field_1": 1322686, "field_2": "Lainnya", "field_3": "Potensi Kecelakaan", "field_4": 645300.5, "field_5": 9205806.5 }, "geometry": { "type": "Point", "coordinates": [ 645300.5, 9205806.5 ] } },
{ "type": "Feature", "properties": { "field_1": 1322685, "field_2": "Lainnya", "field_3": "Potensi Kecelakaan", "field_4": 645300.5, "field_5": 9205819.0 }, "geometry": { "type": "Point", "coordinates": [ 645300.5, 9205819.0 ] } },
{ "type": "Feature", "properties": { "field_1": 1322684, "field_2": "Lainnya", "field_3": "Potensi Kecelakaan", "field_4": 645300.5, "field_5": 9205831.5 }, "geometry": { "type": "Point", "coordinates": [ 645300.5, 9205831.5 ] } },
{ "type": "Feature", "properties": { "field_1": 1322683, "field_2": "Lainnya", "field_3": "Potensi Kecelakaan", "field_4": 645300.5, "field_5": 9205844.0 }, "geometry": { "type": "Point", "coordinates": [ 645300.5, 9205844.0 ] } },
{ "type": "Feature", "properties": { "field_1": 1322682, "field_2": "Lainnya", "field_3": "Potensi Kecelakaan", "field_4": 645300.5, "field_5": 9205856.5 }, "geometry": { "type": "Point", "coordinates": [ 645300.5, 9205856.5 ] } },
{ "type": "Feature", "properties": { "field_1": 1322681, "field_2": "Lainnya", "field_3": "Potensi Kecelakaan", "field_4": 645300.5, "field_5": 9205869.0 }, "geometry": { "type": "Point", "coordinates": [ 645300.5, 9205869.0 ] } },
{ "type": "Feature", "properties": { "field_1": 1322680, "field_2": "Lainnya", "field_3": "Potensi Kecelakaan", "field_4": 645300.5, "field_5": 9205881.5 }, "geometry": { "type": "Point", "coordinates": [ 645300.5, 9205881.5 ] } },
{ "type": "Feature", "properties": { "field_1": 1322679, "field_2": "Lainnya", "field_3": "Potensi Kecelakaan", "field_4": 645300.5, "field_5": 9205894.0 }, "geometry": { "type": "Point", "coordinates": [ 645300.5, 9205894.0 ] } },
{ "type": "Feature", "properties": { "field_1": 1322678, "field_2": "Lainnya", "field_3": "Potensi Kecelakaan", "field_4": 645300.5, "field_5": 9205906.5 }, "geometry": { "type": "Point", "coordinates": [ 645300.5, 9205906.5 ] } },
{ "type": "Feature", "properties": { "field_1": 1322677, "field_2": "Lainnya", "field_3": "Potensi Kecelakaan", "field_4": 645300.5, "field_5": 9205919.0 }, "geometry": { "type": "Point", "coordinates": [ 645300.5, 9205919.0 ] } },
{ "type": "Feature", "properties": { "field_1": 1322676, "field_2": "Lainnya", "field_3": "Potensi Kecelakaan", "field_4": 645300.5, "field_5": 9205931.5 }, "geometry": { "type": "Point", "coordinates": [ 645300.5, 9205931.5 ] } },
{ "type": "Feature", "properties": { "field_1": 1322675, "field_2": "Lainnya", "field_3": "Potensi Kecelakaan", "field_4": 645300.5, "field_5": 9205944.0 }, "geometry": { "type": "Point", "coordinates": [ 645300.5, 9205944.0 ] } },
{ "type": "Feature", "properties": { "field_1": 1322674, "field_2": "Lainnya", "field_3": "Potensi Kecelakaan", "field_4": 645300.5, "field_5": 9205956.5 }, "geometry": { "type": "Point", "coordinates": [ 645300.5, 9205956.5 ] } },
{ "type": "Feature", "properties": { "field_1": 1322673, "field_2": "Lainnya", "field_3": "Potensi Kecelakaan", "field_4": 645300.5, "field_5": 9205969.0 }, "geometry": { "type": "Point", "coordinates": [ 645300.5, 9205969.0 ] } },
{ "type": "Feature", "properties": { "field_1": 1322672, "field_2": "Lainnya", "field_3": "Potensi Kecelakaan", "field_4": 645300.5, "field_5": 9205981.5 }, "geometry": { "type": "Point", "coordinates": [ 645300.5, 9205981.5 ] } },
{ "type": "Feature", "properties": { "field_1": 1322671, "field_2": "Lainnya", "field_3": "Potensi Kecelakaan", "field_4": 645300.5, "field_5": 9205994.0 }, "geometry": { "type": "Point", "coordinates": [ 645300.5, 9205994.0 ] } },
{ "type": "Feature", "properties": { "field_1": 1322670, "field_2": "Lainnya", "field_3": "Potensi Kecelakaan", "field_4": 645300.5, "field_5": 9206006.5 }, "geometry": { "type": "Point", "coordinates": [ 645300.5, 9206006.5 ] } },
{ "type": "Feature", "properties": { "field_1": 1322669, "field_2": "Lainnya", "field_3": "Potensi Kecelakaan", "field_4": 645300.5, "field_5": 9206019.0 }, "geometry": { "type": "Point", "coordinates": [ 645300.5, 9206019.0 ] } },
{ "type": "Feature", "properties": { "field_1": 1322668, "field_2": "Lainnya", "field_3": "Potensi Kecelakaan", "field_4": 645300.5, "field_5": 9206031.5 }, "geometry": { "type": "Point", "coordinates": [ 645300.5, 9206031.5 ] } },
{ "type": "Feature", "properties": { "field_1": 1322667, "field_2": "Lainnya", "field_3": "Potensi Kecelakaan", "field_4": 645300.5, "field_5": 9206044.0 }, "geometry": { "type": "Point", "coordinates": [ 645300.5, 9206044.0 ] } },
{ "type": "Feature", "properties": { "field_1": 1322666, "field_2": "Lainnya", "field_3": "Potensi Kecelakaan", "field_4": 645300.5, "field_5": 9206056.5 }, "geometry": { "type": "Point", "coordinates": [ 645300.5, 9206056.5 ] } },
{ "type": "Feature", "properties": { "field_1": 1322665, "field_2": "Lainnya", "field_3": "Potensi Kecelakaan", "field_4": 645300.5, "field_5": 9206069.0 }, "geometry": { "type": "Point", "coordinates": [ 645300.5, 9206069.0 ] } },
{ "type": "Feature", "properties": { "field_1": 1322664, "field_2": "Lainnya", "field_3": "Potensi Kecelakaan", "field_4": 645300.5, "field_5": 9206081.5 }, "geometry": { "type": "Point", "coordinates": [ 645300.5, 9206081.5 ] } },
{ "type": "Feature", "properties": { "field_1": 1322663, "field_2": "Lainnya", "field_3": "Potensi Kecelakaan", "field_4": 645300.5, "field_5": 9206094.0 }, "geometry": { "type": "Point", "coordinates": [ 645300.5, 9206094.0 ] } },
{ "type": "Feature", "properties": { "field_1": 1322662, "field_2": "Lainnya", "field_3": "Potensi Kecelakaan", "field_4": 645300.5, "field_5": 9206106.5 }, "geometry": { "type": "Point", "coordinates": [ 645300.5, 9206106.5 ] } },
{ "type": "Feature", "properties": { "field_1": 1322661, "field_2": "Lainnya", "field_3": "Potensi Kecelakaan", "field_4": 645300.5, "field_5": 9206119.0 }, "geometry": { "type": "Point", "coordinates": [ 645300.5, 9206119.0 ] } },
{ "type": "Feature", "properties": { "field_1": 1322660, "field_2": "Lainnya", "field_3": "Potensi Kecelakaan", "field_4": 645300.5, "field_5": 9206131.5 }, "geometry": { "type": "Point", "coordinates": [ 645300.5, 9206131.5 ] } },
{ "type": "Feature", "properties": { "field_1": 1322659, "field_2": "Lainnya", "field_3": "Potensi Kecelakaan", "field_4": 645300.5, "field_5": 9206144.0 }, "geometry": { "type": "Point", "coordinates": [ 645300.5, 9206144.0 ] } },
{ "type": "Feature", "properties": { "field_1": 1322658, "field_2": "Lainnya", "field_3": "Potensi Kecelakaan", "field_4": 645300.5, "field_5": 9206156.5 }, "geometry": { "type": "Point", "coordinates": [ 645300.5, 9206156.5 ] } },
{ "type": "Feature", "properties": { "field_1": 1322657, "field_2": "Lainnya", "field_3": "Potensi Kecelakaan", "field_4": 645300.5, "field_5": 9206169.0 }, "geometry": { "type": "Point", "coordinates": [ 645300.5, 9206169.0 ] } },
{ "type": "Feature", "properties": { "field_1": 1322656, "field_2": "Lainnya", "field_3": "Potensi Kecelakaan", "field_4": 645300.5, "field_5": 9206181.5 }, "geometry": { "type": "Point", "coordinates": [ 645300.5, 9206181.5 ] } },
{ "type": "Feature", "properties": { "field_1": 1322655, "field_2": "Lainnya", "field_3": "Potensi Kecelakaan", "field_4": 645300.5, "field_5": 9206194.0 }, "geometry": { "type": "Point", "coordinates": [ 645300.5, 9206194.0 ] } },
{ "type": "Feature", "properties": { "field_1": 1322654, "field_2": "Lainnya", "field_3": "Potensi Kecelakaan", "field_4": 645300.5, "field_5": 9206206.5 }, "geometry": { "type": "Point", "coordinates": [ 645300.5, 9206206.5 ] } },
{ "type": "Feature", "properties": { "field_1": 1322653, "field_2": "Lainnya", "field_3": "Potensi Kecelakaan", "field_4": 645300.5, "field_5": 9206219.0 }, "geometry": { "type": "Point", "coordinates": [ 645300.5, 9206219.0 ] } },
{ "type": "Feature", "properties": { "field_1": 1322652, "field_2": "Lainnya", "field_3": "Potensi Kecelakaan", "field_4": 645300.5, "field_5": 9206231.5 }, "geometry": { "type": "Point", "coordinates": [ 645300.5, 9206231.5 ] } },
{ "type": "Feature", "properties": { "field_1": 1322651, "field_2": "Lainnya", "field_3": "Potensi Kecelakaan", "field_4": 645300.5, "field_5": 9206244.0 }, "geometry": { "type": "Point", "coordinates": [ 645300.5, 9206244.0 ] } },
{ "type": "Feature", "properties": { "field_1": 1322650, "field_2": "Lainnya", "field_3": "Potensi Kecelakaan", "field_4": 645300.5, "field_5": 9206256.5 }, "geometry": { "type": "Point", "coordinates": [ 645300.5, 9206256.5 ] } },
{ "type": "Feature", "properties": { "field_1": 1322649, "field_2": "Lainnya", "field_3": "Potensi Kecelakaan", "field_4": 645300.5, "field_5": 9206269.0 }, "geometry": { "type": "Point", "coordinates": [ 645300.5, 9206269.0 ] } },
{ "type": "Feature", "properties": { "field_1": 1322648, "field_2": "Lainnya", "field_3": "Potensi Kecelakaan", "field_4": 645300.5, "field_5": 9206281.5 }, "geometry": { "type": "Point", "coordinates": [ 645300.5, 9206281.5 ] } },
{ "type": "Feature", "properties": { "field_1": 1322647, "field_2": "Lainnya", "field_3": "Potensi Kecelakaan", "field_4": 645300.5, "field_5": 9206294.0 }, "geometry": { "type": "Point", "coordinates": [ 645300.5, 9206294.0 ] } },
{ "type": "Feature", "properties": { "field_1": 1322646, "field_2": "Lainnya", "field_3": "Potensi Kecelakaan", "field_4": 645300.5, "field_5": 9206306.5 }, "geometry": { "type": "Point", "coordinates": [ 645300.5, 9206306.5 ] } },
{ "type": "Feature", "properties": { "field_1": 1322645, "field_2": "Lainnya", "field_3": "Potensi Kecelakaan", "field_4": 645300.5, "field_5": 9206319.0 }, "geometry": { "type": "Point", "coordinates": [ 645300.5, 9206319.0 ] } },
{ "type": "Feature", "properties": { "field_1": 1322644, "field_2": "Lainnya", "field_3": "Potensi Kecelakaan", "field_4": 645300.5, "field_5": 9206331.5 }, "geometry": { "type": "Point", "coordinates": [ 645300.5, 9206331.5 ] } },
{ "type": "Feature", "properties": { "field_1": 1322643, "field_2": "Lainnya", "field_3": "Potensi Kecelakaan", "field_4": 645300.5, "field_5": 9206344.0 }, "geometry": { "type": "Point", "coordinates": [ 645300.5, 9206344.0 ] } },
{ "type": "Feature", "properties": { "field_1": 1322642, "field_2": "Lainnya", "field_3": "Potensi Kecelakaan", "field_4": 645300.5, "field_5": 9206356.5 }, "geometry": { "type": "Point", "coordinates": [ 645300.5, 9206356.5 ] } },
{ "type": "Feature", "properties": { "field_1": 1322641, "field_2": "Lainnya", "field_3": "Potensi Kecelakaan", "field_4": 645300.5, "field_5": 9206369.0 }, "geometry": { "type": "Point", "coordinates": [ 645300.5, 9206369.0 ] } },
{ "type": "Feature", "properties": { "field_1": 1322640, "field_2": "Lainnya", "field_3": "Potensi Kecelakaan", "field_4": 645300.5, "field_5": 9206381.5 }, "geometry": { "type": "Point", "coordinates": [ 645300.5, 9206381.5 ] } },
{ "type": "Feature", "properties": { "field_1": 1322639, "field_2": "Lainnya", "field_3": "Potensi Kecelakaan", "field_4": 645300.5, "field_5": 9206394.0 }, "geometry": { "type": "Point", "coordinates": [ 645300.5, 9206394.0 ] } },
{ "type": "Feature", "properties": { "field_1": 1322638, "field_2": "Lainnya", "field_3": "Potensi Kecelakaan", "field_4": 645300.5, "field_5": 9206406.5 }, "geometry": { "type": "Point", "coordinates": [ 645300.5, 9206406.5 ] } },
{ "type": "Feature", "properties": { "field_1": 1322637, "field_2": "Lainnya", "field_3": "Potensi Kecelakaan", "field_4": 645300.5, "field_5": 9206419.0 }, "geometry": { "type": "Point", "coordinates": [ 645300.5, 9206419.0 ] } },
{ "type": "Feature", "properties": { "field_1": 1322636, "field_2": "Lainnya", "field_3": "Potensi Kecelakaan", "field_4": 645300.5, "field_5": 9206431.5 }, "geometry": { "type": "Point", "coordinates": [ 645300.5, 9206431.5 ] } },
{ "type": "Feature", "properties": { "field_1": 1322635, "field_2": "Lainnya", "field_3": "Potensi Kecelakaan", "field_4": 645300.5, "field_5": 9206444.0 }, "geometry": { "type": "Point", "coordinates": [ 645300.5, 9206444.0 ] } },
{ "type": "Feature", "properties": { "field_1": 1322634, "field_2": "Lainnya", "field_3": "Potensi Kecelakaan", "field_4": 645300.5, "field_5": 9206456.5 }, "geometry": { "type": "Point", "coordinates": [ 645300.5, 9206456.5 ] } },
{ "type": "Feature", "properties": { "field_1": 1322633, "field_2": "Lainnya", "field_3": "Potensi Kecelakaan", "field_4": 645300.5, "field_5": 9206469.0 }, "geometry": { "type": "Point", "coordinates": [ 645300.5, 9206469.0 ] } },
{ "type": "Feature", "properties": { "field_1": 1322632, "field_2": "Lainnya", "field_3": "Potensi Kecelakaan", "field_4": 645300.5, "field_5": 9206481.5 }, "geometry": { "type": "Point", "coordinates": [ 645300.5, 9206481.5 ] } },
{ "type": "Feature", "properties": { "field_1": 1322631, "field_2": "Lainnya", "field_3": "Potensi Kecelakaan", "field_4": 645300.5, "field_5": 9206494.0 }, "geometry": { "type": "Point", "coordinates": [ 645300.5, 9206494.0 ] } },
{ "type": "Feature", "properties": { "field_1": 1322630, "field_2": "Lainnya", "field_3": "Potensi Kecelakaan", "field_4": 645300.5, "field_5": 9206506.5 }, "geometry": { "type": "Point", "coordinates": [ 645300.5, 9206506.5 ] } },
{ "type": "Feature", "properties": { "field_1": 1322629, "field_2": "Lainnya", "field_3": "Potensi Kecelakaan", "field_4": 645300.5, "field_5": 9206519.0 }, "geometry": { "type": "Point", "coordinates": [ 645300.5, 9206519.0 ] } },
{ "type": "Feature", "properties": { "field_1": 1322628, "field_2": "Lainnya", "field_3": "Potensi Kecelakaan", "field_4": 645300.5, "field_5": 9206531.5 }, "geometry": { "type": "Point", "coordinates": [ 645300.5, 9206531.5 ] } },
{ "type": "Feature", "properties": { "field_1": 1322627, "field_2": "Lainnya", "field_3": "Potensi Kecelakaan", "field_4": 645300.5, "field_5": 9206544.0 }, "geometry": { "type": "Point", "coordinates": [ 645300.5, 9206544.0 ] } },
{ "type": "Feature", "properties": { "field_1": 1322626, "field_2": "Lainnya", "field_3": "Potensi Kecelakaan", "field_4": 645300.5, "field_5": 9206556.5 }, "geometry": { "type": "Point", "coordinates": [ 645300.5, 9206556.5 ] } },
{ "type": "Feature", "properties": { "field_1": 1322625, "field_2": "Lainnya", "field_3": "Potensi Kecelakaan", "field_4": 645300.5, "field_5": 9206569.0 }, "geometry": { "type": "Point", "coordinates": [ 645300.5, 9206569.0 ] } },
{ "type": "Feature", "properties": { "field_1": 1322624, "field_2": "Lainnya", "field_3": "Potensi Kecelakaan", "field_4": 645300.5, "field_5": 9206581.5 }, "geometry": { "type": "Point", "coordinates": [ 645300.5, 9206581.5 ] } },
{ "type": "Feature", "properties": { "field_1": 1322623, "field_2": "Lainnya", "field_3": "Potensi Kecelakaan", "field_4": 645300.5, "field_5": 9206594.0 }, "geometry": { "type": "Point", "coordinates": [ 645300.5, 9206594.0 ] } },
{ "type": "Feature", "properties": { "field_1": 1322622, "field_2": "Lainnya", "field_3": "Potensi Kecelakaan", "field_4": 645300.5, "field_5": 9206606.5 }, "geometry": { "type": "Point", "coordinates": [ 645300.5, 9206606.5 ] } },
{ "type": "Feature", "properties": { "field_1": 1322621, "field_2": "Lainnya", "field_3": "Potensi Kecelakaan", "field_4": 645300.5, "field_5": 9206619.0 }, "geometry": { "type": "Point", "coordinates": [ 645300.5, 9206619.0 ] } },
{ "type": "Feature", "properties": { "field_1": 1322620, "field_2": "Lainnya", "field_3": "Potensi Kecelakaan", "field_4": 645300.5, "field_5": 9206631.5 }, "geometry": { "type": "Point", "coordinates": [ 645300.5, 9206631.5 ] } },
{ "type": "Feature", "properties": { "field_1": 1322619, "field_2": "Lainnya", "field_3": "Potensi Kecelakaan", "field_4": 645300.5, "field_5": 9206644.0 }, "geometry": { "type": "Point", "coordinates": [ 645300.5, 9206644.0 ] } },
{ "type": "Feature", "properties": { "field_1": 1322618, "field_2": "Lainnya", "field_3": "Potensi Kecelakaan", "field_4": 645300.5, "field_5": 9206656.5 }, "geometry": { "type": "Point", "coordinates": [ 645300.5, 9206656.5 ] } },
{ "type": "Feature", "properties": { "field_1": 1322617, "field_2": "Lainnya", "field_3": "Potensi Kecelakaan", "field_4": 645300.5, "field_5": 9206669.0 }, "geometry": { "type": "Point", "coordinates": [ 645300.5, 9206669.0 ] } },
{ "type": "Feature", "properties": { "field_1": 1322616, "field_2": "Lainnya", "field_3": "Potensi Kecelakaan", "field_4": 645300.5, "field_5": 9206681.5 }, "geometry": { "type": "Point", "coordinates": [ 645300.5, 9206681.5 ] } },
{ "type": "Feature", "properties": { "field_1": 1322615, "field_2": "Lainnya", "field_3": "Potensi Kecelakaan", "field_4": 645300.5, "field_5": 9206694.0 }, "geometry": { "type": "Point", "coordinates": [ 645300.5, 9206694.0 ] } },
{ "type": "Feature", "properties": { "field_1": 1322614, "field_2": "Lainnya", "field_3": "Potensi Kecelakaan", "field_4": 645300.5, "field_5": 9206706.5 }, "geometry": { "type": "Point", "coordinates": [ 645300.5, 9206706.5 ] } },
{ "type": "Feature", "properties": { "field_1": 1322613, "field_2": "Lainnya", "field_3": "Potensi Kecelakaan", "field_4": 645300.5, "field_5": 9206719.0 }, "geometry": { "type": "Point", "coordinates": [ 645300.5, 9206719.0 ] } },
{ "type": "Feature", "properties": { "field_1": 1322612, "field_2": "Lainnya", "field_3": "Potensi Kecelakaan", "field_4": 645300.5, "field_5": 9206731.5 }, "geometry": { "type": "Point", "coordinates": [ 645300.5, 9206731.5 ] } },
{ "type": "Feature", "properties": { "field_1": 1322611, "field_2": "Lainnya", "field_3": "Potensi Kecelakaan", "field_4": 645300.5, "field_5": 9206744.0 }, "geometry": { "type": "Point", "coordinates": [ 645300.5, 9206744.0 ] } },
{ "type": "Feature", "properties": { "field_1": 1322610, "field_2": "Lainnya", "field_3": "Potensi Kecelakaan", "field_4": 645300.5, "field_5": 9206756.5 }, "geometry": { "type": "Point", "coordinates": [ 645300.5, 9206756.5 ] } },
{ "type": "Feature", "properties": { "field_1": 1322609, "field_2": "Lainnya", "field_3": "Potensi Kecelakaan", "field_4": 645300.5, "field_5": 9206769.0 }, "geometry": { "type": "Point", "coordinates": [ 645300.5, 9206769.0 ] } },
{ "type": "Feature", "properties": { "field_1": 1322608, "field_2": "Lainnya", "field_3": "Potensi Kecelakaan", "field_4": 645300.5, "field_5": 9206781.5 }, "geometry": { "type": "Point", "coordinates": [ 645300.5, 9206781.5 ] } },
{ "type": "Feature", "properties": { "field_1": 1322607, "field_2": "Lainnya", "field_3": "Potensi Kecelakaan", "field_4": 645300.5, "field_5": 9206794.0 }, "geometry": { "type": "Point", "coordinates": [ 645300.5, 9206794.0 ] } },
{ "type": "Feature", "properties": { "field_1": 1322606, "field_2": "Lainnya", "field_3": "Potensi Kecelakaan", "field_4": 645300.5, "field_5": 9206806.5 }, "geometry": { "type": "Point", "coordinates": [ 645300.5, 9206806.5 ] } },
{ "type": "Feature", "properties": { "field_1": 1322605, "field_2": "Lainnya", "field_3": "Potensi Kecelakaan", "field_4": 645300.5, "field_5": 9206819.0 }, "geometry": { "type": "Point", "coordinates": [ 645300.5, 9206819.0 ] } },
{ "type": "Feature", "properties": { "field_1": 1322604, "field_2": "Lainnya", "field_3": "Potensi Kecelakaan", "field_4": 645300.5, "field_5": 9206831.5 }, "geometry": { "type": "Point", "coordinates": [ 645300.5, 9206831.5 ] } },
{ "type": "Feature", "properties": { "field_1": 1322603, "field_2": "Lainnya", "field_3": "Potensi Kecelakaan", "field_4": 645300.5, "field_5": 9206844.0 }, "geometry": { "type": "Point", "coordinates": [ 645300.5, 9206844.0 ] } },
{ "type": "Feature", "properties": { "field_1": 1322602, "field_2": "Lainnya", "field_3": "Potensi Kecelakaan", "field_4": 645300.5, "field_5": 9206856.5 }, "geometry": { "type": "Point", "coordinates": [ 645300.5, 9206856.5 ] } },
{ "type": "Feature", "properties": { "field_1": 1322601, "field_2": "Lainnya", "field_3": "Potensi Kecelakaan", "field_4": 645300.5, "field_5": 9206869.0 }, "geometry": { "type": "Point", "coordinates": [ 645300.5, 9206869.0 ] } },
{ "type": "Feature", "properties": { "field_1": 1322600, "field_2": "Lainnya", "field_3": "Potensi Kecelakaan", "field_4": 645300.5, "field_5": 9206881.5 }, "geometry": { "type": "Point", "coordinates": [ 645300.5, 9206881.5 ] } },
{ "type": "Feature", "properties": { "field_1": 1322599, "field_2": "Lainnya", "field_3": "Potensi Kecelakaan", "field_4": 645300.5, "field_5": 9206894.0 }, "geometry": { "type": "Point", "coordinates": [ 645300.5, 9206894.0 ] } },
{ "type": "Feature", "properties": { "field_1": 1322598, "field_2": "Lainnya", "field_3": "Potensi Kecelakaan", "field_4": 645300.5, "field_5": 9206906.5 }, "geometry": { "type": "Point", "coordinates": [ 645300.5, 9206906.5 ] } },
{ "type": "Feature", "properties": { "field_1": 1322597, "field_2": "Lainnya", "field_3": "Potensi Kecelakaan", "field_4": 645300.5, "field_5": 9206919.0 }, "geometry": { "type": "Point", "coordinates": [ 645300.5, 9206919.0 ] } },
{ "type": "Feature", "properties": { "field_1": 1322596, "field_2": "Lainnya", "field_3": "Potensi Kecelakaan", "field_4": 645300.5, "field_5": 9206931.5 }, "geometry": { "type": "Point", "coordinates": [ 645300.5, 9206931.5 ] } },
{ "type": "Feature", "properties": { "field_1": 1322595, "field_2": "Lainnya", "field_3": "Potensi Kecelakaan", "field_4": 645300.5, "field_5": 9206944.0 }, "geometry": { "type": "Point", "coordinates": [ 645300.5, 9206944.0 ] } },
{ "type": "Feature", "properties": { "field_1": 1322594, "field_2": "Lainnya", "field_3": "Potensi Kecelakaan", "field_4": 645300.5, "field_5": 9206956.5 }, "geometry": { "type": "Point", "coordinates": [ 645300.5, 9206956.5 ] } },
{ "type": "Feature", "properties": { "field_1": 1322593, "field_2": "Lainnya", "field_3": "Potensi Kecelakaan", "field_4": 645300.5, "field_5": 9206969.0 }, "geometry": { "type": "Point", "coordinates": [ 645300.5, 9206969.0 ] } },
{ "type": "Feature", "properties": { "field_1": 1322592, "field_2": "Lainnya", "field_3": "Potensi Kecelakaan", "field_4": 645300.5, "field_5": 9206981.5 }, "geometry": { "type": "Point", "coordinates": [ 645300.5, 9206981.5 ] } },
{ "type": "Feature", "properties": { "field_1": 1322591, "field_2": "Lainnya", "field_3": "Potensi Kecelakaan", "field_4": 645300.5, "field_5": 9206994.0 }, "geometry": { "type": "Point", "coordinates": [ 645300.5, 9206994.0 ] } },
{ "type": "Feature", "properties": { "field_1": 1322590, "field_2": "Lainnya", "field_3": "Potensi Kecelakaan", "field_4": 645300.5, "field_5": 9207006.5 }, "geometry": { "type": "Point", "coordinates": [ 645300.5, 9207006.5 ] } },
{ "type": "Feature", "properties": { "field_1": 1322589, "field_2": "Lainnya", "field_3": "Potensi Kecelakaan", "field_4": 645300.5, "field_5": 9207019.0 }, "geometry": { "type": "Point", "coordinates": [ 645300.5, 9207019.0 ] } },
{ "type": "Feature", "properties": { "field_1": 1322588, "field_2": "Lainnya", "field_3": "Potensi Kecelakaan", "field_4": 645300.5, "field_5": 9207031.5 }, "geometry": { "type": "Point", "coordinates": [ 645300.5, 9207031.5 ] } },
{ "type": "Feature", "properties": { "field_1": 1322587, "field_2": "Lainnya", "field_3": "Potensi Kecelakaan", "field_4": 645300.5, "field_5": 9207044.0 }, "geometry": { "type": "Point", "coordinates": [ 645300.5, 9207044.0 ] } },
{ "type": "Feature", "properties": { "field_1": 1322586, "field_2": "Lainnya", "field_3": "Potensi Kecelakaan", "field_4": 645300.5, "field_5": 9207056.5 }, "geometry": { "type": "Point", "coordinates": [ 645300.5, 9207056.5 ] } },
{ "type": "Feature", "properties": { "field_1": 1322585, "field_2": "Lainnya", "field_3": "Potensi Kecelakaan", "field_4": 645300.5, "field_5": 9207069.0 }, "geometry": { "type": "Point", "coordinates": [ 645300.5, 9207069.0 ] } },
{ "type": "Feature", "properties": { "field_1": 1322584, "field_2": "Lainnya", "field_3": "Potensi Kecelakaan", "field_4": 645300.5, "field_5": 9207081.5 }, "geometry": { "type": "Point", "coordinates": [ 645300.5, 9207081.5 ] } },
{ "type": "Feature", "properties": { "field_1": 1322583, "field_2": "Lainnya", "field_3": "Potensi Kecelakaan", "field_4": 645300.5, "field_5": 9207094.0 }, "geometry": { "type": "Point", "coordinates": [ 645300.5, 9207094.0 ] } },
{ "type": "Feature", "properties": { "field_1": 1322582, "field_2": "Lainnya", "field_3": "Potensi Kecelakaan", "field_4": 645300.5, "field_5": 9207106.5 }, "geometry": { "type": "Point", "coordinates": [ 645300.5, 9207106.5 ] } },
{ "type": "Feature", "properties": { "field_1": 1322581, "field_2": "Lainnya", "field_3": "Potensi Kecelakaan", "field_4": 645300.5, "field_5": 9207119.0 }, "geometry": { "type": "Point", "coordinates": [ 645300.5, 9207119.0 ] } },
{ "type": "Feature", "properties": { "field_1": 1322580, "field_2": "Lainnya", "field_3": "Potensi Kecelakaan", "field_4": 645300.5, "field_5": 9207131.5 }, "geometry": { "type": "Point", "coordinates": [ 645300.5, 9207131.5 ] } },
{ "type": "Feature", "properties": { "field_1": 1322579, "field_2": "Lainnya", "field_3": "Potensi Kecelakaan", "field_4": 645300.5, "field_5": 9207144.0 }, "geometry": { "type": "Point", "coordinates": [ 645300.5, 9207144.0 ] } },
{ "type": "Feature", "properties": { "field_1": 1322578, "field_2": "Lainnya", "field_3": "Potensi Kecelakaan", "field_4": 645300.5, "field_5": 9207156.5 }, "geometry": { "type": "Point", "coordinates": [ 645300.5, 9207156.5 ] } },
{ "type": "Feature", "properties": { "field_1": 1322577, "field_2": "Lainnya", "field_3": "Potensi Kecelakaan", "field_4": 645300.5, "field_5": 9207169.0 }, "geometry": { "type": "Point", "coordinates": [ 645300.5, 9207169.0 ] } },
{ "type": "Feature", "properties": { "field_1": 1322576, "field_2": "Lainnya", "field_3": "Potensi Kecelakaan", "field_4": 645300.5, "field_5": 9207181.5 }, "geometry": { "type": "Point", "coordinates": [ 645300.5, 9207181.5 ] } },
{ "type": "Feature", "properties": { "field_1": 1322575, "field_2": "Lainnya", "field_3": "Potensi Kecelakaan", "field_4": 645300.5, "field_5": 9207194.0 }, "geometry": { "type": "Point", "coordinates": [ 645300.5, 9207194.0 ] } },
{ "type": "Feature", "properties": { "field_1": 1322574, "field_2": "Lainnya", "field_3": "Potensi Kecelakaan", "field_4": 645300.5, "field_5": 9207206.5 }, "geometry": { "type": "Point", "coordinates": [ 645300.5, 9207206.5 ] } },
{ "type": "Feature", "properties": { "field_1": 1322573, "field_2": "Lainnya", "field_3": "Potensi Kecelakaan", "field_4": 645300.5, "field_5": 9207219.0 }, "geometry": { "type": "Point", "coordinates": [ 645300.5, 9207219.0 ] } },
{ "type": "Feature", "properties": { "field_1": 1322572, "field_2": "Lainnya", "field_3": "Potensi Kecelakaan", "field_4": 645300.5, "field_5": 9207231.5 }, "geometry": { "type": "Point", "coordinates": [ 645300.5, 9207231.5 ] } },
{ "type": "Feature", "properties": { "field_1": 1322571, "field_2": "Lainnya", "field_3": "Potensi Kecelakaan", "field_4": 645300.5, "field_5": 9207244.0 }, "geometry": { "type": "Point", "coordinates": [ 645300.5, 9207244.0 ] } },
{ "type": "Feature", "properties": { "field_1": 1322570, "field_2": "Lainnya", "field_3": "Potensi Kecelakaan", "field_4": 645300.5, "field_5": 9207256.5 }, "geometry": { "type": "Point", "coordinates": [ 645300.5, 9207256.5 ] } },
{ "type": "Feature", "properties": { "field_1": 1322569, "field_2": "Lainnya", "field_3": "Potensi Kecelakaan", "field_4": 645300.5, "field_5": 9207269.0 }, "geometry": { "type": "Point", "coordinates": [ 645300.5, 9207269.0 ] } },
{ "type": "Feature", "properties": { "field_1": 1322568, "field_2": "Lainnya", "field_3": "Potensi Kecelakaan", "field_4": 645300.5, "field_5": 9207281.5 }, "geometry": { "type": "Point", "coordinates": [ 645300.5, 9207281.5 ] } },
{ "type": "Feature", "properties": { "field_1": 1322567, "field_2": "Lainnya", "field_3": "Potensi Kecelakaan", "field_4": 645300.5, "field_5": 9207294.0 }, "geometry": { "type": "Point", "coordinates": [ 645300.5, 9207294.0 ] } },
{ "type": "Feature", "properties": { "field_1": 1322566, "field_2": "Lainnya", "field_3": "Potensi Kecelakaan", "field_4": 645300.5, "field_5": 9207306.5 }, "geometry": { "type": "Point", "coordinates": [ 645300.5, 9207306.5 ] } },
{ "type": "Feature", "properties": { "field_1": 1322565, "field_2": "Lainnya", "field_3": "Potensi Kecelakaan", "field_4": 645300.5, "field_5": 9207319.0 }, "geometry": { "type": "Point", "coordinates": [ 645300.5, 9207319.0 ] } },
{ "type": "Feature", "properties": { "field_1": 1322564, "field_2": "Lainnya", "field_3": "Potensi Kecelakaan", "field_4": 645300.5, "field_5": 9207331.5 }, "geometry": { "type": "Point", "coordinates": [ 645300.5, 9207331.5 ] } },
{ "type": "Feature", "properties": { "field_1": 1322563, "field_2": "Lainnya", "field_3": "Potensi Kecelakaan", "field_4": 645300.5, "field_5": 9207344.0 }, "geometry": { "type": "Point", "coordinates": [ 645300.5, 9207344.0 ] } },
{ "type": "Feature", "properties": { "field_1": 1322562, "field_2": "Lainnya", "field_3": "Potensi Kecelakaan", "field_4": 645300.5, "field_5": 9207356.5 }, "geometry": { "type": "Point", "coordinates": [ 645300.5, 9207356.5 ] } },
{ "type": "Feature", "properties": { "field_1": 1322561, "field_2": "Lainnya", "field_3": "Potensi Kecelakaan", "field_4": 645300.5, "field_5": 9207369.0 }, "geometry": { "type": "Point", "coordinates": [ 645300.5, 9207369.0 ] } },
{ "type": "Feature", "properties": { "field_1": 1322560, "field_2": "Lainnya", "field_3": "Potensi Kecelakaan", "field_4": 645300.5, "field_5": 9207381.5 }, "geometry": { "type": "Point", "coordinates": [ 645300.5, 9207381.5 ] } },
{ "type": "Feature", "properties": { "field_1": 1322559, "field_2": "Lainnya", "field_3": "Potensi Kecelakaan", "field_4": 645300.5, "field_5": 9207394.0 }, "geometry": { "type": "Point", "coordinates": [ 645300.5, 9207394.0 ] } },
{ "type": "Feature", "properties": { "field_1": 1322558, "field_2": "Lainnya", "field_3": "Potensi Kecelakaan", "field_4": 645300.5, "field_5": 9207406.5 }, "geometry": { "type": "Point", "coordinates": [ 645300.5, 9207406.5 ] } },
{ "type": "Feature", "properties": { "field_1": 1322557, "field_2": "Lainnya", "field_3": "Potensi Kecelakaan", "field_4": 645300.5, "field_5": 9207419.0 }, "geometry": { "type": "Point", "coordinates": [ 645300.5, 9207419.0 ] } },
{ "type": "Feature", "properties": { "field_1": 1322556, "field_2": "Lainnya", "field_3": "Potensi Kecelakaan", "field_4": 645300.5, "field_5": 9207431.5 }, "geometry": { "type": "Point", "coordinates": [ 645300.5, 9207431.5 ] } },
{ "type": "Feature", "properties": { "field_1": 1322555, "field_2": "Lainnya", "field_3": "Potensi Kecelakaan", "field_4": 645300.5, "field_5": 9207444.0 }, "geometry": { "type": "Point", "coordinates": [ 645300.5, 9207444.0 ] } },
{ "type": "Feature", "properties": { "field_1": 1322554, "field_2": "Lainnya", "field_3": "Potensi Kecelakaan", "field_4": 645300.5, "field_5": 9207456.5 }, "geometry": { "type": "Point", "coordinates": [ 645300.5, 9207456.5 ] } },
{ "type": "Feature", "properties": { "field_1": 1322553, "field_2": "Lainnya", "field_3": "Potensi Kecelakaan", "field_4": 645300.5, "field_5": 9207469.0 }, "geometry": { "type": "Point", "coordinates": [ 645300.5, 9207469.0 ] } },
{ "type": "Feature", "properties": { "field_1": 1322552, "field_2": "Lainnya", "field_3": "Potensi Kecelakaan", "field_4": 645300.5, "field_5": 9207481.5 }, "geometry": { "type": "Point", "coordinates": [ 645300.5, 9207481.5 ] } },
{ "type": "Feature", "properties": { "field_1": 1322551, "field_2": "Lainnya", "field_3": "Potensi Kecelakaan", "field_4": 645300.5, "field_5": 9207494.0 }, "geometry": { "type": "Point", "coordinates": [ 645300.5, 9207494.0 ] } },
{ "type": "Feature", "properties": { "field_1": 1322550, "field_2": "Lainnya", "field_3": "Potensi Kecelakaan", "field_4": 645300.5, "field_5": 9207506.5 }, "geometry": { "type": "Point", "coordinates": [ 645300.5, 9207506.5 ] } },
{ "type": "Feature", "properties": { "field_1": 1322549, "field_2": "Lainnya", "field_3": "Potensi Kecelakaan", "field_4": 645300.5, "field_5": 9207519.0 }, "geometry": { "type": "Point", "coordinates": [ 645300.5, 9207519.0 ] } },
{ "type": "Feature", "properties": { "field_1": 1322548, "field_2": "Lainnya", "field_3": "Potensi Kecelakaan", "field_4": 645300.5, "field_5": 9207531.5 }, "geometry": { "type": "Point", "coordinates": [ 645300.5, 9207531.5 ] } },
{ "type": "Feature", "properties": { "field_1": 1322547, "field_2": "Lainnya", "field_3": "Potensi Kecelakaan", "field_4": 645300.5, "field_5": 9207544.0 }, "geometry": { "type": "Point", "coordinates": [ 645300.5, 9207544.0 ] } },
{ "type": "Feature", "properties": { "field_1": 1322546, "field_2": "Lainnya", "field_3": "Potensi Kecelakaan", "field_4": 645300.5, "field_5": 9207556.5 }, "geometry": { "type": "Point", "coordinates": [ 645300.5, 9207556.5 ] } },
{ "type": "Feature", "properties": { "field_1": 1322545, "field_2": "Lainnya", "field_3": "Potensi Kecelakaan", "field_4": 645300.5, "field_5": 9207569.0 }, "geometry": { "type": "Point", "coordinates": [ 645300.5, 9207569.0 ] } },
{ "type": "Feature", "properties": { "field_1": 1322544, "field_2": "Lainnya", "field_3": "Potensi Kecelakaan", "field_4": 645300.5, "field_5": 9207581.5 }, "geometry": { "type": "Point", "coordinates": [ 645300.5, 9207581.5 ] } },
{ "type": "Feature", "properties": { "field_1": 1322543, "field_2": "Lainnya", "field_3": "Potensi Kecelakaan", "field_4": 645300.5, "field_5": 9207594.0 }, "geometry": { "type": "Point", "coordinates": [ 645300.5, 9207594.0 ] } },
{ "type": "Feature", "properties": { "field_1": 1322542, "field_2": "Lainnya", "field_3": "Potensi Kecelakaan", "field_4": 645300.5, "field_5": 9207606.5 }, "geometry": { "type": "Point", "coordinates": [ 645300.5, 9207606.5 ] } },
{ "type": "Feature", "properties": { "field_1": 1322541, "field_2": "Lainnya", "field_3": "Potensi Kecelakaan", "field_4": 645300.5, "field_5": 9207619.0 }, "geometry": { "type": "Point", "coordinates": [ 645300.5, 9207619.0 ] } },
{ "type": "Feature", "properties": { "field_1": 1322540, "field_2": "Lainnya", "field_3": "Potensi Kecelakaan", "field_4": 645300.5, "field_5": 9207631.5 }, "geometry": { "type": "Point", "coordinates": [ 645300.5, 9207631.5 ] } },
{ "type": "Feature", "properties": { "field_1": 1322539, "field_2": "Lainnya", "field_3": "Potensi Kecelakaan", "field_4": 645300.5, "field_5": 9207644.0 }, "geometry": { "type": "Point", "coordinates": [ 645300.5, 9207644.0 ] } },
{ "type": "Feature", "properties": { "field_1": 1322538, "field_2": "Lainnya", "field_3": "Potensi Kecelakaan", "field_4": 645300.5, "field_5": 9207656.5 }, "geometry": { "type": "Point", "coordinates": [ 645300.5, 9207656.5 ] } },
{ "type": "Feature", "properties": { "field_1": 1322537, "field_2": "Lainnya", "field_3": "Potensi Kecelakaan", "field_4": 645300.5, "field_5": 9207669.0 }, "geometry": { "type": "Point", "coordinates": [ 645300.5, 9207669.0 ] } },
{ "type": "Feature", "properties": { "field_1": 1322536, "field_2": "Lainnya", "field_3": "Potensi Kecelakaan", "field_4": 645300.5, "field_5": 9207681.5 }, "geometry": { "type": "Point", "coordinates": [ 645300.5, 9207681.5 ] } },
{ "type": "Feature", "properties": { "field_1": 1322535, "field_2": "Lainnya", "field_3": "Potensi Kecelakaan", "field_4": 645300.5, "field_5": 9207694.0 }, "geometry": { "type": "Point", "coordinates": [ 645300.5, 9207694.0 ] } },
{ "type": "Feature", "properties": { "field_1": 1322534, "field_2": "Lainnya", "field_3": "Potensi Kecelakaan", "field_4": 645300.5, "field_5": 9207706.5 }, "geometry": { "type": "Point", "coordinates": [ 645300.5, 9207706.5 ] } },
{ "type": "Feature", "properties": { "field_1": 1322533, "field_2": "Lainnya", "field_3": "Potensi Kecelakaan", "field_4": 645300.5, "field_5": 9207719.0 }, "geometry": { "type": "Point", "coordinates": [ 645300.5, 9207719.0 ] } },
{ "type": "Feature", "properties": { "field_1": 1322532, "field_2": "Lainnya", "field_3": "Potensi Kecelakaan", "field_4": 645300.5, "field_5": 9207731.5 }, "geometry": { "type": "Point", "coordinates": [ 645300.5, 9207731.5 ] } },
{ "type": "Feature", "properties": { "field_1": 1322531, "field_2": "Lainnya", "field_3": "Potensi Kecelakaan", "field_4": 645300.5, "field_5": 9207744.0 }, "geometry": { "type": "Point", "coordinates": [ 645300.5, 9207744.0 ] } },
{ "type": "Feature", "properties": { "field_1": 1322530, "field_2": "Lainnya", "field_3": "Potensi Kecelakaan", "field_4": 645300.5, "field_5": 9207756.5 }, "geometry": { "type": "Point", "coordinates": [ 645300.5, 9207756.5 ] } },
{ "type": "Feature", "properties": { "field_1": 1322529, "field_2": "Lainnya", "field_3": "Potensi Kecelakaan", "field_4": 645300.5, "field_5": 9207769.0 }, "geometry": { "type": "Point", "coordinates": [ 645300.5, 9207769.0 ] } },
{ "type": "Feature", "properties": { "field_1": 1322528, "field_2": "Lainnya", "field_3": "Potensi Kecelakaan", "field_4": 645300.5, "field_5": 9207781.5 }, "geometry": { "type": "Point", "coordinates": [ 645300.5, 9207781.5 ] } },
{ "type": "Feature", "properties": { "field_1": 1322527, "field_2": "Lainnya", "field_3": "Potensi Kecelakaan", "field_4": 645300.5, "field_5": 9207794.0 }, "geometry": { "type": "Point", "coordinates": [ 645300.5, 9207794.0 ] } },
{ "type": "Feature", "properties": { "field_1": 1322526, "field_2": "Lainnya", "field_3": "Potensi Kecelakaan", "field_4": 645300.5, "field_5": 9207806.5 }, "geometry": { "type": "Point", "coordinates": [ 645300.5, 9207806.5 ] } },
{ "type": "Feature", "properties": { "field_1": 1322525, "field_2": "Lainnya", "field_3": "Potensi Kecelakaan", "field_4": 645300.5, "field_5": 9207819.0 }, "geometry": { "type": "Point", "coordinates": [ 645300.5, 9207819.0 ] } },
{ "type": "Feature", "properties": { "field_1": 1322524, "field_2": "Lainnya", "field_3": "Potensi Kecelakaan", "field_4": 645300.5, "field_5": 9207831.5 }, "geometry": { "type": "Point", "coordinates": [ 645300.5, 9207831.5 ] } },
{ "type": "Feature", "properties": { "field_1": 1322523, "field_2": "Lainnya", "field_3": "Potensi Kecelakaan", "field_4": 645300.5, "field_5": 9207844.0 }, "geometry": { "type": "Point", "coordinates": [ 645300.5, 9207844.0 ] } },
{ "type": "Feature", "properties": { "field_1": 1322522, "field_2": "Lainnya", "field_3": "Potensi Kecelakaan", "field_4": 645300.5, "field_5": 9207856.5 }, "geometry": { "type": "Point", "coordinates": [ 645300.5, 9207856.5 ] } },
{ "type": "Feature", "properties": { "field_1": 1322521, "field_2": "Lainnya", "field_3": "Potensi Kecelakaan", "field_4": 645300.5, "field_5": 9207869.0 }, "geometry": { "type": "Point", "coordinates": [ 645300.5, 9207869.0 ] } },
{ "type": "Feature", "properties": { "field_1": 1322520, "field_2": "Lainnya", "field_3": "Potensi Kecelakaan", "field_4": 645300.5, "field_5": 9207881.5 }, "geometry": { "type": "Point", "coordinates": [ 645300.5, 9207881.5 ] } },
{ "type": "Feature", "properties": { "field_1": 1322519, "field_2": "Lainnya", "field_3": "Potensi Kecelakaan", "field_4": 645300.5, "field_5": 9207894.0 }, "geometry": { "type": "Point", "coordinates": [ 645300.5, 9207894.0 ] } },
{ "type": "Feature", "properties": { "field_1": 1322518, "field_2": "Lainnya", "field_3": "Potensi Kecelakaan", "field_4": 645300.5, "field_5": 9207906.5 }, "geometry": { "type": "Point", "coordinates": [ 645300.5, 9207906.5 ] } },
{ "type": "Feature", "properties": { "field_1": 1322517, "field_2": "Lainnya", "field_3": "Potensi Kecelakaan", "field_4": 645300.5, "field_5": 9207919.0 }, "geometry": { "type": "Point", "coordinates": [ 645300.5, 9207919.0 ] } },
{ "type": "Feature", "properties": { "field_1": 1322516, "field_2": "Lainnya", "field_3": "Potensi Kecelakaan", "field_4": 645300.5, "field_5": 9207931.5 }, "geometry": { "type": "Point", "coordinates": [ 645300.5, 9207931.5 ] } },
{ "type": "Feature", "properties": { "field_1": 1322515, "field_2": "Lainnya", "field_3": "Potensi Kecelakaan", "field_4": 645300.5, "field_5": 9207944.0 }, "geometry": { "type": "Point", "coordinates": [ 645300.5, 9207944.0 ] } },
{ "type": "Feature", "properties": { "field_1": 1322514, "field_2": "Lainnya", "field_3": "Potensi Kecelakaan", "field_4": 645300.5, "field_5": 9207956.5 }, "geometry": { "type": "Point", "coordinates": [ 645300.5, 9207956.5 ] } },
{ "type": "Feature", "properties": { "field_1": 1322513, "field_2": "Lainnya", "field_3": "Potensi Kecelakaan", "field_4": 645300.5, "field_5": 9207969.0 }, "geometry": { "type": "Point", "coordinates": [ 645300.5, 9207969.0 ] } },
{ "type": "Feature", "properties": { "field_1": 1322512, "field_2": "Lainnya", "field_3": "Potensi Kecelakaan", "field_4": 645300.5, "field_5": 9207981.5 }, "geometry": { "type": "Point", "coordinates": [ 645300.5, 9207981.5 ] } },
{ "type": "Feature", "properties": { "field_1": 1322511, "field_2": "Lainnya", "field_3": "Potensi Kecelakaan", "field_4": 645300.5, "field_5": 9207994.0 }, "geometry": { "type": "Point", "coordinates": [ 645300.5, 9207994.0 ] } },
{ "type": "Feature", "properties": { "field_1": 1322510, "field_2": "Lainnya", "field_3": "Potensi Kecelakaan", "field_4": 645300.5, "field_5": 9208006.5 }, "geometry": { "type": "Point", "coordinates": [ 645300.5, 9208006.5 ] } },
{ "type": "Feature", "properties": { "field_1": 1322509, "field_2": "Lainnya", "field_3": "Potensi Kecelakaan", "field_4": 645300.5, "field_5": 9208019.0 }, "geometry": { "type": "Point", "coordinates": [ 645300.5, 9208019.0 ] } },
{ "type": "Feature", "properties": { "field_1": 1322508, "field_2": "Lainnya", "field_3": "Potensi Kecelakaan", "field_4": 645300.5, "field_5": 9208031.5 }, "geometry": { "type": "Point", "coordinates": [ 645300.5, 9208031.5 ] } },
{ "type": "Feature", "properties": { "field_1": 1322507, "field_2": "Lainnya", "field_3": "Potensi Kecelakaan", "field_4": 645300.5, "field_5": 9208044.0 }, "geometry": { "type": "Point", "coordinates": [ 645300.5, 9208044.0 ] } },
{ "type": "Feature", "properties": { "field_1": 1322506, "field_2": "Lainnya", "field_3": "Potensi Kecelakaan", "field_4": 645300.5, "field_5": 9208056.5 }, "geometry": { "type": "Point", "coordinates": [ 645300.5, 9208056.5 ] } },
{ "type": "Feature", "properties": { "field_1": 1322505, "field_2": "Lainnya", "field_3": "Potensi Kecelakaan", "field_4": 645300.5, "field_5": 9208069.0 }, "geometry": { "type": "Point", "coordinates": [ 645300.5, 9208069.0 ] } },
{ "type": "Feature", "properties": { "field_1": 1322504, "field_2": "Lainnya", "field_3": "Potensi Kecelakaan", "field_4": 645300.5, "field_5": 9208081.5 }, "geometry": { "type": "Point", "coordinates": [ 645300.5, 9208081.5 ] } },
{ "type": "Feature", "properties": { "field_1": 1322503, "field_2": "Lainnya", "field_3": "Potensi Kecelakaan", "field_4": 645300.5, "field_5": 9208094.0 }, "geometry": { "type": "Point", "coordinates": [ 645300.5, 9208094.0 ] } },
{ "type": "Feature", "properties": { "field_1": 1322502, "field_2": "Lainnya", "field_3": "Potensi Kecelakaan", "field_4": 645300.5, "field_5": 9208106.5 }, "geometry": { "type": "Point", "coordinates": [ 645300.5, 9208106.5 ] } },
{ "type": "Feature", "properties": { "field_1": 1322501, "field_2": "Lainnya", "field_3": "Potensi Kecelakaan", "field_4": 645300.5, "field_5": 9208119.0 }, "geometry": { "type": "Point", "coordinates": [ 645300.5, 9208119.0 ] } },
{ "type": "Feature", "properties": { "field_1": 1322500, "field_2": "Lainnya", "field_3": "Potensi Kecelakaan", "field_4": 645300.5, "field_5": 9208131.5 }, "geometry": { "type": "Point", "coordinates": [ 645300.5, 9208131.5 ] } },
{ "type": "Feature", "properties": { "field_1": 1322499, "field_2": "Lainnya", "field_3": "Potensi Kecelakaan", "field_4": 645300.5, "field_5": 9208144.0 }, "geometry": { "type": "Point", "coordinates": [ 645300.5, 9208144.0 ] } },
{ "type": "Feature", "properties": { "field_1": 1322498, "field_2": "Lainnya", "field_3": "Potensi Kecelakaan", "field_4": 645300.5, "field_5": 9208156.5 }, "geometry": { "type": "Point", "coordinates": [ 645300.5, 9208156.5 ] } },
{ "type": "Feature", "properties": { "field_1": 1322497, "field_2": "Lainnya", "field_3": "Potensi Kecelakaan", "field_4": 645300.5, "field_5": 9208169.0 }, "geometry": { "type": "Point", "coordinates": [ 645300.5, 9208169.0 ] } },
{ "type": "Feature", "properties": { "field_1": 1322496, "field_2": "Lainnya", "field_3": "Potensi Kecelakaan", "field_4": 645300.5, "field_5": 9208181.5 }, "geometry": { "type": "Point", "coordinates": [ 645300.5, 9208181.5 ] } },
{ "type": "Feature", "properties": { "field_1": 1322495, "field_2": "Lainnya", "field_3": "Potensi Kecelakaan", "field_4": 645300.5, "field_5": 9208194.0 }, "geometry": { "type": "Point", "coordinates": [ 645300.5, 9208194.0 ] } },
{ "type": "Feature", "properties": { "field_1": 1322494, "field_2": "Lainnya", "field_3": "Potensi Kecelakaan", "field_4": 645300.5, "field_5": 9208206.5 }, "geometry": { "type": "Point", "coordinates": [ 645300.5, 9208206.5 ] } },
{ "type": "Feature", "properties": { "field_1": 1322493, "field_2": "Lainnya", "field_3": "Potensi Kecelakaan", "field_4": 645300.5, "field_5": 9208219.0 }, "geometry": { "type": "Point", "coordinates": [ 645300.5, 9208219.0 ] } },
{ "type": "Feature", "properties": { "field_1": 1322492, "field_2": "Lainnya", "field_3": "Potensi Kecelakaan", "field_4": 645300.5, "field_5": 9208231.5 }, "geometry": { "type": "Point", "coordinates": [ 645300.5, 9208231.5 ] } },
{ "type": "Feature", "properties": { "field_1": 1322491, "field_2": "Lainnya", "field_3": "Potensi Kecelakaan", "field_4": 645300.5, "field_5": 9208244.0 }, "geometry": { "type": "Point", "coordinates": [ 645300.5, 9208244.0 ] } },
{ "type": "Feature", "properties": { "field_1": 1322490, "field_2": "Lainnya", "field_3": "Potensi Kecelakaan", "field_4": 645300.5, "field_5": 9208256.5 }, "geometry": { "type": "Point", "coordinates": [ 645300.5, 9208256.5 ] } },
{ "type": "Feature", "properties": { "field_1": 1322489, "field_2": "Lainnya", "field_3": "Potensi Kecelakaan", "field_4": 645300.5, "field_5": 9208269.0 }, "geometry": { "type": "Point", "coordinates": [ 645300.5, 9208269.0 ] } },
{ "type": "Feature", "properties": { "field_1": 1322488, "field_2": "Lainnya", "field_3": "Potensi Kecelakaan", "field_4": 645300.5, "field_5": 9208281.5 }, "geometry": { "type": "Point", "coordinates": [ 645300.5, 9208281.5 ] } },
{ "type": "Feature", "properties": { "field_1": 1322487, "field_2": "Lainnya", "field_3": "Potensi Kecelakaan", "field_4": 645300.5, "field_5": 9208294.0 }, "geometry": { "type": "Point", "coordinates": [ 645300.5, 9208294.0 ] } },
{ "type": "Feature", "properties": { "field_1": 1322486, "field_2": "Lainnya", "field_3": "Potensi Kecelakaan", "field_4": 645300.5, "field_5": 9208306.5 }, "geometry": { "type": "Point", "coordinates": [ 645300.5, 9208306.5 ] } },
{ "type": "Feature", "properties": { "field_1": 1322485, "field_2": "Lainnya", "field_3": "Potensi Kecelakaan", "field_4": 645300.5, "field_5": 9208319.0 }, "geometry": { "type": "Point", "coordinates": [ 645300.5, 9208319.0 ] } },
{ "type": "Feature", "properties": { "field_1": 1322484, "field_2": "Lainnya", "field_3": "Potensi Kecelakaan", "field_4": 645300.5, "field_5": 9208331.5 }, "geometry": { "type": "Point", "coordinates": [ 645300.5, 9208331.5 ] } },
{ "type": "Feature", "properties": { "field_1": 1322483, "field_2": "Lainnya", "field_3": "Potensi Kecelakaan", "field_4": 645300.5, "field_5": 9208344.0 }, "geometry": { "type": "Point", "coordinates": [ 645300.5, 9208344.0 ] } },
{ "type": "Feature", "properties": { "field_1": 1322482, "field_2": "Lainnya", "field_3": "Potensi Kecelakaan", "field_4": 645300.5, "field_5": 9208356.5 }, "geometry": { "type": "Point", "coordinates": [ 645300.5, 9208356.5 ] } },
{ "type": "Feature", "properties": { "field_1": 1322481, "field_2": "Lainnya", "field_3": "Potensi Kecelakaan", "field_4": 645300.5, "field_5": 9208369.0 }, "geometry": { "type": "Point", "coordinates": [ 645300.5, 9208369.0 ] } },
{ "type": "Feature", "properties": { "field_1": 1322480, "field_2": "Lainnya", "field_3": "Potensi Kecelakaan", "field_4": 645300.5, "field_5": 9208381.5 }, "geometry": { "type": "Point", "coordinates": [ 645300.5, 9208381.5 ] } },
{ "type": "Feature", "properties": { "field_1": 1322479, "field_2": "Lainnya", "field_3": "Potensi Kecelakaan", "field_4": 645300.5, "field_5": 9208394.0 }, "geometry": { "type": "Point", "coordinates": [ 645300.5, 9208394.0 ] } },
{ "type": "Feature", "properties": { "field_1": 1322478, "field_2": "Lainnya", "field_3": "Potensi Kecelakaan", "field_4": 645300.5, "field_5": 9208406.5 }, "geometry": { "type": "Point", "coordinates": [ 645300.5, 9208406.5 ] } },
{ "type": "Feature", "properties": { "field_1": 1322477, "field_2": "Lainnya", "field_3": "Potensi Kecelakaan", "field_4": 645300.5, "field_5": 9208419.0 }, "geometry": { "type": "Point", "coordinates": [ 645300.5, 9208419.0 ] } },
{ "type": "Feature", "properties": { "field_1": 1322476, "field_2": "Lainnya", "field_3": "Potensi Kecelakaan", "field_4": 645300.5, "field_5": 9208431.5 }, "geometry": { "type": "Point", "coordinates": [ 645300.5, 9208431.5 ] } },
{ "type": "Feature", "properties": { "field_1": 1322475, "field_2": "Lainnya", "field_3": "Potensi Kecelakaan", "field_4": 645300.5, "field_5": 9208444.0 }, "geometry": { "type": "Point", "coordinates": [ 645300.5, 9208444.0 ] } },
{ "type": "Feature", "properties": { "field_1": 1322474, "field_2": "Lainnya", "field_3": "Potensi Kecelakaan", "field_4": 645300.5, "field_5": 9208456.5 }, "geometry": { "type": "Point", "coordinates": [ 645300.5, 9208456.5 ] } },
{ "type": "Feature", "properties": { "field_1": 1322473, "field_2": "Lainnya", "field_3": "Potensi Kecelakaan", "field_4": 645300.5, "field_5": 9208469.0 }, "geometry": { "type": "Point", "coordinates": [ 645300.5, 9208469.0 ] } },
{ "type": "Feature", "properties": { "field_1": 1322472, "field_2": "Lainnya", "field_3": "Potensi Kecelakaan", "field_4": 645300.5, "field_5": 9208481.5 }, "geometry": { "type": "Point", "coordinates": [ 645300.5, 9208481.5 ] } },
{ "type": "Feature", "properties": { "field_1": 1322471, "field_2": "Lainnya", "field_3": "Potensi Kecelakaan", "field_4": 645300.5, "field_5": 9208494.0 }, "geometry": { "type": "Point", "coordinates": [ 645300.5, 9208494.0 ] } },
{ "type": "Feature", "properties": { "field_1": 1322470, "field_2": "Lainnya", "field_3": "Potensi Kecelakaan", "field_4": 645300.5, "field_5": 9208506.5 }, "geometry": { "type": "Point", "coordinates": [ 645300.5, 9208506.5 ] } },
{ "type": "Feature", "properties": { "field_1": 1322469, "field_2": "Lainnya", "field_3": "Potensi Kecelakaan", "field_4": 645300.5, "field_5": 9208519.0 }, "geometry": { "type": "Point", "coordinates": [ 645300.5, 9208519.0 ] } },
{ "type": "Feature", "properties": { "field_1": 1322468, "field_2": "Lainnya", "field_3": "Potensi Kecelakaan", "field_4": 645300.5, "field_5": 9208531.5 }, "geometry": { "type": "Point", "coordinates": [ 645300.5, 9208531.5 ] } },
{ "type": "Feature", "properties": { "field_1": 1322467, "field_2": "Lainnya", "field_3": "Potensi Kecelakaan", "field_4": 645300.5, "field_5": 9208544.0 }, "geometry": { "type": "Point", "coordinates": [ 645300.5, 9208544.0 ] } },
{ "type": "Feature", "properties": { "field_1": 1322466, "field_2": "Lainnya", "field_3": "Potensi Kecelakaan", "field_4": 645300.5, "field_5": 9208556.5 }, "geometry": { "type": "Point", "coordinates": [ 645300.5, 9208556.5 ] } },
{ "type": "Feature", "properties": { "field_1": 1322465, "field_2": "Lainnya", "field_3": "Potensi Kecelakaan", "field_4": 645300.5, "field_5": 9208569.0 }, "geometry": { "type": "Point", "coordinates": [ 645300.5, 9208569.0 ] } },
{ "type": "Feature", "properties": { "field_1": 1322464, "field_2": "Lainnya", "field_3": "Potensi Kecelakaan", "field_4": 645300.5, "field_5": 9208581.5 }, "geometry": { "type": "Point", "coordinates": [ 645300.5, 9208581.5 ] } },
{ "type": "Feature", "properties": { "field_1": 1322463, "field_2": "Lainnya", "field_3": "Potensi Kecelakaan", "field_4": 645300.5, "field_5": 9208594.0 }, "geometry": { "type": "Point", "coordinates": [ 645300.5, 9208594.0 ] } },
{ "type": "Feature", "properties": { "field_1": 1322462, "field_2": "Lainnya", "field_3": "Potensi Kecelakaan", "field_4": 645300.5, "field_5": 9208606.5 }, "geometry": { "type": "Point", "coordinates": [ 645300.5, 9208606.5 ] } },
{ "type": "Feature", "properties": { "field_1": 1322461, "field_2": "Lainnya", "field_3": "Potensi Kecelakaan", "field_4": 645300.5, "field_5": 9208619.0 }, "geometry": { "type": "Point", "coordinates": [ 645300.5, 9208619.0 ] } },
{ "type": "Feature", "properties": { "field_1": 1322460, "field_2": "Lainnya", "field_3": "Potensi Kecelakaan", "field_4": 645300.5, "field_5": 9208631.5 }, "geometry": { "type": "Point", "coordinates": [ 645300.5, 9208631.5 ] } },
{ "type": "Feature", "properties": { "field_1": 1322459, "field_2": "Lainnya", "field_3": "Potensi Kecelakaan", "field_4": 645300.5, "field_5": 9208644.0 }, "geometry": { "type": "Point", "coordinates": [ 645300.5, 9208644.0 ] } },
{ "type": "Feature", "properties": { "field_1": 1322458, "field_2": "Lainnya", "field_3": "Potensi Kecelakaan", "field_4": 645300.5, "field_5": 9208656.5 }, "geometry": { "type": "Point", "coordinates": [ 645300.5, 9208656.5 ] } },
{ "type": "Feature", "properties": { "field_1": 1322457, "field_2": "Lainnya", "field_3": "Potensi Kecelakaan", "field_4": 645300.5, "field_5": 9208669.0 }, "geometry": { "type": "Point", "coordinates": [ 645300.5, 9208669.0 ] } },
{ "type": "Feature", "properties": { "field_1": 1322456, "field_2": "Lainnya", "field_3": "Potensi Kecelakaan", "field_4": 645300.5, "field_5": 9208681.5 }, "geometry": { "type": "Point", "coordinates": [ 645300.5, 9208681.5 ] } },
{ "type": "Feature", "properties": { "field_1": 1322455, "field_2": "Lainnya", "field_3": "Potensi Kecelakaan", "field_4": 645300.5, "field_5": 9208694.0 }, "geometry": { "type": "Point", "coordinates": [ 645300.5, 9208694.0 ] } },
{ "type": "Feature", "properties": { "field_1": 1322454, "field_2": "Lainnya", "field_3": "Potensi Kecelakaan", "field_4": 645300.5, "field_5": 9208706.5 }, "geometry": { "type": "Point", "coordinates": [ 645300.5, 9208706.5 ] } },
{ "type": "Feature", "properties": { "field_1": 1322453, "field_2": "Lainnya", "field_3": "Potensi Kecelakaan", "field_4": 645300.5, "field_5": 9208719.0 }, "geometry": { "type": "Point", "coordinates": [ 645300.5, 9208719.0 ] } },
{ "type": "Feature", "properties": { "field_1": 1322452, "field_2": "Lainnya", "field_3": "Potensi Kecelakaan", "field_4": 645300.5, "field_5": 9208731.5 }, "geometry": { "type": "Point", "coordinates": [ 645300.5, 9208731.5 ] } },
{ "type": "Feature", "properties": { "field_1": 1322451, "field_2": "Lainnya", "field_3": "Potensi Kecelakaan", "field_4": 645300.5, "field_5": 9208744.0 }, "geometry": { "type": "Point", "coordinates": [ 645300.5, 9208744.0 ] } },
{ "type": "Feature", "properties": { "field_1": 1322450, "field_2": "Lainnya", "field_3": "Potensi Kecelakaan", "field_4": 645300.5, "field_5": 9208756.5 }, "geometry": { "type": "Point", "coordinates": [ 645300.5, 9208756.5 ] } },
{ "type": "Feature", "properties": { "field_1": 1322449, "field_2": "Lainnya", "field_3": "Potensi Kecelakaan", "field_4": 645300.5, "field_5": 9208769.0 }, "geometry": { "type": "Point", "coordinates": [ 645300.5, 9208769.0 ] } },
{ "type": "Feature", "properties": { "field_1": 1322448, "field_2": "Lainnya", "field_3": "Potensi Kecelakaan", "field_4": 645300.5, "field_5": 9208781.5 }, "geometry": { "type": "Point", "coordinates": [ 645300.5, 9208781.5 ] } },
{ "type": "Feature", "properties": { "field_1": 1322447, "field_2": "Lainnya", "field_3": "Potensi Kecelakaan", "field_4": 645300.5, "field_5": 9208794.0 }, "geometry": { "type": "Point", "coordinates": [ 645300.5, 9208794.0 ] } },
{ "type": "Feature", "properties": { "field_1": 1322446, "field_2": "Lainnya", "field_3": "Potensi Kecelakaan", "field_4": 645300.5, "field_5": 9208806.59 }, "geometry": { "type": "Point", "coordinates": [ 645300.5, 9208806.589999999850988 ] } },
{ "type": "Feature", "properties": { "field_1": 1322445, "field_2": "Lainnya", "field_3": "Potensi Kecelakaan", "field_4": 645300.5, "field_5": 9208819.0 }, "geometry": { "type": "Point", "coordinates": [ 645300.5, 9208819.0 ] } },
{ "type": "Feature", "properties": { "field_1": 1322444, "field_2": "Lainnya", "field_3": "Potensi Kecelakaan", "field_4": 645300.5, "field_5": 9208831.59 }, "geometry": { "type": "Point", "coordinates": [ 645300.5, 9208831.589999999850988 ] } },
{ "type": "Feature", "properties": { "field_1": 1322443, "field_2": "Lainnya", "field_3": "Potensi Kecelakaan", "field_4": 645300.5, "field_5": 9208844.0 }, "geometry": { "type": "Point", "coordinates": [ 645300.5, 9208844.0 ] } },
{ "type": "Feature", "properties": { "field_1": 1322442, "field_2": "Lainnya", "field_3": "Potensi Kecelakaan", "field_4": 645300.5, "field_5": 9208856.59 }, "geometry": { "type": "Point", "coordinates": [ 645300.5, 9208856.589999999850988 ] } },
{ "type": "Feature", "properties": { "field_1": 1322441, "field_2": "Lainnya", "field_3": "Potensi Kecelakaan", "field_4": 645300.5, "field_5": 9208869.0 }, "geometry": { "type": "Point", "coordinates": [ 645300.5, 9208869.0 ] } },
{ "type": "Feature", "properties": { "field_1": 1322440, "field_2": "Lainnya", "field_3": "Potensi Kecelakaan", "field_4": 645300.5, "field_5": 9208881.59 }, "geometry": { "type": "Point", "coordinates": [ 645300.5, 9208881.589999999850988 ] } },
{ "type": "Feature", "properties": { "field_1": 1322439, "field_2": "Lainnya", "field_3": "Potensi Kecelakaan", "field_4": 645300.5, "field_5": 9208894.0 }, "geometry": { "type": "Point", "coordinates": [ 645300.5, 9208894.0 ] } },
{ "type": "Feature", "properties": { "field_1": 1322438, "field_2": "Lainnya", "field_3": "Potensi Kecelakaan", "field_4": 645300.5, "field_5": 9208906.59 }, "geometry": { "type": "Point", "coordinates": [ 645300.5, 9208906.589999999850988 ] } },
{ "type": "Feature", "properties": { "field_1": 1322437, "field_2": "Lainnya", "field_3": "Potensi Kecelakaan", "field_4": 645300.5, "field_5": 9208919.0 }, "geometry": { "type": "Point", "coordinates": [ 645300.5, 9208919.0 ] } },
{ "type": "Feature", "properties": { "field_1": 1322436, "field_2": "Lainnya", "field_3": "Potensi Kecelakaan", "field_4": 645300.5, "field_5": 9208931.59 }, "geometry": { "type": "Point", "coordinates": [ 645300.5, 9208931.589999999850988 ] } },
{ "type": "Feature", "properties": { "field_1": 1322435, "field_2": "Lainnya", "field_3": "Potensi Kecelakaan", "field_4": 645300.5, "field_5": 9208944.0 }, "geometry": { "type": "Point", "coordinates": [ 645300.5, 9208944.0 ] } },
{ "type": "Feature", "properties": { "field_1": 1322434, "field_2": "Lainnya", "field_3": "Potensi Kecelakaan", "field_4": 645300.5, "field_5": 9208956.59 }, "geometry": { "type": "Point", "coordinates": [ 645300.5, 9208956.589999999850988 ] } },
{ "type": "Feature", "properties": { "field_1": 1322433, "field_2": "Lainnya", "field_3": "Potensi Kecelakaan", "field_4": 645300.5, "field_5": 9208969.0 }, "geometry": { "type": "Point", "coordinates": [ 645300.5, 9208969.0 ] } },
{ "type": "Feature", "properties": { "field_1": 1322432, "field_2": "Lainnya", "field_3": "Potensi Kecelakaan", "field_4": 645300.5, "field_5": 9208981.59 }, "geometry": { "type": "Point", "coordinates": [ 645300.5, 9208981.589999999850988 ] } },
{ "type": "Feature", "properties": { "field_1": 1322431, "field_2": "Lainnya", "field_3": "Potensi Kecelakaan", "field_4": 645300.5, "field_5": 9208994.0 }, "geometry": { "type": "Point", "coordinates": [ 645300.5, 9208994.0 ] } },
{ "type": "Feature", "properties": { "field_1": 1322430, "field_2": "Lainnya", "field_3": "Potensi Kecelakaan", "field_4": 645300.5, "field_5": 9209006.59 }, "geometry": { "type": "Point", "coordinates": [ 645300.5, 9209006.589999999850988 ] } },
{ "type": "Feature", "properties": { "field_1": 1322429, "field_2": "Lainnya", "field_3": "Potensi Kecelakaan", "field_4": 645300.5, "field_5": 9209019.0 }, "geometry": { "type": "Point", "coordinates": [ 645300.5, 9209019.0 ] } },
{ "type": "Feature", "properties": { "field_1": 1322428, "field_2": "Lainnya", "field_3": "Potensi Kecelakaan", "field_4": 645300.5, "field_5": 9209031.59 }, "geometry": { "type": "Point", "coordinates": [ 645300.5, 9209031.589999999850988 ] } },
{ "type": "Feature", "properties": { "field_1": 1322427, "field_2": "Lainnya", "field_3": "Potensi Kecelakaan", "field_4": 645300.5, "field_5": 9209044.0 }, "geometry": { "type": "Point", "coordinates": [ 645300.5, 9209044.0 ] } },
{ "type": "Feature", "properties": { "field_1": 1322426, "field_2": "Lainnya", "field_3": "Potensi Kecelakaan", "field_4": 645300.5, "field_5": 9209056.59 }, "geometry": { "type": "Point", "coordinates": [ 645300.5, 9209056.589999999850988 ] } },
{ "type": "Feature", "properties": { "field_1": 1322425, "field_2": "Lainnya", "field_3": "Potensi Kecelakaan", "field_4": 645300.5, "field_5": 9209069.0 }, "geometry": { "type": "Point", "coordinates": [ 645300.5, 9209069.0 ] } },
{ "type": "Feature", "properties": { "field_1": 1322424, "field_2": "Lainnya", "field_3": "Potensi Kecelakaan", "field_4": 645300.5, "field_5": 9209081.59 }, "geometry": { "type": "Point", "coordinates": [ 645300.5, 9209081.589999999850988 ] } },
{ "type": "Feature", "properties": { "field_1": 1322423, "field_2": "Lainnya", "field_3": "Potensi Kecelakaan", "field_4": 645300.5, "field_5": 9209094.0 }, "geometry": { "type": "Point", "coordinates": [ 645300.5, 9209094.0 ] } },
{ "type": "Feature", "properties": { "field_1": 1322422, "field_2": "Lainnya", "field_3": "Potensi Kecelakaan", "field_4": 645300.5, "field_5": 9209106.59 }, "geometry": { "type": "Point", "coordinates": [ 645300.5, 9209106.589999999850988 ] } },
{ "type": "Feature", "properties": { "field_1": 1322421, "field_2": "Lainnya", "field_3": "Potensi Kecelakaan", "field_4": 645300.5, "field_5": 9209119.0 }, "geometry": { "type": "Point", "coordinates": [ 645300.5, 9209119.0 ] } },
{ "type": "Feature", "properties": { "field_1": 1322420, "field_2": "Lainnya", "field_3": "Potensi Kecelakaan", "field_4": 645300.5, "field_5": 9209131.59 }, "geometry": { "type": "Point", "coordinates": [ 645300.5, 9209131.589999999850988 ] } },
{ "type": "Feature", "properties": { "field_1": 1322419, "field_2": "Lainnya", "field_3": "Potensi Kecelakaan", "field_4": 645300.5, "field_5": 9209144.0 }, "geometry": { "type": "Point", "coordinates": [ 645300.5, 9209144.0 ] } },
{ "type": "Feature", "properties": { "field_1": 1322418, "field_2": "Lainnya", "field_3": "Potensi Kecelakaan", "field_4": 645300.5, "field_5": 9209156.59 }, "geometry": { "type": "Point", "coordinates": [ 645300.5, 9209156.589999999850988 ] } },
{ "type": "Feature", "properties": { "field_1": 1322417, "field_2": "Lainnya", "field_3": "Potensi Kecelakaan", "field_4": 645300.5, "field_5": 9209169.0 }, "geometry": { "type": "Point", "coordinates": [ 645300.5, 9209169.0 ] } },
{ "type": "Feature", "properties": { "field_1": 1322416, "field_2": "Lainnya", "field_3": "Potensi Kecelakaan", "field_4": 645300.5, "field_5": 9209181.59 }, "geometry": { "type": "Point", "coordinates": [ 645300.5, 9209181.589999999850988 ] } },
{ "type": "Feature", "properties": { "field_1": 1322415, "field_2": "Lainnya", "field_3": "Potensi Kecelakaan", "field_4": 645300.5, "field_5": 9209194.0 }, "geometry": { "type": "Point", "coordinates": [ 645300.5, 9209194.0 ] } },
{ "type": "Feature", "properties": { "field_1": 1322414, "field_2": "Lainnya", "field_3": "Potensi Kecelakaan", "field_4": 645300.5, "field_5": 9209206.59 }, "geometry": { "type": "Point", "coordinates": [ 645300.5, 9209206.589999999850988 ] } },
{ "type": "Feature", "properties": { "field_1": 1322413, "field_2": "Lainnya", "field_3": "Potensi Kecelakaan", "field_4": 645300.5, "field_5": 9209219.0 }, "geometry": { "type": "Point", "coordinates": [ 645300.5, 9209219.0 ] } },
{ "type": "Feature", "properties": { "field_1": 1322412, "field_2": "Lainnya", "field_3": "Potensi Kecelakaan", "field_4": 645300.5, "field_5": 9209231.59 }, "geometry": { "type": "Point", "coordinates": [ 645300.5, 9209231.589999999850988 ] } },
{ "type": "Feature", "properties": { "field_1": 1322411, "field_2": "Lainnya", "field_3": "Potensi Kecelakaan", "field_4": 645300.5, "field_5": 9209244.0 }, "geometry": { "type": "Point", "coordinates": [ 645300.5, 9209244.0 ] } },
{ "type": "Feature", "properties": { "field_1": 1322410, "field_2": "Lainnya", "field_3": "Potensi Kecelakaan", "field_4": 645300.5, "field_5": 9209256.59 }, "geometry": { "type": "Point", "coordinates": [ 645300.5, 9209256.589999999850988 ] } },
{ "type": "Feature", "properties": { "field_1": 1322409, "field_2": "Lainnya", "field_3": "Potensi Kecelakaan", "field_4": 645300.5, "field_5": 9209269.0 }, "geometry": { "type": "Point", "coordinates": [ 645300.5, 9209269.0 ] } },
{ "type": "Feature", "properties": { "field_1": 1322408, "field_2": "Lainnya", "field_3": "Potensi Kecelakaan", "field_4": 645300.5, "field_5": 9209281.59 }, "geometry": { "type": "Point", "coordinates": [ 645300.5, 9209281.589999999850988 ] } },
{ "type": "Feature", "properties": { "field_1": 1322407, "field_2": "Lainnya", "field_3": "Potensi Kecelakaan", "field_4": 645300.5, "field_5": 9209294.0 }, "geometry": { "type": "Point", "coordinates": [ 645300.5, 9209294.0 ] } },
{ "type": "Feature", "properties": { "field_1": 1322406, "field_2": "Lainnya", "field_3": "Potensi Kecelakaan", "field_4": 645300.5, "field_5": 9209306.59 }, "geometry": { "type": "Point", "coordinates": [ 645300.5, 9209306.589999999850988 ] } },
{ "type": "Feature", "properties": { "field_1": 1322405, "field_2": "Lainnya", "field_3": "Potensi Kecelakaan", "field_4": 645300.5, "field_5": 9209319.0 }, "geometry": { "type": "Point", "coordinates": [ 645300.5, 9209319.0 ] } },
{ "type": "Feature", "properties": { "field_1": 1322404, "field_2": "Lainnya", "field_3": "Potensi Kecelakaan", "field_4": 645300.5, "field_5": 9209331.59 }, "geometry": { "type": "Point", "coordinates": [ 645300.5, 9209331.589999999850988 ] } },
{ "type": "Feature", "properties": { "field_1": 1322403, "field_2": "Lainnya", "field_3": "Potensi Kecelakaan", "field_4": 645300.5, "field_5": 9209344.0 }, "geometry": { "type": "Point", "coordinates": [ 645300.5, 9209344.0 ] } },
{ "type": "Feature", "properties": { "field_1": 1322402, "field_2": "Lainnya", "field_3": "Potensi Kecelakaan", "field_4": 645300.5, "field_5": 9209356.59 }, "geometry": { "type": "Point", "coordinates": [ 645300.5, 9209356.589999999850988 ] } },
{ "type": "Feature", "properties": { "field_1": 1322401, "field_2": "Lainnya", "field_3": "Potensi Kecelakaan", "field_4": 645300.5, "field_5": 9209369.0 }, "geometry": { "type": "Point", "coordinates": [ 645300.5, 9209369.0 ] } },
{ "type": "Feature", "properties": { "field_1": 1322400, "field_2": "Lainnya", "field_3": "Potensi Kecelakaan", "field_4": 645300.5, "field_5": 9209381.59 }, "geometry": { "type": "Point", "coordinates": [ 645300.5, 9209381.589999999850988 ] } },
{ "type": "Feature", "properties": { "field_1": 1322399, "field_2": "Lainnya", "field_3": "Potensi Kecelakaan", "field_4": 645300.5, "field_5": 9209394.0 }, "geometry": { "type": "Point", "coordinates": [ 645300.5, 9209394.0 ] } },
{ "type": "Feature", "properties": { "field_1": 1322398, "field_2": "Lainnya", "field_3": "Potensi Kecelakaan", "field_4": 645300.5, "field_5": 9209406.59 }, "geometry": { "type": "Point", "coordinates": [ 645300.5, 9209406.589999999850988 ] } },
{ "type": "Feature", "properties": { "field_1": 1322397, "field_2": "Lainnya", "field_3": "Potensi Kecelakaan", "field_4": 645300.5, "field_5": 9209419.0 }, "geometry": { "type": "Point", "coordinates": [ 645300.5, 9209419.0 ] } },
{ "type": "Feature", "properties": { "field_1": 1322396, "field_2": "Lainnya", "field_3": "Potensi Kecelakaan", "field_4": 645300.5, "field_5": 9209431.59 }, "geometry": { "type": "Point", "coordinates": [ 645300.5, 9209431.589999999850988 ] } },
{ "type": "Feature", "properties": { "field_1": 1322395, "field_2": "Lainnya", "field_3": "Potensi Kecelakaan", "field_4": 645300.5, "field_5": 9209444.0 }, "geometry": { "type": "Point", "coordinates": [ 645300.5, 9209444.0 ] } },
{ "type": "Feature", "properties": { "field_1": 1322394, "field_2": "Lainnya", "field_3": "Potensi Kecelakaan", "field_4": 645300.5, "field_5": 9209456.59 }, "geometry": { "type": "Point", "coordinates": [ 645300.5, 9209456.589999999850988 ] } },
{ "type": "Feature", "properties": { "field_1": 1322393, "field_2": "Lainnya", "field_3": "Potensi Kecelakaan", "field_4": 645300.5, "field_5": 9209469.0 }, "geometry": { "type": "Point", "coordinates": [ 645300.5, 9209469.0 ] } },
{ "type": "Feature", "properties": { "field_1": 1322392, "field_2": "Lainnya", "field_3": "Potensi Kecelakaan", "field_4": 645300.5, "field_5": 9209481.59 }, "geometry": { "type": "Point", "coordinates": [ 645300.5, 9209481.589999999850988 ] } },
{ "type": "Feature", "properties": { "field_1": 1322391, "field_2": "Lainnya", "field_3": "Potensi Kecelakaan", "field_4": 645300.5, "field_5": 9209494.0 }, "geometry": { "type": "Point", "coordinates": [ 645300.5, 9209494.0 ] } },
{ "type": "Feature", "properties": { "field_1": 1322390, "field_2": "Lainnya", "field_3": "Potensi Kecelakaan", "field_4": 645300.5, "field_5": 9209506.59 }, "geometry": { "type": "Point", "coordinates": [ 645300.5, 9209506.589999999850988 ] } },
{ "type": "Feature", "properties": { "field_1": 1322389, "field_2": "Lainnya", "field_3": "Potensi Kecelakaan", "field_4": 645300.5, "field_5": 9209519.0 }, "geometry": { "type": "Point", "coordinates": [ 645300.5, 9209519.0 ] } },
{ "type": "Feature", "properties": { "field_1": 1322388, "field_2": "Lainnya", "field_3": "Potensi Kecelakaan", "field_4": 645300.5, "field_5": 9209531.59 }, "geometry": { "type": "Point", "coordinates": [ 645300.5, 9209531.589999999850988 ] } },
{ "type": "Feature", "properties": { "field_1": 1322387, "field_2": "Lainnya", "field_3": "Potensi Kecelakaan", "field_4": 645300.5, "field_5": 9209544.0 }, "geometry": { "type": "Point", "coordinates": [ 645300.5, 9209544.0 ] } },
{ "type": "Feature", "properties": { "field_1": 1322386, "field_2": "Lainnya", "field_3": "Potensi Kecelakaan", "field_4": 645300.5, "field_5": 9209556.59 }, "geometry": { "type": "Point", "coordinates": [ 645300.5, 9209556.589999999850988 ] } },
{ "type": "Feature", "properties": { "field_1": 1322385, "field_2": "Lainnya", "field_3": "Potensi Kecelakaan", "field_4": 645300.5, "field_5": 9209569.0 }, "geometry": { "type": "Point", "coordinates": [ 645300.5, 9209569.0 ] } },
{ "type": "Feature", "properties": { "field_1": 1322384, "field_2": "Lainnya", "field_3": "Potensi Kecelakaan", "field_4": 645300.5, "field_5": 9209581.59 }, "geometry": { "type": "Point", "coordinates": [ 645300.5, 9209581.589999999850988 ] } },
{ "type": "Feature", "properties": { "field_1": 1322383, "field_2": "Lainnya", "field_3": "Potensi Kecelakaan", "field_4": 645300.5, "field_5": 9209594.0 }, "geometry": { "type": "Point", "coordinates": [ 645300.5, 9209594.0 ] } },
{ "type": "Feature", "properties": { "field_1": 1322382, "field_2": "Lainnya", "field_3": "Potensi Kecelakaan", "field_4": 645300.5, "field_5": 9209606.59 }, "geometry": { "type": "Point", "coordinates": [ 645300.5, 9209606.589999999850988 ] } },
{ "type": "Feature", "properties": { "field_1": 1322381, "field_2": "Lainnya", "field_3": "Potensi Kecelakaan", "field_4": 645300.5, "field_5": 9209619.0 }, "geometry": { "type": "Point", "coordinates": [ 645300.5, 9209619.0 ] } },
{ "type": "Feature", "properties": { "field_1": 1322380, "field_2": "Lainnya", "field_3": "Potensi Kecelakaan", "field_4": 645300.5, "field_5": 9209631.59 }, "geometry": { "type": "Point", "coordinates": [ 645300.5, 9209631.589999999850988 ] } },
{ "type": "Feature", "properties": { "field_1": 1322379, "field_2": "Lainnya", "field_3": "Potensi Kecelakaan", "field_4": 645300.5, "field_5": 9209644.0 }, "geometry": { "type": "Point", "coordinates": [ 645300.5, 9209644.0 ] } },
{ "type": "Feature", "properties": { "field_1": 1322378, "field_2": "Lainnya", "field_3": "Potensi Kecelakaan", "field_4": 645300.5, "field_5": 9209656.59 }, "geometry": { "type": "Point", "coordinates": [ 645300.5, 9209656.589999999850988 ] } },
{ "type": "Feature", "properties": { "field_1": 1322377, "field_2": "Lainnya", "field_3": "Potensi Kecelakaan", "field_4": 645300.5, "field_5": 9209669.0 }, "geometry": { "type": "Point", "coordinates": [ 645300.5, 9209669.0 ] } }
]
}
