{
"type": "FeatureCollection",
"name": "Sungai atau Rawa",
"crs": { "type": "name", "properties": { "name": "urn:ogc:def:crs:OGC:1.3:CRS84" } },
"features": [
{ "type": "Feature", "properties": { "KODE": 1041188, "KATEGORI": "Sungai/ Rawa", "KETERANGAN": "Alur Irigasi", "X": 631300.5, "Y": 9224681.5 }, "geometry": { "type": "Point", "coordinates": [ 112.188715524755679, -7.012694425492834 ] } },
{ "type": "Feature", "properties": { "KODE": 1041271, "KATEGORI": "Sungai/ Rawa", "KETERANGAN": "Alur Irigasi", "X": 631300.5, "Y": 9223644.0 }, "geometry": { "type": "Point", "coordinates": [ 112.18873933314255, -7.022077573607426 ] } },
{ "type": "Feature", "properties": { "KODE": 1041370, "KATEGORI": "Sungai/ Rawa", "KETERANGAN": "Alur Irigasi", "X": 631300.5, "Y": 9222406.5 }, "geometry": { "type": "Point", "coordinates": [ 112.188767773770607, -7.033269516355688 ] } },
{ "type": "Feature", "properties": { "KODE": 1041418, "KATEGORI": "Sungai/ Rawa", "KETERANGAN": "Alur Irigasi", "X": 631300.5, "Y": 9221806.5 }, "geometry": { "type": "Point", "coordinates": [ 112.188781579878523, -7.038695910878155 ] } },
{ "type": "Feature", "properties": { "KODE": 1041430, "KATEGORI": "Sungai/ Rawa", "KETERANGAN": "Alur Irigasi", "X": 631300.5, "Y": 9221656.5 }, "geometry": { "type": "Point", "coordinates": [ 112.18878503311096, -7.040052509308445 ] } },
{ "type": "Feature", "properties": { "KODE": 1041450, "KATEGORI": "Sungai/ Rawa", "KETERANGAN": "Sungai", "X": 631300.5, "Y": 9221406.5 }, "geometry": { "type": "Point", "coordinates": [ 112.188790790014366, -7.042313506514126 ] } },
{ "type": "Feature", "properties": { "KODE": 1041451, "KATEGORI": "Sungai/ Rawa", "KETERANGAN": "Sungai", "X": 631300.5, "Y": 9221394.0 }, "geometry": { "type": "Point", "coordinates": [ 112.188791077909286, -7.042426556368563 ] } },
{ "type": "Feature", "properties": { "KODE": 1041452, "KATEGORI": "Sungai/ Rawa", "KETERANGAN": "Sungai", "X": 631300.5, "Y": 9221381.5 }, "geometry": { "type": "Point", "coordinates": [ 112.188791365808953, -7.042539606222443 ] } },
{ "type": "Feature", "properties": { "KODE": 1041453, "KATEGORI": "Sungai/ Rawa", "KETERANGAN": "Sungai", "X": 631300.5, "Y": 9221369.0 }, "geometry": { "type": "Point", "coordinates": [ 112.188791653713338, -7.042652656075767 ] } },
{ "type": "Feature", "properties": { "KODE": 1041454, "KATEGORI": "Sungai/ Rawa", "KETERANGAN": "Sungai", "X": 631300.5, "Y": 9221356.5 }, "geometry": { "type": "Point", "coordinates": [ 112.188791941622455, -7.042765705928534 ] } },
{ "type": "Feature", "properties": { "KODE": 1041455, "KATEGORI": "Sungai/ Rawa", "KETERANGAN": "Sungai", "X": 631300.5, "Y": 9221344.0 }, "geometry": { "type": "Point", "coordinates": [ 112.188792229536332, -7.042878755780745 ] } },
{ "type": "Feature", "properties": { "KODE": 1041456, "KATEGORI": "Sungai/ Rawa", "KETERANGAN": "Sungai", "X": 631300.5, "Y": 9221331.5 }, "geometry": { "type": "Point", "coordinates": [ 112.188792517454942, -7.0429918056324 ] } },
{ "type": "Feature", "properties": { "KODE": 1041457, "KATEGORI": "Sungai/ Rawa", "KETERANGAN": "Sungai", "X": 631300.5, "Y": 9221319.0 }, "geometry": { "type": "Point", "coordinates": [ 112.18879280537827, -7.043104855483494 ] } },
{ "type": "Feature", "properties": { "KODE": 1041471, "KATEGORI": "Sungai/ Rawa", "KETERANGAN": "Alur Irigasi", "X": 631300.5, "Y": 9221144.0 }, "geometry": { "type": "Point", "coordinates": [ 112.18879683680251, -7.044687553340365 ] } },
{ "type": "Feature", "properties": { "KODE": 1061036, "KATEGORI": "Sungai/ Rawa", "KETERANGAN": "Alur Irigasi", "X": 632300.5, "Y": 9226781.5 }, "geometry": { "type": "Point", "coordinates": [ 112.197719122899244, -6.993679081648687 ] } },
{ "type": "Feature", "properties": { "KODE": 1061043, "KATEGORI": "Sungai/ Rawa", "KETERANGAN": "Alur Irigasi", "X": 632300.5, "Y": 9226694.0 }, "geometry": { "type": "Point", "coordinates": [ 112.197721139235981, -6.994470429668384 ] } },
{ "type": "Feature", "properties": { "KODE": 1061138, "KATEGORI": "Sungai/ Rawa", "KETERANGAN": "Alur Irigasi", "X": 632300.5, "Y": 9225506.5 }, "geometry": { "type": "Point", "coordinates": [ 112.197748526923689, -7.005210150110841 ] } },
{ "type": "Feature", "properties": { "KODE": 1061170, "KATEGORI": "Sungai/ Rawa", "KETERANGAN": "Sungai", "X": 632300.5, "Y": 9225106.5 }, "geometry": { "type": "Point", "coordinates": [ 112.197757761946221, -7.008827739028978 ] } },
{ "type": "Feature", "properties": { "KODE": 1061200, "KATEGORI": "Sungai/ Rawa", "KETERANGAN": "Sungai", "X": 632300.5, "Y": 9224731.5 }, "geometry": { "type": "Point", "coordinates": [ 112.197766424217818, -7.012219228124125 ] } },
{ "type": "Feature", "properties": { "KODE": 1061225, "KATEGORI": "Sungai/ Rawa", "KETERANGAN": "Lumpur Hisap", "X": 632300.5, "Y": 9224419.0 }, "geometry": { "type": "Point", "coordinates": [ 112.197773646058351, -7.015045468655416 ] } },
{ "type": "Feature", "properties": { "KODE": 1061269, "KATEGORI": "Sungai/ Rawa", "KETERANGAN": "Tambak", "X": 632300.5, "Y": 9223869.0 }, "geometry": { "type": "Point", "coordinates": [ 112.197786363742154, -7.020019651148057 ] } },
{ "type": "Feature", "properties": { "KODE": 1061412, "KATEGORI": "Sungai/ Rawa", "KETERANGAN": "Sungai", "X": 632300.5, "Y": 9222081.5 }, "geometry": { "type": "Point", "coordinates": [ 112.197827760028858, -7.036185736820789 ] } },
{ "type": "Feature", "properties": { "KODE": 1101418, "KATEGORI": "Sungai/ Rawa", "KETERANGAN": "Alur Irigasi", "X": 634300.5, "Y": 9222106.5 }, "geometry": { "type": "Point", "coordinates": [ 112.215932098360312, -7.035912960979502 ] } },
{ "type": "Feature", "properties": { "KODE": 1101419, "KATEGORI": "Sungai/ Rawa", "KETERANGAN": "Alur Irigasi", "X": 634300.5, "Y": 9222094.0 }, "geometry": { "type": "Point", "coordinates": [ 112.215932392556894, -7.036026009733464 ] } },
{ "type": "Feature", "properties": { "KODE": 1101420, "KATEGORI": "Sungai/ Rawa", "KETERANGAN": "Alur Irigasi", "X": 634300.5, "Y": 9222081.5 }, "geometry": { "type": "Point", "coordinates": [ 112.215932686758322, -7.03613905848687 ] } },
{ "type": "Feature", "properties": { "KODE": 1101464, "KATEGORI": "Sungai / Rawa", "KETERANGAN": "Potensi Terjatuh", "X": 634300.5, "Y": 9221531.5 }, "geometry": { "type": "Point", "coordinates": [ 112.215945636418184, -7.04111320308528 ] } },
{ "type": "Feature", "properties": { "KODE": 1101465, "KATEGORI": "Sungai / Rawa", "KETERANGAN": "Potensi Terjatuh", "X": 634300.5, "Y": 9221519.0 }, "geometry": { "type": "Point", "coordinates": [ 112.215945930837648, -7.041226251813615 ] } },
{ "type": "Feature", "properties": { "KODE": 1101496, "KATEGORI": "Sungai / Rawa", "KETERANGAN": "Sungai", "X": 634300.5, "Y": 9221131.5 }, "geometry": { "type": "Point", "coordinates": [ 112.215955060245022, -7.044730762115604 ] } },
{ "type": "Feature", "properties": { "KODE": 1101497, "KATEGORI": "Sungai / Rawa", "KETERANGAN": "Sungai", "X": 634300.5, "Y": 9221119.0 }, "geometry": { "type": "Point", "coordinates": [ 112.21595535481957, -7.044843810826102 ] } },
{ "type": "Feature", "properties": { "KODE": 1101498, "KATEGORI": "Sungai / Rawa", "KETERANGAN": "Sungai", "X": 634300.5, "Y": 9221106.5 }, "geometry": { "type": "Point", "coordinates": [ 112.21595564939895, -7.044956859536045 ] } },
{ "type": "Feature", "properties": { "KODE": 1101499, "KATEGORI": "Sungai / Rawa", "KETERANGAN": "Sungai", "X": 634300.5, "Y": 9221094.0 }, "geometry": { "type": "Point", "coordinates": [ 112.215955943983204, -7.04506990824543 ] } },
{ "type": "Feature", "properties": { "KODE": 1101500, "KATEGORI": "Sungai / Rawa", "KETERANGAN": "Sungai", "X": 634300.5, "Y": 9221081.5 }, "geometry": { "type": "Point", "coordinates": [ 112.215956238572275, -7.045182956954256 ] } },
{ "type": "Feature", "properties": { "KODE": 1101501, "KATEGORI": "Sungai / Rawa", "KETERANGAN": "Sungai", "X": 634300.5, "Y": 9221069.0 }, "geometry": { "type": "Point", "coordinates": [ 112.215956533166207, -7.045296005662526 ] } },
{ "type": "Feature", "properties": { "KODE": 1101502, "KATEGORI": "Sungai / Rawa", "KETERANGAN": "Sungai", "X": 634300.5, "Y": 9221056.5 }, "geometry": { "type": "Point", "coordinates": [ 112.215956827764984, -7.045409054370237 ] } },
{ "type": "Feature", "properties": { "KODE": 1101503, "KATEGORI": "Sungai / Rawa", "KETERANGAN": "Sungai", "X": 634300.5, "Y": 9221044.0 }, "geometry": { "type": "Point", "coordinates": [ 112.215957122368607, -7.045522103077391 ] } },
{ "type": "Feature", "properties": { "KODE": 1101504, "KATEGORI": "Sungai / Rawa", "KETERANGAN": "Sungai", "X": 634300.5, "Y": 9221031.5 }, "geometry": { "type": "Point", "coordinates": [ 112.215957416977076, -7.045635151783986 ] } },
{ "type": "Feature", "properties": { "KODE": 1101505, "KATEGORI": "Sungai / Rawa", "KETERANGAN": "Sungai", "X": 634300.5, "Y": 9221019.0 }, "geometry": { "type": "Point", "coordinates": [ 112.215957711590391, -7.045748200490026 ] } },
{ "type": "Feature", "properties": { "KODE": 1101506, "KATEGORI": "Sungai / Rawa", "KETERANGAN": "Sungai", "X": 634300.5, "Y": 9221006.5 }, "geometry": { "type": "Point", "coordinates": [ 112.215958006208552, -7.045861249195507 ] } },
{ "type": "Feature", "properties": { "KODE": 1101507, "KATEGORI": "Sungai / Rawa", "KETERANGAN": "Sungai", "X": 634300.5, "Y": 9220994.0 }, "geometry": { "type": "Point", "coordinates": [ 112.215958300831559, -7.04597429790043 ] } },
{ "type": "Feature", "properties": { "KODE": 1101508, "KATEGORI": "Sungai / Rawa", "KETERANGAN": "Sungai", "X": 634300.5, "Y": 9220981.5 }, "geometry": { "type": "Point", "coordinates": [ 112.215958595459398, -7.046087346604795 ] } },
{ "type": "Feature", "properties": { "KODE": 1101509, "KATEGORI": "Sungai / Rawa", "KETERANGAN": "Sungai", "X": 634300.5, "Y": 9220969.0 }, "geometry": { "type": "Point", "coordinates": [ 112.215958890092111, -7.046200395308603 ] } },
{ "type": "Feature", "properties": { "KODE": 1101510, "KATEGORI": "Sungai / Rawa", "KETERANGAN": "Sungai", "X": 634300.5, "Y": 9220956.5 }, "geometry": { "type": "Point", "coordinates": [ 112.215959184729655, -7.046313444011855 ] } },
{ "type": "Feature", "properties": { "KODE": 1101511, "KATEGORI": "Sungai / Rawa", "KETERANGAN": "Sungai", "X": 634300.5, "Y": 9220944.0 }, "geometry": { "type": "Point", "coordinates": [ 112.215959479372032, -7.046426492714548 ] } },
{ "type": "Feature", "properties": { "KODE": 1101512, "KATEGORI": "Sungai / Rawa", "KETERANGAN": "Sungai", "X": 634300.5, "Y": 9220931.5 }, "geometry": { "type": "Point", "coordinates": [ 112.215959774019268, -7.046539541416682 ] } },
{ "type": "Feature", "properties": { "KODE": 1101513, "KATEGORI": "Sungai / Rawa", "KETERANGAN": "Sungai", "X": 634300.5, "Y": 9220919.0 }, "geometry": { "type": "Point", "coordinates": [ 112.21596006867135, -7.046652590118261 ] } },
{ "type": "Feature", "properties": { "KODE": 1101514, "KATEGORI": "Sungai / Rawa", "KETERANGAN": "Sungai", "X": 634300.5, "Y": 9220906.5 }, "geometry": { "type": "Point", "coordinates": [ 112.215960363328279, -7.046765638819279 ] } },
{ "type": "Feature", "properties": { "KODE": 1101515, "KATEGORI": "Sungai / Rawa", "KETERANGAN": "Sungai", "X": 634300.5, "Y": 9220894.0 }, "geometry": { "type": "Point", "coordinates": [ 112.215960657990053, -7.04687868751974 ] } },
{ "type": "Feature", "properties": { "KODE": 1101516, "KATEGORI": "Sungai / Rawa", "KETERANGAN": "Sungai", "X": 634300.5, "Y": 9220881.5 }, "geometry": { "type": "Point", "coordinates": [ 112.215960952656673, -7.046991736219644 ] } },
{ "type": "Feature", "properties": { "KODE": 1101517, "KATEGORI": "Sungai / Rawa", "KETERANGAN": "Sungai", "X": 634300.5, "Y": 9220869.0 }, "geometry": { "type": "Point", "coordinates": [ 112.215961247328138, -7.04710478491899 ] } },
{ "type": "Feature", "properties": { "KODE": 1101518, "KATEGORI": "Sungai / Rawa", "KETERANGAN": "Sungai", "X": 634300.5, "Y": 9220856.5 }, "geometry": { "type": "Point", "coordinates": [ 112.21596154200445, -7.047217833617779 ] } },
{ "type": "Feature", "properties": { "KODE": 1101519, "KATEGORI": "Sungai / Rawa", "KETERANGAN": "Sungai", "X": 634300.5, "Y": 9220844.0 }, "geometry": { "type": "Point", "coordinates": [ 112.215961836685608, -7.04733088231601 ] } },
{ "type": "Feature", "properties": { "KODE": 1101520, "KATEGORI": "Sungai / Rawa", "KETERANGAN": "Sungai", "X": 634300.5, "Y": 9220831.5 }, "geometry": { "type": "Point", "coordinates": [ 112.215962131371626, -7.047443931013683 ] } },
{ "type": "Feature", "properties": { "KODE": 1101521, "KATEGORI": "Sungai / Rawa", "KETERANGAN": "Sungai", "X": 634300.5, "Y": 9220819.0 }, "geometry": { "type": "Point", "coordinates": [ 112.215962426062461, -7.047556979710799 ] } },
{ "type": "Feature", "properties": { "KODE": 1101522, "KATEGORI": "Sungai / Rawa", "KETERANGAN": "Sungai", "X": 634300.5, "Y": 9220806.5 }, "geometry": { "type": "Point", "coordinates": [ 112.215962720758156, -7.047670028407357 ] } },
{ "type": "Feature", "properties": { "KODE": 1101523, "KATEGORI": "Sungai / Rawa", "KETERANGAN": "Sungai", "X": 634300.5, "Y": 9220794.0 }, "geometry": { "type": "Point", "coordinates": [ 112.215963015458698, -7.047783077103356 ] } },
{ "type": "Feature", "properties": { "KODE": 1101524, "KATEGORI": "Sungai / Rawa", "KETERANGAN": "Sungai", "X": 634300.5, "Y": 9220781.59 }, "geometry": { "type": "Point", "coordinates": [ 112.215963308042205, -7.047895311848194 ] } },
{ "type": "Feature", "properties": { "KODE": 1101525, "KATEGORI": "Sungai / Rawa", "KETERANGAN": "Sungai", "X": 634300.5, "Y": 9220769.0 }, "geometry": { "type": "Point", "coordinates": [ 112.215963604874318, -7.048009174493682 ] } },
{ "type": "Feature", "properties": { "KODE": 1101526, "KATEGORI": "Sungai / Rawa", "KETERANGAN": "Sungai", "X": 634300.5, "Y": 9220756.59 }, "geometry": { "type": "Point", "coordinates": [ 112.215963897467446, -7.048121409237413 ] } },
{ "type": "Feature", "properties": { "KODE": 1101527, "KATEGORI": "Sungai / Rawa", "KETERANGAN": "Sungai", "X": 634300.5, "Y": 9220744.0 }, "geometry": { "type": "Point", "coordinates": [ 112.215964194309336, -7.048235271881777 ] } },
{ "type": "Feature", "properties": { "KODE": 1101528, "KATEGORI": "Sungai / Rawa", "KETERANGAN": "Sungai", "X": 634300.5, "Y": 9220731.59 }, "geometry": { "type": "Point", "coordinates": [ 112.215964486912071, -7.0483475066244 ] } },
{ "type": "Feature", "properties": { "KODE": 1101529, "KATEGORI": "Sungai / Rawa", "KETERANGAN": "Sungai", "X": 634300.5, "Y": 9220719.0 }, "geometry": { "type": "Point", "coordinates": [ 112.215964783763724, -7.048461369267641 ] } },
{ "type": "Feature", "properties": { "KODE": 1101530, "KATEGORI": "Sungai / Rawa", "KETERANGAN": "Sungai", "X": 634300.5, "Y": 9220706.59 }, "geometry": { "type": "Point", "coordinates": [ 112.215965076376094, -7.048573604009155 ] } },
{ "type": "Feature", "properties": { "KODE": 1101531, "KATEGORI": "Sungai / Rawa", "KETERANGAN": "Sungai", "X": 634300.5, "Y": 9220694.0 }, "geometry": { "type": "Point", "coordinates": [ 112.215965373237495, -7.048687466651273 ] } },
{ "type": "Feature", "properties": { "KODE": 1101532, "KATEGORI": "Sungai / Rawa", "KETERANGAN": "Sungai", "X": 634300.5, "Y": 9220681.59 }, "geometry": { "type": "Point", "coordinates": [ 112.215965665859486, -7.048799701391681 ] } },
{ "type": "Feature", "properties": { "KODE": 1101533, "KATEGORI": "Sungai / Rawa", "KETERANGAN": "Sungai", "X": 634300.5, "Y": 9220669.0 }, "geometry": { "type": "Point", "coordinates": [ 112.215965962730664, -7.048913564032673 ] } },
{ "type": "Feature", "properties": { "KODE": 1101534, "KATEGORI": "Sungai / Rawa", "KETERANGAN": "Sungai", "X": 634300.5, "Y": 9220656.59 }, "geometry": { "type": "Point", "coordinates": [ 112.215966255362261, -7.049025798771972 ] } },
{ "type": "Feature", "properties": { "KODE": 1101535, "KATEGORI": "Sungai / Rawa", "KETERANGAN": "Sungai", "X": 634300.5, "Y": 9220644.0 }, "geometry": { "type": "Point", "coordinates": [ 112.215966552243202, -7.049139661411843 ] } },
{ "type": "Feature", "properties": { "KODE": 1101536, "KATEGORI": "Sungai / Rawa", "KETERANGAN": "Sungai", "X": 634300.5, "Y": 9220631.59 }, "geometry": { "type": "Point", "coordinates": [ 112.215966844884434, -7.049251896150034 ] } },
{ "type": "Feature", "properties": { "KODE": 1101537, "KATEGORI": "Sungai / Rawa", "KETERANGAN": "Sungai", "X": 634300.5, "Y": 9220619.0 }, "geometry": { "type": "Point", "coordinates": [ 112.215967141775138, -7.04936575878878 ] } },
{ "type": "Feature", "properties": { "KODE": 1101538, "KATEGORI": "Sungai / Rawa", "KETERANGAN": "Sungai", "X": 634300.5, "Y": 9220606.59 }, "geometry": { "type": "Point", "coordinates": [ 112.215967434425977, -7.049477993525865 ] } },
{ "type": "Feature", "properties": { "KODE": 1101539, "KATEGORI": "Sungai / Rawa", "KETERANGAN": "Sungai", "X": 634300.5, "Y": 9220594.0 }, "geometry": { "type": "Point", "coordinates": [ 112.215967731326444, -7.049591856163485 ] } },
{ "type": "Feature", "properties": { "KODE": 1101540, "KATEGORI": "Sungai / Rawa", "KETERANGAN": "Sungai", "X": 634300.5, "Y": 9220581.59 }, "geometry": { "type": "Point", "coordinates": [ 112.215968023986918, -7.049704090899463 ] } },
{ "type": "Feature", "properties": { "KODE": 1101541, "KATEGORI": "Sungai / Rawa", "KETERANGAN": "Sungai", "X": 634300.5, "Y": 9220569.0 }, "geometry": { "type": "Point", "coordinates": [ 112.215968320897161, -7.04981795353596 ] } },
{ "type": "Feature", "properties": { "KODE": 1101542, "KATEGORI": "Sungai / Rawa", "KETERANGAN": "Sungai", "X": 634300.5, "Y": 9220556.59 }, "geometry": { "type": "Point", "coordinates": [ 112.215968613567242, -7.049930188270829 ] } },
{ "type": "Feature", "properties": { "KODE": 1101543, "KATEGORI": "Sungai / Rawa", "KETERANGAN": "Sungai", "X": 634300.5, "Y": 9220544.0 }, "geometry": { "type": "Point", "coordinates": [ 112.215968910487234, -7.050044050906202 ] } },
{ "type": "Feature", "properties": { "KODE": 1101544, "KATEGORI": "Sungai / Rawa", "KETERANGAN": "Sungai", "X": 634300.5, "Y": 9220531.59 }, "geometry": { "type": "Point", "coordinates": [ 112.215969203166964, -7.050156285639963 ] } },
{ "type": "Feature", "properties": { "KODE": 1101545, "KATEGORI": "Sungai / Rawa", "KETERANGAN": "Sungai", "X": 634300.5, "Y": 9220519.0 }, "geometry": { "type": "Point", "coordinates": [ 112.215969500096691, -7.050270148274212 ] } },
{ "type": "Feature", "properties": { "KODE": 1101546, "KATEGORI": "Sungai / Rawa", "KETERANGAN": "Sungai", "X": 634300.5, "Y": 9220506.59 }, "geometry": { "type": "Point", "coordinates": [ 112.215969792786041, -7.050382383006865 ] } },
{ "type": "Feature", "properties": { "KODE": 1101547, "KATEGORI": "Sungai / Rawa", "KETERANGAN": "Sungai", "X": 634300.5, "Y": 9220494.0 }, "geometry": { "type": "Point", "coordinates": [ 112.215970089725559, -7.050496245639991 ] } },
{ "type": "Feature", "properties": { "KODE": 1101548, "KATEGORI": "Sungai / Rawa", "KETERANGAN": "Sungai", "X": 634300.5, "Y": 9220481.59 }, "geometry": { "type": "Point", "coordinates": [ 112.21597038242453, -7.050608480371535 ] } },
{ "type": "Feature", "properties": { "KODE": 1101549, "KATEGORI": "Sungai / Rawa", "KETERANGAN": "Sungai", "X": 634300.5, "Y": 9220469.0 }, "geometry": { "type": "Point", "coordinates": [ 112.215970679373797, -7.050722343003538 ] } },
{ "type": "Feature", "properties": { "KODE": 1101550, "KATEGORI": "Sungai / Rawa", "KETERANGAN": "Sungai", "X": 634300.5, "Y": 9220456.59 }, "geometry": { "type": "Point", "coordinates": [ 112.215970972082374, -7.050834577733974 ] } },
{ "type": "Feature", "properties": { "KODE": 1101551, "KATEGORI": "Sungai / Rawa", "KETERANGAN": "Sungai", "X": 634300.5, "Y": 9220444.0 }, "geometry": { "type": "Point", "coordinates": [ 112.215971269041418, -7.050948440364851 ] } },
{ "type": "Feature", "properties": { "KODE": 1101552, "KATEGORI": "Sungai / Rawa", "KETERANGAN": "Sungai", "X": 634300.5, "Y": 9220431.59 }, "geometry": { "type": "Point", "coordinates": [ 112.215971561759631, -7.051060675094179 ] } },
{ "type": "Feature", "properties": { "KODE": 1101553, "KATEGORI": "Sungai / Rawa", "KETERANGAN": "Sungai", "X": 634300.5, "Y": 9220419.0 }, "geometry": { "type": "Point", "coordinates": [ 112.215971858728437, -7.051174537723933 ] } },
{ "type": "Feature", "properties": { "KODE": 1101554, "KATEGORI": "Sungai / Rawa", "KETERANGAN": "Sungai", "X": 634300.5, "Y": 9220406.59 }, "geometry": { "type": "Point", "coordinates": [ 112.21597215145627, -7.051286772452153 ] } },
{ "type": "Feature", "properties": { "KODE": 1101555, "KATEGORI": "Sungai / Rawa", "KETERANGAN": "Sungai", "X": 634300.5, "Y": 9220394.0 }, "geometry": { "type": "Point", "coordinates": [ 112.215972448434826, -7.051400635080784 ] } },
{ "type": "Feature", "properties": { "KODE": 1101556, "KATEGORI": "Sungai / Rawa", "KETERANGAN": "Sungai", "X": 634300.5, "Y": 9220381.59 }, "geometry": { "type": "Point", "coordinates": [ 112.215972741172266, -7.051512869807897 ] } },
{ "type": "Feature", "properties": { "KODE": 1101557, "KATEGORI": "Sungai / Rawa", "KETERANGAN": "Sungai", "X": 634300.5, "Y": 9220369.0 }, "geometry": { "type": "Point", "coordinates": [ 112.215973038160598, -7.051626732435402 ] } },
{ "type": "Feature", "properties": { "KODE": 1101558, "KATEGORI": "Sungai / Rawa", "KETERANGAN": "Sungai", "X": 634300.5, "Y": 9220356.59 }, "geometry": { "type": "Point", "coordinates": [ 112.215973330907673, -7.051738967161405 ] } },
{ "type": "Feature", "properties": { "KODE": 1101559, "KATEGORI": "Sungai / Rawa", "KETERANGAN": "Sungai", "X": 634300.5, "Y": 9220344.0 }, "geometry": { "type": "Point", "coordinates": [ 112.215973627905768, -7.051852829787785 ] } },
{ "type": "Feature", "properties": { "KODE": 1101560, "KATEGORI": "Sungai / Rawa", "KETERANGAN": "Sungai", "X": 634300.5, "Y": 9220331.59 }, "geometry": { "type": "Point", "coordinates": [ 112.215973920662464, -7.051965064512681 ] } },
{ "type": "Feature", "properties": { "KODE": 1101561, "KATEGORI": "Sungai / Rawa", "KETERANGAN": "Sungai", "X": 634300.5, "Y": 9220319.0 }, "geometry": { "type": "Point", "coordinates": [ 112.215974217670322, -7.052078927137939 ] } },
{ "type": "Feature", "properties": { "KODE": 1101562, "KATEGORI": "Sungai / Rawa", "KETERANGAN": "Sungai", "X": 634300.5, "Y": 9220306.59 }, "geometry": { "type": "Point", "coordinates": [ 112.215974510436638, -7.052191161861726 ] } },
{ "type": "Feature", "properties": { "KODE": 1101563, "KATEGORI": "Sungai / Rawa", "KETERANGAN": "Sungai", "X": 634300.5, "Y": 9220294.0 }, "geometry": { "type": "Point", "coordinates": [ 112.215974807454245, -7.052305024485858 ] } },
{ "type": "Feature", "properties": { "KODE": 1101564, "KATEGORI": "Sungai / Rawa", "KETERANGAN": "Sungai", "X": 634300.5, "Y": 9220281.59 }, "geometry": { "type": "Point", "coordinates": [ 112.215975100230196, -7.052417259208539 ] } },
{ "type": "Feature", "properties": { "KODE": 1101565, "KATEGORI": "Sungai / Rawa", "KETERANGAN": "Sungai", "X": 634300.5, "Y": 9220269.0 }, "geometry": { "type": "Point", "coordinates": [ 112.215975397257566, -7.052531121831547 ] } },
{ "type": "Feature", "properties": { "KODE": 1101566, "KATEGORI": "Sungai / Rawa", "KETERANGAN": "Sungai", "X": 634300.5, "Y": 9220256.59 }, "geometry": { "type": "Point", "coordinates": [ 112.215975690043138, -7.052643356553117 ] } },
{ "type": "Feature", "properties": { "KODE": 1101567, "KATEGORI": "Sungai / Rawa", "KETERANGAN": "Sungai", "X": 634300.5, "Y": 9220244.0 }, "geometry": { "type": "Point", "coordinates": [ 112.215975987080284, -7.052757219175001 ] } },
{ "type": "Feature", "properties": { "KODE": 1101568, "KATEGORI": "Sungai / Rawa", "KETERANGAN": "Sungai", "X": 634300.5, "Y": 9220231.59 }, "geometry": { "type": "Point", "coordinates": [ 112.215976279875463, -7.052869453895465 ] } },
{ "type": "Feature", "properties": { "KODE": 1101569, "KATEGORI": "Sungai / Rawa", "KETERANGAN": "Sungai", "X": 634300.5, "Y": 9220219.0 }, "geometry": { "type": "Point", "coordinates": [ 112.215976576922358, -7.052983316516224 ] } },
{ "type": "Feature", "properties": { "KODE": 1101570, "KATEGORI": "Sungai / Rawa", "KETERANGAN": "Sungai", "X": 634300.5, "Y": 9220206.59 }, "geometry": { "type": "Point", "coordinates": [ 112.215976869727172, -7.053095551235579 ] } },
{ "type": "Feature", "properties": { "KODE": 1101571, "KATEGORI": "Sungai / Rawa", "KETERANGAN": "Sungai", "X": 634300.5, "Y": 9220194.0 }, "geometry": { "type": "Point", "coordinates": [ 112.215977166783844, -7.053209413855213 ] } },
{ "type": "Feature", "properties": { "KODE": 1101572, "KATEGORI": "Sungai / Rawa", "KETERANGAN": "Sungai", "X": 634300.5, "Y": 9220181.59 }, "geometry": { "type": "Point", "coordinates": [ 112.215977459598278, -7.053321648573459 ] } },
{ "type": "Feature", "properties": { "KODE": 1101573, "KATEGORI": "Sungai / Rawa", "KETERANGAN": "Sungai", "X": 634300.5, "Y": 9220169.0 }, "geometry": { "type": "Point", "coordinates": [ 112.215977756664714, -7.053435511191969 ] } },
{ "type": "Feature", "properties": { "KODE": 1101574, "KATEGORI": "Sungai / Rawa", "KETERANGAN": "Sungai", "X": 634300.5, "Y": 9220156.59 }, "geometry": { "type": "Point", "coordinates": [ 112.215978049488754, -7.053547745909108 ] } },
{ "type": "Feature", "properties": { "KODE": 1101575, "KATEGORI": "Sungai / Rawa", "KETERANGAN": "Sungai", "X": 634300.5, "Y": 9220144.0 }, "geometry": { "type": "Point", "coordinates": [ 112.215978346564953, -7.053661608526492 ] } },
{ "type": "Feature", "properties": { "KODE": 1101576, "KATEGORI": "Sungai / Rawa", "KETERANGAN": "Sungai", "X": 634300.5, "Y": 9220131.59 }, "geometry": { "type": "Point", "coordinates": [ 112.215978639398628, -7.053773843242523 ] } },
{ "type": "Feature", "properties": { "KODE": 1101577, "KATEGORI": "Sungai / Rawa", "KETERANGAN": "Sungai", "X": 634300.5, "Y": 9220119.0 }, "geometry": { "type": "Point", "coordinates": [ 112.215978936484589, -7.053887705858785 ] } },
{ "type": "Feature", "properties": { "KODE": 1101578, "KATEGORI": "Sungai / Rawa", "KETERANGAN": "Sungai", "X": 634300.5, "Y": 9220106.59 }, "geometry": { "type": "Point", "coordinates": [ 112.215979229327885, -7.053999940573704 ] } },
{ "type": "Feature", "properties": { "KODE": 1101579, "KATEGORI": "Sungai / Rawa", "KETERANGAN": "Sungai", "X": 634300.5, "Y": 9220094.0 }, "geometry": { "type": "Point", "coordinates": [ 112.215979526423595, -7.054113803188842 ] } },
{ "type": "Feature", "properties": { "KODE": 1101580, "KATEGORI": "Sungai / Rawa", "KETERANGAN": "Sungai", "X": 634300.5, "Y": 9220081.59 }, "geometry": { "type": "Point", "coordinates": [ 112.215979819276527, -7.054226037902653 ] } },
{ "type": "Feature", "properties": { "KODE": 1121610, "KATEGORI": "Sungai / Rawa", "KETERANGAN": "Lumpur Hisap", "X": 635300.5, "Y": 9219406.59 }, "geometry": { "type": "Point", "coordinates": [ 112.225048641430149, -7.060306981398654 ] } },
{ "type": "Feature", "properties": { "KODE": 1121611, "KATEGORI": "Sungai / Rawa", "KETERANGAN": "Lumpur Hisap", "X": 635300.5, "Y": 9219394.0 }, "geometry": { "type": "Point", "coordinates": [ 112.22504894101175, -7.060420843596601 ] } },
{ "type": "Feature", "properties": { "KODE": 1121612, "KATEGORI": "Sungai / Rawa", "KETERANGAN": "Lumpur Hisap", "X": 635300.5, "Y": 9219381.59 }, "geometry": { "type": "Point", "coordinates": [ 112.225049236315058, -7.060533077899189 ] } },
{ "type": "Feature", "properties": { "KODE": 1121613, "KATEGORI": "Sungai / Rawa", "KETERANGAN": "Lumpur Hisap", "X": 635300.5, "Y": 9219369.0 }, "geometry": { "type": "Point", "coordinates": [ 112.225049535906479, -7.060646940096009 ] } },
{ "type": "Feature", "properties": { "KODE": 1121614, "KATEGORI": "Sungai / Rawa", "KETERANGAN": "Lumpur Hisap", "X": 635300.5, "Y": 9219356.59 }, "geometry": { "type": "Point", "coordinates": [ 112.225049831219479, -7.060759174397487 ] } },
{ "type": "Feature", "properties": { "KODE": 1121615, "KATEGORI": "Sungai / Rawa", "KETERANGAN": "Lumpur Hisap", "X": 635300.5, "Y": 9219344.0 }, "geometry": { "type": "Point", "coordinates": [ 112.225050130820748, -7.06087303659318 ] } },
{ "type": "Feature", "properties": { "KODE": 1121616, "KATEGORI": "Sungai / Rawa", "KETERANGAN": "Lumpur Hisap", "X": 635300.5, "Y": 9219331.59 }, "geometry": { "type": "Point", "coordinates": [ 112.22505042614344, -7.060985270893546 ] } },
{ "type": "Feature", "properties": { "KODE": 1121617, "KATEGORI": "Sungai / Rawa", "KETERANGAN": "Lumpur Hisap", "X": 635300.5, "Y": 9219319.0 }, "geometry": { "type": "Point", "coordinates": [ 112.225050725754542, -7.061099133088115 ] } },
{ "type": "Feature", "properties": { "KODE": 1121618, "KATEGORI": "Sungai / Rawa", "KETERANGAN": "Lumpur Hisap", "X": 635300.5, "Y": 9219306.59 }, "geometry": { "type": "Point", "coordinates": [ 112.225051021086941, -7.061211367387373 ] } },
{ "type": "Feature", "properties": { "KODE": 1121619, "KATEGORI": "Sungai / Rawa", "KETERANGAN": "Lumpur Hisap", "X": 635300.5, "Y": 9219294.0 }, "geometry": { "type": "Point", "coordinates": [ 112.225051320707877, -7.061325229580815 ] } },
{ "type": "Feature", "properties": { "KODE": 1121620, "KATEGORI": "Sungai / Rawa", "KETERANGAN": "Lumpur Hisap", "X": 635300.5, "Y": 9219281.59 }, "geometry": { "type": "Point", "coordinates": [ 112.225051616049953, -7.061437463878962 ] } },
{ "type": "Feature", "properties": { "KODE": 1121621, "KATEGORI": "Sungai / Rawa", "KETERANGAN": "Lumpur Hisap", "X": 635300.5, "Y": 9219269.0 }, "geometry": { "type": "Point", "coordinates": [ 112.225051915680723, -7.061551326071279 ] } },
{ "type": "Feature", "properties": { "KODE": 1121622, "KATEGORI": "Sungai / Rawa", "KETERANGAN": "Lumpur Hisap", "X": 635300.5, "Y": 9219256.59 }, "geometry": { "type": "Point", "coordinates": [ 112.225052211032519, -7.061663560368315 ] } },
{ "type": "Feature", "properties": { "KODE": 1121623, "KATEGORI": "Sungai / Rawa", "KETERANGAN": "Lumpur Hisap", "X": 635300.5, "Y": 9219244.0 }, "geometry": { "type": "Point", "coordinates": [ 112.225052510673123, -7.061777422559505 ] } },
{ "type": "Feature", "properties": { "KODE": 1121624, "KATEGORI": "Sungai / Rawa", "KETERANGAN": "Lumpur Hisap", "X": 635300.5, "Y": 9219231.59 }, "geometry": { "type": "Point", "coordinates": [ 112.225052806034597, -7.061889656855432 ] } },
{ "type": "Feature", "properties": { "KODE": 1121625, "KATEGORI": "Sungai / Rawa", "KETERANGAN": "Lumpur Hisap", "X": 635300.5, "Y": 9219219.0 }, "geometry": { "type": "Point", "coordinates": [ 112.225053105685049, -7.062003519045496 ] } },
{ "type": "Feature", "properties": { "KODE": 1121626, "KATEGORI": "Sungai / Rawa", "KETERANGAN": "Lumpur Hisap", "X": 635300.5, "Y": 9219206.59 }, "geometry": { "type": "Point", "coordinates": [ 112.225053401056215, -7.062115753340313 ] } },
{ "type": "Feature", "properties": { "KODE": 1121627, "KATEGORI": "Sungai / Rawa", "KETERANGAN": "Lumpur Hisap", "X": 635300.5, "Y": 9219194.0 }, "geometry": { "type": "Point", "coordinates": [ 112.225053700716501, -7.062229615529251 ] } },
{ "type": "Feature", "properties": { "KODE": 1121628, "KATEGORI": "Sungai / Rawa", "KETERANGAN": "Lumpur Hisap", "X": 635300.5, "Y": 9219181.59 }, "geometry": { "type": "Point", "coordinates": [ 112.225053996097373, -7.062341849822958 ] } },
{ "type": "Feature", "properties": { "KODE": 1151834, "KATEGORI": "Sungai/Rawa", "KETERANGAN": "Sungai", "X": 634994.3, "Y": 9215800.39 }, "geometry": { "type": "Point", "coordinates": [ 112.222362469241517, -7.092928230737903 ] } },
{ "type": "Feature", "properties": { "KODE": 1151835, "KATEGORI": "Sungai/Rawa", "KETERANGAN": "Sungai", "X": 635006.8, "Y": 9215800.3 }, "geometry": { "type": "Point", "coordinates": [ 112.22247564032881, -7.092928746818615 ] } },
{ "type": "Feature", "properties": { "KODE": 1151836, "KATEGORI": "Sungai/Rawa", "KETERANGAN": "Sungai", "X": 635019.3, "Y": 9215800.39 }, "geometry": { "type": "Point", "coordinates": [ 112.222588807117191, -7.092927634977661 ] } },
{ "type": "Feature", "properties": { "KODE": 1161834, "KATEGORI": "Sungai/Rawa", "KETERANGAN": "Lumpur Hisap", "X": 637300.5, "Y": 9216756.59 }, "geometry": { "type": "Point", "coordinates": [ 112.243218419365164, -7.084225140065143 ] } },
{ "type": "Feature", "properties": { "KODE": 1161835, "KATEGORI": "Sungai/Rawa", "KETERANGAN": "Lumpur Hisap", "X": 637300.5, "Y": 9216744.0 }, "geometry": { "type": "Point", "coordinates": [ 112.243218724429823, -7.084339001363513 ] } },
{ "type": "Feature", "properties": { "KODE": 1161836, "KATEGORI": "Sungai/Rawa", "KETERANGAN": "Lumpur Hisap", "X": 637300.5, "Y": 9216731.59 }, "geometry": { "type": "Point", "coordinates": [ 112.243219025137861, -7.08445123477938 ] } },
{ "type": "Feature", "properties": { "KODE": 1191308, "KATEGORI": "Sungai / Rawa", "KETERANGAN": "Sungai", "X": 626919.3, "Y": 9217800.3 }, "geometry": { "type": "Point", "coordinates": [ 112.149209540722467, -7.07502750578039 ] } },
{ "type": "Feature", "properties": { "KODE": 1191351, "KATEGORI": "Sungai / Rawa", "KETERANGAN": "Sungai", "X": 627456.8, "Y": 9217800.3 }, "geometry": { "type": "Point", "coordinates": [ 112.154075742768683, -7.075015469306334 ] } },
{ "type": "Feature", "properties": { "KODE": 1191352, "KATEGORI": "Sungai / Rawa", "KETERANGAN": "Sungai", "X": 627469.3, "Y": 9217800.3 }, "geometry": { "type": "Point", "coordinates": [ 112.15418891015706, -7.075015188783514 ] } },
{ "type": "Feature", "properties": { "KODE": 1191353, "KATEGORI": "Sungai / Rawa", "KETERANGAN": "Sungai", "X": 627481.8, "Y": 9217800.3 }, "geometry": { "type": "Point", "coordinates": [ 112.154302077540819, -7.075014908233201 ] } },
{ "type": "Feature", "properties": { "KODE": 1191414, "KATEGORI": "Sungai / Rawa", "KETERANGAN": "Sungai", "X": 628244.3, "Y": 9217800.3 }, "geometry": { "type": "Point", "coordinates": [ 112.161205279232277, -7.074997742677581 ] } },
{ "type": "Feature", "properties": { "KODE": 1191415, "KATEGORI": "Sungai / Rawa", "KETERANGAN": "Sungai", "X": 628256.8, "Y": 9217800.3 }, "geometry": { "type": "Point", "coordinates": [ 112.161318446329901, -7.074997460422795 ] } },
{ "type": "Feature", "properties": { "KODE": 1191416, "KATEGORI": "Sungai / Rawa", "KETERANGAN": "Sungai", "X": 628269.3, "Y": 9217800.3 }, "geometry": { "type": "Point", "coordinates": [ 112.161431613422891, -7.074997178140515 ] } },
{ "type": "Feature", "properties": { "KODE": 1191417, "KATEGORI": "Sungai / Rawa", "KETERANGAN": "Sungai", "X": 628281.8, "Y": 9217800.3 }, "geometry": { "type": "Point", "coordinates": [ 112.16154478051125, -7.074996895830747 ] } },
{ "type": "Feature", "properties": { "KODE": 1191418, "KATEGORI": "Sungai / Rawa", "KETERANGAN": "Sungai", "X": 628294.3, "Y": 9217800.3 }, "geometry": { "type": "Point", "coordinates": [ 112.161657947594975, -7.074996613493485 ] } },
{ "type": "Feature", "properties": { "KODE": 1191421, "KATEGORI": "Sungai / Rawa", "KETERANGAN": "Sungai", "X": 628331.8, "Y": 9217800.3 }, "geometry": { "type": "Point", "coordinates": [ 112.161997448818397, -7.074995766316756 ] } },
{ "type": "Feature", "properties": { "KODE": 1191422, "KATEGORI": "Sungai / Rawa", "KETERANGAN": "Sungai", "X": 628344.3, "Y": 9217800.3 }, "geometry": { "type": "Point", "coordinates": [ 112.162110615883606, -7.07499548386953 ] } },
{ "type": "Feature", "properties": { "KODE": 1191423, "KATEGORI": "Sungai / Rawa", "KETERANGAN": "Sungai", "X": 628356.8, "Y": 9217800.3 }, "geometry": { "type": "Point", "coordinates": [ 112.162223782944181, -7.074995201394812 ] } },
{ "type": "Feature", "properties": { "KODE": 1191426, "KATEGORI": "Sungai / Rawa", "KETERANGAN": "Sungai", "X": 628394.3, "Y": 9217800.3 }, "geometry": { "type": "Point", "coordinates": [ 112.162563284098098, -7.074994353805713 ] } },
{ "type": "Feature", "properties": { "KODE": 1191446, "KATEGORI": "Sungai / Rawa", "KETERANGAN": "Sungai", "X": 628644.3, "Y": 9217800.3 }, "geometry": { "type": "Point", "coordinates": [ 112.164826624057739, -7.074988696888726 ] } },
{ "type": "Feature", "properties": { "KODE": 1191447, "KATEGORI": "Sungai / Rawa", "KETERANGAN": "Sungai", "X": 628656.8, "Y": 9217800.3 }, "geometry": { "type": "Point", "coordinates": [ 112.164939791006987, -7.074988413754218 ] } },
{ "type": "Feature", "properties": { "KODE": 1191448, "KATEGORI": "Sungai / Rawa", "KETERANGAN": "Sungai", "X": 628669.3, "Y": 9217800.3 }, "geometry": { "type": "Point", "coordinates": [ 112.165052957951588, -7.074988130592219 ] } },
{ "type": "Feature", "properties": { "KODE": 1191449, "KATEGORI": "Sungai / Rawa", "KETERANGAN": "Sungai", "X": 628681.8, "Y": 9217800.3 }, "geometry": { "type": "Point", "coordinates": [ 112.16516612489157, -7.074987847402729 ] } },
{ "type": "Feature", "properties": { "KODE": 1191450, "KATEGORI": "Sungai / Rawa", "KETERANGAN": "Sungai", "X": 628694.3, "Y": 9217800.3 }, "geometry": { "type": "Point", "coordinates": [ 112.165279291826891, -7.07498756418575 ] } },
{ "type": "Feature", "properties": { "KODE": 1191451, "KATEGORI": "Sungai / Rawa", "KETERANGAN": "Sungai", "X": 628706.8, "Y": 9217800.3 }, "geometry": { "type": "Point", "coordinates": [ 112.165392458757566, -7.074987280941277 ] } },
{ "type": "Feature", "properties": { "KODE": 1191452, "KATEGORI": "Sungai / Rawa", "KETERANGAN": "Sungai", "X": 628719.3, "Y": 9217800.3 }, "geometry": { "type": "Point", "coordinates": [ 112.165505625683593, -7.074986997669315 ] } },
{ "type": "Feature", "properties": { "KODE": 1191453, "KATEGORI": "Sungai / Rawa", "KETERANGAN": "Sungai", "X": 628731.8, "Y": 9217800.3 }, "geometry": { "type": "Point", "coordinates": [ 112.165618792604974, -7.07498671436986 ] } },
{ "type": "Feature", "properties": { "KODE": 1191454, "KATEGORI": "Sungai / Rawa", "KETERANGAN": "Sungai", "X": 628744.3, "Y": 9217800.3 }, "geometry": { "type": "Point", "coordinates": [ 112.165731959521722, -7.074986431042915 ] } },
{ "type": "Feature", "properties": { "KODE": 1191455, "KATEGORI": "Sungai / Rawa", "KETERANGAN": "Sungai", "X": 628756.8, "Y": 9217800.3 }, "geometry": { "type": "Point", "coordinates": [ 112.165845126433808, -7.074986147688479 ] } },
{ "type": "Feature", "properties": { "KODE": 1191456, "KATEGORI": "Sungai / Rawa", "KETERANGAN": "Sungai", "X": 628769.3, "Y": 9217800.3 }, "geometry": { "type": "Point", "coordinates": [ 112.165958293341248, -7.074985864306551 ] } },
{ "type": "Feature", "properties": { "KODE": 1191457, "KATEGORI": "Sungai / Rawa", "KETERANGAN": "Sungai", "X": 628781.8, "Y": 9217800.3 }, "geometry": { "type": "Point", "coordinates": [ 112.166071460244055, -7.074985580897132 ] } },
{ "type": "Feature", "properties": { "KODE": 1191458, "KATEGORI": "Sungai / Rawa", "KETERANGAN": "Sungai", "X": 628794.3, "Y": 9217800.3 }, "geometry": { "type": "Point", "coordinates": [ 112.166184627142201, -7.074985297460223 ] } },
{ "type": "Feature", "properties": { "KODE": 1191459, "KATEGORI": "Sungai / Rawa", "KETERANGAN": "Sungai", "X": 628806.8, "Y": 9217800.3 }, "geometry": { "type": "Point", "coordinates": [ 112.166297794035685, -7.074985013995822 ] } },
{ "type": "Feature", "properties": { "KODE": 1191460, "KATEGORI": "Sungai / Rawa", "KETERANGAN": "Sungai", "X": 628819.3, "Y": 9217800.3 }, "geometry": { "type": "Point", "coordinates": [ 112.166410960924551, -7.074984730503929 ] } },
{ "type": "Feature", "properties": { "KODE": 1191461, "KATEGORI": "Sungai / Rawa", "KETERANGAN": "Sungai", "X": 628831.8, "Y": 9217800.3 }, "geometry": { "type": "Point", "coordinates": [ 112.166524127808742, -7.074984446984546 ] } },
{ "type": "Feature", "properties": { "KODE": 1191462, "KATEGORI": "Sungai / Rawa", "KETERANGAN": "Sungai", "X": 628844.3, "Y": 9217800.3 }, "geometry": { "type": "Point", "coordinates": [ 112.1666372946883, -7.074984163437673 ] } },
{ "type": "Feature", "properties": { "KODE": 1191463, "KATEGORI": "Sungai / Rawa", "KETERANGAN": "Sungai", "X": 628856.8, "Y": 9217800.3 }, "geometry": { "type": "Point", "coordinates": [ 112.166750461563183, -7.074983879863307 ] } },
{ "type": "Feature", "properties": { "KODE": 1191464, "KATEGORI": "Sungai / Rawa", "KETERANGAN": "Sungai", "X": 628869.3, "Y": 9217800.3 }, "geometry": { "type": "Point", "coordinates": [ 112.166863628433447, -7.074983596261449 ] } },
{ "type": "Feature", "properties": { "KODE": 1191465, "KATEGORI": "Sungai / Rawa", "KETERANGAN": "Sungai", "X": 628881.8, "Y": 9217800.3 }, "geometry": { "type": "Point", "coordinates": [ 112.166976795299036, -7.074983312632103 ] } },
{ "type": "Feature", "properties": { "KODE": 1191466, "KATEGORI": "Sungai / Rawa", "KETERANGAN": "Sungai", "X": 628894.3, "Y": 9217800.3 }, "geometry": { "type": "Point", "coordinates": [ 112.167089962159977, -7.074983028975264 ] } },
{ "type": "Feature", "properties": { "KODE": 1191467, "KATEGORI": "Sungai / Rawa", "KETERANGAN": "Sungai", "X": 628906.8, "Y": 9217800.3 }, "geometry": { "type": "Point", "coordinates": [ 112.167203129016272, -7.074982745290934 ] } },
{ "type": "Feature", "properties": { "KODE": 1191468, "KATEGORI": "Sungai / Rawa", "KETERANGAN": "Sungai", "X": 628919.3, "Y": 9217800.3 }, "geometry": { "type": "Point", "coordinates": [ 112.167316295867906, -7.074982461579114 ] } },
{ "type": "Feature", "properties": { "KODE": 1191469, "KATEGORI": "Sungai / Rawa", "KETERANGAN": "Sungai", "X": 628931.8, "Y": 9217800.3 }, "geometry": { "type": "Point", "coordinates": [ 112.167429462714892, -7.074982177839802 ] } },
{ "type": "Feature", "properties": { "KODE": 1191470, "KATEGORI": "Sungai / Rawa", "KETERANGAN": "Sungai", "X": 628944.3, "Y": 9217800.3 }, "geometry": { "type": "Point", "coordinates": [ 112.167542629557218, -7.074981894073 ] } },
{ "type": "Feature", "properties": { "KODE": 1191471, "KATEGORI": "Sungai / Rawa", "KETERANGAN": "Sungai", "X": 628956.8, "Y": 9217800.3 }, "geometry": { "type": "Point", "coordinates": [ 112.167655796394897, -7.074981610278706 ] } },
{ "type": "Feature", "properties": { "KODE": 1191472, "KATEGORI": "Sungai / Rawa", "KETERANGAN": "Sungai", "X": 628969.3, "Y": 9217800.3 }, "geometry": { "type": "Point", "coordinates": [ 112.167768963227914, -7.07498132645692 ] } },
{ "type": "Feature", "properties": { "KODE": 1191473, "KATEGORI": "Sungai / Rawa", "KETERANGAN": "Sungai", "X": 628981.8, "Y": 9217800.3 }, "geometry": { "type": "Point", "coordinates": [ 112.167882130056284, -7.074981042607646 ] } },
{ "type": "Feature", "properties": { "KODE": 1191474, "KATEGORI": "Sungai / Rawa", "KETERANGAN": "Sungai", "X": 628994.3, "Y": 9217800.3 }, "geometry": { "type": "Point", "coordinates": [ 112.167995296880008, -7.074980758730877 ] } },
{ "type": "Feature", "properties": { "KODE": 1191475, "KATEGORI": "Sungai / Rawa", "KETERANGAN": "Sungai", "X": 629006.8, "Y": 9217800.3 }, "geometry": { "type": "Point", "coordinates": [ 112.168108463699056, -7.074980474826619 ] } },
{ "type": "Feature", "properties": { "KODE": 1191476, "KATEGORI": "Sungai / Rawa", "KETERANGAN": "Sungai", "X": 629019.3, "Y": 9217800.3 }, "geometry": { "type": "Point", "coordinates": [ 112.168221630513443, -7.07498019089487 ] } },
{ "type": "Feature", "properties": { "KODE": 1191477, "KATEGORI": "Sungai / Rawa", "KETERANGAN": "Sungai", "X": 629031.8, "Y": 9217800.3 }, "geometry": { "type": "Point", "coordinates": [ 112.168334797323183, -7.07497990693563 ] } },
{ "type": "Feature", "properties": { "KODE": 1191478, "KATEGORI": "Sungai / Rawa", "KETERANGAN": "Sungai", "X": 629044.3, "Y": 9217800.3 }, "geometry": { "type": "Point", "coordinates": [ 112.168447964128276, -7.074979622948898 ] } },
{ "type": "Feature", "properties": { "KODE": 1191479, "KATEGORI": "Sungai / Rawa", "KETERANGAN": "Sungai", "X": 629056.8, "Y": 9217800.3 }, "geometry": { "type": "Point", "coordinates": [ 112.168561130928708, -7.074979338934677 ] } },
{ "type": "Feature", "properties": { "KODE": 1191480, "KATEGORI": "Sungai / Rawa", "KETERANGAN": "Sungai", "X": 629069.3, "Y": 9217800.3 }, "geometry": { "type": "Point", "coordinates": [ 112.168674297724465, -7.074979054892965 ] } },
{ "type": "Feature", "properties": { "KODE": 1191481, "KATEGORI": "Sungai / Rawa", "KETERANGAN": "Sungai", "X": 629081.8, "Y": 9217800.3 }, "geometry": { "type": "Point", "coordinates": [ 112.168787464515574, -7.07497877082376 ] } },
{ "type": "Feature", "properties": { "KODE": 1191482, "KATEGORI": "Sungai / Rawa", "KETERANGAN": "Sungai", "X": 629094.3, "Y": 9217800.3 }, "geometry": { "type": "Point", "coordinates": [ 112.168900631302023, -7.074978486727065 ] } },
{ "type": "Feature", "properties": { "KODE": 1191483, "KATEGORI": "Sungai / Rawa", "KETERANGAN": "Sungai", "X": 629106.8, "Y": 9217800.3 }, "geometry": { "type": "Point", "coordinates": [ 112.169013798083824, -7.074978202602879 ] } },
{ "type": "Feature", "properties": { "KODE": 1191484, "KATEGORI": "Sungai / Rawa", "KETERANGAN": "Sungai", "X": 629119.3, "Y": 9217800.3 }, "geometry": { "type": "Point", "coordinates": [ 112.169126964860936, -7.074977918451201 ] } },
{ "type": "Feature", "properties": { "KODE": 1191485, "KATEGORI": "Sungai / Rawa", "KETERANGAN": "Sungai", "X": 629131.8, "Y": 9217800.3 }, "geometry": { "type": "Point", "coordinates": [ 112.169240131633416, -7.074977634272034 ] } },
{ "type": "Feature", "properties": { "KODE": 1191486, "KATEGORI": "Sungai / Rawa", "KETERANGAN": "Sungai", "X": 629144.3, "Y": 9217800.3 }, "geometry": { "type": "Point", "coordinates": [ 112.169353298401219, -7.074977350065375 ] } },
{ "type": "Feature", "properties": { "KODE": 1191487, "KATEGORI": "Sungai / Rawa", "KETERANGAN": "Sungai", "X": 629156.8, "Y": 9217800.3 }, "geometry": { "type": "Point", "coordinates": [ 112.169466465164376, -7.074977065831225 ] } },
{ "type": "Feature", "properties": { "KODE": 1191488, "KATEGORI": "Sungai / Rawa", "KETERANGAN": "Sungai", "X": 629169.3, "Y": 9217800.3 }, "geometry": { "type": "Point", "coordinates": [ 112.169579631922858, -7.074976781569583 ] } },
{ "type": "Feature", "properties": { "KODE": 1191489, "KATEGORI": "Sungai / Rawa", "KETERANGAN": "Sungai", "X": 629181.8, "Y": 9217800.3 }, "geometry": { "type": "Point", "coordinates": [ 112.169692798676678, -7.074976497280452 ] } },
{ "type": "Feature", "properties": { "KODE": 1191490, "KATEGORI": "Sungai / Rawa", "KETERANGAN": "Sungai", "X": 629194.3, "Y": 9217800.3 }, "geometry": { "type": "Point", "coordinates": [ 112.169805965425837, -7.074976212963827 ] } },
{ "type": "Feature", "properties": { "KODE": 1191491, "KATEGORI": "Sungai / Rawa", "KETERANGAN": "Sungai", "X": 629206.8, "Y": 9217800.3 }, "geometry": { "type": "Point", "coordinates": [ 112.169919132170335, -7.074975928619716 ] } },
{ "type": "Feature", "properties": { "KODE": 1191492, "KATEGORI": "Sungai / Rawa", "KETERANGAN": "Sungai", "X": 629219.3, "Y": 9217800.3 }, "geometry": { "type": "Point", "coordinates": [ 112.170032298910158, -7.074975644248111 ] } },
{ "type": "Feature", "properties": { "KODE": 1191493, "KATEGORI": "Sungai / Rawa", "KETERANGAN": "Sungai", "X": 629231.8, "Y": 9217800.3 }, "geometry": { "type": "Point", "coordinates": [ 112.170145465645334, -7.074975359849015 ] } },
{ "type": "Feature", "properties": { "KODE": 1191494, "KATEGORI": "Sungai / Rawa", "KETERANGAN": "Sungai", "X": 629244.3, "Y": 9217800.3 }, "geometry": { "type": "Point", "coordinates": [ 112.170258632375848, -7.074975075422429 ] } },
{ "type": "Feature", "properties": { "KODE": 1191495, "KATEGORI": "Sungai / Rawa", "KETERANGAN": "Sungai", "X": 629256.8, "Y": 9217800.3 }, "geometry": { "type": "Point", "coordinates": [ 112.170371799101673, -7.074974790968351 ] } },
{ "type": "Feature", "properties": { "KODE": 1191496, "KATEGORI": "Sungai / Rawa", "KETERANGAN": "Sungai", "X": 629269.3, "Y": 9217800.3 }, "geometry": { "type": "Point", "coordinates": [ 112.170484965822851, -7.074974506486784 ] } },
{ "type": "Feature", "properties": { "KODE": 1191497, "KATEGORI": "Sungai / Rawa", "KETERANGAN": "Sungai", "X": 629281.8, "Y": 9217800.3 }, "geometry": { "type": "Point", "coordinates": [ 112.170598132539354, -7.074974221977723 ] } },
{ "type": "Feature", "properties": { "KODE": 1191498, "KATEGORI": "Sungai / Rawa", "KETERANGAN": "Sungai", "X": 629294.3, "Y": 9217800.3 }, "geometry": { "type": "Point", "coordinates": [ 112.170711299251195, -7.074973937441174 ] } },
{ "type": "Feature", "properties": { "KODE": 1191499, "KATEGORI": "Sungai / Rawa", "KETERANGAN": "Sungai", "X": 629306.8, "Y": 9217800.3 }, "geometry": { "type": "Point", "coordinates": [ 112.170824465958361, -7.074973652877133 ] } },
{ "type": "Feature", "properties": { "KODE": 1191500, "KATEGORI": "Sungai / Rawa", "KETERANGAN": "Sungai", "X": 629319.3, "Y": 9217800.3 }, "geometry": { "type": "Point", "coordinates": [ 112.170937632660866, -7.074973368285599 ] } },
{ "type": "Feature", "properties": { "KODE": 1191501, "KATEGORI": "Sungai / Rawa", "KETERANGAN": "Sungai", "X": 629331.8, "Y": 9217800.3 }, "geometry": { "type": "Point", "coordinates": [ 112.171050799358724, -7.074973083666577 ] } },
{ "type": "Feature", "properties": { "KODE": 1191502, "KATEGORI": "Sungai / Rawa", "KETERANGAN": "Sungai", "X": 629344.3, "Y": 9217800.3 }, "geometry": { "type": "Point", "coordinates": [ 112.171163966051878, -7.074972799020063 ] } },
{ "type": "Feature", "properties": { "KODE": 1191503, "KATEGORI": "Sungai / Rawa", "KETERANGAN": "Sungai", "X": 629356.8, "Y": 9217800.3 }, "geometry": { "type": "Point", "coordinates": [ 112.171277132740386, -7.074972514346061 ] } },
{ "type": "Feature", "properties": { "KODE": 1191504, "KATEGORI": "Sungai / Rawa", "KETERANGAN": "Sungai", "X": 629369.3, "Y": 9217800.3 }, "geometry": { "type": "Point", "coordinates": [ 112.171390299424218, -7.074972229644564 ] } },
{ "type": "Feature", "properties": { "KODE": 1191505, "KATEGORI": "Sungai / Rawa", "KETERANGAN": "Sungai", "X": 629381.8, "Y": 9217800.3 }, "geometry": { "type": "Point", "coordinates": [ 112.171503466103374, -7.074971944915577 ] } },
{ "type": "Feature", "properties": { "KODE": 1191506, "KATEGORI": "Sungai / Rawa", "KETERANGAN": "Sungai", "X": 629394.3, "Y": 9217800.3 }, "geometry": { "type": "Point", "coordinates": [ 112.171616632777884, -7.074971660159101 ] } },
{ "type": "Feature", "properties": { "KODE": 1191507, "KATEGORI": "Sungai / Rawa", "KETERANGAN": "Sungai", "X": 629406.8, "Y": 9217800.3 }, "geometry": { "type": "Point", "coordinates": [ 112.171729799447704, -7.074971375375132 ] } },
{ "type": "Feature", "properties": { "KODE": 1191508, "KATEGORI": "Sungai / Rawa", "KETERANGAN": "Sungai", "X": 629419.3, "Y": 9217800.3 }, "geometry": { "type": "Point", "coordinates": [ 112.171842966112848, -7.074971090563674 ] } },
{ "type": "Feature", "properties": { "KODE": 1191509, "KATEGORI": "Sungai / Rawa", "KETERANGAN": "Sungai", "X": 629431.8, "Y": 9217800.3 }, "geometry": { "type": "Point", "coordinates": [ 112.171956132773332, -7.074970805724724 ] } },
{ "type": "Feature", "properties": { "KODE": 1191510, "KATEGORI": "Sungai / Rawa", "KETERANGAN": "Sungai", "X": 629444.3, "Y": 9217800.3 }, "geometry": { "type": "Point", "coordinates": [ 112.172069299429126, -7.074970520858283 ] } },
{ "type": "Feature", "properties": { "KODE": 1191511, "KATEGORI": "Sungai / Rawa", "KETERANGAN": "Sungai", "X": 629456.8, "Y": 9217800.3 }, "geometry": { "type": "Point", "coordinates": [ 112.172182466080272, -7.074970235964351 ] } },
{ "type": "Feature", "properties": { "KODE": 1191512, "KATEGORI": "Sungai / Rawa", "KETERANGAN": "Sungai", "X": 629469.3, "Y": 9217800.3 }, "geometry": { "type": "Point", "coordinates": [ 112.17229563272673, -7.074969951042929 ] } },
{ "type": "Feature", "properties": { "KODE": 1191513, "KATEGORI": "Sungai / Rawa", "KETERANGAN": "Sungai", "X": 629481.8, "Y": 9217800.3 }, "geometry": { "type": "Point", "coordinates": [ 112.172408799368512, -7.074969666094017 ] } },
{ "type": "Feature", "properties": { "KODE": 1191514, "KATEGORI": "Sungai / Rawa", "KETERANGAN": "Sungai", "X": 629494.3, "Y": 9217800.3 }, "geometry": { "type": "Point", "coordinates": [ 112.172521966005633, -7.074969381117612 ] } },
{ "type": "Feature", "properties": { "KODE": 1191515, "KATEGORI": "Sungai / Rawa", "KETERANGAN": "Sungai", "X": 629506.8, "Y": 9217800.3 }, "geometry": { "type": "Point", "coordinates": [ 112.172635132638078, -7.074969096113719 ] } },
{ "type": "Feature", "properties": { "KODE": 1191516, "KATEGORI": "Sungai / Rawa", "KETERANGAN": "Sungai", "X": 629519.3, "Y": 9217800.3 }, "geometry": { "type": "Point", "coordinates": [ 112.172748299265834, -7.074968811082333 ] } },
{ "type": "Feature", "properties": { "KODE": 1191517, "KATEGORI": "Sungai / Rawa", "KETERANGAN": "Sungai", "X": 629531.8, "Y": 9217800.3 }, "geometry": { "type": "Point", "coordinates": [ 112.172861465888928, -7.074968526023456 ] } },
{ "type": "Feature", "properties": { "KODE": 1191518, "KATEGORI": "Sungai / Rawa", "KETERANGAN": "Sungai", "X": 629544.3, "Y": 9217800.3 }, "geometry": { "type": "Point", "coordinates": [ 112.172974632507348, -7.074968240937089 ] } },
{ "type": "Feature", "properties": { "KODE": 1191519, "KATEGORI": "Sungai / Rawa", "KETERANGAN": "Sungai", "X": 629556.8, "Y": 9217800.3 }, "geometry": { "type": "Point", "coordinates": [ 112.173087799121092, -7.074967955823232 ] } },
{ "type": "Feature", "properties": { "KODE": 1191520, "KATEGORI": "Sungai / Rawa", "KETERANGAN": "Sungai", "X": 629569.3, "Y": 9217800.3 }, "geometry": { "type": "Point", "coordinates": [ 112.173200965730146, -7.074967670681883 ] } },
{ "type": "Feature", "properties": { "KODE": 1191521, "KATEGORI": "Sungai / Rawa", "KETERANGAN": "Sungai", "X": 629581.8, "Y": 9217800.3 }, "geometry": { "type": "Point", "coordinates": [ 112.173314132334539, -7.074967385513042 ] } },
{ "type": "Feature", "properties": { "KODE": 1191522, "KATEGORI": "Sungai / Rawa", "KETERANGAN": "Sungai", "X": 629594.3, "Y": 9217800.3 }, "geometry": { "type": "Point", "coordinates": [ 112.173427298934257, -7.074967100316714 ] } },
{ "type": "Feature", "properties": { "KODE": 1191523, "KATEGORI": "Sungai / Rawa", "KETERANGAN": "Sungai", "X": 629606.8, "Y": 9217800.3 }, "geometry": { "type": "Point", "coordinates": [ 112.173540465529285, -7.074966815092893 ] } },
{ "type": "Feature", "properties": { "KODE": 1191524, "KATEGORI": "Sungai / Rawa", "KETERANGAN": "Sungai", "X": 629619.3, "Y": 9217800.3 }, "geometry": { "type": "Point", "coordinates": [ 112.173653632119638, -7.07496652984158 ] } },
{ "type": "Feature", "properties": { "KODE": 1191525, "KATEGORI": "Sungai / Rawa", "KETERANGAN": "Sungai", "X": 629631.8, "Y": 9217800.3 }, "geometry": { "type": "Point", "coordinates": [ 112.173766798705316, -7.074966244562779 ] } },
{ "type": "Feature", "properties": { "KODE": 1191526, "KATEGORI": "Sungai / Rawa", "KETERANGAN": "Sungai", "X": 629644.3, "Y": 9217800.3 }, "geometry": { "type": "Point", "coordinates": [ 112.173879965286318, -7.074965959256485 ] } },
{ "type": "Feature", "properties": { "KODE": 1191527, "KATEGORI": "Sungai / Rawa", "KETERANGAN": "Sungai", "X": 629656.8, "Y": 9217800.3 }, "geometry": { "type": "Point", "coordinates": [ 112.17399313186263, -7.074965673922702 ] } },
{ "type": "Feature", "properties": { "KODE": 1191528, "KATEGORI": "Sungai / Rawa", "KETERANGAN": "Sungai", "X": 629669.3, "Y": 9217800.3 }, "geometry": { "type": "Point", "coordinates": [ 112.174106298434268, -7.074965388561426 ] } },
{ "type": "Feature", "properties": { "KODE": 1191529, "KATEGORI": "Sungai / Rawa", "KETERANGAN": "Sungai", "X": 629681.8, "Y": 9217800.3 }, "geometry": { "type": "Point", "coordinates": [ 112.174219465001229, -7.074965103172661 ] } },
{ "type": "Feature", "properties": { "KODE": 1191530, "KATEGORI": "Sungai / Rawa", "KETERANGAN": "Sungai", "X": 629694.3, "Y": 9217800.3 }, "geometry": { "type": "Point", "coordinates": [ 112.174332631563487, -7.074964817756406 ] } },
{ "type": "Feature", "properties": { "KODE": 1191531, "KATEGORI": "Sungai / Rawa", "KETERANGAN": "Sungai", "X": 629706.8, "Y": 9217800.3 }, "geometry": { "type": "Point", "coordinates": [ 112.174445798121084, -7.074964532312659 ] } },
{ "type": "Feature", "properties": { "KODE": 1191532, "KATEGORI": "Sungai / Rawa", "KETERANGAN": "Sungai", "X": 629719.3, "Y": 9217800.3 }, "geometry": { "type": "Point", "coordinates": [ 112.174558964674006, -7.074964246841422 ] } },
{ "type": "Feature", "properties": { "KODE": 1191533, "KATEGORI": "Sungai / Rawa", "KETERANGAN": "Sungai", "X": 629731.8, "Y": 9217800.3 }, "geometry": { "type": "Point", "coordinates": [ 112.174672131222238, -7.074963961342694 ] } },
{ "type": "Feature", "properties": { "KODE": 1191534, "KATEGORI": "Sungai / Rawa", "KETERANGAN": "Sungai", "X": 629744.3, "Y": 9217800.3 }, "geometry": { "type": "Point", "coordinates": [ 112.17478529776578, -7.074963675816474 ] } },
{ "type": "Feature", "properties": { "KODE": 1191535, "KATEGORI": "Sungai / Rawa", "KETERANGAN": "Sungai", "X": 629756.8, "Y": 9217800.3 }, "geometry": { "type": "Point", "coordinates": [ 112.174898464304647, -7.074963390262765 ] } },
{ "type": "Feature", "properties": { "KODE": 1191536, "KATEGORI": "Sungai / Rawa", "KETERANGAN": "Sungai", "X": 629769.3, "Y": 9217800.3 }, "geometry": { "type": "Point", "coordinates": [ 112.175011630838824, -7.074963104681565 ] } },
{ "type": "Feature", "properties": { "KODE": 1191537, "KATEGORI": "Sungai / Rawa", "KETERANGAN": "Sungai", "X": 629781.8, "Y": 9217800.3 }, "geometry": { "type": "Point", "coordinates": [ 112.175124797368326, -7.074962819072874 ] } },
{ "type": "Feature", "properties": { "KODE": 1191538, "KATEGORI": "Sungai / Rawa", "KETERANGAN": "Sungai", "X": 629794.3, "Y": 9217800.3 }, "geometry": { "type": "Point", "coordinates": [ 112.175237963893139, -7.074962533436691 ] } },
{ "type": "Feature", "properties": { "KODE": 1191539, "KATEGORI": "Sungai / Rawa", "KETERANGAN": "Sungai", "X": 629806.8, "Y": 9217800.3 }, "geometry": { "type": "Point", "coordinates": [ 112.175351130413262, -7.074962247773019 ] } },
{ "type": "Feature", "properties": { "KODE": 1191540, "KATEGORI": "Sungai / Rawa", "KETERANGAN": "Sungai", "X": 629819.3, "Y": 9217800.3 }, "geometry": { "type": "Point", "coordinates": [ 112.175464296928709, -7.074961962081856 ] } },
{ "type": "Feature", "properties": { "KODE": 1191541, "KATEGORI": "Sungai / Rawa", "KETERANGAN": "Sungai", "X": 629831.8, "Y": 9217800.3 }, "geometry": { "type": "Point", "coordinates": [ 112.175577463439467, -7.074961676363203 ] } },
{ "type": "Feature", "properties": { "KODE": 1191542, "KATEGORI": "Sungai / Rawa", "KETERANGAN": "Sungai", "X": 629844.3, "Y": 9217800.3 }, "geometry": { "type": "Point", "coordinates": [ 112.175690629945535, -7.074961390617058 ] } },
{ "type": "Feature", "properties": { "KODE": 1191543, "KATEGORI": "Sungai / Rawa", "KETERANGAN": "Sungai", "X": 629856.8, "Y": 9217800.3 }, "geometry": { "type": "Point", "coordinates": [ 112.175803796446914, -7.074961104843424 ] } },
{ "type": "Feature", "properties": { "KODE": 1191544, "KATEGORI": "Sungai / Rawa", "KETERANGAN": "Sungai", "X": 629869.3, "Y": 9217800.3 }, "geometry": { "type": "Point", "coordinates": [ 112.175916962943603, -7.074960819042296 ] } },
{ "type": "Feature", "properties": { "KODE": 1191545, "KATEGORI": "Sungai / Rawa", "KETERANGAN": "Sungai", "X": 629881.8, "Y": 9217800.3 }, "geometry": { "type": "Point", "coordinates": [ 112.176030129435617, -7.074960533213681 ] } },
{ "type": "Feature", "properties": { "KODE": 1191546, "KATEGORI": "Sungai / Rawa", "KETERANGAN": "Sungai", "X": 629894.3, "Y": 9217800.3 }, "geometry": { "type": "Point", "coordinates": [ 112.176143295922941, -7.074960247357575 ] } },
{ "type": "Feature", "properties": { "KODE": 1191547, "KATEGORI": "Sungai / Rawa", "KETERANGAN": "Sungai", "X": 629906.8, "Y": 9217800.3 }, "geometry": { "type": "Point", "coordinates": [ 112.176256462405561, -7.074959961473978 ] } },
{ "type": "Feature", "properties": { "KODE": 1191548, "KATEGORI": "Sungai / Rawa", "KETERANGAN": "Sungai", "X": 629919.3, "Y": 9217800.3 }, "geometry": { "type": "Point", "coordinates": [ 112.176369628883506, -7.074959675562889 ] } },
{ "type": "Feature", "properties": { "KODE": 1191549, "KATEGORI": "Sungai / Rawa", "KETERANGAN": "Sungai", "X": 629931.8, "Y": 9217800.3 }, "geometry": { "type": "Point", "coordinates": [ 112.176482795356776, -7.07495938962431 ] } },
{ "type": "Feature", "properties": { "KODE": 1191550, "KATEGORI": "Sungai / Rawa", "KETERANGAN": "Sungai", "X": 629944.3, "Y": 9217800.3 }, "geometry": { "type": "Point", "coordinates": [ 112.176595961825328, -7.074959103658241 ] } },
{ "type": "Feature", "properties": { "KODE": 1191551, "KATEGORI": "Sungai / Rawa", "KETERANGAN": "Sungai", "X": 629956.8, "Y": 9217800.3 }, "geometry": { "type": "Point", "coordinates": [ 112.17670912828919, -7.07495881766468 ] } },
{ "type": "Feature", "properties": { "KODE": 1191552, "KATEGORI": "Sungai / Rawa", "KETERANGAN": "Sungai", "X": 629969.3, "Y": 9217800.3 }, "geometry": { "type": "Point", "coordinates": [ 112.176822294748391, -7.07495853164363 ] } },
{ "type": "Feature", "properties": { "KODE": 1191553, "KATEGORI": "Sungai / Rawa", "KETERANGAN": "Sungai", "X": 629981.8, "Y": 9217800.3 }, "geometry": { "type": "Point", "coordinates": [ 112.176935461202874, -7.074958245595089 ] } },
{ "type": "Feature", "properties": { "KODE": 1191554, "KATEGORI": "Sungai / Rawa", "KETERANGAN": "Sungai", "X": 629994.3, "Y": 9217800.3 }, "geometry": { "type": "Point", "coordinates": [ 112.177048627652667, -7.074957959519057 ] } },
{ "type": "Feature", "properties": { "KODE": 1191555, "KATEGORI": "Sungai / Rawa", "KETERANGAN": "Sungai", "X": 630006.8, "Y": 9217800.3 }, "geometry": { "type": "Point", "coordinates": [ 112.177161794097785, -7.074957673415533 ] } },
{ "type": "Feature", "properties": { "KODE": 1191556, "KATEGORI": "Sungai / Rawa", "KETERANGAN": "Sungai", "X": 630019.3, "Y": 9217800.3 }, "geometry": { "type": "Point", "coordinates": [ 112.177274960538185, -7.074957387284521 ] } },
{ "type": "Feature", "properties": { "KODE": 1191557, "KATEGORI": "Sungai / Rawa", "KETERANGAN": "Sungai", "X": 630031.8, "Y": 9217800.3 }, "geometry": { "type": "Point", "coordinates": [ 112.177388126973909, -7.074957101126018 ] } },
{ "type": "Feature", "properties": { "KODE": 1191558, "KATEGORI": "Sungai / Rawa", "KETERANGAN": "Sungai", "X": 630044.3, "Y": 9217800.3 }, "geometry": { "type": "Point", "coordinates": [ 112.17750129340493, -7.074956814940025 ] } },
{ "type": "Feature", "properties": { "KODE": 1191559, "KATEGORI": "Sungai / Rawa", "KETERANGAN": "Sungai", "X": 630056.8, "Y": 9217800.3 }, "geometry": { "type": "Point", "coordinates": [ 112.177614459831275, -7.074956528726539 ] } },
{ "type": "Feature", "properties": { "KODE": 1191560, "KATEGORI": "Sungai / Rawa", "KETERANGAN": "Sungai", "X": 630069.3, "Y": 9217800.3 }, "geometry": { "type": "Point", "coordinates": [ 112.177727626252917, -7.074956242485565 ] } },
{ "type": "Feature", "properties": { "KODE": 1191561, "KATEGORI": "Sungai / Rawa", "KETERANGAN": "Sungai", "X": 630081.8, "Y": 9217800.3 }, "geometry": { "type": "Point", "coordinates": [ 112.177840792669855, -7.074955956217098 ] } },
{ "type": "Feature", "properties": { "KODE": 1191562, "KATEGORI": "Sungai / Rawa", "KETERANGAN": "Sungai", "X": 630094.3, "Y": 9217800.3 }, "geometry": { "type": "Point", "coordinates": [ 112.177953959082103, -7.074955669921141 ] } },
{ "type": "Feature", "properties": { "KODE": 1191563, "KATEGORI": "Sungai / Rawa", "KETERANGAN": "Sungai", "X": 630106.8, "Y": 9217800.3 }, "geometry": { "type": "Point", "coordinates": [ 112.178067125489662, -7.074955383597695 ] } },
{ "type": "Feature", "properties": { "KODE": 1191564, "KATEGORI": "Sungai / Rawa", "KETERANGAN": "Sungai", "X": 630119.3, "Y": 9217800.3 }, "geometry": { "type": "Point", "coordinates": [ 112.178180291892517, -7.074955097246757 ] } },
{ "type": "Feature", "properties": { "KODE": 1191565, "KATEGORI": "Sungai / Rawa", "KETERANGAN": "Sungai", "X": 630131.8, "Y": 9217800.3 }, "geometry": { "type": "Point", "coordinates": [ 112.178293458290682, -7.07495481086833 ] } },
{ "type": "Feature", "properties": { "KODE": 1191566, "KATEGORI": "Sungai / Rawa", "KETERANGAN": "Sungai", "X": 630144.3, "Y": 9217800.3 }, "geometry": { "type": "Point", "coordinates": [ 112.178406624684129, -7.074954524462412 ] } },
{ "type": "Feature", "properties": { "KODE": 1191567, "KATEGORI": "Sungai / Rawa", "KETERANGAN": "Sungai", "X": 630156.8, "Y": 9217800.3 }, "geometry": { "type": "Point", "coordinates": [ 112.178519791072901, -7.074954238029004 ] } },
{ "type": "Feature", "properties": { "KODE": 1191568, "KATEGORI": "Sungai / Rawa", "KETERANGAN": "Sungai", "X": 630169.3, "Y": 9217800.3 }, "geometry": { "type": "Point", "coordinates": [ 112.178632957456969, -7.074953951568103 ] } },
{ "type": "Feature", "properties": { "KODE": 1191569, "KATEGORI": "Sungai / Rawa", "KETERANGAN": "Sungai", "X": 630181.8, "Y": 9217800.3 }, "geometry": { "type": "Point", "coordinates": [ 112.178746123836348, -7.074953665079713 ] } },
{ "type": "Feature", "properties": { "KODE": 1191570, "KATEGORI": "Sungai / Rawa", "KETERANGAN": "Sungai", "X": 630194.3, "Y": 9217800.3 }, "geometry": { "type": "Point", "coordinates": [ 112.178859290211008, -7.074953378563832 ] } },
{ "type": "Feature", "properties": { "KODE": 1191571, "KATEGORI": "Sungai / Rawa", "KETERANGAN": "Sungai", "X": 630206.8, "Y": 9217800.3 }, "geometry": { "type": "Point", "coordinates": [ 112.178972456580979, -7.07495309202046 ] } },
{ "type": "Feature", "properties": { "KODE": 1191572, "KATEGORI": "Sungai / Rawa", "KETERANGAN": "Sungai", "X": 630219.3, "Y": 9217800.3 }, "geometry": { "type": "Point", "coordinates": [ 112.179085622946261, -7.0749528054496 ] } },
{ "type": "Feature", "properties": { "KODE": 1191573, "KATEGORI": "Sungai / Rawa", "KETERANGAN": "Sungai", "X": 630231.8, "Y": 9217800.3 }, "geometry": { "type": "Point", "coordinates": [ 112.179198789306824, -7.074952518851248 ] } },
{ "type": "Feature", "properties": { "KODE": 1191574, "KATEGORI": "Sungai / Rawa", "KETERANGAN": "Sungai", "X": 630244.3, "Y": 9217800.3 }, "geometry": { "type": "Point", "coordinates": [ 112.179311955662698, -7.074952232225405 ] } },
{ "type": "Feature", "properties": { "KODE": 1191575, "KATEGORI": "Sungai / Rawa", "KETERANGAN": "Sungai", "X": 630256.8, "Y": 9217800.3 }, "geometry": { "type": "Point", "coordinates": [ 112.179425122013868, -7.074951945572072 ] } },
{ "type": "Feature", "properties": { "KODE": 1191576, "KATEGORI": "Sungai / Rawa", "KETERANGAN": "Sungai", "X": 630269.3, "Y": 9217800.3 }, "geometry": { "type": "Point", "coordinates": [ 112.179538288360334, -7.074951658891249 ] } },
{ "type": "Feature", "properties": { "KODE": 1191577, "KATEGORI": "Sungai / Rawa", "KETERANGAN": "Sungai", "X": 630281.8, "Y": 9217800.3 }, "geometry": { "type": "Point", "coordinates": [ 112.179651454702096, -7.074951372182936 ] } },
{ "type": "Feature", "properties": { "KODE": 1191578, "KATEGORI": "Sungai / Rawa", "KETERANGAN": "Sungai", "X": 630294.3, "Y": 9217800.3 }, "geometry": { "type": "Point", "coordinates": [ 112.179764621039155, -7.074951085447132 ] } },
{ "type": "Feature", "properties": { "KODE": 1191579, "KATEGORI": "Sungai / Rawa", "KETERANGAN": "Sungai", "X": 630306.8, "Y": 9217800.3 }, "geometry": { "type": "Point", "coordinates": [ 112.179877787371524, -7.074950798683837 ] } },
{ "type": "Feature", "properties": { "KODE": 1191580, "KATEGORI": "Sungai / Rawa", "KETERANGAN": "Sungai", "X": 630319.3, "Y": 9217800.39 }, "geometry": { "type": "Point", "coordinates": [ 112.17999095163205, -7.074949697932634 ] } },
{ "type": "Feature", "properties": { "KODE": 1191581, "KATEGORI": "Sungai / Rawa", "KETERANGAN": "Sungai", "X": 630331.8, "Y": 9217800.3 }, "geometry": { "type": "Point", "coordinates": [ 112.180104120022122, -7.074950225074776 ] } },
{ "type": "Feature", "properties": { "KODE": 1191582, "KATEGORI": "Sungai / Rawa", "KETERANGAN": "Sungai", "X": 630344.3, "Y": 9217800.39 }, "geometry": { "type": "Point", "coordinates": [ 112.180217284272857, -7.074949124268658 ] } },
{ "type": "Feature", "properties": { "KODE": 1191583, "KATEGORI": "Sungai / Rawa", "KETERANGAN": "Sungai", "X": 630356.8, "Y": 9217800.3 }, "geometry": { "type": "Point", "coordinates": [ 112.180330452653905, -7.074949651355753 ] } },
{ "type": "Feature", "properties": { "KODE": 1191584, "KATEGORI": "Sungai / Rawa", "KETERANGAN": "Sungai", "X": 630369.3, "Y": 9217800.39 }, "geometry": { "type": "Point", "coordinates": [ 112.180443616894848, -7.074948550494721 ] } },
{ "type": "Feature", "properties": { "KODE": 1191585, "KATEGORI": "Sungai / Rawa", "KETERANGAN": "Sungai", "X": 630381.8, "Y": 9217800.3 }, "geometry": { "type": "Point", "coordinates": [ 112.180556785266887, -7.074949077526768 ] } },
{ "type": "Feature", "properties": { "KODE": 1191586, "KATEGORI": "Sungai / Rawa", "KETERANGAN": "Sungai", "X": 630394.3, "Y": 9217800.39 }, "geometry": { "type": "Point", "coordinates": [ 112.180669949498011, -7.074947976610822 ] } },
{ "type": "Feature", "properties": { "KODE": 1191587, "KATEGORI": "Sungai / Rawa", "KETERANGAN": "Sungai", "X": 630406.8, "Y": 9217800.3 }, "geometry": { "type": "Point", "coordinates": [ 112.180783117861026, -7.074948503587823 ] } },
{ "type": "Feature", "properties": { "KODE": 1191588, "KATEGORI": "Sungai / Rawa", "KETERANGAN": "Sungai", "X": 630419.3, "Y": 9217800.39 }, "geometry": { "type": "Point", "coordinates": [ 112.180896282082344, -7.074947402616963 ] } },
{ "type": "Feature", "properties": { "KODE": 1191589, "KATEGORI": "Sungai / Rawa", "KETERANGAN": "Sungai", "X": 630431.8, "Y": 9217800.3 }, "geometry": { "type": "Point", "coordinates": [ 112.181009450436349, -7.074947929538916 ] } },
{ "type": "Feature", "properties": { "KODE": 1191590, "KATEGORI": "Sungai / Rawa", "KETERANGAN": "Sungai", "X": 630444.3, "Y": 9217800.39 }, "geometry": { "type": "Point", "coordinates": [ 112.181122614647848, -7.074946828513141 ] } },
{ "type": "Feature", "properties": { "KODE": 1191591, "KATEGORI": "Sungai / Rawa", "KETERANGAN": "Sungai", "X": 630456.8, "Y": 9217800.3 }, "geometry": { "type": "Point", "coordinates": [ 112.181235782992843, -7.074947355380047 ] } },
{ "type": "Feature", "properties": { "KODE": 1191592, "KATEGORI": "Sungai / Rawa", "KETERANGAN": "Sungai", "X": 630469.3, "Y": 9217800.39 }, "geometry": { "type": "Point", "coordinates": [ 112.181348947194522, -7.074946254299359 ] } },
{ "type": "Feature", "properties": { "KODE": 1191593, "KATEGORI": "Sungai / Rawa", "KETERANGAN": "Sungai", "X": 630481.8, "Y": 9217800.3 }, "geometry": { "type": "Point", "coordinates": [ 112.181462115530479, -7.074946781111215 ] } },
{ "type": "Feature", "properties": { "KODE": 1191594, "KATEGORI": "Sungai / Rawa", "KETERANGAN": "Sungai", "X": 630494.3, "Y": 9217800.39 }, "geometry": { "type": "Point", "coordinates": [ 112.181575279722352, -7.074945679975612 ] } },
{ "type": "Feature", "properties": { "KODE": 1191595, "KATEGORI": "Sungai / Rawa", "KETERANGAN": "Sungai", "X": 630506.8, "Y": 9217800.3 }, "geometry": { "type": "Point", "coordinates": [ 112.1816884480493, -7.074946206732423 ] } },
{ "type": "Feature", "properties": { "KODE": 1191596, "KATEGORI": "Sungai / Rawa", "KETERANGAN": "Sungai", "X": 630519.3, "Y": 9217800.39 }, "geometry": { "type": "Point", "coordinates": [ 112.181801612231354, -7.074945105541907 ] } },
{ "type": "Feature", "properties": { "KODE": 1191597, "KATEGORI": "Sungai / Rawa", "KETERANGAN": "Sungai", "X": 630531.8, "Y": 9217800.3 }, "geometry": { "type": "Point", "coordinates": [ 112.181914780549263, -7.074945632243669 ] } },
{ "type": "Feature", "properties": { "KODE": 1191598, "KATEGORI": "Sungai / Rawa", "KETERANGAN": "Sungai", "X": 630544.3, "Y": 9217800.39 }, "geometry": { "type": "Point", "coordinates": [ 112.182027944721497, -7.07494453099824 ] } },
{ "type": "Feature", "properties": { "KODE": 1191599, "KATEGORI": "Sungai / Rawa", "KETERANGAN": "Sungai", "X": 630556.8, "Y": 9217800.3 }, "geometry": { "type": "Point", "coordinates": [ 112.182141113030383, -7.074945057644956 ] } },
{ "type": "Feature", "properties": { "KODE": 1191600, "KATEGORI": "Sungai / Rawa", "KETERANGAN": "Sungai", "X": 630569.3, "Y": 9217800.39 }, "geometry": { "type": "Point", "coordinates": [ 112.182254277192797, -7.074943956344611 ] } },
{ "type": "Feature", "properties": { "KODE": 1191601, "KATEGORI": "Sungai / Rawa", "KETERANGAN": "Sungai", "X": 630581.8, "Y": 9217800.3 }, "geometry": { "type": "Point", "coordinates": [ 112.182367445492645, -7.074944482936279 ] } },
{ "type": "Feature", "properties": { "KODE": 1191602, "KATEGORI": "Sungai / Rawa", "KETERANGAN": "Sungai", "X": 630594.3, "Y": 9217800.39 }, "geometry": { "type": "Point", "coordinates": [ 112.182480609645253, -7.074943381581022 ] } },
{ "type": "Feature", "properties": { "KODE": 1191603, "KATEGORI": "Sungai / Rawa", "KETERANGAN": "Sungai", "X": 630606.8, "Y": 9217800.3 }, "geometry": { "type": "Point", "coordinates": [ 112.182593777936077, -7.074943908117641 ] } },
{ "type": "Feature", "properties": { "KODE": 1191604, "KATEGORI": "Sungai / Rawa", "KETERANGAN": "Sungai", "X": 630619.3, "Y": 9217800.39 }, "geometry": { "type": "Point", "coordinates": [ 112.182706942078838, -7.07494280670747 ] } },
{ "type": "Feature", "properties": { "KODE": 1191605, "KATEGORI": "Sungai / Rawa", "KETERANGAN": "Sungai", "X": 630631.8, "Y": 9217800.3 }, "geometry": { "type": "Point", "coordinates": [ 112.182820110360637, -7.074943333189042 ] } },
{ "type": "Feature", "properties": { "KODE": 1191606, "KATEGORI": "Sungai / Rawa", "KETERANGAN": "Sungai", "X": 630644.3, "Y": 9217800.39 }, "geometry": { "type": "Point", "coordinates": [ 112.182933274493578, -7.074942231723957 ] } },
{ "type": "Feature", "properties": { "KODE": 1191607, "KATEGORI": "Sungai / Rawa", "KETERANGAN": "Sungai", "X": 630656.8, "Y": 9217800.3 }, "geometry": { "type": "Point", "coordinates": [ 112.18304644276634, -7.074942758150482 ] } },
{ "type": "Feature", "properties": { "KODE": 1191608, "KATEGORI": "Sungai / Rawa", "KETERANGAN": "Sungai", "X": 630669.3, "Y": 9217800.39 }, "geometry": { "type": "Point", "coordinates": [ 112.183159606889461, -7.074941656630484 ] } },
{ "type": "Feature", "properties": { "KODE": 1191609, "KATEGORI": "Sungai / Rawa", "KETERANGAN": "Sungai", "X": 630681.8, "Y": 9217800.3 }, "geometry": { "type": "Point", "coordinates": [ 112.183272775153171, -7.074942183001962 ] } },
{ "type": "Feature", "properties": { "KODE": 1191610, "KATEGORI": "Sungai / Rawa", "KETERANGAN": "Sungai", "X": 630694.3, "Y": 9217800.39 }, "geometry": { "type": "Point", "coordinates": [ 112.183385939266458, -7.074941081427049 ] } },
{ "type": "Feature", "properties": { "KODE": 1191611, "KATEGORI": "Sungai / Rawa", "KETERANGAN": "Sungai", "X": 630706.8, "Y": 9217800.3 }, "geometry": { "type": "Point", "coordinates": [ 112.183499107521143, -7.074941607743479 ] } },
{ "type": "Feature", "properties": { "KODE": 1191612, "KATEGORI": "Sungai / Rawa", "KETERANGAN": "Sungai", "X": 630719.3, "Y": 9217800.39 }, "geometry": { "type": "Point", "coordinates": [ 112.183612271624597, -7.074940506113652 ] } },
{ "type": "Feature", "properties": { "KODE": 1191613, "KATEGORI": "Sungai / Rawa", "KETERANGAN": "Sungai", "X": 630731.8, "Y": 9217800.3 }, "geometry": { "type": "Point", "coordinates": [ 112.183725439870244, -7.074941032375037 ] } },
{ "type": "Feature", "properties": { "KODE": 1191614, "KATEGORI": "Sungai / Rawa", "KETERANGAN": "Sungai", "X": 630744.3, "Y": 9217800.39 }, "geometry": { "type": "Point", "coordinates": [ 112.183838603963864, -7.074939930690295 ] } },
{ "type": "Feature", "properties": { "KODE": 1191615, "KATEGORI": "Sungai / Rawa", "KETERANGAN": "Sungai", "X": 630756.8, "Y": 9217800.3 }, "geometry": { "type": "Point", "coordinates": [ 112.183951772200459, -7.074940456896632 ] } },
{ "type": "Feature", "properties": { "KODE": 1191616, "KATEGORI": "Sungai / Rawa", "KETERANGAN": "Sungai", "X": 630769.3, "Y": 9217800.39 }, "geometry": { "type": "Point", "coordinates": [ 112.184064936284258, -7.074939355156978 ] } },
{ "type": "Feature", "properties": { "KODE": 1191617, "KATEGORI": "Sungai / Rawa", "KETERANGAN": "Sungai", "X": 630781.8, "Y": 9217800.3 }, "geometry": { "type": "Point", "coordinates": [ 112.184178104511801, -7.074939881308267 ] } },
{ "type": "Feature", "properties": { "KODE": 1191618, "KATEGORI": "Sungai / Rawa", "KETERANGAN": "Sungai", "X": 630794.3, "Y": 9217800.39 }, "geometry": { "type": "Point", "coordinates": [ 112.184291268585753, -7.074938779513698 ] } },
{ "type": "Feature", "properties": { "KODE": 1191619, "KATEGORI": "Sungai / Rawa", "KETERANGAN": "Sungai", "X": 630806.8, "Y": 9217800.3 }, "geometry": { "type": "Point", "coordinates": [ 112.184404436804272, -7.074939305609941 ] } },
{ "type": "Feature", "properties": { "KODE": 1191620, "KATEGORI": "Sungai / Rawa", "KETERANGAN": "Sungai", "X": 630819.3, "Y": 9217800.39 }, "geometry": { "type": "Point", "coordinates": [ 112.184517600868375, -7.074938203760459 ] } },
{ "type": "Feature", "properties": { "KODE": 1191621, "KATEGORI": "Sungai / Rawa", "KETERANGAN": "Sungai", "X": 630831.8, "Y": 9217800.3 }, "geometry": { "type": "Point", "coordinates": [ 112.184630769077842, -7.074938729801653 ] } },
{ "type": "Feature", "properties": { "KODE": 1191622, "KATEGORI": "Sungai / Rawa", "KETERANGAN": "Sungai", "X": 630844.3, "Y": 9217800.39 }, "geometry": { "type": "Point", "coordinates": [ 112.184743933132125, -7.074937627897258 ] } },
{ "type": "Feature", "properties": { "KODE": 1191623, "KATEGORI": "Sungai / Rawa", "KETERANGAN": "Sungai", "X": 630856.8, "Y": 9217800.3 }, "geometry": { "type": "Point", "coordinates": [ 112.18485710133254, -7.074938153883405 ] } },
{ "type": "Feature", "properties": { "KODE": 1191624, "KATEGORI": "Sungai / Rawa", "KETERANGAN": "Sungai", "X": 630869.3, "Y": 9217800.39 }, "geometry": { "type": "Point", "coordinates": [ 112.184970265376961, -7.074937051924096 ] } },
{ "type": "Feature", "properties": { "KODE": 1191625, "KATEGORI": "Sungai / Rawa", "KETERANGAN": "Sungai", "X": 630881.8, "Y": 9217800.3 }, "geometry": { "type": "Point", "coordinates": [ 112.185083433568337, -7.074937577855196 ] } },
{ "type": "Feature", "properties": { "KODE": 1191626, "KATEGORI": "Sungai / Rawa", "KETERANGAN": "Sungai", "X": 630894.3, "Y": 9217800.39 }, "geometry": { "type": "Point", "coordinates": [ 112.185196597602911, -7.074936475840975 ] } },
{ "type": "Feature", "properties": { "KODE": 1191627, "KATEGORI": "Sungai / Rawa", "KETERANGAN": "Sungai", "X": 630906.8, "Y": 9217800.3 }, "geometry": { "type": "Point", "coordinates": [ 112.18530976578522, -7.074937001717026 ] } },
{ "type": "Feature", "properties": { "KODE": 1191628, "KATEGORI": "Sungai / Rawa", "KETERANGAN": "Sungai", "X": 630919.3, "Y": 9217800.39 }, "geometry": { "type": "Point", "coordinates": [ 112.18542292980996, -7.07493589964789 ] } },
{ "type": "Feature", "properties": { "KODE": 1191629, "KATEGORI": "Sungai / Rawa", "KETERANGAN": "Sungai", "X": 630931.8, "Y": 9217800.3 }, "geometry": { "type": "Point", "coordinates": [ 112.185536097983217, -7.074936425468896 ] } },
{ "type": "Feature", "properties": { "KODE": 1191630, "KATEGORI": "Sungai / Rawa", "KETERANGAN": "Sungai", "X": 630944.3, "Y": 9217800.39 }, "geometry": { "type": "Point", "coordinates": [ 112.185649261998108, -7.074935323344847 ] } },
{ "type": "Feature", "properties": { "KODE": 1191631, "KATEGORI": "Sungai / Rawa", "KETERANGAN": "Sungai", "X": 630956.8, "Y": 9217800.3 }, "geometry": { "type": "Point", "coordinates": [ 112.185762430162313, -7.074935849110805 ] } },
{ "type": "Feature", "properties": { "KODE": 1191632, "KATEGORI": "Sungai / Rawa", "KETERANGAN": "Sungai", "X": 630969.3, "Y": 9217800.39 }, "geometry": { "type": "Point", "coordinates": [ 112.185875594167356, -7.074934746931842 ] } },
{ "type": "Feature", "properties": { "KODE": 1191633, "KATEGORI": "Sungai / Rawa", "KETERANGAN": "Sungai", "X": 630981.8, "Y": 9217800.3 }, "geometry": { "type": "Point", "coordinates": [ 112.185988762322509, -7.074935272642754 ] } },
{ "type": "Feature", "properties": { "KODE": 1191634, "KATEGORI": "Sungai / Rawa", "KETERANGAN": "Sungai", "X": 630994.3, "Y": 9217800.39 }, "geometry": { "type": "Point", "coordinates": [ 112.186101926317676, -7.074934170408879 ] } },
{ "type": "Feature", "properties": { "KODE": 1191635, "KATEGORI": "Sungai / Rawa", "KETERANGAN": "Sungai", "X": 631006.8, "Y": 9217800.3 }, "geometry": { "type": "Point", "coordinates": [ 112.186215094463776, -7.074934696064741 ] } },
{ "type": "Feature", "properties": { "KODE": 1191636, "KATEGORI": "Sungai / Rawa", "KETERANGAN": "Sungai", "X": 631019.3, "Y": 9217800.39 }, "geometry": { "type": "Point", "coordinates": [ 112.186328258449109, -7.074933593775953 ] } },
{ "type": "Feature", "properties": { "KODE": 1191637, "KATEGORI": "Sungai / Rawa", "KETERANGAN": "Sungai", "X": 631031.8, "Y": 9217800.3 }, "geometry": { "type": "Point", "coordinates": [ 112.186441426586129, -7.074934119376768 ] } },
{ "type": "Feature", "properties": { "KODE": 1191638, "KATEGORI": "Sungai / Rawa", "KETERANGAN": "Sungai", "X": 631044.3, "Y": 9217800.39 }, "geometry": { "type": "Point", "coordinates": [ 112.186554590561613, -7.074933017033065 ] } },
{ "type": "Feature", "properties": { "KODE": 1191639, "KATEGORI": "Sungai / Rawa", "KETERANGAN": "Sungai", "X": 631056.8, "Y": 9217800.3 }, "geometry": { "type": "Point", "coordinates": [ 112.186667758689566, -7.074933542578835 ] } },
{ "type": "Feature", "properties": { "KODE": 1191640, "KATEGORI": "Sungai / Rawa", "KETERANGAN": "Sungai", "X": 631069.3, "Y": 9217800.39 }, "geometry": { "type": "Point", "coordinates": [ 112.186780922655188, -7.07493244018022 ] } },
{ "type": "Feature", "properties": { "KODE": 1191641, "KATEGORI": "Sungai / Rawa", "KETERANGAN": "Sungai", "X": 631081.8, "Y": 9217800.3 }, "geometry": { "type": "Point", "coordinates": [ 112.186894090774089, -7.074932965670942 ] } },
{ "type": "Feature", "properties": { "KODE": 1191642, "KATEGORI": "Sungai / Rawa", "KETERANGAN": "Sungai", "X": 631094.3, "Y": 9217800.39 }, "geometry": { "type": "Point", "coordinates": [ 112.187007254729849, -7.074931863217414 ] } },
{ "type": "Feature", "properties": { "KODE": 1191643, "KATEGORI": "Sungai / Rawa", "KETERANGAN": "Sungai", "X": 631106.8, "Y": 9217800.3 }, "geometry": { "type": "Point", "coordinates": [ 112.187120422839683, -7.074932388653087 ] } },
{ "type": "Feature", "properties": { "KODE": 1191644, "KATEGORI": "Sungai / Rawa", "KETERANGAN": "Sungai", "X": 631119.3, "Y": 9217800.39 }, "geometry": { "type": "Point", "coordinates": [ 112.187233586785595, -7.074931286144646 ] } },
{ "type": "Feature", "properties": { "KODE": 1191645, "KATEGORI": "Sungai / Rawa", "KETERANGAN": "Sungai", "X": 631131.8, "Y": 9217800.3 }, "geometry": { "type": "Point", "coordinates": [ 112.187346754886335, -7.074931811525272 ] } },
{ "type": "Feature", "properties": { "KODE": 1191646, "KATEGORI": "Sungai / Rawa", "KETERANGAN": "Sungai", "X": 631144.3, "Y": 9217800.39 }, "geometry": { "type": "Point", "coordinates": [ 112.187459918822384, -7.074930708961919 ] } },
{ "type": "Feature", "properties": { "KODE": 1191647, "KATEGORI": "Sungai / Rawa", "KETERANGAN": "Sungai", "X": 631156.8, "Y": 9217800.3 }, "geometry": { "type": "Point", "coordinates": [ 112.187573086914085, -7.074931234287499 ] } },
{ "type": "Feature", "properties": { "KODE": 1191648, "KATEGORI": "Sungai / Rawa", "KETERANGAN": "Sungai", "X": 631169.3, "Y": 9217800.39 }, "geometry": { "type": "Point", "coordinates": [ 112.187686250840244, -7.074930131669229 ] } },
{ "type": "Feature", "properties": { "KODE": 1191649, "KATEGORI": "Sungai / Rawa", "KETERANGAN": "Sungai", "X": 631181.8, "Y": 9217800.3 }, "geometry": { "type": "Point", "coordinates": [ 112.187799418922879, -7.074930656939763 ] } },
{ "type": "Feature", "properties": { "KODE": 1191650, "KATEGORI": "Sungai / Rawa", "KETERANGAN": "Sungai", "X": 631194.3, "Y": 9217800.39 }, "geometry": { "type": "Point", "coordinates": [ 112.187912582839189, -7.074929554266583 ] } },
{ "type": "Feature", "properties": { "KODE": 1191651, "KATEGORI": "Sungai / Rawa", "KETERANGAN": "Sungai", "X": 631206.8, "Y": 9217800.3 }, "geometry": { "type": "Point", "coordinates": [ 112.188025750912729, -7.074930079482069 ] } },
{ "type": "Feature", "properties": { "KODE": 1191652, "KATEGORI": "Sungai / Rawa", "KETERANGAN": "Sungai", "X": 631219.3, "Y": 9217800.39 }, "geometry": { "type": "Point", "coordinates": [ 112.188138914819177, -7.074928976753975 ] } },
{ "type": "Feature", "properties": { "KODE": 1191653, "KATEGORI": "Sungai / Rawa", "KETERANGAN": "Sungai", "X": 631231.8, "Y": 9217800.3 }, "geometry": { "type": "Point", "coordinates": [ 112.188252082883636, -7.074929501914411 ] } },
{ "type": "Feature", "properties": { "KODE": 1191654, "KATEGORI": "Sungai / Rawa", "KETERANGAN": "Sungai", "X": 631244.3, "Y": 9217800.39 }, "geometry": { "type": "Point", "coordinates": [ 112.188365246780208, -7.074928399131406 ] } },
{ "type": "Feature", "properties": { "KODE": 1191655, "KATEGORI": "Sungai / Rawa", "KETERANGAN": "Sungai", "X": 631256.8, "Y": 9217800.3 }, "geometry": { "type": "Point", "coordinates": [ 112.1884784148356, -7.074928924236797 ] } },
{ "type": "Feature", "properties": { "KODE": 1191656, "KATEGORI": "Sungai / Rawa", "KETERANGAN": "Sungai", "X": 631269.3, "Y": 9217800.39 }, "geometry": { "type": "Point", "coordinates": [ 112.188591578722296, -7.074927821398878 ] } },
{ "type": "Feature", "properties": { "KODE": 1191657, "KATEGORI": "Sungai / Rawa", "KETERANGAN": "Sungai", "X": 631281.8, "Y": 9217800.3 }, "geometry": { "type": "Point", "coordinates": [ 112.188704746768607, -7.074928346449221 ] } },
{ "type": "Feature", "properties": { "KODE": 1191658, "KATEGORI": "Sungai / Rawa", "KETERANGAN": "Sungai", "X": 631294.3, "Y": 9217800.39 }, "geometry": { "type": "Point", "coordinates": [ 112.188817910645454, -7.074927243556389 ] } },
{ "type": "Feature", "properties": { "KODE": 1191659, "KATEGORI": "Sungai / Rawa", "KETERANGAN": "Sungai", "X": 631306.8, "Y": 9217800.3 }, "geometry": { "type": "Point", "coordinates": [ 112.188931078682671, -7.074927768551685 ] } },
{ "type": "Feature", "properties": { "KODE": 1191660, "KATEGORI": "Sungai / Rawa", "KETERANGAN": "Sungai", "X": 631319.3, "Y": 9217800.39 }, "geometry": { "type": "Point", "coordinates": [ 112.189044242549627, -7.07492666560394 ] } },
{ "type": "Feature", "properties": { "KODE": 1191661, "KATEGORI": "Sungai / Rawa", "KETERANGAN": "Sungai", "X": 631331.8, "Y": 9217800.3 }, "geometry": { "type": "Point", "coordinates": [ 112.189157410577778, -7.07492719054419 ] } },
{ "type": "Feature", "properties": { "KODE": 1191662, "KATEGORI": "Sungai / Rawa", "KETERANGAN": "Sungai", "X": 631344.3, "Y": 9217800.39 }, "geometry": { "type": "Point", "coordinates": [ 112.189270574434843, -7.074926087541534 ] } },
{ "type": "Feature", "properties": { "KODE": 1191663, "KATEGORI": "Sungai / Rawa", "KETERANGAN": "Sungai", "X": 631356.8, "Y": 9217800.3 }, "geometry": { "type": "Point", "coordinates": [ 112.189383742453927, -7.074926612426735 ] } },
{ "type": "Feature", "properties": { "KODE": 1191664, "KATEGORI": "Sungai / Rawa", "KETERANGAN": "Sungai", "X": 631369.3, "Y": 9217800.39 }, "geometry": { "type": "Point", "coordinates": [ 112.189496906301116, -7.074925509369163 ] } },
{ "type": "Feature", "properties": { "KODE": 1191665, "KATEGORI": "Sungai / Rawa", "KETERANGAN": "Sungai", "X": 631381.8, "Y": 9217800.3 }, "geometry": { "type": "Point", "coordinates": [ 112.189610074311091, -7.074926034199319 ] } },
{ "type": "Feature", "properties": { "KODE": 1191666, "KATEGORI": "Sungai / Rawa", "KETERANGAN": "Sungai", "X": 631394.3, "Y": 9217800.39 }, "geometry": { "type": "Point", "coordinates": [ 112.189723238148417, -7.074924931086835 ] } },
{ "type": "Feature", "properties": { "KODE": 1191667, "KATEGORI": "Sungai / Rawa", "KETERANGAN": "Sungai", "X": 631406.8, "Y": 9217800.3 }, "geometry": { "type": "Point", "coordinates": [ 112.189836406149297, -7.074925455861943 ] } },
{ "type": "Feature", "properties": { "KODE": 1191668, "KATEGORI": "Sungai / Rawa", "KETERANGAN": "Sungai", "X": 631419.3, "Y": 9217800.39 }, "geometry": { "type": "Point", "coordinates": [ 112.189949569976733, -7.074924352694547 ] } },
{ "type": "Feature", "properties": { "KODE": 1191669, "KATEGORI": "Sungai / Rawa", "KETERANGAN": "Sungai", "X": 631431.8, "Y": 9217800.3 }, "geometry": { "type": "Point", "coordinates": [ 112.190062737968532, -7.074924877414608 ] } },
{ "type": "Feature", "properties": { "KODE": 1191670, "KATEGORI": "Sungai / Rawa", "KETERANGAN": "Sungai", "X": 631444.3, "Y": 9217800.39 }, "geometry": { "type": "Point", "coordinates": [ 112.190175901786077, -7.074923774192301 ] } },
{ "type": "Feature", "properties": { "KODE": 1191671, "KATEGORI": "Sungai / Rawa", "KETERANGAN": "Sungai", "X": 631456.8, "Y": 9217800.3 }, "geometry": { "type": "Point", "coordinates": [ 112.190289069768795, -7.074924298857313 ] } },
{ "type": "Feature", "properties": { "KODE": 1191672, "KATEGORI": "Sungai / Rawa", "KETERANGAN": "Sungai", "X": 631469.3, "Y": 9217800.39 }, "geometry": { "type": "Point", "coordinates": [ 112.190402233576449, -7.074923195580093 ] } },
{ "type": "Feature", "properties": { "KODE": 1191673, "KATEGORI": "Sungai / Rawa", "KETERANGAN": "Sungai", "X": 631481.8, "Y": 9217800.3 }, "geometry": { "type": "Point", "coordinates": [ 112.190515401550059, -7.074923720190058 ] } },
{ "type": "Feature", "properties": { "KODE": 1191674, "KATEGORI": "Sungai / Rawa", "KETERANGAN": "Sungai", "X": 631494.3, "Y": 9217800.39 }, "geometry": { "type": "Point", "coordinates": [ 112.190628565347836, -7.074922616857925 ] } },
{ "type": "Feature", "properties": { "KODE": 1191675, "KATEGORI": "Sungai / Rawa", "KETERANGAN": "Sungai", "X": 631506.8, "Y": 9217800.3 }, "geometry": { "type": "Point", "coordinates": [ 112.190741733312365, -7.074923141412844 ] } },
{ "type": "Feature", "properties": { "KODE": 1191676, "KATEGORI": "Sungai / Rawa", "KETERANGAN": "Sungai", "X": 631519.3, "Y": 9217800.39 }, "geometry": { "type": "Point", "coordinates": [ 112.190854897100238, -7.074922038025797 ] } },
{ "type": "Feature", "properties": { "KODE": 1191677, "KATEGORI": "Sungai / Rawa", "KETERANGAN": "Sungai", "X": 631531.8, "Y": 9217800.3 }, "geometry": { "type": "Point", "coordinates": [ 112.190968065055671, -7.07492256252567 ] } },
{ "type": "Feature", "properties": { "KODE": 1191678, "KATEGORI": "Sungai / Rawa", "KETERANGAN": "Sungai", "X": 631544.3, "Y": 9217800.39 }, "geometry": { "type": "Point", "coordinates": [ 112.191081228833667, -7.07492145908371 ] } },
{ "type": "Feature", "properties": { "KODE": 1191679, "KATEGORI": "Sungai / Rawa", "KETERANGAN": "Sungai", "X": 631556.8, "Y": 9217800.3 }, "geometry": { "type": "Point", "coordinates": [ 112.191194396779977, -7.074921983528537 ] } },
{ "type": "Feature", "properties": { "KODE": 1191680, "KATEGORI": "Sungai / Rawa", "KETERANGAN": "Sungai", "X": 631569.3, "Y": 9217800.39 }, "geometry": { "type": "Point", "coordinates": [ 112.191307560548097, -7.074920880031664 ] } },
{ "type": "Feature", "properties": { "KODE": 1191681, "KATEGORI": "Sungai / Rawa", "KETERANGAN": "Sungai", "X": 631581.8, "Y": 9217800.3 }, "geometry": { "type": "Point", "coordinates": [ 112.191420728485298, -7.074921404421444 ] } },
{ "type": "Feature", "properties": { "KODE": 1191682, "KATEGORI": "Sungai / Rawa", "KETERANGAN": "Sungai", "X": 631594.3, "Y": 9217800.39 }, "geometry": { "type": "Point", "coordinates": [ 112.191533892243513, -7.074920300869659 ] } },
{ "type": "Feature", "properties": { "KODE": 1191683, "KATEGORI": "Sungai / Rawa", "KETERANGAN": "Sungai", "X": 631606.8, "Y": 9217800.3 }, "geometry": { "type": "Point", "coordinates": [ 112.191647060171633, -7.074920825204391 ] } },
{ "type": "Feature", "properties": { "KODE": 1191684, "KATEGORI": "Sungai / Rawa", "KETERANGAN": "Sungai", "X": 631619.3, "Y": 9217800.39 }, "geometry": { "type": "Point", "coordinates": [ 112.191760223919943, -7.074919721597694 ] } },
{ "type": "Feature", "properties": { "KODE": 1191685, "KATEGORI": "Sungai / Rawa", "KETERANGAN": "Sungai", "X": 631631.8, "Y": 9217800.3 }, "geometry": { "type": "Point", "coordinates": [ 112.191873391838953, -7.074920245877377 ] } },
{ "type": "Feature", "properties": { "KODE": 1191686, "KATEGORI": "Sungai / Rawa", "KETERANGAN": "Sungai", "X": 631644.3, "Y": 9217800.39 }, "geometry": { "type": "Point", "coordinates": [ 112.191986555577373, -7.074919142215769 ] } },
{ "type": "Feature", "properties": { "KODE": 1191687, "KATEGORI": "Sungai / Rawa", "KETERANGAN": "Sungai", "X": 631656.8, "Y": 9217800.3 }, "geometry": { "type": "Point", "coordinates": [ 112.192099723487274, -7.074919666440406 ] } },
{ "type": "Feature", "properties": { "KODE": 1191688, "KATEGORI": "Sungai / Rawa", "KETERANGAN": "Sungai", "X": 631669.3, "Y": 9217800.39 }, "geometry": { "type": "Point", "coordinates": [ 112.192212887215788, -7.074918562723886 ] } },
{ "type": "Feature", "properties": { "KODE": 1191689, "KATEGORI": "Sungai / Rawa", "KETERANGAN": "Sungai", "X": 631681.8, "Y": 9217800.3 }, "geometry": { "type": "Point", "coordinates": [ 112.192326055116581, -7.074919086893477 ] } },
{ "type": "Feature", "properties": { "KODE": 1191690, "KATEGORI": "Sungai / Rawa", "KETERANGAN": "Sungai", "X": 631694.3, "Y": 9217800.39 }, "geometry": { "type": "Point", "coordinates": [ 112.19243921883519, -7.074917983122043 ] } },
{ "type": "Feature", "properties": { "KODE": 1191691, "KATEGORI": "Sungai / Rawa", "KETERANGAN": "Sungai", "X": 631706.8, "Y": 9217800.3 }, "geometry": { "type": "Point", "coordinates": [ 112.192552386726888, -7.074918507236585 ] } },
{ "type": "Feature", "properties": { "KODE": 1191692, "KATEGORI": "Sungai / Rawa", "KETERANGAN": "Sungai", "X": 631719.3, "Y": 9217800.39 }, "geometry": { "type": "Point", "coordinates": [ 112.192665550435592, -7.07491740341024 ] } },
{ "type": "Feature", "properties": { "KODE": 1191693, "KATEGORI": "Sungai / Rawa", "KETERANGAN": "Sungai", "X": 631731.8, "Y": 9217800.3 }, "geometry": { "type": "Point", "coordinates": [ 112.192778718318152, -7.074917927469736 ] } },
{ "type": "Feature", "properties": { "KODE": 1191694, "KATEGORI": "Sungai / Rawa", "KETERANGAN": "Sungai", "X": 631744.3, "Y": 9217800.39 }, "geometry": { "type": "Point", "coordinates": [ 112.192891882016966, -7.074916823588477 ] } },
{ "type": "Feature", "properties": { "KODE": 1191695, "KATEGORI": "Sungai / Rawa", "KETERANGAN": "Sungai", "X": 631756.8, "Y": 9217800.3 }, "geometry": { "type": "Point", "coordinates": [ 112.193005049890431, -7.074917347592927 ] } },
{ "type": "Feature", "properties": { "KODE": 1191696, "KATEGORI": "Sungai / Rawa", "KETERANGAN": "Sungai", "X": 631769.3, "Y": 9217800.39 }, "geometry": { "type": "Point", "coordinates": [ 112.193118213579311, -7.074916243656756 ] } },
{ "type": "Feature", "properties": { "KODE": 1191697, "KATEGORI": "Sungai / Rawa", "KETERANGAN": "Sungai", "X": 631781.8, "Y": 9217800.3 }, "geometry": { "type": "Point", "coordinates": [ 112.193231381443667, -7.074916767606159 ] } },
{ "type": "Feature", "properties": { "KODE": 1191698, "KATEGORI": "Sungai / Rawa", "KETERANGAN": "Sungai", "X": 631794.3, "Y": 9217800.39 }, "geometry": { "type": "Point", "coordinates": [ 112.193344545122656, -7.074915663615077 ] } },
{ "type": "Feature", "properties": { "KODE": 1191699, "KATEGORI": "Sungai / Rawa", "KETERANGAN": "Sungai", "X": 631806.8, "Y": 9217800.3 }, "geometry": { "type": "Point", "coordinates": [ 112.193457712977875, -7.074916187509432 ] } },
{ "type": "Feature", "properties": { "KODE": 1191700, "KATEGORI": "Sungai / Rawa", "KETERANGAN": "Sungai", "X": 631819.3, "Y": 9217800.39 }, "geometry": { "type": "Point", "coordinates": [ 112.193570876646959, -7.074915083463438 ] } },
{ "type": "Feature", "properties": { "KODE": 1191701, "KATEGORI": "Sungai / Rawa", "KETERANGAN": "Sungai", "X": 631831.8, "Y": 9217800.3 }, "geometry": { "type": "Point", "coordinates": [ 112.193684044493068, -7.074915607302747 ] } },
{ "type": "Feature", "properties": { "KODE": 1191702, "KATEGORI": "Sungai / Rawa", "KETERANGAN": "Sungai", "X": 631844.3, "Y": 9217800.39 }, "geometry": { "type": "Point", "coordinates": [ 112.193797208152219, -7.074914503201839 ] } },
{ "type": "Feature", "properties": { "KODE": 1191703, "KATEGORI": "Sungai / Rawa", "KETERANGAN": "Sungai", "X": 631856.8, "Y": 9217800.3 }, "geometry": { "type": "Point", "coordinates": [ 112.193910375989219, -7.074915026986101 ] } },
{ "type": "Feature", "properties": { "KODE": 1191704, "KATEGORI": "Sungai / Rawa", "KETERANGAN": "Sungai", "X": 631869.3, "Y": 9217800.39 }, "geometry": { "type": "Point", "coordinates": [ 112.194023539638465, -7.074913922830282 ] } },
{ "type": "Feature", "properties": { "KODE": 1191705, "KATEGORI": "Sungai / Rawa", "KETERANGAN": "Sungai", "X": 631881.8, "Y": 9217800.3 }, "geometry": { "type": "Point", "coordinates": [ 112.194136707466328, -7.074914446559498 ] } },
{ "type": "Feature", "properties": { "KODE": 1191706, "KATEGORI": "Sungai / Rawa", "KETERANGAN": "Sungai", "X": 631894.3, "Y": 9217800.39 }, "geometry": { "type": "Point", "coordinates": [ 112.194249871105654, -7.074913342348766 ] } },
{ "type": "Feature", "properties": { "KODE": 1191707, "KATEGORI": "Sungai / Rawa", "KETERANGAN": "Sungai", "X": 631906.8, "Y": 9217800.3 }, "geometry": { "type": "Point", "coordinates": [ 112.194363038924394, -7.074913866022933 ] } },
{ "type": "Feature", "properties": { "KODE": 1191708, "KATEGORI": "Sungai / Rawa", "KETERANGAN": "Sungai", "X": 631919.3, "Y": 9217800.39 }, "geometry": { "type": "Point", "coordinates": [ 112.194476202553815, -7.07491276175729 ] } },
{ "type": "Feature", "properties": { "KODE": 1191709, "KATEGORI": "Sungai / Rawa", "KETERANGAN": "Sungai", "X": 631931.8, "Y": 9217800.3 }, "geometry": { "type": "Point", "coordinates": [ 112.194589370363431, -7.074913285376411 ] } },
{ "type": "Feature", "properties": { "KODE": 1191710, "KATEGORI": "Sungai / Rawa", "KETERANGAN": "Sungai", "X": 631944.3, "Y": 9217800.39 }, "geometry": { "type": "Point", "coordinates": [ 112.19470253398292, -7.074912181055857 ] } },
{ "type": "Feature", "properties": { "KODE": 1191711, "KATEGORI": "Sungai / Rawa", "KETERANGAN": "Sungai", "X": 631956.8, "Y": 9217800.3 }, "geometry": { "type": "Point", "coordinates": [ 112.194815701783398, -7.07491270461993 ] } },
{ "type": "Feature", "properties": { "KODE": 1191712, "KATEGORI": "Sungai / Rawa", "KETERANGAN": "Sungai", "X": 631969.3, "Y": 9217800.39 }, "geometry": { "type": "Point", "coordinates": [ 112.194928865392981, -7.074911600244464 ] } },
{ "type": "Feature", "properties": { "KODE": 1191713, "KATEGORI": "Sungai / Rawa", "KETERANGAN": "Sungai", "X": 631981.8, "Y": 9217800.3 }, "geometry": { "type": "Point", "coordinates": [ 112.195042033184322, -7.07491212375349 ] } },
{ "type": "Feature", "properties": { "KODE": 1191714, "KATEGORI": "Sungai / Rawa", "KETERANGAN": "Sungai", "X": 631994.3, "Y": 9217800.39 }, "geometry": { "type": "Point", "coordinates": [ 112.195155196783986, -7.074911019323111 ] } },
{ "type": "Feature", "properties": { "KODE": 1191715, "KATEGORI": "Sungai / Rawa", "KETERANGAN": "Sungai", "X": 632006.8, "Y": 9217800.3 }, "geometry": { "type": "Point", "coordinates": [ 112.195268364566189, -7.074911542777093 ] } },
{ "type": "Feature", "properties": { "KODE": 1191716, "KATEGORI": "Sungai / Rawa", "KETERANGAN": "Sungai", "X": 632019.3, "Y": 9217800.39 }, "geometry": { "type": "Point", "coordinates": [ 112.19538152815592, -7.0749104382918 ] } },
{ "type": "Feature", "properties": { "KODE": 1191717, "KATEGORI": "Sungai / Rawa", "KETERANGAN": "Sungai", "X": 632031.8, "Y": 9217800.3 }, "geometry": { "type": "Point", "coordinates": [ 112.195494695929014, -7.074910961690734 ] } },
{ "type": "Feature", "properties": { "KODE": 1191718, "KATEGORI": "Sungai / Rawa", "KETERANGAN": "Sungai", "X": 632044.3, "Y": 9217800.39 }, "geometry": { "type": "Point", "coordinates": [ 112.195607859508812, -7.074909857150531 ] } },
{ "type": "Feature", "properties": { "KODE": 1191719, "KATEGORI": "Sungai / Rawa", "KETERANGAN": "Sungai", "X": 632056.8, "Y": 9217800.3 }, "geometry": { "type": "Point", "coordinates": [ 112.195721027272754, -7.074910380494417 ] } },
{ "type": "Feature", "properties": { "KODE": 1191720, "KATEGORI": "Sungai / Rawa", "KETERANGAN": "Sungai", "X": 632069.3, "Y": 9217800.39 }, "geometry": { "type": "Point", "coordinates": [ 112.195834190842632, -7.074909275899305 ] } },
{ "type": "Feature", "properties": { "KODE": 1191721, "KATEGORI": "Sungai / Rawa", "KETERANGAN": "Sungai", "X": 632081.8, "Y": 9217800.3 }, "geometry": { "type": "Point", "coordinates": [ 112.195947358597451, -7.074909799188145 ] } },
{ "type": "Feature", "properties": { "KODE": 1191722, "KATEGORI": "Sungai / Rawa", "KETERANGAN": "Sungai", "X": 632094.3, "Y": 9217800.39 }, "geometry": { "type": "Point", "coordinates": [ 112.196060522157381, -7.074908694538117 ] } },
{ "type": "Feature", "properties": { "KODE": 1191723, "KATEGORI": "Sungai / Rawa", "KETERANGAN": "Sungai", "X": 632106.8, "Y": 9217800.3 }, "geometry": { "type": "Point", "coordinates": [ 112.196173689903063, -7.074909217771911 ] } },
{ "type": "Feature", "properties": { "KODE": 1191724, "KATEGORI": "Sungai / Rawa", "KETERANGAN": "Sungai", "X": 632119.3, "Y": 9217800.39 }, "geometry": { "type": "Point", "coordinates": [ 112.19628685345306, -7.074908113066972 ] } },
{ "type": "Feature", "properties": { "KODE": 1191725, "KATEGORI": "Sungai / Rawa", "KETERANGAN": "Sungai", "X": 632131.8, "Y": 9217800.3 }, "geometry": { "type": "Point", "coordinates": [ 112.196400021189604, -7.074908636245718 ] } },
{ "type": "Feature", "properties": { "KODE": 1191726, "KATEGORI": "Sungai / Rawa", "KETERANGAN": "Sungai", "X": 632144.3, "Y": 9217800.39 }, "geometry": { "type": "Point", "coordinates": [ 112.196513184729668, -7.074907531485869 ] } },
{ "type": "Feature", "properties": { "KODE": 1191727, "KATEGORI": "Sungai / Rawa", "KETERANGAN": "Sungai", "X": 632156.8, "Y": 9217800.3 }, "geometry": { "type": "Point", "coordinates": [ 112.196626352457059, -7.074908054609569 ] } },
{ "type": "Feature", "properties": { "KODE": 1191728, "KATEGORI": "Sungai / Rawa", "KETERANGAN": "Sungai", "X": 632169.3, "Y": 9217800.39 }, "geometry": { "type": "Point", "coordinates": [ 112.196739515987204, -7.074906949794806 ] } },
{ "type": "Feature", "properties": { "KODE": 1191729, "KATEGORI": "Sungai / Rawa", "KETERANGAN": "Sungai", "X": 632181.8, "Y": 9217800.3 }, "geometry": { "type": "Point", "coordinates": [ 112.196852683705444, -7.074907472863459 ] } },
{ "type": "Feature", "properties": { "KODE": 1191730, "KATEGORI": "Sungai / Rawa", "KETERANGAN": "Sungai", "X": 632194.3, "Y": 9217800.39 }, "geometry": { "type": "Point", "coordinates": [ 112.196965847225641, -7.074906367993786 ] } },
{ "type": "Feature", "properties": { "KODE": 1191731, "KATEGORI": "Sungai / Rawa", "KETERANGAN": "Sungai", "X": 632206.8, "Y": 9217800.3 }, "geometry": { "type": "Point", "coordinates": [ 112.197079014934729, -7.074906891007392 ] } },
{ "type": "Feature", "properties": { "KODE": 1191732, "KATEGORI": "Sungai / Rawa", "KETERANGAN": "Sungai", "X": 632219.3, "Y": 9217800.39 }, "geometry": { "type": "Point", "coordinates": [ 112.197192178445007, -7.074905786082808 ] } },
{ "type": "Feature", "properties": { "KODE": 1191733, "KATEGORI": "Sungai / Rawa", "KETERANGAN": "Sungai", "X": 632231.8, "Y": 9217800.3 }, "geometry": { "type": "Point", "coordinates": [ 112.197305346144958, -7.074906309041365 ] } },
{ "type": "Feature", "properties": { "KODE": 1191734, "KATEGORI": "Sungai / Rawa", "KETERANGAN": "Sungai", "X": 632244.3, "Y": 9217800.39 }, "geometry": { "type": "Point", "coordinates": [ 112.197418509645274, -7.07490520406187 ] } },
{ "type": "Feature", "properties": { "KODE": 1191735, "KATEGORI": "Sungai / Rawa", "KETERANGAN": "Sungai", "X": 632256.8, "Y": 9217800.3 }, "geometry": { "type": "Point", "coordinates": [ 112.197531677336059, -7.074905726965382 ] } },
{ "type": "Feature", "properties": { "KODE": 1191736, "KATEGORI": "Sungai / Rawa", "KETERANGAN": "Sungai", "X": 632269.3, "Y": 9217800.39 }, "geometry": { "type": "Point", "coordinates": [ 112.197644840826456, -7.074904621930975 ] } },
{ "type": "Feature", "properties": { "KODE": 1191737, "KATEGORI": "Sungai / Rawa", "KETERANGAN": "Sungai", "X": 632281.8, "Y": 9217800.3 }, "geometry": { "type": "Point", "coordinates": [ 112.197758008508089, -7.074905144779441 ] } },
{ "type": "Feature", "properties": { "KODE": 1191738, "KATEGORI": "Sungai / Rawa", "KETERANGAN": "Sungai", "X": 632294.3, "Y": 9217800.39 }, "geometry": { "type": "Point", "coordinates": [ 112.197871171988524, -7.074904039690121 ] } },
{ "type": "Feature", "properties": { "KODE": 1191739, "KATEGORI": "Sungai / Rawa", "KETERANGAN": "Sungai", "X": 632306.8, "Y": 9217800.3 }, "geometry": { "type": "Point", "coordinates": [ 112.197984339661019, -7.074904562483539 ] } },
{ "type": "Feature", "properties": { "KODE": 1191740, "KATEGORI": "Sungai / Rawa", "KETERANGAN": "Sungai", "X": 632319.3, "Y": 9217800.39 }, "geometry": { "type": "Point", "coordinates": [ 112.198097503131493, -7.074903457339309 ] } },
{ "type": "Feature", "properties": { "KODE": 1191741, "KATEGORI": "Sungai / Rawa", "KETERANGAN": "Sungai", "X": 632331.8, "Y": 9217800.3 }, "geometry": { "type": "Point", "coordinates": [ 112.19821067079485, -7.07490398007768 ] } },
{ "type": "Feature", "properties": { "KODE": 1191742, "KATEGORI": "Sungai / Rawa", "KETERANGAN": "Sungai", "X": 632344.3, "Y": 9217800.39 }, "geometry": { "type": "Point", "coordinates": [ 112.198323834255376, -7.074902874878539 ] } },
{ "type": "Feature", "properties": { "KODE": 1191743, "KATEGORI": "Sungai / Rawa", "KETERANGAN": "Sungai", "X": 632356.8, "Y": 9217800.3 }, "geometry": { "type": "Point", "coordinates": [ 112.198437001909568, -7.074903397561862 ] } },
{ "type": "Feature", "properties": { "KODE": 1191744, "KATEGORI": "Sungai / Rawa", "KETERANGAN": "Sungai", "X": 632369.3, "Y": 9217800.39 }, "geometry": { "type": "Point", "coordinates": [ 112.198550165360146, -7.074902292307812 ] } },
{ "type": "Feature", "properties": { "KODE": 1191745, "KATEGORI": "Sungai / Rawa", "KETERANGAN": "Sungai", "X": 632381.8, "Y": 9217800.3 }, "geometry": { "type": "Point", "coordinates": [ 112.198663333005172, -7.074902814936089 ] } },
{ "type": "Feature", "properties": { "KODE": 1191746, "KATEGORI": "Sungai / Rawa", "KETERANGAN": "Sungai", "X": 632394.3, "Y": 9217800.39 }, "geometry": { "type": "Point", "coordinates": [ 112.198776496445802, -7.074901709627124 ] } },
{ "type": "Feature", "properties": { "KODE": 1191747, "KATEGORI": "Sungai / Rawa", "KETERANGAN": "Sungai", "X": 632406.8, "Y": 9217800.3 }, "geometry": { "type": "Point", "coordinates": [ 112.198889664081662, -7.074902232200356 ] } },
{ "type": "Feature", "properties": { "KODE": 1191747, "KATEGORI": "Sungai / Rawa", "KETERANGAN": "Potensi Terjatuh", "X": 632406.8, "Y": 9217800.3 }, "geometry": { "type": "Point", "coordinates": [ 112.198889664081662, -7.074902232200356 ] } },
{ "type": "Feature", "properties": { "KODE": 1191748, "KATEGORI": "Sungai / Rawa", "KETERANGAN": "Sungai", "X": 632419.3, "Y": 9217800.39 }, "geometry": { "type": "Point", "coordinates": [ 112.199002827512345, -7.07490112683648 ] } },
{ "type": "Feature", "properties": { "KODE": 1191748, "KATEGORI": "Sungai / Rawa", "KETERANGAN": "Potensi Terjatuh", "X": 632419.3, "Y": 9217800.39 }, "geometry": { "type": "Point", "coordinates": [ 112.199002827512345, -7.07490112683648 ] } },
{ "type": "Feature", "properties": { "KODE": 1191749, "KATEGORI": "Sungai / Rawa", "KETERANGAN": "Sungai", "X": 632431.8, "Y": 9217800.3 }, "geometry": { "type": "Point", "coordinates": [ 112.199115995139039, -7.074901649354665 ] } },
{ "type": "Feature", "properties": { "KODE": 1191750, "KATEGORI": "Sungai / Rawa", "KETERANGAN": "Sungai", "X": 632444.3, "Y": 9217800.39 }, "geometry": { "type": "Point", "coordinates": [ 112.19922915855976, -7.074900543935878 ] } },
{ "type": "Feature", "properties": { "KODE": 1191751, "KATEGORI": "Sungai / Rawa", "KETERANGAN": "Sungai", "X": 632456.8, "Y": 9217800.3 }, "geometry": { "type": "Point", "coordinates": [ 112.199342326177288, -7.074901066399015 ] } },
{ "type": "Feature", "properties": { "KODE": 1191752, "KATEGORI": "Sungai / Rawa", "KETERANGAN": "Sungai", "X": 632469.3, "Y": 9217800.39 }, "geometry": { "type": "Point", "coordinates": [ 112.199455489588061, -7.074899960925318 ] } },
{ "type": "Feature", "properties": { "KODE": 1191753, "KATEGORI": "Sungai / Rawa", "KETERANGAN": "Sungai", "X": 632481.8, "Y": 9217800.3 }, "geometry": { "type": "Point", "coordinates": [ 112.199568657196423, -7.074900483333408 ] } },
{ "type": "Feature", "properties": { "KODE": 1191754, "KATEGORI": "Sungai / Rawa", "KETERANGAN": "Sungai", "X": 632494.3, "Y": 9217800.39 }, "geometry": { "type": "Point", "coordinates": [ 112.199681820597235, -7.074899377804799 ] } },
{ "type": "Feature", "properties": { "KODE": 1191755, "KATEGORI": "Sungai / Rawa", "KETERANGAN": "Sungai", "X": 632506.8, "Y": 9217800.3 }, "geometry": { "type": "Point", "coordinates": [ 112.19979498819643, -7.074899900157844 ] } },
{ "type": "Feature", "properties": { "KODE": 1191756, "KATEGORI": "Sungai / Rawa", "KETERANGAN": "Sungai", "X": 632519.3, "Y": 9217800.39 }, "geometry": { "type": "Point", "coordinates": [ 112.19990815158728, -7.074898794574323 ] } },
{ "type": "Feature", "properties": { "KODE": 1191757, "KATEGORI": "Sungai / Rawa", "KETERANGAN": "Sungai", "X": 632531.8, "Y": 9217800.3 }, "geometry": { "type": "Point", "coordinates": [ 112.20002131917731, -7.074899316872322 ] } },
{ "type": "Feature", "properties": { "KODE": 1191758, "KATEGORI": "Sungai / Rawa", "KETERANGAN": "Sungai", "X": 632544.3, "Y": 9217800.39 }, "geometry": { "type": "Point", "coordinates": [ 112.200134482558184, -7.07489821123389 ] } },
{ "type": "Feature", "properties": { "KODE": 1191759, "KATEGORI": "Sungai / Rawa", "KETERANGAN": "Sungai", "X": 632556.8, "Y": 9217800.3 }, "geometry": { "type": "Point", "coordinates": [ 112.200247650139062, -7.074898733476841 ] } },
{ "type": "Feature", "properties": { "KODE": 1191760, "KATEGORI": "Sungai / Rawa", "KETERANGAN": "Sungai", "X": 632569.3, "Y": 9217800.39 }, "geometry": { "type": "Point", "coordinates": [ 112.20036081350996, -7.074897627783498 ] } },
{ "type": "Feature", "properties": { "KODE": 1191761, "KATEGORI": "Sungai / Rawa", "KETERANGAN": "Sungai", "X": 632581.8, "Y": 9217800.3 }, "geometry": { "type": "Point", "coordinates": [ 112.200473981081657, -7.074898149971403 ] } },
{ "type": "Feature", "properties": { "KODE": 1191762, "KATEGORI": "Sungai / Rawa", "KETERANGAN": "Sungai", "X": 632594.3, "Y": 9217800.39 }, "geometry": { "type": "Point", "coordinates": [ 112.200587144442594, -7.07489704422315 ] } },
{ "type": "Feature", "properties": { "KODE": 1191763, "KATEGORI": "Sungai / Rawa", "KETERANGAN": "Sungai", "X": 632606.8, "Y": 9217800.3 }, "geometry": { "type": "Point", "coordinates": [ 112.200700312005111, -7.074897566356006 ] } },
{ "type": "Feature", "properties": { "KODE": 1191764, "KATEGORI": "Sungai / Rawa", "KETERANGAN": "Sungai", "X": 632619.3, "Y": 9217800.39 }, "geometry": { "type": "Point", "coordinates": [ 112.200813475356085, -7.074896460552842 ] } },
{ "type": "Feature", "properties": { "KODE": 1191765, "KATEGORI": "Sungai / Rawa", "KETERANGAN": "Sungai", "X": 632631.8, "Y": 9217800.3 }, "geometry": { "type": "Point", "coordinates": [ 112.200926642909423, -7.074896982630654 ] } },
{ "type": "Feature", "properties": { "KODE": 1192080, "KATEGORI": "Sungai/ Rawa", "KETERANGAN": "Alur Irigasi", "X": 636569.3, "Y": 9217800.39 }, "geometry": { "type": "Point", "coordinates": [ 112.236573516806772, -7.074802859496718 ] } },
{ "type": "Feature", "properties": { "KODE": 1192151, "KATEGORI": "Sungai/ Rawa", "KETERANGAN": "Potensi Kebakaran", "X": 637456.8, "Y": 9217800.3 }, "geometry": { "type": "Point", "coordinates": [ 112.244608144629197, -7.074782265175826 ] } },
{ "type": "Feature", "properties": { "KODE": 1192212, "KATEGORI": "Sungai/ Rawa", "KETERANGAN": "Alur Irigasi", "X": 638219.3, "Y": 9217800.39 }, "geometry": { "type": "Point", "coordinates": [ 112.251511110708563, -7.074762947557894 ] } },
{ "type": "Feature", "properties": { "KODE": 1201051, "KATEGORI": "Sungai/ Rawa", "KETERANGAN": "Alur Irigasi", "X": 639300.5, "Y": 9227194.0 }, "geometry": { "type": "Point", "coordinates": [ 112.261070071474535, -6.989783109027914 ] } },
{ "type": "Feature", "properties": { "KODE": 1201141, "KATEGORI": "Sungai/ Rawa", "KETERANGAN": "Alur Irigasi", "X": 639300.5, "Y": 9226069.0 }, "geometry": { "type": "Point", "coordinates": [ 112.261097370215424, -6.999957340174352 ] } },
{ "type": "Feature", "properties": { "KODE": 1201210, "KATEGORI": "Sungai/ Rawa", "KETERANGAN": "Sungai", "X": 639300.5, "Y": 9225206.5 }, "geometry": { "type": "Point", "coordinates": [ 112.261118326808173, -7.007757581009236 ] } },
{ "type": "Feature", "properties": { "KODE": 1201211, "KATEGORI": "Sungai/ Rawa", "KETERANGAN": "Sungai", "X": 639300.5, "Y": 9225194.0 }, "geometry": { "type": "Point", "coordinates": [ 112.26111863070274, -7.007870627958418 ] } },
{ "type": "Feature", "properties": { "KODE": 1201212, "KATEGORI": "Sungai/ Rawa", "KETERANGAN": "Sungai", "X": 639300.5, "Y": 9225181.5 }, "geometry": { "type": "Point", "coordinates": [ 112.261118934602351, -7.007983674907044 ] } },
{ "type": "Feature", "properties": { "KODE": 1201213, "KATEGORI": "Sungai/ Rawa", "KETERANGAN": "Sungai", "X": 639300.5, "Y": 9225169.0 }, "geometry": { "type": "Point", "coordinates": [ 112.261119238506978, -7.008096721855117 ] } },
{ "type": "Feature", "properties": { "KODE": 1201214, "KATEGORI": "Sungai/ Rawa", "KETERANGAN": "Sungai", "X": 639300.5, "Y": 9225156.5 }, "geometry": { "type": "Point", "coordinates": [ 112.261119542416623, -7.008209768802632 ] } },
{ "type": "Feature", "properties": { "KODE": 1201215, "KATEGORI": "Sungai/ Rawa", "KETERANGAN": "Sungai", "X": 639300.5, "Y": 9225144.0 }, "geometry": { "type": "Point", "coordinates": [ 112.261119846331312, -7.008322815749591 ] } },
{ "type": "Feature", "properties": { "KODE": 1201216, "KATEGORI": "Sungai/ Rawa", "KETERANGAN": "Sungai", "X": 639300.5, "Y": 9225131.5 }, "geometry": { "type": "Point", "coordinates": [ 112.261120150251003, -7.008435862695997 ] } },
{ "type": "Feature", "properties": { "KODE": 1201217, "KATEGORI": "Sungai/ Rawa", "KETERANGAN": "Sungai", "X": 639300.5, "Y": 9225119.0 }, "geometry": { "type": "Point", "coordinates": [ 112.261120454175725, -7.008548909641846 ] } },
{ "type": "Feature", "properties": { "KODE": 1201218, "KATEGORI": "Sungai/ Rawa", "KETERANGAN": "Sungai", "X": 639300.5, "Y": 9225106.5 }, "geometry": { "type": "Point", "coordinates": [ 112.261120758105477, -7.008661956587138 ] } },
{ "type": "Feature", "properties": { "KODE": 1201219, "KATEGORI": "Sungai/ Rawa", "KETERANGAN": "Sungai", "X": 639300.5, "Y": 9225094.0 }, "geometry": { "type": "Point", "coordinates": [ 112.26112106204026, -7.008775003531877 ] } },
{ "type": "Feature", "properties": { "KODE": 1201220, "KATEGORI": "Sungai/ Rawa", "KETERANGAN": "Sungai", "X": 639300.5, "Y": 9225081.5 }, "geometry": { "type": "Point", "coordinates": [ 112.26112136598006, -7.008888050476058 ] } },
{ "type": "Feature", "properties": { "KODE": 1201221, "KATEGORI": "Sungai/ Rawa", "KETERANGAN": "Sungai", "X": 639300.5, "Y": 9225069.0 }, "geometry": { "type": "Point", "coordinates": [ 112.26112166992489, -7.009001097419684 ] } },
{ "type": "Feature", "properties": { "KODE": 1201222, "KATEGORI": "Sungai/ Rawa", "KETERANGAN": "Sungai", "X": 639300.5, "Y": 9225056.5 }, "geometry": { "type": "Point", "coordinates": [ 112.261121973874722, -7.009114144362756 ] } },
{ "type": "Feature", "properties": { "KODE": 1201350, "KATEGORI": "Sungai/ Rawa", "KETERANGAN": "Alur Irigasi", "X": 639300.5, "Y": 9223456.5 }, "geometry": { "type": "Point", "coordinates": [ 112.261160920938053, -7.023584148484836 ] } },
{ "type": "Feature", "properties": { "KODE": 1201389, "KATEGORI": "Sungai/ Rawa", "KETERANGAN": "Alur Irigasi", "X": 639300.5, "Y": 9222969.0 }, "geometry": { "type": "Point", "coordinates": [ 112.261172803985048, -7.027992976053328 ] } },
{ "type": "Feature", "properties": { "KODE": 1201438, "KATEGORI": "Sungai/ Rawa", "KETERANGAN": "Alur Irigasi", "X": 639300.5, "Y": 9222356.5 }, "geometry": { "type": "Point", "coordinates": [ 112.261187744801802, -7.033532271027803 ] } },
{ "type": "Feature", "properties": { "KODE": 1201450, "KATEGORI": "Sungai/ Rawa", "KETERANGAN": "Alur Irigasi", "X": 639300.5, "Y": 9222206.5 }, "geometry": { "type": "Point", "coordinates": [ 112.261191405616671, -7.034888832858328 ] } },
{ "type": "Feature", "properties": { "KODE": 1201471, "KATEGORI": "Sungai/ Rawa", "KETERANGAN": "Alur Irigasi", "X": 639300.5, "Y": 9221944.0 }, "geometry": { "type": "Point", "coordinates": [ 112.261197813784122, -7.037262815868489 ] } },
{ "type": "Feature", "properties": { "KODE": 1201493, "KATEGORI": "Sungai/ Rawa", "KETERANGAN": "Alur Irigasi", "X": 639300.5, "Y": 9221669.0 }, "geometry": { "type": "Point", "coordinates": [ 112.261204529479613, -7.039749845424775 ] } },
{ "type": "Feature", "properties": { "KODE": 1201501, "KATEGORI": "Sungai/ Rawa", "KETERANGAN": "Tambak", "X": 639300.5, "Y": 9221569.0 }, "geometry": { "type": "Point", "coordinates": [ 112.261206972153801, -7.040654219741916 ] } },
{ "type": "Feature", "properties": { "KODE": 1201502, "KATEGORI": "Sungai/ Rawa", "KETERANGAN": "Tambak", "X": 639300.5, "Y": 9221556.5 }, "geometry": { "type": "Point", "coordinates": [ 112.261207277510707, -7.040767266529047 ] } },
{ "type": "Feature", "properties": { "KODE": 1201503, "KATEGORI": "Sungai/ Rawa", "KETERANGAN": "Tambak", "X": 639300.5, "Y": 9221544.0 }, "geometry": { "type": "Point", "coordinates": [ 112.261207582872615, -7.040880313315618 ] } },
{ "type": "Feature", "properties": { "KODE": 1201504, "KATEGORI": "Sungai/ Rawa", "KETERANGAN": "Tambak", "X": 639300.5, "Y": 9221531.5 }, "geometry": { "type": "Point", "coordinates": [ 112.261207888239568, -7.040993360101633 ] } },
{ "type": "Feature", "properties": { "KODE": 1201505, "KATEGORI": "Sungai/ Rawa", "KETERANGAN": "Tambak", "X": 639300.5, "Y": 9221519.0 }, "geometry": { "type": "Point", "coordinates": [ 112.261208193611523, -7.041106406887089 ] } },
{ "type": "Feature", "properties": { "KODE": 1201506, "KATEGORI": "Sungai/ Rawa", "KETERANGAN": "Tambak", "X": 639300.5, "Y": 9221506.5 }, "geometry": { "type": "Point", "coordinates": [ 112.261208498988523, -7.041219453671987 ] } },
{ "type": "Feature", "properties": { "KODE": 1201507, "KATEGORI": "Sungai/ Rawa", "KETERANGAN": "Tambak", "X": 639300.5, "Y": 9221494.0 }, "geometry": { "type": "Point", "coordinates": [ 112.26120880437054, -7.041332500456327 ] } },
{ "type": "Feature", "properties": { "KODE": 1201508, "KATEGORI": "Sungai/ Rawa", "KETERANGAN": "Tambak", "X": 639300.5, "Y": 9221481.5 }, "geometry": { "type": "Point", "coordinates": [ 112.261209109757601, -7.04144554724011 ] } },
{ "type": "Feature", "properties": { "KODE": 1201509, "KATEGORI": "Sungai/ Rawa", "KETERANGAN": "Tambak", "X": 639300.5, "Y": 9221469.0 }, "geometry": { "type": "Point", "coordinates": [ 112.261209415149665, -7.041558594023333 ] } },
{ "type": "Feature", "properties": { "KODE": 1201510, "KATEGORI": "Sungai/ Rawa", "KETERANGAN": "Tambak", "X": 639300.5, "Y": 9221456.5 }, "geometry": { "type": "Point", "coordinates": [ 112.261209720546759, -7.041671640805998 ] } },
{ "type": "Feature", "properties": { "KODE": 1201511, "KATEGORI": "Sungai/ Rawa", "KETERANGAN": "Tambak", "X": 639300.5, "Y": 9221444.0 }, "geometry": { "type": "Point", "coordinates": [ 112.261210025948884, -7.041784687588104 ] } },
{ "type": "Feature", "properties": { "KODE": 1201512, "KATEGORI": "Sungai/ Rawa", "KETERANGAN": "Tambak", "X": 639300.5, "Y": 9221431.5 }, "geometry": { "type": "Point", "coordinates": [ 112.26121033135604, -7.041897734369654 ] } },
{ "type": "Feature", "properties": { "KODE": 1201513, "KATEGORI": "Sungai/ Rawa", "KETERANGAN": "Tambak", "X": 639300.5, "Y": 9221419.0 }, "geometry": { "type": "Point", "coordinates": [ 112.261210636768226, -7.042010781150644 ] } },
{ "type": "Feature", "properties": { "KODE": 1201514, "KATEGORI": "Sungai/ Rawa", "KETERANGAN": "Tambak", "X": 639300.5, "Y": 9221406.5 }, "geometry": { "type": "Point", "coordinates": [ 112.261210942185429, -7.042123827931077 ] } },
{ "type": "Feature", "properties": { "KODE": 1201515, "KATEGORI": "Sungai/ Rawa", "KETERANGAN": "Tambak", "X": 639300.5, "Y": 9221394.0 }, "geometry": { "type": "Point", "coordinates": [ 112.261211247607648, -7.042236874710951 ] } },
{ "type": "Feature", "properties": { "KODE": 1201516, "KATEGORI": "Sungai/ Rawa", "KETERANGAN": "Tambak", "X": 639300.5, "Y": 9221381.5 }, "geometry": { "type": "Point", "coordinates": [ 112.261211553034912, -7.042349921490266 ] } },
{ "type": "Feature", "properties": { "KODE": 1201517, "KATEGORI": "Sungai/ Rawa", "KETERANGAN": "Tambak", "X": 639300.5, "Y": 9221369.0 }, "geometry": { "type": "Point", "coordinates": [ 112.261211858467192, -7.042462968269024 ] } },
{ "type": "Feature", "properties": { "KODE": 1201518, "KATEGORI": "Sungai/ Rawa", "KETERANGAN": "Tambak", "X": 639300.5, "Y": 9221356.5 }, "geometry": { "type": "Point", "coordinates": [ 112.261212163904503, -7.042576015047223 ] } },
{ "type": "Feature", "properties": { "KODE": 1201519, "KATEGORI": "Sungai/ Rawa", "KETERANGAN": "Tambak", "X": 639300.5, "Y": 9221344.0 }, "geometry": { "type": "Point", "coordinates": [ 112.26121246934683, -7.042689061824864 ] } },
{ "type": "Feature", "properties": { "KODE": 1201520, "KATEGORI": "Sungai/ Rawa", "KETERANGAN": "Tambak", "X": 639300.5, "Y": 9221331.5 }, "geometry": { "type": "Point", "coordinates": [ 112.261212774794203, -7.042802108601945 ] } },
{ "type": "Feature", "properties": { "KODE": 1201521, "KATEGORI": "Sungai/ Rawa", "KETERANGAN": "Tambak", "X": 639300.5, "Y": 9221319.0 }, "geometry": { "type": "Point", "coordinates": [ 112.261213080246577, -7.042915155378471 ] } },
{ "type": "Feature", "properties": { "KODE": 1201522, "KATEGORI": "Sungai/ Rawa", "KETERANGAN": "Tambak", "X": 639300.5, "Y": 9221306.5 }, "geometry": { "type": "Point", "coordinates": [ 112.261213385703996, -7.043028202154437 ] } },
{ "type": "Feature", "properties": { "KODE": 1201523, "KATEGORI": "Sungai/ Rawa", "KETERANGAN": "Tambak", "X": 639300.5, "Y": 9221294.0 }, "geometry": { "type": "Point", "coordinates": [ 112.261213691166432, -7.043141248929844 ] } },
{ "type": "Feature", "properties": { "KODE": 1201524, "KATEGORI": "Sungai/ Rawa", "KETERANGAN": "Tambak", "X": 639300.5, "Y": 9221281.5 }, "geometry": { "type": "Point", "coordinates": [ 112.261213996633899, -7.043254295704692 ] } },
{ "type": "Feature", "properties": { "KODE": 1201525, "KATEGORI": "Sungai/ Rawa", "KETERANGAN": "Tambak", "X": 639300.5, "Y": 9221269.0 }, "geometry": { "type": "Point", "coordinates": [ 112.261214302106396, -7.043367342478984 ] } },
{ "type": "Feature", "properties": { "KODE": 1201526, "KATEGORI": "Sungai/ Rawa", "KETERANGAN": "Tambak", "X": 639300.5, "Y": 9221256.5 }, "geometry": { "type": "Point", "coordinates": [ 112.261214607583909, -7.043480389252716 ] } },
{ "type": "Feature", "properties": { "KODE": 1201527, "KATEGORI": "Sungai/ Rawa", "KETERANGAN": "Tambak", "X": 639300.5, "Y": 9221244.0 }, "geometry": { "type": "Point", "coordinates": [ 112.261214913066439, -7.04359343602589 ] } },
{ "type": "Feature", "properties": { "KODE": 1201528, "KATEGORI": "Sungai/ Rawa", "KETERANGAN": "Tambak", "X": 639300.5, "Y": 9221231.5 }, "geometry": { "type": "Point", "coordinates": [ 112.261215218554014, -7.043706482798505 ] } },
{ "type": "Feature", "properties": { "KODE": 1201529, "KATEGORI": "Sungai/ Rawa", "KETERANGAN": "Tambak", "X": 639300.5, "Y": 9221219.0 }, "geometry": { "type": "Point", "coordinates": [ 112.261215524046605, -7.043819529570563 ] } },
{ "type": "Feature", "properties": { "KODE": 1231900, "KATEGORI": "Sungai/ Rawa", "KETERANGAN": "Sungai", "X": 634169.3, "Y": 9219800.39 }, "geometry": { "type": "Point", "coordinates": [ 112.214798724453701, -7.05677227318145 ] } },
{ "type": "Feature", "properties": { "KODE": 1231901, "KATEGORI": "Sungai/ Rawa", "KETERANGAN": "Sungai", "X": 634181.8, "Y": 9219800.3 }, "geometry": { "type": "Point", "coordinates": [ 112.214911887032045, -7.056772792609363 ] } },
{ "type": "Feature", "properties": { "KODE": 1231902, "KATEGORI": "Sungai/ Rawa", "KETERANGAN": "Sungai", "X": 634194.3, "Y": 9219800.39 }, "geometry": { "type": "Point", "coordinates": [ 112.215025045360036, -7.05677168410863 ] } },
{ "type": "Feature", "properties": { "KODE": 1231903, "KATEGORI": "Sungai/ Rawa", "KETERANGAN": "Sungai", "X": 634206.8, "Y": 9219800.3 }, "geometry": { "type": "Point", "coordinates": [ 112.215138207929101, -7.05677220348164 ] } },
{ "type": "Feature", "properties": { "KODE": 1231904, "KATEGORI": "Sungai/ Rawa", "KETERANGAN": "Sungai", "X": 634219.3, "Y": 9219800.39 }, "geometry": { "type": "Point", "coordinates": [ 112.215251366247003, -7.056771094926139 ] } },
{ "type": "Feature", "properties": { "KODE": 1231905, "KATEGORI": "Sungai/ Rawa", "KETERANGAN": "Sungai", "X": 634231.8, "Y": 9219800.3 }, "geometry": { "type": "Point", "coordinates": [ 112.215364528806774, -7.056771614244245 ] } },
{ "type": "Feature", "properties": { "KODE": 1231906, "KATEGORI": "Sungai/ Rawa", "KETERANGAN": "Sungai", "X": 634244.3, "Y": 9219800.39 }, "geometry": { "type": "Point", "coordinates": [ 112.2154776871146, -7.056770505633979 ] } },
{ "type": "Feature", "properties": { "KODE": 1231907, "KATEGORI": "Sungai/ Rawa", "KETERANGAN": "Sungai", "X": 634256.8, "Y": 9219800.3 }, "geometry": { "type": "Point", "coordinates": [ 112.215590849665062, -7.056771024897179 ] } },
{ "type": "Feature", "properties": { "KODE": 1231908, "KATEGORI": "Sungai/ Rawa", "KETERANGAN": "Sungai", "X": 634269.3, "Y": 9219800.39 }, "geometry": { "type": "Point", "coordinates": [ 112.215704007962813, -7.056769916232147 ] } },
{ "type": "Feature", "properties": { "KODE": 1231909, "KATEGORI": "Sungai/ Rawa", "KETERANGAN": "Sungai", "X": 634281.8, "Y": 9219800.3 }, "geometry": { "type": "Point", "coordinates": [ 112.215817170503996, -7.056770435440444 ] } },
{ "type": "Feature", "properties": { "KODE": 1231910, "KATEGORI": "Sungai/ Rawa", "KETERANGAN": "Sungai", "X": 634294.3, "Y": 9219800.39 }, "geometry": { "type": "Point", "coordinates": [ 112.215930328791643, -7.056769326720643 ] } },
{ "type": "Feature", "properties": { "KODE": 1231911, "KATEGORI": "Sungai/ Rawa", "KETERANGAN": "Sungai", "X": 634306.8, "Y": 9219800.3 }, "geometry": { "type": "Point", "coordinates": [ 112.216043491323532, -7.056769845874038 ] } },
{ "type": "Feature", "properties": { "KODE": 1231912, "KATEGORI": "Sungai/ Rawa", "KETERANGAN": "Sungai", "X": 634319.3, "Y": 9219800.39 }, "geometry": { "type": "Point", "coordinates": [ 112.216156649601089, -7.056768737099471 ] } },
{ "type": "Feature", "properties": { "KODE": 1232088, "KATEGORI": "Sungai/ Rawa", "KETERANGAN": "Alur Irigasi", "X": 636519.3, "Y": 9219800.39 }, "geometry": { "type": "Point", "coordinates": [ 112.236072804496033, -7.056716420971159 ] } },
{ "type": "Feature", "properties": { "KODE": 1232148, "KATEGORI": "Sungai/ Rawa", "KETERANGAN": "Alur Irigasi", "X": 637269.3, "Y": 9219800.39 }, "geometry": { "type": "Point", "coordinates": [ 112.242862367999038, -7.056698391815961 ] } },
{ "type": "Feature", "properties": { "KODE": 1232185, "KATEGORI": "Sungai/ Rawa", "KETERANGAN": "Alur Irigasi", "X": 637731.8, "Y": 9219800.3 }, "geometry": { "type": "Point", "coordinates": [ 112.247049258788408, -7.056688038579036 ] } },
{ "type": "Feature", "properties": { "KODE": 1232205, "KATEGORI": "Sungai/ Rawa", "KETERANGAN": "Alur Irigasi", "X": 637981.8, "Y": 9219800.3 }, "geometry": { "type": "Point", "coordinates": [ 112.249312438993442, -7.056681986638893 ] } },
{ "type": "Feature", "properties": { "KODE": 1232229, "KATEGORI": "Sungai/ Rawa", "KETERANGAN": "Alur Irigasi", "X": 638281.8, "Y": 9219800.3 }, "geometry": { "type": "Point", "coordinates": [ 112.252028252610103, -7.056674709835096 ] } },
{ "type": "Feature", "properties": { "KODE": 1232245, "KATEGORI": "Sungai/ Rawa", "KETERANGAN": "Alur Irigasi", "X": 638481.8, "Y": 9219800.3 }, "geometry": { "type": "Point", "coordinates": [ 112.253838793424777, -7.056669849859495 ] } },
{ "type": "Feature", "properties": { "KODE": 1232280, "KATEGORI": "Sungai/ Rawa", "KETERANGAN": "Alur Irigasi", "X": 638919.3, "Y": 9219800.39 }, "geometry": { "type": "Point", "coordinates": [ 112.257799344796538, -7.056658380256976 ] } },
{ "type": "Feature", "properties": { "KODE": 1232304, "KATEGORI": "Sungai/ Rawa", "KETERANGAN": "Alur Irigasi", "X": 639219.3, "Y": 9219800.39 }, "geometry": { "type": "Point", "coordinates": [ 112.260515149405592, -7.056651054105814 ] } },
{ "type": "Feature", "properties": { "KODE": 1232395, "KATEGORI": "Sungai/ Rawa", "KETERANGAN": "Alur Irigasi", "X": 640356.8, "Y": 9219800.3 }, "geometry": { "type": "Point", "coordinates": [ 112.270812551094963, -7.056623946265658 ] } },
{ "type": "Feature", "properties": { "KODE": 1232402, "KATEGORI": "Sungai/ Rawa", "KETERANGAN": "Alur Irigasi", "X": 640444.3, "Y": 9219800.39 }, "geometry": { "type": "Point", "coordinates": [ 112.271604654793123, -7.056620975100308 ] } },
{ "type": "Feature", "properties": { "KODE": 1232429, "KATEGORI": "Sungai/ Rawa", "KETERANGAN": "Alur Irigasi", "X": 640781.8, "Y": 9219800.3 }, "geometry": { "type": "Point", "coordinates": [ 112.274659920378298, -7.056613455696709 ] } },
{ "type": "Feature", "properties": { "KODE": 1232504, "KATEGORI": "Sungai/ Rawa", "KETERANGAN": "Alur Irigasi", "X": 641719.3, "Y": 9219800.39 }, "geometry": { "type": "Point", "coordinates": [ 112.283146741353079, -7.056589388749453 ] } },
{ "type": "Feature", "properties": { "KODE": 1232603, "KATEGORI": "Sungai/ Rawa", "KETERANGAN": "Alur Irigasi", "X": 642956.8, "Y": 9219800.3 }, "geometry": { "type": "Point", "coordinates": [ 112.29434930616263, -7.05655927257719 ] } },
{ "type": "Feature", "properties": { "KODE": 1232606, "KATEGORI": "Sungai/ Rawa", "KETERANGAN": "Alur Irigasi", "X": 642994.3, "Y": 9219800.39 }, "geometry": { "type": "Point", "coordinates": [ 112.294688774706472, -7.05655751718144 ] } },
{ "type": "Feature", "properties": { "KODE": 1232620, "KATEGORI": "Sungai/ Rawa", "KETERANGAN": "Alur Irigasi", "X": 643169.3, "Y": 9219800.39 }, "geometry": { "type": "Point", "coordinates": [ 112.296272971183612, -7.056553120392539 ] } },
{ "type": "Feature", "properties": { "KODE": 1232632, "KATEGORI": "Sungai/ Rawa", "KETERANGAN": "Alur Irigasi", "X": 643319.3, "Y": 9219800.39 }, "geometry": { "type": "Point", "coordinates": [ 112.29763085307242, -7.056549347439833 ] } },
{ "type": "Feature", "properties": { "KODE": 1241893, "KATEGORI": "Sungai/ Rawa", "KETERANGAN": "Alur Irigasi", "X": 641300.5, "Y": 9217769.0 }, "geometry": { "type": "Point", "coordinates": [ 112.279406031187776, -7.074971014692342 ] } },
{ "type": "Feature", "properties": { "KODE": 1241894, "KATEGORI": "Sungai/ Rawa", "KETERANGAN": "Alur Irigasi", "X": 641300.5, "Y": 9217756.59 }, "geometry": { "type": "Point", "coordinates": [ 112.27940634023399, -7.075083246582357 ] } },
{ "type": "Feature", "properties": { "KODE": 1241895, "KATEGORI": "Sungai/ Rawa", "KETERANGAN": "Alur Irigasi", "X": 641300.5, "Y": 9217744.0 }, "geometry": { "type": "Point", "coordinates": [ 112.279406653767879, -7.075197106331609 ] } },
{ "type": "Feature", "properties": { "KODE": 1341204, "KATEGORI": "Sungai/ Rawa", "KETERANGAN": "Sungai", "X": 646300.5, "Y": 9224331.5 }, "geometry": { "type": "Point", "coordinates": [ 112.324501978680587, -7.015496369239826 ] } },
{ "type": "Feature", "properties": { "KODE": 1341205, "KATEGORI": "Sungai/ Rawa", "KETERANGAN": "Sungai", "X": 646300.5, "Y": 9224319.0 }, "geometry": { "type": "Point", "coordinates": [ 112.324502298202248, -7.015609413311159 ] } },
{ "type": "Feature", "properties": { "KODE": 1341206, "KATEGORI": "Sungai/ Rawa", "KETERANGAN": "Sungai", "X": 646300.5, "Y": 9224306.5 }, "geometry": { "type": "Point", "coordinates": [ 112.324502617729166, -7.015722457381933 ] } },
{ "type": "Feature", "properties": { "KODE": 1341652, "KATEGORI": "Sungai/ Rawa", "KETERANGAN": "Alur Irigasi", "X": 646300.5, "Y": 9218731.59 }, "geometry": { "type": "Point", "coordinates": [ 112.324645650525028, -7.066139243325319 ] } },
{ "type": "Feature", "properties": { "KODE": 1341653, "KATEGORI": "Sungai/ Rawa", "KETERANGAN": "Alur Irigasi", "X": 646300.5, "Y": 9218719.0 }, "geometry": { "type": "Point", "coordinates": [ 112.324645974728938, -7.066253101061503 ] } },
{ "type": "Feature", "properties": { "KODE": 1341654, "KATEGORI": "Sungai/ Rawa", "KETERANGAN": "Alur Irigasi", "X": 646300.5, "Y": 9218706.59 }, "geometry": { "type": "Point", "coordinates": [ 112.324646294302937, -7.066365330966116 ] } },
{ "type": "Feature", "properties": { "KODE": 1341655, "KATEGORI": "Sungai/ Rawa", "KETERANGAN": "Alur Irigasi", "X": 646300.5, "Y": 9218694.0 }, "geometry": { "type": "Point", "coordinates": [ 112.324646618517477, -7.06647918870117 ] } },
{ "type": "Feature", "properties": { "KODE": 1341656, "KATEGORI": "Sungai/ Rawa", "KETERANGAN": "Alur Irigasi", "X": 646300.5, "Y": 9218681.59 }, "geometry": { "type": "Point", "coordinates": [ 112.324646938101949, -7.066591418604669 ] } },
{ "type": "Feature", "properties": { "KODE": 1342638, "KATEGORI": "Sungai/ Rawa", "KETERANGAN": "Alur Irigasi", "X": 646300.5, "Y": 9206406.5 }, "geometry": { "type": "Point", "coordinates": [ 112.324965597668225, -7.177600990367154 ] } },
{ "type": "Feature", "properties": { "KODE": 1361137, "KATEGORI": "Sungai/ Rawa", "KETERANGAN": "Alur Irigasi", "X": 647300.5, "Y": 9225169.0 }, "geometry": { "type": "Point", "coordinates": [ 112.333532070122942, -7.007896817343338 ] } },
{ "type": "Feature", "properties": { "KODE": 1361147, "KATEGORI": "Sungai/ Rawa", "KETERANGAN": "Alur Irigasi", "X": 647300.5, "Y": 9225044.0 }, "geometry": { "type": "Point", "coordinates": [ 112.333535283839296, -7.009027254235931 ] } },
{ "type": "Feature", "properties": { "KODE": 1361168, "KATEGORI": "Sungai/ Rawa", "KETERANGAN": "Alur Irigasi", "X": 647300.5, "Y": 9224781.5 }, "geometry": { "type": "Point", "coordinates": [ 112.333542034372911, -7.011401171528991 ] } },
{ "type": "Feature", "properties": { "KODE": 1361210, "KATEGORI": "Sungai/ Rawa", "KETERANGAN": "Alur Irigasi", "X": 647300.5, "Y": 9224256.5 }, "geometry": { "type": "Point", "coordinates": [ 112.333555542468972, -7.016149005377602 ] } },
{ "type": "Feature", "properties": { "KODE": 1361210, "KATEGORI": "Sungai/ Rawa", "KETERANGAN": "Alur Irigasi", "X": 647300.5, "Y": 9224256.5 }, "geometry": { "type": "Point", "coordinates": [ 112.333555542468972, -7.016149005377602 ] } },
{ "type": "Feature", "properties": { "KODE": 1361226, "KATEGORI": "Sungai/ Rawa", "KETERANGAN": "Alur Irigasi", "X": 647300.5, "Y": 9224056.5 }, "geometry": { "type": "Point", "coordinates": [ 112.33356069087553, -7.017957703727824 ] } },
{ "type": "Feature", "properties": { "KODE": 1361239, "KATEGORI": "Sungai/ Rawa", "KETERANGAN": "Alur Irigasi", "X": 647300.5, "Y": 9223894.0 }, "geometry": { "type": "Point", "coordinates": [ 112.333564874957389, -7.019427271032218 ] } },
{ "type": "Feature", "properties": { "KODE": 1361252, "KATEGORI": "Sungai/ Rawa", "KETERANGAN": "Alur Irigasi", "X": 647300.5, "Y": 9223731.5 }, "geometry": { "type": "Point", "coordinates": [ 112.333569059937176, -7.020896838242306 ] } },
{ "type": "Feature", "properties": { "KODE": 1361253, "KATEGORI": "Sungai/ Rawa", "KETERANGAN": "Alur Irigasi", "X": 647300.5, "Y": 9223719.0 }, "geometry": { "type": "Point", "coordinates": [ 112.333569381895899, -7.021009881869944 ] } },
{ "type": "Feature", "properties": { "KODE": 1361257, "KATEGORI": "Sungai/ Rawa", "KETERANGAN": "Alur Irigasi", "X": 647300.5, "Y": 9223669.0 }, "geometry": { "type": "Point", "coordinates": [ 112.333570669783882, -7.021462056374916 ] } },
{ "type": "Feature", "properties": { "KODE": 1361270, "KATEGORI": "Sungai/ Rawa", "KETERANGAN": "Alur Irigasi", "X": 647300.5, "Y": 9223506.5 }, "geometry": { "type": "Point", "coordinates": [ 112.333574856006976, -7.022931623454395 ] } },
{ "type": "Feature", "properties": { "KODE": 1361284, "KATEGORI": "Sungai/ Rawa", "KETERANGAN": "Alur Irigasi", "X": 647300.5, "Y": 9223331.5 }, "geometry": { "type": "Point", "coordinates": [ 112.333579365251467, -7.024514234049853 ] } },
{ "type": "Feature", "properties": { "KODE": 1361300, "KATEGORI": "Sungai/ Rawa", "KETERANGAN": "Alur Irigasi", "X": 647300.5, "Y": 9223131.5 }, "geometry": { "type": "Point", "coordinates": [ 112.333584519948971, -7.026322931739211 ] } },
{ "type": "Feature", "properties": { "KODE": 1361333, "KATEGORI": "Sungai/ Rawa", "KETERANGAN": "Alur Irigasi", "X": 647300.5, "Y": 9222719.0 }, "geometry": { "type": "Point", "coordinates": [ 112.333595155808652, -7.030053370271874 ] } },
{ "type": "Feature", "properties": { "KODE": 1361335, "KATEGORI": "Sungai/ Rawa", "KETERANGAN": "Alur Irigasi", "X": 647300.5, "Y": 9222694.0 }, "geometry": { "type": "Point", "coordinates": [ 112.333595800592178, -7.030279457436117 ] } },
{ "type": "Feature", "properties": { "KODE": 1361387, "KATEGORI": "Sungai/ Rawa", "KETERANGAN": "Alur Irigasi", "X": 647300.5, "Y": 9222044.0 }, "geometry": { "type": "Point", "coordinates": [ 112.333612572424855, -7.036157722921527 ] } },
{ "type": "Feature", "properties": { "KODE": 1361535, "KATEGORI": "Sungai/ Rawa", "KETERANGAN": "Alur Irigasi", "X": 647300.5, "Y": 9220194.0 }, "geometry": { "type": "Point", "coordinates": [ 112.333660386293019, -7.052888162559316 ] } },
{ "type": "Feature", "properties": { "KODE": 1361661, "KATEGORI": "Sungai/ Rawa", "KETERANGAN": "Alur Irigasi", "X": 647300.5, "Y": 9218619.0 }, "geometry": { "type": "Point", "coordinates": [ 112.333701184442162, -7.067131635277124 ] } },
{ "type": "Feature", "properties": { "KODE": 1361726, "KATEGORI": "Sungai/ Rawa", "KETERANGAN": "Alur Irigasi", "X": 647300.5, "Y": 9217806.59 }, "geometry": { "type": "Point", "coordinates": [ 112.333722261767605, -7.074478641106448 ] } },
{ "type": "Feature", "properties": { "KODE": 1361743, "KATEGORI": "Sungai/ Rawa", "KETERANGAN": "Alur Irigasi", "X": 647300.5, "Y": 9217594.0 }, "geometry": { "type": "Point", "coordinates": [ 112.333727780951492, -7.076401192097681 ] } },
{ "type": "Feature", "properties": { "KODE": 1361776, "KATEGORI": "Sungai/ Rawa", "KETERANGAN": "Alur Irigasi", "X": 647300.5, "Y": 9217181.59 }, "geometry": { "type": "Point", "coordinates": [ 112.333738492174263, -7.080130808522067 ] } },
{ "type": "Feature", "properties": { "KODE": 1361783, "KATEGORI": "Sungai/ Rawa", "KETERANGAN": "Alur Irigasi", "X": 647300.5, "Y": 9217094.0 }, "geometry": { "type": "Point", "coordinates": [ 112.33374076783025, -7.080922925759985 ] } },
{ "type": "Feature", "properties": { "KODE": 1361801, "KATEGORI": "Sungai/ Rawa", "KETERANGAN": "Alur Irigasi", "X": 647300.5, "Y": 9216869.0 }, "geometry": { "type": "Point", "coordinates": [ 112.333746614700942, -7.082957705614264 ] } },
{ "type": "Feature", "properties": { "KODE": 1361910, "KATEGORI": "Sungai/ Rawa", "KETERANGAN": "Alur Irigasi", "X": 647300.5, "Y": 9215506.59 }, "geometry": { "type": "Point", "coordinates": [ 112.333782055209298, -7.095278610255219 ] } },
{ "type": "Feature", "properties": { "KODE": 1362018, "KATEGORI": "Sungai/ Rawa", "KETERANGAN": "Alur Irigasi", "X": 647300.5, "Y": 9214156.59 }, "geometry": { "type": "Point", "coordinates": [ 112.333817235202844, -7.10748727891042 ] } },
{ "type": "Feature", "properties": { "KODE": 1362136, "KATEGORI": "Sungai/ Rawa", "KETERANGAN": "Alur Irigasi", "X": 647300.5, "Y": 9212681.59 }, "geometry": { "type": "Point", "coordinates": [ 112.333855743515542, -7.120826372315891 ] } },
{ "type": "Feature", "properties": { "KODE": 1382449, "KATEGORI": "Sungai/ Rawa", "KETERANGAN": "Sungai", "X": 648300.5, "Y": 9208769.0 }, "geometry": { "type": "Point", "coordinates": [ 112.343012593592604, -7.15618333556273 ] } },
{ "type": "Feature", "properties": { "KODE": 1421053, "KATEGORI": "Sungai/ Rawa", "KETERANGAN": "Alur Irigasi", "X": 650300.5, "Y": 9225169.0 }, "geometry": { "type": "Point", "coordinates": [ 112.36068632731525, -7.007818978526315 ] } },
{ "type": "Feature", "properties": { "KODE": 1421092, "KATEGORI": "Sungai/ Rawa", "KETERANGAN": "Alur Irigasi", "X": 650300.5, "Y": 9224681.5 }, "geometry": { "type": "Point", "coordinates": [ 112.360699118899703, -7.012227632650668 ] } },
{ "type": "Feature", "properties": { "KODE": 1421265, "KATEGORI": "Sungai/ Rawa", "KETERANGAN": "Alur Irigasi", "X": 650300.5, "Y": 9222519.0 }, "geometry": { "type": "Point", "coordinates": [ 112.360755960470058, -7.031783959935838 ] } },
{ "type": "Feature", "properties": { "KODE": 1421288, "KATEGORI": "Sungai/ Rawa", "KETERANGAN": "Alur Irigasi", "X": 650300.5, "Y": 9222231.5 }, "geometry": { "type": "Point", "coordinates": [ 112.360763529662322, -7.034383932823279 ] } },
{ "type": "Feature", "properties": { "KODE": 1421292, "KATEGORI": "Sungai/ Rawa", "KETERANGAN": "Alur Irigasi", "X": 650300.5, "Y": 9222181.5 }, "geometry": { "type": "Point", "coordinates": [ 112.36076484633638, -7.034836101990868 ] } },
{ "type": "Feature", "properties": { "KODE": 1421323, "KATEGORI": "Sungai/ Rawa", "KETERANGAN": "Alur Irigasi", "X": 650300.5, "Y": 9221794.0 }, "geometry": { "type": "Point", "coordinates": [ 112.360775053501897, -7.038340412735951 ] } },
{ "type": "Feature", "properties": { "KODE": 1421334, "KATEGORI": "Sungai/ Rawa", "KETERANGAN": "Alur Irigasi", "X": 650300.5, "Y": 9221656.5 }, "geometry": { "type": "Point", "coordinates": [ 112.36077867665189, -7.039583877709678 ] } },
{ "type": "Feature", "properties": { "KODE": 1421334, "KATEGORI": "Sungai/ Rawa", "KETERANGAN": "Alur Irigasi", "X": 650300.5, "Y": 9221656.5 }, "geometry": { "type": "Point", "coordinates": [ 112.36077867665189, -7.039583877709678 ] } },
{ "type": "Feature", "properties": { "KODE": 1421335, "KATEGORI": "Sungai/ Rawa", "KETERANGAN": "Alur Irigasi", "X": 650300.5, "Y": 9221644.0 }, "geometry": { "type": "Point", "coordinates": [ 112.360779006061705, -7.039696919976655 ] } },
{ "type": "Feature", "properties": { "KODE": 1421336, "KATEGORI": "Sungai/ Rawa", "KETERANGAN": "Alur Irigasi", "X": 650300.5, "Y": 9221631.5 }, "geometry": { "type": "Point", "coordinates": [ 112.360779335476934, -7.039809962243072 ] } },
{ "type": "Feature", "properties": { "KODE": 1421369, "KATEGORI": "Sungai/ Rawa", "KETERANGAN": "Alur Irigasi", "X": 650300.5, "Y": 9221219.0 }, "geometry": { "type": "Point", "coordinates": [ 112.360790209221577, -7.043540356720524 ] } },
{ "type": "Feature", "properties": { "KODE": 1421407, "KATEGORI": "Sungai/ Rawa", "KETERANGAN": "Alur Irigasi", "X": 650300.5, "Y": 9220744.0 }, "geometry": { "type": "Point", "coordinates": [ 112.360802737818489, -7.047835961726306 ] } },
{ "type": "Feature", "properties": { "KODE": 1421419, "KATEGORI": "Sungai/ Rawa", "KETERANGAN": "Alur Irigasi", "X": 650300.5, "Y": 9220594.0 }, "geometry": { "type": "Point", "coordinates": [ 112.36080669584436, -7.04919246840201 ] } },
{ "type": "Feature", "properties": { "KODE": 1421431, "KATEGORI": "Sungai/ Rawa", "KETERANGAN": "Alur Irigasi", "X": 650300.5, "Y": 9220444.0 }, "geometry": { "type": "Point", "coordinates": [ 112.360810654651175, -7.050548974996939 ] } },
{ "type": "Feature", "properties": { "KODE": 1421432, "KATEGORI": "Sungai/ Rawa", "KETERANGAN": "Alur Irigasi", "X": 650300.5, "Y": 9220431.59 }, "geometry": { "type": "Point", "coordinates": [ 112.360810982211419, -7.05066120330561 ] } },
{ "type": "Feature", "properties": { "KODE": 1421474, "KATEGORI": "Sungai/ Rawa", "KETERANGAN": "Alur Irigasi", "X": 650300.5, "Y": 9219906.59 }, "geometry": { "type": "Point", "coordinates": [ 112.360824844411198, -7.055408975728136 ] } },
{ "type": "Feature", "properties": { "KODE": 1421480, "KATEGORI": "Sungai/ Rawa", "KETERANGAN": "Alur Irigasi", "X": 650300.5, "Y": 9219831.59 }, "geometry": { "type": "Point", "coordinates": [ 112.360826825506408, -7.056087228850524 ] } },
{ "type": "Feature", "properties": { "KODE": 1421488, "KATEGORI": "Sungai/ Rawa", "KETERANGAN": "Alur Irigasi", "X": 650300.5, "Y": 9219731.59 }, "geometry": { "type": "Point", "coordinates": [ 112.360829467270392, -7.056991566315596 ] } },
{ "type": "Feature", "properties": { "KODE": 1421547, "KATEGORI": "Sungai/ Rawa", "KETERANGAN": "Alur Irigasi", "X": 650300.5, "Y": 9218994.0 }, "geometry": { "type": "Point", "coordinates": [ 112.36084896337951, -7.063661867913789 ] } },
{ "type": "Feature", "properties": { "KODE": 1421548, "KATEGORI": "Sungai/ Rawa", "KETERANGAN": "Alur Irigasi", "X": 650300.5, "Y": 9218981.59 }, "geometry": { "type": "Point", "coordinates": [ 112.36084929156435, -7.063774096157784 ] } },
{ "type": "Feature", "properties": { "KODE": 1421560, "KATEGORI": "Sungai/ Rawa", "KETERANGAN": "Alur Irigasi", "X": 650300.5, "Y": 9218831.59 }, "geometry": { "type": "Point", "coordinates": [ 112.360853258766198, -7.065130601883467 ] } },
{ "type": "Feature", "properties": { "KODE": 1421589, "KATEGORI": "Sungai/ Rawa", "KETERANGAN": "Alur Irigasi", "X": 650300.5, "Y": 9218469.0 }, "geometry": { "type": "Point", "coordinates": [ 112.360862851776886, -7.068409637622907 ] } },
{ "type": "Feature", "properties": { "KODE": 1421643, "KATEGORI": "Sungai/ Rawa", "KETERANGAN": "Alur Irigasi", "X": 650300.5, "Y": 9217794.0 }, "geometry": { "type": "Point", "coordinates": [ 112.360880722347147, -7.074513911505272 ] } },
{ "type": "Feature", "properties": { "KODE": 1421735, "KATEGORI": "Sungai/ Rawa", "KETERANGAN": "Alur Irigasi", "X": 650300.5, "Y": 9216644.0 }, "geometry": { "type": "Point", "coordinates": [ 112.360911204935078, -7.084913781745786 ] } },
{ "type": "Feature", "properties": { "KODE": 1421910, "KATEGORI": "Sungai/ Rawa", "KETERANGAN": "Alur Irigasi", "X": 650300.5, "Y": 9214456.59 }, "geometry": { "type": "Point", "coordinates": [ 112.360969312471369, -7.104695316538565 ] } },
{ "type": "Feature", "properties": { "KODE": 1422206, "KATEGORI": "Sungai/ Rawa", "KETERANGAN": "Alur Irigasi", "X": 650300.5, "Y": 9210756.59 }, "geometry": { "type": "Point", "coordinates": [ 112.361067979523668, -7.138155706903382 ] } },
{ "type": "Feature", "properties": { "KODE": 1422529, "KATEGORI": "Sungai/ Rawa", "KETERANGAN": "Alur Irigasi", "X": 650300.5, "Y": 9206719.0 }, "geometry": { "type": "Point", "coordinates": [ 112.361176191676734, -7.174668984591705 ] } },
{ "type": "Feature", "properties": { "KODE": 1441018, "KATEGORI": "Sungai/ Rawa", "KETERANGAN": "Alur Irigasi", "X": 651300.5, "Y": 9224656.5 }, "geometry": { "type": "Point", "coordinates": [ 112.369751214475272, -7.012427405210047 ] } },
{ "type": "Feature", "properties": { "KODE": 1441264, "KATEGORI": "Sungai/ Rawa", "KETERANGAN": "Sungai", "X": 651300.5, "Y": 9221581.5 }, "geometry": { "type": "Point", "coordinates": [ 112.369832630162904, -7.040235713701381 ] } },
{ "type": "Feature", "properties": { "KODE": 1441354, "KATEGORI": "Sungai/ Rawa", "KETERANGAN": "Tambak", "X": 651300.5, "Y": 9220456.59 }, "geometry": { "type": "Point", "coordinates": [ 112.369862496526778, -7.05040866273288 ] } },
{ "type": "Feature", "properties": { "KODE": 1441390, "KATEGORI": "Sungai/ Rawa", "KETERANGAN": "Alur Irigasi", "X": 651300.5, "Y": 9220006.59 }, "geometry": { "type": "Point", "coordinates": [ 112.369874456408454, -7.054478166633447 ] } },
{ "type": "Feature", "properties": { "KODE": 1441400, "KATEGORI": "Sungai/ Rawa", "KETERANGAN": "Alur Irigasi", "X": 651300.5, "Y": 9219881.59 }, "geometry": { "type": "Point", "coordinates": [ 112.369877779853439, -7.055608584254464 ] } },
{ "type": "Feature", "properties": { "KODE": 1441407, "KATEGORI": "Sungai/ Rawa", "KETERANGAN": "Alur Irigasi", "X": 651300.5, "Y": 9219794.0 }, "geometry": { "type": "Point", "coordinates": [ 112.369880108983125, -7.056400690456397 ] } },
{ "type": "Feature", "properties": { "KODE": 1441558, "KATEGORI": "Sungai/ Rawa", "KETERANGAN": "Potensi Banjir", "X": 651300.5, "Y": 9217906.59 }, "geometry": { "type": "Point", "coordinates": [ 112.369930362745976, -7.073469175206667 ] } },
{ "type": "Feature", "properties": { "KODE": 1441559, "KATEGORI": "Sungai/ Rawa", "KETERANGAN": "Potensi Banjir", "X": 651300.5, "Y": 9217894.0 }, "geometry": { "type": "Point", "coordinates": [ 112.36993069838249, -7.073583030776851 ] } },
{ "type": "Feature", "properties": { "KODE": 1441560, "KATEGORI": "Sungai/ Rawa", "KETERANGAN": "Potensi Banjir", "X": 651300.5, "Y": 9217881.59 }, "geometry": { "type": "Point", "coordinates": [ 112.369931029225825, -7.073695258546429 ] } },
{ "type": "Feature", "properties": { "KODE": 1441618, "KATEGORI": "Sungai/ Rawa", "KETERANGAN": "Sungai", "X": 651300.5, "Y": 9217156.59 }, "geometry": { "type": "Point", "coordinates": [ 112.369950366642954, -7.080251674419543 ] } }
]
}
