{
"type": "FeatureCollection",
"name": "west_source_line",
"crs": { "type": "name", "properties": { "name": "urn:ogc:def:crs:OGC:1.3:CRS84" } },
"features": [
{ "type": "Feature", "properties": { "Line": 302, "begin": 3021180.5, "end": 3021980.5 }, "geometry": { "type": "MultiLineString", "coordinates": [ [ [ 111.715732838750682, -7.252346954275958 ], [ 111.715578617728283, -7.252772320496604 ], [ 111.715424396450416, -7.25319768668536 ], [ 111.715270174916995, -7.253623052842215 ], [ 111.71511595312802, -7.254048418967161 ], [ 111.714960825276194, -7.254473786485535 ], [ 111.714806601548005, -7.254898248030777 ], [ 111.714652378991588, -7.255323614059694 ], [ 111.714498156179488, -7.255748980056668 ], [ 111.714343933111735, -7.25617434602168 ], [ 111.714189709788272, -7.256599711954725 ], [ 111.71403548620907, -7.257025077855793 ], [ 111.713881262374144, -7.257450443724869 ], [ 111.713727036857833, -7.257874905046207 ], [ 111.713572812511529, -7.258300270851268 ], [ 111.713418587909402, -7.258725636624308 ], [ 111.713264363051437, -7.259151002365326 ], [ 111.713110137937576, -7.259576368074302 ], [ 111.712955912567836, -7.260001733751237 ], [ 111.712801685517888, -7.260426194880304 ], [ 111.712647459636486, -7.260851560493099 ], [ 111.712493233499103, -7.261276926073823 ], [ 111.712339007105726, -7.261702291622457 ], [ 111.712184780456326, -7.262127657139 ], [ 111.712030553550861, -7.262553022623436 ], [ 111.711876326389316, -7.262978388075754 ], [ 111.711722097549, -7.263402848980047 ], [ 111.711567869875452, -7.263828214368091 ], [ 111.711413641945768, -7.264253579723996 ], [ 111.711259413759905, -7.264678945047748 ], [ 111.711105185317834, -7.265104310339335 ], [ 111.710950956619527, -7.265529675598746 ], [ 111.710796726243643, -7.265954136309987 ], [ 111.710642497033064, -7.266379501505011 ], [ 111.710488267566149, -7.266804866667831 ], [ 111.710334037842941, -7.267230231798441 ], [ 111.710179807863369, -7.267655596896827 ], [ 111.71002557762742, -7.268080961962982 ], [ 111.709871347135064, -7.268506326996891 ], [ 111.709717114966523, -7.268930787482473 ], [ 111.709562883961524, -7.269356152451858 ], [ 111.709408652700048, -7.269781517388973 ], [ 111.709254421182067, -7.270206882293807 ], [ 111.709100189407565, -7.27063224716635 ], [ 111.708945957376514, -7.271057612006594 ], [ 111.708791723670458, -7.271482072298348 ], [ 111.708637491126467, -7.271907437073946 ], [ 111.708483258325842, -7.272332801817218 ], [ 111.708329025268554, -7.272758166528146 ], [ 111.70817479195459, -7.273183531206728 ], [ 111.70802055838395, -7.27360889585295 ], [ 111.707866324556562, -7.274034260466803 ], [ 111.70771208905559, -7.274458720532023 ], [ 111.707557854714921, -7.274884085081096 ], [ 111.707403620117432, -7.275309449597769 ], [ 111.707249385263125, -7.275734814082039 ], [ 111.707095150151986, -7.276160178533886 ], [ 111.706940914783956, -7.276585542953309 ], [ 111.706786677743537, -7.27701000282396 ], [ 111.706632441861899, -7.277435367178486 ], [ 111.706478205723329, -7.277860731500552 ], [ 111.706323969327784, -7.278286095790155 ], [ 111.706169732675235, -7.278711460047282 ], [ 111.706015495765655, -7.279136824271921 ], [ 111.705861258599043, -7.279562188464064 ], [ 111.705707019761419, -7.279986648107275 ], [ 111.705552782080844, -7.280412012234386 ], [ 111.705398544143137, -7.280837376328972 ], [ 111.705244305948298, -7.281262740391022 ], [ 111.705090067496272, -7.281688104420525 ], [ 111.704935828787058, -7.282113468417475 ], [ 111.704781588408053, -7.282537927865359 ], [ 111.704627349184591, -7.282963291797159 ], [ 111.704473109703841, -7.283388655696374 ], [ 111.704318869965803, -7.283814019562997 ], [ 111.70416462997045, -7.284239383397018 ], [ 111.704010389717737, -7.284664747198425 ], [ 111.703856149207638, -7.285090110967207 ], [ 111.703701907029171, -7.285514570186746 ], [ 111.703547666004496, -7.285939933890242 ], [ 111.70339342472235, -7.286365297561085 ], [ 111.703239183182745, -7.286790661199269 ], [ 111.70308494138564, -7.287216024804779 ], [ 111.702930699331006, -7.287641388377609 ], [ 111.702776455609211, -7.288065847401072 ], [ 111.702622213039689, -7.288491210908498 ], [ 111.702467970212552, -7.288916574383211 ], [ 111.702313727127816, -7.289341937825204 ], [ 111.702159483785422, -7.289767301234468 ], [ 111.702005240185343, -7.29019266461099 ], [ 111.701850996327579, -7.290618027954766 ], [ 111.701696750804047, -7.291042486749013 ], [ 111.701542506431039, -7.291467850027244 ], [ 111.701388261800233, -7.291893213272696 ], [ 111.701234016911656, -7.29231857648536 ], [ 111.701079771765251, -7.292743939665228 ], [ 111.70092552636099, -7.293169302812283 ], [ 111.700771279292169, -7.293593761409677 ], [ 111.700617033372367, -7.294019124491076 ], [ 111.700462787194652, -7.294444487539637 ], [ 111.700308540758982, -7.294869850555351 ], [ 111.700154294065328, -7.29529521353821 ], [ 111.700000047113676, -7.295720576488198 ], [ 111.699845799904011, -7.296145939405311 ], [ 111.699691551031208, -7.296570397772602 ], [ 111.699536397410085, -7.296995762026647 ], [ 111.699382149425531, -7.297421124844828 ], [ 111.69922790118288, -7.297846487630098 ], [ 111.69907365268206, -7.298271850382438 ], [ 111.698919403923071, -7.298697213101843 ], [ 111.698765153502151, -7.299121671271275 ], [ 111.698610904226967, -7.29954703392477 ], [ 111.698456654693544, -7.299972396545298 ], [ 111.698302404901838, -7.300397759132855 ], [ 111.698148154851836, -7.300823121687426 ], [ 111.697993904543523, -7.301248484209002 ], [ 111.697839653976843, -7.301673846697573 ], [ 111.697685401749652, -7.30209830463603 ], [ 111.69753115066645, -7.302523667058555 ], [ 111.697376899324823, -7.302949029448045 ], [ 111.697222647724743, -7.303374391804492 ], [ 111.697068395866182, -7.303799754127888 ], [ 111.696914143749126, -7.304225116418219 ], [ 111.696759889972782, -7.304649574158303 ], [ 111.696605637338877, -7.305074936382463 ], [ 111.696451384446419, -7.305500298573541 ], [ 111.696297131295339, -7.305925660731513 ], [ 111.696142877885663, -7.306351022856377 ], [ 111.695988624217321, -7.306776384948118 ], [ 111.695834370290314, -7.30720174700673 ], [ 111.695680114705439, -7.307626204514926 ], [ 111.695525860261242, -7.308051566507233 ], [ 111.695371605558307, -7.308476928466379 ], [ 111.695217350596579, -7.308902290392357 ], [ 111.695063095376057, -7.309327652285155 ], [ 111.694908839896726, -7.309753014144765 ], [ 111.694754582760737, -7.310177471453827 ], [ 111.694600326763904, -7.310602833247012 ], [ 111.694446070508192, -7.311028195006982 ], [ 111.694291813993544, -7.311453556733724 ], [ 111.694137557219946, -7.311878918427225 ], [ 111.693983300187384, -7.312304280087483 ], [ 111.693829042895828, -7.31272964171448 ], [ 111.693674783949021, -7.313154098790756 ], [ 111.693520526139622, -7.313579460351194 ], [ 111.693366268071145, -7.314004821878346 ], [ 111.693212009743576, -7.314430183372203 ], [ 111.693057751156886, -7.314855544832755 ], [ 111.692903492311046, -7.315280906259985 ], [ 111.692749231811192, -7.315705363136379 ], [ 111.69259497244721, -7.316130724496939 ], [ 111.692440712824009, -7.316556085824153 ], [ 111.692286452941573, -7.316981447118009 ], [ 111.692132192799846, -7.3174068083785 ], [ 111.691977932398828, -7.317832169605619 ], [ 111.691823671738504, -7.318257530799355 ], [ 111.691669409425586, -7.318681987442091 ], [ 111.691515148246751, -7.319107348569013 ], [ 111.691360886808539, -7.31953270966252 ], [ 111.691206625110894, -7.319958070722603 ], [ 111.691052363153801, -7.320383431749254 ], [ 111.690898100937247, -7.320808792742462 ], [ 111.69074383706932, -7.321233249184539 ], [ 111.69058957433397, -7.321658610110818 ], [ 111.690435311339073, -7.322083971003624 ], [ 111.690281048084614, -7.32250933186295 ], [ 111.690126784570552, -7.32293469268878 ], [ 111.689972520796857, -7.323360053481109 ], [ 111.689818256763544, -7.323785414239927 ], [ 111.689663991080266, -7.324209870447459 ], [ 111.689509726527803, -7.32463523113921 ], [ 111.689355461715621, -7.325060591797425 ], [ 111.68920119664368, -7.325485952422084 ], [ 111.689046931311978, -7.325911313013185 ], [ 111.688892665720473, -7.326336673570716 ], [ 111.688738398480268, -7.326761129576809 ], [ 111.688584132369328, -7.327186490067156 ], [ 111.688429865998529, -7.327611850523902 ], [ 111.688275599367813, -7.328037210947043 ], [ 111.688121332477181, -7.328462571336563 ], [ 111.687967065326603, -7.328887931692454 ], [ 111.687812797916067, -7.329313292014704 ], [ 111.68765852885825, -7.329737747785385 ], [ 111.687504260927923, -7.330163108040319 ], [ 111.687349992737552, -7.330588468261583 ], [ 111.687195724287108, -7.331013828449168 ], [ 111.687041455576562, -7.331439188603068 ], [ 111.686887186605901, -7.331864548723271 ], [ 111.686732915989197, -7.332289004291766 ], [ 111.686578646498447, -7.332714364344533 ], [ 111.686424376747496, -7.33313972436357 ], [ 111.68627010673633, -7.333565084348874 ], [ 111.686115836464921, -7.333990444300428 ], [ 111.685961565933241, -7.33441580421823 ], [ 111.685807295141274, -7.334841164102262 ], [ 111.685653022704685, -7.335265619434438 ], [ 111.685498751392274, -7.3356909792509 ], [ 111.685344479819491, -7.336116339033567 ], [ 111.685190207986324, -7.336541698782427 ], [ 111.685035935892714, -7.336967058497476 ], [ 111.684881663538661, -7.337392418178701 ] ] ] } },
{ "type": "Feature", "properties": { "Line": 303, "begin": 3031180.5, "end": 3032424.5 }, "geometry": { "type": "MultiLineString", "coordinates": [ [ [ 111.67560901556746, -7.302531681074036 ], [ 111.676035026190135, -7.302685716788014 ], [ 111.676460131160553, -7.302839753429656 ], [ 111.676886142301967, -7.302993788284742 ], [ 111.677312153702829, -7.303147822709906 ], [ 111.677738165363138, -7.303301856705138 ], [ 111.678164177282881, -7.303455890270376 ], [ 111.678590189462028, -7.30360992340561 ], [ 111.679015295987455, -7.303763957473654 ], [ 111.679441308685156, -7.303917989749694 ], [ 111.679867321642234, -7.304072021595671 ], [ 111.680293334858675, -7.304226053011529 ], [ 111.680719348334449, -7.304380083997255 ], [ 111.681145362069543, -7.304534114552825 ], [ 111.681571376063957, -7.304688144678214 ], [ 111.68199648440293, -7.304842175742436 ], [ 111.682422498915699, -7.304996205008268 ], [ 111.68284851368773, -7.305150233843848 ], [ 111.683274528719011, -7.305304262249139 ], [ 111.683700544009525, -7.305458290224123 ], [ 111.68412655955926, -7.305612317768787 ], [ 111.684551669452119, -7.305766346257397 ], [ 111.684977685520039, -7.305920372942182 ], [ 111.685403701847122, -7.306074399196557 ], [ 111.685829718433396, -7.306228425020491 ], [ 111.686255735278806, -7.30638245041398 ], [ 111.68668175238335, -7.306536475376964 ], [ 111.687107769747016, -7.306690499909431 ], [ 111.687532881452071, -7.306844525391871 ], [ 111.687958899333708, -7.306998549064115 ], [ 111.688384917474423, -7.307152572305792 ], [ 111.688810935874201, -7.307306595116827 ], [ 111.689236954533015, -7.307460617497221 ], [ 111.689662973450865, -7.307614639446948 ], [ 111.69008808670867, -7.307768662351797 ], [ 111.69051410614432, -7.307922683441011 ], [ 111.690940125838949, -7.308076704099465 ], [ 111.691366145792557, -7.308230724327145 ], [ 111.691792166005115, -7.308384744124028 ], [ 111.692218186476637, -7.30853876349009 ], [ 111.692644207207081, -7.308692782425322 ], [ 111.693069322275761, -7.30884680232167 ], [ 111.693495343523793, -7.309000820395996 ], [ 111.693921365030704, -7.309154838039399 ], [ 111.694347386796494, -7.309308855251845 ], [ 111.694773408821135, -7.309462872033341 ], [ 111.695199431104612, -7.30961688838381 ], [ 111.69562454772489, -7.30977090570057 ], [ 111.696050570525784, -7.309924921189846 ], [ 111.696476593585473, -7.310078936248045 ], [ 111.696902616903955, -7.310232950875156 ], [ 111.697328640481203, -7.31038696507112 ], [ 111.697754664317202, -7.310540978835929 ], [ 111.698180688411938, -7.310694992169557 ], [ 111.698605806841769, -7.310849006475483 ], [ 111.699031831453723, -7.311003018947574 ], [ 111.699457856324344, -7.311157030988386 ], [ 111.699883881453673, -7.311311042597914 ], [ 111.700309906841653, -7.311465053776137 ], [ 111.7007359324883, -7.311619064523023 ], [ 111.701161052468578, -7.31177307624738 ], [ 111.701587078632244, -7.311927086132408 ], [ 111.702013105054519, -7.312081095586018 ], [ 111.702439131735375, -7.312235104608193 ], [ 111.702865158674825, -7.312389113198904 ], [ 111.703291185872828, -7.312543121358141 ], [ 111.703717213329384, -7.312697129085849 ], [ 111.704142335117893, -7.312851137797028 ], [ 111.704568363091269, -7.313005144662516 ], [ 111.70499439132314, -7.313159151096408 ], [ 111.705420419813535, -7.313313157098705 ], [ 111.705846448562383, -7.313467162669336 ], [ 111.706272477569684, -7.313621167808303 ], [ 111.706697600907475, -7.313775173935904 ], [ 111.70712363043144, -7.313929178212343 ], [ 111.707549660213814, -7.314083182057052 ], [ 111.707975690254599, -7.31423718546997 ], [ 111.708401720553752, -7.314391188451097 ], [ 111.708827752538269, -7.314546095514832 ], [ 111.709253783355052, -7.314700097632214 ], [ 111.709678908500635, -7.31485410074423 ], [ 111.710104939833855, -7.315008101998707 ], [ 111.710530971425399, -7.315162102821257 ], [ 111.71095700327524, -7.315316103211863 ], [ 111.711383035383363, -7.315470103170506 ], [ 111.711809067749741, -7.315624102697128 ], [ 111.712234194443496, -7.31577810322357 ], [ 111.712660227326154, -7.315932101886996 ], [ 111.713086260467037, -7.316086100118347 ], [ 111.713512293866131, -7.316240097917608 ], [ 111.713938327523422, -7.316394095284727 ], [ 111.714364361438896, -7.316548092219685 ], [ 111.714790395612525, -7.316702088722463 ], [ 111.715215524111827, -7.316856086231081 ], [ 111.715641558801536, -7.317010081870324 ], [ 111.716067593749358, -7.317164077077288 ], [ 111.716493628955291, -7.317318071851975 ], [ 111.716919664419308, -7.317472066194346 ], [ 111.717345700141408, -7.317626060104383 ], [ 111.717770830187746, -7.317780055025445 ], [ 111.718196866425728, -7.317934048071622 ], [ 111.718622902921766, -7.318088040685388 ], [ 111.719048939675801, -7.318242032866716 ], [ 111.719474976687849, -7.31839602461558 ], [ 111.719901013957895, -7.31855001593197 ], [ 111.720327051485896, -7.318704006815831 ], [ 111.720752183336458, -7.318857998716723 ], [ 111.721178221380157, -7.319011988736366 ], [ 111.721604259681783, -7.319165978323415 ], [ 111.722030298241322, -7.319319967477863 ], [ 111.722456337058773, -7.319473956199652 ], [ 111.722882376134109, -7.319627944488776 ], [ 111.723307509530542, -7.319781933800093 ], [ 111.723733549121377, -7.319935921224689 ], [ 111.724159588970068, -7.320089908216552 ], [ 111.724585629076572, -7.320243894775632 ], [ 111.725011669440903, -7.32039788090191 ], [ 111.725437710063019, -7.320551866595368 ], [ 111.725863750942935, -7.32070585185598 ], [ 111.726288886142285, -7.320859838144837 ], [ 111.726714927537486, -7.321013822540566 ], [ 111.727140969190444, -7.321167806503365 ], [ 111.727567011101115, -7.321321790033212 ], [ 111.7279930532695, -7.321475773130085 ], [ 111.728419095695585, -7.321629755793973 ], [ 111.728844232439656, -7.321783739491247 ], [ 111.72927027538087, -7.321937721289926 ], [ 111.729696318579727, -7.322091702655523 ], [ 111.730122362036226, -7.32224568358802 ], [ 111.730548405750341, -7.3223996640874 ], [ 111.730974449722083, -7.322553644153611 ], [ 111.731400493951398, -7.322707623786637 ], [ 111.731825632497035, -7.322861604459105 ], [ 111.732251677241294, -7.32301558322658 ], [ 111.732677722243082, -7.323169561560817 ], [ 111.733103767502399, -7.323323539461749 ], [ 111.73352981301926, -7.323477516929374 ], [ 111.733955858793607, -7.323631493963666 ], [ 111.734380998882841, -7.323785472042565 ], [ 111.734807045171934, -7.323939448211015 ], [ 111.735233091718499, -7.324093423946033 ], [ 111.735659138522507, -7.324247399247614 ], [ 111.736085185583946, -7.324401374115731 ], [ 111.736511232902799, -7.324555348550363 ], [ 111.736937280479054, -7.324709322551493 ], [ 111.73736242236852, -7.324863297603256 ], [ 111.737788470459321, -7.325017270738152 ], [ 111.738214518807467, -7.325171243439459 ], [ 111.738640567412972, -7.325325215707145 ], [ 111.739066616275792, -7.325479187541207 ], [ 111.739492665395929, -7.325633158941586 ], [ 111.739917808827855, -7.325787131397787 ], [ 111.740343858462353, -7.325941101931638 ], [ 111.740769908354139, -7.326095072031747 ], [ 111.741195958503155, -7.326249041698101 ], [ 111.741622008909431, -7.32640301093064 ], [ 111.742048059572923, -7.326556979729358 ], [ 111.742474110493632, -7.326710948094225 ], [ 111.742899255724453, -7.32686491752096 ], [ 111.743325307159324, -7.327018885018962 ], [ 111.743751358851355, -7.327172852083024 ], [ 111.744177410800546, -7.327326818713134 ], [ 111.744603463006854, -7.327480784909273 ], [ 111.745029515470307, -7.327634750671405 ], [ 111.745454662242452, -7.3277887175006 ], [ 111.745880715219869, -7.32794268239554 ], [ 111.746306768454374, -7.328096646856403 ], [ 111.746732821945955, -7.328250610883163 ], [ 111.747158875694566, -7.328404574475794 ], [ 111.747584929700224, -7.328558537634284 ], [ 111.748010983962899, -7.328712500358579 ], [ 111.748436132532603, -7.328866464155958 ], [ 111.748862187309058, -7.329020426012703 ], [ 111.749288242342487, -7.329174387435191 ], [ 111.749714297632863, -7.329328348423408 ], [ 111.7501403531802, -7.3294823089773 ], [ 111.750566408984483, -7.329636269096858 ], [ 111.750991560609393, -7.329791134799974 ], [ 111.751417616928165, -7.329945094051596 ], [ 111.751843673503814, -7.330099052868792 ], [ 111.752269730336323, -7.330253011251548 ], [ 111.752695787425708, -7.330406969199843 ], [ 111.75312184477194, -7.33056092671365 ], [ 111.75354790237499, -7.330714883792957 ], [ 111.753973054282, -7.330868841956565 ], [ 111.754399112398445, -7.33102279816764 ], [ 111.754825170771682, -7.331176753944123 ], [ 111.755251229401679, -7.33133070928599 ], [ 111.755677288288439, -7.331484664193232 ], [ 111.756103347431946, -7.33163861866579 ], [ 111.756528500877963, -7.331792574227848 ], [ 111.75695456053468, -7.331946527831881 ], [ 111.757380620448103, -7.332100481001171 ], [ 111.757806680618202, -7.332254433735705 ], [ 111.758232741044964, -7.332408386035428 ], [ 111.758658801728387, -7.332562337900327 ], [ 111.759084862668445, -7.332716289330378 ], [ 111.759510017909378, -7.332870241855984 ], [ 111.759936079362461, -7.333024192417172 ], [ 111.760362141072122, -7.333178142543418 ], [ 111.760788203038359, -7.333332092234714 ], [ 111.761214265261174, -7.333486041491037 ], [ 111.761640327740523, -7.333639990312355 ], [ 111.76206548451934, -7.33379394023443 ], [ 111.762491547511544, -7.333947888186559 ], [ 111.76291761076024, -7.334101835703614 ], [ 111.763343674265442, -7.334255782785561 ], [ 111.763769738027108, -7.334409729432379 ], [ 111.764195802045236, -7.33456367564406 ], [ 111.764621866319814, -7.334717621420545 ], [ 111.765047024892212, -7.334871568303821 ], [ 111.765473089679404, -7.335025513210757 ], [ 111.76589915472303, -7.335179457682436 ], [ 111.766325220023035, -7.335333401718848 ], [ 111.766751285579403, -7.335487345319931 ], [ 111.767177351392135, -7.335641288485684 ], [ 111.767602511501266, -7.33579523276342 ], [ 111.768028577826456, -7.335949175059317 ], [ 111.768454644407967, -7.33610311691982 ], [ 111.768880711245771, -7.336257058344867 ], [ 111.769306778339853, -7.336410999334452 ], [ 111.769732845690214, -7.33656493988855 ], [ 111.770158913296825, -7.336718880007134 ], [ 111.770584075198201, -7.336872821243777 ], [ 111.771010143317071, -7.337026760492145 ], [ 111.771436211692148, -7.337180699304923 ], [ 111.771862280323418, -7.337334637682086 ], [ 111.772288349210882, -7.337488575623607 ], [ 111.772714418354497, -7.337642513129475 ], [ 111.773139581791469, -7.337796451758567 ], [ 111.773565651447171, -7.337950388393899 ], [ 111.773991721358982, -7.338104324593484 ], [ 111.774417791526915, -7.338258260357303 ], [ 111.774843861950941, -7.338412195685342 ], [ 111.775269932631048, -7.338566130577543 ], [ 111.775696003567219, -7.338720065033896 ], [ 111.776121168795086, -7.338874000619547 ], [ 111.776547240243119, -7.33902793420502 ], [ 111.776973311947188, -7.339181867354587 ], [ 111.777399383907252, -7.339335800068187 ], [ 111.777825456123296, -7.339489732345815 ], [ 111.778251528595334, -7.339643664187437 ], [ 111.778676695357674, -7.339797597163554 ], [ 111.779102768341389, -7.339951528134012 ], [ 111.779528841581055, -7.340105458668371 ], [ 111.77995491507663, -7.340259388766628 ], [ 111.780380988828099, -7.340413318428757 ], [ 111.780807062835464, -7.340567247654731 ], [ 111.78123313709871, -7.34072117644454 ], [ 111.781658305650609, -7.340875106374891 ], [ 111.782084380425331, -7.341029034293139 ], [ 111.782510455455878, -7.341182961775131 ], [ 111.782936530742248, -7.341336888820841 ], [ 111.783362606284427, -7.341490815430257 ], [ 111.783788682082374, -7.341644741603325 ], [ 111.784213852167596, -7.341798668922145 ], [ 111.784639928476864, -7.341952594223359 ], [ 111.78506600504187, -7.342106519088163 ], [ 111.7854920818626, -7.342260443516547 ], [ 111.78591815893904, -7.342414367508453 ], [ 111.786344236271177, -7.342568291063871 ], [ 111.786770313859009, -7.342722214182771 ], [ 111.787195485732468, -7.342876138453498 ], [ 111.787621563831379, -7.343030060700208 ], [ 111.788047642185958, -7.343183982510312 ], [ 111.788473720796148, -7.343337903883797 ], [ 111.788899799661948, -7.343491824820645 ], [ 111.78932587878333, -7.34364574532082 ], [ 111.789751052188961, -7.343799666978042 ], [ 111.790177131821281, -7.343953586605702 ], [ 111.790603211709154, -7.344107505796619 ], [ 111.791029291852567, -7.344261424550766 ], [ 111.791455372251491, -7.344415342868119 ], [ 111.791881452905926, -7.344569260748665 ], [ 111.792307533815844, -7.344723178192351 ], [ 111.792732709008376, -7.344877096799132 ], [ 111.793158792032486, -7.345031917865585 ], [ 111.793584873709477, -7.345185833999385 ], [ 111.794010955641909, -7.345339749696222 ], [ 111.794437037829752, -7.345493664956082 ], [ 111.794863120272993, -7.345647579778945 ], [ 111.795288296997441, -7.345801495770107 ], [ 111.795714379951235, -7.345955409719799 ], [ 111.79614046316037, -7.3461093232324 ], [ 111.796566546624859, -7.346263236307897 ], [ 111.79699263034469, -7.346417148946265 ], [ 111.797418714319818, -7.346571061147482 ], [ 111.797844798550258, -7.346724972911532 ], [ 111.798269977060272, -7.346878885849941 ], [ 111.798696061801053, -7.347032796740436 ], [ 111.799122146797089, -7.347186707193672 ], [ 111.799548232048352, -7.347340617209625 ], [ 111.79997431755487, -7.347494526788291 ], [ 111.800400403316573, -7.347648435929602 ], [ 111.800826489333474, -7.347802344633561 ], [ 111.801251669628343, -7.34795625451796 ], [ 111.801677756155399, -7.348110162348016 ], [ 111.802103842937584, -7.348264069740651 ], [ 111.802529929974924, -7.348417976695807 ], [ 111.802956017267391, -7.348571883213476 ], [ 111.803382104814958, -7.348725789293635 ], [ 111.803807286639085, -7.34887969655945 ], [ 111.804233374696622, -7.349033601765417 ], [ 111.804659463009202, -7.349187506533776 ], [ 111.805085551576838, -7.349341410864518 ], [ 111.805511640399516, -7.349495314757623 ], [ 111.805937729477222, -7.349649218213059 ], [ 111.806363818809928, -7.349803121230821 ], [ 111.806789002417574, -7.349957025440304 ], [ 111.807215092260023, -7.350110927583485 ], [ 111.807641182357429, -7.350264829288892 ], [ 111.808067272709792, -7.350418730556507 ] ] ] } },
{ "type": "Feature", "properties": { "Line": 301, "begin": 3011180.5, "end": 3012424.5 }, "geometry": { "type": "MultiLineString", "coordinates": [ [ [ 111.672522600917205, -7.311036098979901 ], [ 111.672948619073352, -7.311190136910632 ], [ 111.673374637489488, -7.311344174411138 ], [ 111.673800656165596, -7.311498211481413 ], [ 111.67422667510165, -7.311652248121393 ], [ 111.674652694297649, -7.311806284331078 ], [ 111.675078713753578, -7.311960320110432 ], [ 111.675503827538833, -7.312114356816766 ], [ 111.675929847514354, -7.31226839173629 ], [ 111.676355867749749, -7.312422426225395 ], [ 111.676781888245017, -7.312576460284072 ], [ 111.677207909000131, -7.312730493912294 ], [ 111.677633930015105, -7.312884527110035 ], [ 111.678059045357912, -7.313038561239922 ], [ 111.678485066892279, -7.313192593577512 ], [ 111.678911088686448, -7.31334662548454 ], [ 111.679337110740406, -7.313500656960988 ], [ 111.679763133054124, -7.313654688006828 ], [ 111.680189155627573, -7.313808718622052 ], [ 111.680615178460783, -7.313962748806592 ], [ 111.681040295620136, -7.31411677992928 ], [ 111.681466318972525, -7.31427080925331 ], [ 111.681892342584632, -7.314424838146607 ], [ 111.682318366456414, -7.314578866609156 ], [ 111.682744390587843, -7.314732894640901 ], [ 111.683170414978946, -7.314886922241833 ], [ 111.683595533694699, -7.315040950786058 ], [ 111.684021558604826, -7.31519497752617 ], [ 111.684447583774542, -7.315349003835406 ], [ 111.684873609203862, -7.315503029713711 ], [ 111.685299634892743, -7.315657055161073 ], [ 111.6857256608412, -7.315811080177468 ], [ 111.68615168704919, -7.315965104762869 ], [ 111.686576807580153, -7.316119130297596 ], [ 111.687002834306981, -7.316273154021817 ], [ 111.687428861293299, -7.316427177314972 ], [ 111.687854888539107, -7.316581200177025 ], [ 111.688280916044377, -7.316735222607962 ], [ 111.688706943809123, -7.316889244607764 ], [ 111.68913206589535, -7.31704326756202 ], [ 111.68955809417875, -7.31719728870032 ], [ 111.689984122721555, -7.317351309407397 ], [ 111.69041015152375, -7.317505329683224 ], [ 111.690836180585336, -7.317659349527792 ], [ 111.691262209906299, -7.317813368941043 ], [ 111.691688239486595, -7.317967387922965 ], [ 111.692113363386696, -7.318121407865376 ], [ 111.692539393485447, -7.318275425985454 ], [ 111.692965423843518, -7.318429443674145 ], [ 111.69339145446088, -7.31858346093139 ], [ 111.693817485337519, -7.318737477757182 ], [ 111.694243516473435, -7.318891494151488 ], [ 111.694668641927677, -7.319045511511447 ], [ 111.695094673581835, -7.31919952704362 ], [ 111.695520705495241, -7.319353542144222 ], [ 111.695946737667853, -7.319507556813235 ], [ 111.696372770099657, -7.319661571050643 ], [ 111.696798802790639, -7.319815584856417 ], [ 111.697224835740784, -7.319969598230547 ], [ 111.697649963007564, -7.320123612576327 ], [ 111.698075996475765, -7.320277625087932 ], [ 111.698502030203088, -7.320431637167795 ], [ 111.698928064189516, -7.320585648815896 ], [ 111.699354098435037, -7.320739660032227 ], [ 111.699780132939651, -7.320893670816725 ], [ 111.700205261759422, -7.321047682578056 ], [ 111.700631296781893, -7.321201692499737 ], [ 111.701057332063414, -7.321355701989527 ], [ 111.701483367603956, -7.321509711047417 ], [ 111.701909403403477, -7.321663719673349 ], [ 111.702335439462018, -7.321817727867308 ], [ 111.702761475779525, -7.321971735629281 ], [ 111.703186606410483, -7.322125744374104 ], [ 111.703612643245663, -7.322279751272915 ], [ 111.704038680339764, -7.322433757739635 ], [ 111.704464717692787, -7.322587763774261 ], [ 111.704890755304731, -7.322741769376762 ], [ 111.705316793175527, -7.322895774547122 ], [ 111.705741925358353, -7.323049780705516 ], [ 111.70616796374668, -7.323203785012386 ], [ 111.706594002393828, -7.323357788887034 ], [ 111.707020041299799, -7.32351179232943 ], [ 111.707446080464592, -7.323665795339553 ], [ 111.707872119888194, -7.323819797917386 ], [ 111.70829815957056, -7.323973800062881 ], [ 111.708723294991927, -7.324128707716494 ], [ 111.709149335192492, -7.324282708998053 ], [ 111.709575375651781, -7.324436709847228 ], [ 111.710001416369806, -7.324590710263951 ], [ 111.71042745734654, -7.324744710248226 ], [ 111.710853498581983, -7.324898709800014 ], [ 111.711278634126288, -7.32505271035102 ], [ 111.711704675878835, -7.325206709038675 ], [ 111.712130717890034, -7.325360707293758 ], [ 111.71255676015987, -7.325514705116254 ], [ 111.712982802688316, -7.325668702506143 ], [ 111.713408845475385, -7.325822699463399 ], [ 111.713834888521049, -7.325976695988008 ], [ 111.714260025873884, -7.326130693517852 ], [ 111.714686069436453, -7.326284689177936 ], [ 111.715112113257589, -7.32643868440528 ], [ 111.715538157337249, -7.326592679199866 ], [ 111.715964201675419, -7.326746673561679 ], [ 111.716390246272084, -7.32690066749066 ], [ 111.716816291127273, -7.327054660986799 ], [ 111.717241430287928, -7.327208655494225 ], [ 111.717667475659795, -7.3273626481255 ], [ 111.718093521290129, -7.327516640323869 ], [ 111.718519567178888, -7.327670632089284 ], [ 111.718945613326056, -7.327824623421727 ], [ 111.719371659731621, -7.327978614321179 ], [ 111.719796800441244, -7.328132606237083 ], [ 111.720222847363345, -7.328286596271379 ], [ 111.7206488945438, -7.328440585872583 ], [ 111.721074941982607, -7.328594575040695 ], [ 111.721500989679754, -7.328748563775679 ], [ 111.721927037635197, -7.328902552077521 ], [ 111.722353085848937, -7.329056539946203 ], [ 111.722778228365044, -7.329210528837361 ], [ 111.723204277095121, -7.329364515840494 ], [ 111.723630326083452, -7.329518502410374 ], [ 111.724056375330022, -7.329672488546978 ], [ 111.724482424834818, -7.329826474250301 ], [ 111.724908474597811, -7.329980459520279 ], [ 111.725333618661736, -7.330134445817924 ], [ 111.725759668940896, -7.33028843022206 ], [ 111.726185719478224, -7.330442414192791 ], [ 111.726611770273692, -7.330596397730111 ], [ 111.727037821327301, -7.330750380833955 ], [ 111.727463872639049, -7.330904363504324 ], [ 111.727889924208881, -7.33105834574118 ], [ 111.728315070077983, -7.33121232901175 ], [ 111.728741122163768, -7.331366310382422 ], [ 111.729167174507609, -7.331520291319499 ], [ 111.729593227109504, -7.331674271822965 ], [ 111.73001927996944, -7.331828251892797 ], [ 111.730445333087388, -7.33198223152897 ], [ 111.730870480503171, -7.332136212204042 ], [ 111.731296534136888, -7.332290190973707 ], [ 111.731722588028575, -7.332444169309633 ], [ 111.732148642178245, -7.332598147211796 ], [ 111.732574696585843, -7.332752124680169 ], [ 111.733000751251382, -7.332906101714749 ], [ 111.733426806174847, -7.333060078315465 ], [ 111.733851955394442, -7.333214055961121 ], [ 111.734278010833464, -7.333368031694974 ], [ 111.734704066530341, -7.333522006994912 ], [ 111.735130122485103, -7.33367598186092 ], [ 111.735556178697692, -7.333829956292948 ], [ 111.735982235168109, -7.33398393029098 ], [ 111.736407385933234, -7.334137905339126 ], [ 111.73683344291905, -7.334291878469984 ], [ 111.737259500162637, -7.334445851166791 ], [ 111.737685557664008, -7.334599823429482 ], [ 111.738111615423122, -7.334753795258052 ], [ 111.738537673439993, -7.334907766652478 ], [ 111.738963731714577, -7.335061737612725 ], [ 111.739388884282192, -7.335215709629153 ], [ 111.739814943071963, -7.335369679721868 ], [ 111.740241002119419, -7.335523649380336 ], [ 111.740667061424531, -7.335677618604524 ], [ 111.741093120987301, -7.335831587394417 ], [ 111.741519180807714, -7.335985555749995 ], [ 111.741944334919722, -7.336139525166906 ], [ 111.742370395255122, -7.336293492654629 ], [ 111.742796455848151, -7.336447459707948 ], [ 111.743222516698722, -7.336601426326835 ], [ 111.74364857780688, -7.336755392511289 ], [ 111.744074639172581, -7.336909358261242 ], [ 111.744500700795811, -7.337063323576694 ], [ 111.744925856708988, -7.337217289959534 ], [ 111.745351918847035, -7.337371254406782 ], [ 111.745777981242554, -7.337525218419462 ], [ 111.74620404389556, -7.337679181997521 ], [ 111.746630106806037, -7.337833145140943 ], [ 111.747056169973945, -7.337987107849705 ], [ 111.74748132743035, -7.338141071631048 ], [ 111.747907391112903, -7.338295033471322 ], [ 111.74833345505283, -7.33844899487684 ], [ 111.748759519250171, -7.338602955847598 ], [ 111.749185583704872, -7.338756916383566 ], [ 111.749611648416916, -7.33891087648472 ], [ 111.750037713386334, -7.339064836151053 ], [ 111.750462872642572, -7.339218796896 ], [ 111.750888939643232, -7.339373660198374 ], [ 111.751315005385251, -7.339527618560814 ], [ 111.751741071384558, -7.339681576488323 ], [ 111.752167137641123, -7.339835533980855 ], [ 111.752593204154948, -7.33998949103839 ], [ 111.753018364954201, -7.34014344917975 ], [ 111.753444431982274, -7.34029740536811 ], [ 111.753870499267549, -7.340451361121418 ], [ 111.754296566810027, -7.340605316439618 ], [ 111.754722634609692, -7.340759271322693 ], [ 111.755148702666517, -7.34091322577062 ], [ 111.755574770980502, -7.341067179783374 ], [ 111.755999933578238, -7.341221134886026 ], [ 111.756426002406258, -7.34137508802925 ], [ 111.756852071491394, -7.341529040737226 ], [ 111.757278140833606, -7.341682993009923 ], [ 111.757704210432905, -7.341836944847324 ], [ 111.758130280289279, -7.341990896249412 ], [ 111.758555444427984, -7.342144848746553 ], [ 111.758981514798208, -7.342298799278787 ], [ 111.75940758542545, -7.342452749375616 ], [ 111.759833656309709, -7.342606699037016 ], [ 111.760259727450944, -7.34276064826298 ], [ 111.760685798849181, -7.342914597053444 ], [ 111.761111870504351, -7.343068545408406 ], [ 111.761537036440217, -7.343222494864495 ], [ 111.761963108609052, -7.34337644234926 ], [ 111.76238918103482, -7.343530389398455 ], [ 111.762815253717477, -7.343684336012025 ], [ 111.763241326657024, -7.343838282189962 ], [ 111.763667399853432, -7.343992227932237 ], [ 111.764092567329129, -7.344146174780843 ], [ 111.764518641039018, -7.34430011965263 ], [ 111.764944715005754, -7.344454064088667 ], [ 111.765370789229308, -7.344608008088943 ], [ 111.765796863709653, -7.344761951653424 ], [ 111.766222938446788, -7.344915894782098 ], [ 111.766649013440684, -7.345069837474949 ], [ 111.767074182712193, -7.345223781280168 ], [ 111.767500258219371, -7.345377723102143 ], [ 111.767926333983283, -7.345531664488194 ], [ 111.768352410003885, -7.345685605438306 ], [ 111.768778486281192, -7.345839545952468 ], [ 111.769204562815176, -7.345993486030618 ], [ 111.769629733625379, -7.346147427226361 ], [ 111.770055810672474, -7.346301366433344 ], [ 111.770481887976203, -7.346455305204252 ], [ 111.770907965536551, -7.346609243539088 ], [ 111.771334043353519, -7.34676318143778 ], [ 111.771760121427064, -7.346917118900328 ], [ 111.772186199757201, -7.347071055926707 ], [ 111.772611372361894, -7.347224994076737 ], [ 111.773037451204914, -7.3473789302316 ], [ 111.773463530304497, -7.3475328659502 ], [ 111.773889609660571, -7.347686801232521 ], [ 111.774315689273152, -7.347840736078544 ], [ 111.774741769142224, -7.347994670488241 ], [ 111.775166943284475, -7.348148606026808 ], [ 111.775593023666261, -7.348302539564671 ], [ 111.776019104304495, -7.348456472666126 ], [ 111.776445185199179, -7.348610405331153 ], [ 111.77687126635027, -7.34876433755973 ], [ 111.777297347757766, -7.348918269351838 ], [ 111.777723429421641, -7.349072200707426 ], [ 111.778148605357046, -7.349226133197944 ], [ 111.778574687533435, -7.349380063681336 ], [ 111.779000769966174, -7.349533993728148 ], [ 111.779426852655234, -7.349687923338367 ], [ 111.779852935600616, -7.349841852511936 ], [ 111.780279018802304, -7.349995781248846 ], [ 111.780704196274101, -7.35014971112589 ], [ 111.781130279988105, -7.350303638990297 ], [ 111.781556363958373, -7.350457566417986 ], [ 111.781982448184891, -7.350611493408895 ], [ 111.782408532667645, -7.350765419963021 ], [ 111.782834617406593, -7.35091934608033 ], [ 111.783260702401748, -7.351073271760798 ], [ 111.783685881665349, -7.351227198587493 ], [ 111.78411196717262, -7.351381123395102 ], [ 111.784538052936057, -7.351535047765799 ], [ 111.78496413895563, -7.351688971699553 ], [ 111.785390225231325, -7.351842895196341 ], [ 111.785816311763128, -7.35199681825615 ], [ 111.786241492561985, -7.352150742467356 ], [ 111.786667579605748, -7.352304664653984 ], [ 111.787093666905562, -7.352458586403539 ], [ 111.787519754461428, -7.352612507716002 ], [ 111.787945842273331, -7.352766428591361 ], [ 111.788371930341256, -7.352920349029556 ], [ 111.78879801866519, -7.353074269030582 ], [ 111.789223201254543, -7.353228190189092 ], [ 111.78964929009021, -7.35338210931659 ], [ 111.790075379181857, -7.353536028006855 ], [ 111.790501468529442, -7.353689946259832 ], [ 111.790927558132964, -7.353843864075507 ], [ 111.791353647992395, -7.353997781453854 ], [ 111.791778832115867, -7.3541516999949 ], [ 111.79220492248686, -7.354305616499431 ], [ 111.792631013113748, -7.354459532566546 ], [ 111.793057105601861, -7.354614352691516 ], [ 111.793483196741349, -7.354768267883647 ], [ 111.793909288136661, -7.354922182638317 ], [ 111.794335379787782, -7.355076096955462 ], [ 111.794760565701296, -7.355230012441384 ], [ 111.795186657863781, -7.355383925884342 ], [ 111.795612750282046, -7.355537838889713 ], [ 111.796038842956065, -7.355691751457496 ], [ 111.796464935885808, -7.35584566358763 ], [ 111.79689102907129, -7.355999575280101 ], [ 111.797316216517757, -7.356153488146565 ], [ 111.797742310214446, -7.356307398964542 ], [ 111.798168404166788, -7.356461309344797 ], [ 111.798594498374811, -7.356615219287273 ], [ 111.799020592838488, -7.356769128791964 ], [ 111.79944668755779, -7.356923037858841 ], [ 111.799872782532731, -7.357076946487882 ], [ 111.800297971767037, -7.357230856297012 ], [ 111.800724067252943, -7.357384764051195 ], [ 111.801150162994446, -7.357538671367462 ], [ 111.801576258991503, -7.357692578245787 ], [ 111.802002355244113, -7.35784648468615 ], [ 111.802428451752263, -7.358000390688534 ], [ 111.802853642518386, -7.358154297876189 ], [ 111.803279739537331, -7.358308203003395 ], [ 111.803705836811773, -7.358462107692531 ], [ 111.804131934341697, -7.358616011943569 ], [ 111.804558032127076, -7.358769915756509 ], [ 111.804984130167895, -7.358923819131282 ] ] ] } },
{ "type": "Feature", "properties": { "Line": 306, "begin": 3061180.5, "end": 3062004.5 }, "geometry": { "type": "MultiLineString", "coordinates": [ [ [ 111.733690800576866, -7.255956275321302 ], [ 111.733536596129923, -7.256381646022093 ], [ 111.733382389963566, -7.256806112179857 ], [ 111.733228185007277, -7.257231482818226 ], [ 111.733073979796188, -7.257656853425379 ], [ 111.732919774330242, -7.258082224001301 ], [ 111.732765568609452, -7.258507594545989 ], [ 111.732611362633762, -7.258932965059429 ], [ 111.732457154939837, -7.2593574310297 ], [ 111.732302948454517, -7.259782801480602 ], [ 111.732148741714227, -7.260208171900231 ], [ 111.731994534718936, -7.260633542288574 ], [ 111.731840327468646, -7.261058912645621 ], [ 111.7316861199633, -7.26148428297136 ], [ 111.731531912202897, -7.261909653265785 ], [ 111.731377702725652, -7.262334119016875 ], [ 111.731223494455264, -7.262759489248628 ], [ 111.731069285929735, -7.263184859449037 ], [ 111.730915077149049, -7.263610229618091 ], [ 111.73076086811318, -7.264035599755782 ], [ 111.730606658822083, -7.264460969862095 ], [ 111.730452447815324, -7.264885435424913 ], [ 111.730298238013958, -7.265310805468439 ], [ 111.73014402795728, -7.26573617548056 ], [ 111.729989817645304, -7.26616154546127 ], [ 111.729835607077987, -7.266586915410559 ], [ 111.729681396255302, -7.267012285328414 ], [ 111.729527185177233, -7.267437655214828 ], [ 111.729372972384866, -7.267862120557592 ], [ 111.729218760796172, -7.268287490381075 ], [ 111.72906454895201, -7.268712860173091 ], [ 111.728910336852351, -7.269138229933625 ], [ 111.728756124497181, -7.269563599662667 ], [ 111.728601911886471, -7.269988969360213 ], [ 111.728447697562657, -7.270413434513956 ], [ 111.728293484441025, -7.270838804148454 ], [ 111.728139271063768, -7.271264173751423 ], [ 111.727985057430871, -7.271689543322851 ], [ 111.727830843542321, -7.272114912862732 ], [ 111.727676629398076, -7.272540282371049 ], [ 111.72752241499812, -7.272965651847801 ], [ 111.727368198886438, -7.273390116780589 ], [ 111.727213983975204, -7.273815486194159 ], [ 111.727059768808175, -7.274240855576132 ], [ 111.726905553385336, -7.274666224926494 ], [ 111.726751337706659, -7.27509159424524 ], [ 111.726597121772116, -7.275516963532363 ], [ 111.72644290412704, -7.275941428275368 ], [ 111.72628868768092, -7.276366797499189 ], [ 111.726134470978863, -7.276792166691351 ], [ 111.72598025402084, -7.277217535851847 ], [ 111.725826036806836, -7.277642904980669 ], [ 111.725671819336824, -7.278068274077802 ], [ 111.725517601610747, -7.278493643143242 ], [ 111.725363382175544, -7.278918107664389 ], [ 111.725209163937564, -7.27934347666639 ], [ 111.72505494544346, -7.279768845636672 ], [ 111.724900726693221, -7.280194214575212 ], [ 111.724746507686817, -7.280619583482014 ], [ 111.724592288424219, -7.281044952357055 ], [ 111.724438067453676, -7.281469416687684 ], [ 111.724283847678862, -7.281894785499174 ], [ 111.724129627647784, -7.282320154278885 ], [ 111.723975407360427, -7.282745523026797 ], [ 111.723821186816735, -7.283170891742911 ], [ 111.723666966016722, -7.283596260427206 ], [ 111.723512744960345, -7.284021629079684 ], [ 111.723358522197387, -7.284446093187579 ], [ 111.723204300628439, -7.284871461776362 ], [ 111.723050078803041, -7.285296830333299 ], [ 111.722895856721181, -7.28572219885837 ], [ 111.722741634382842, -7.286147567351571 ], [ 111.722587411787984, -7.286572935812891 ], [ 111.722433187487766, -7.286997399729485 ], [ 111.722278964380024, -7.287422768126997 ], [ 111.722124741015719, -7.287848136492602 ], [ 111.72197051739478, -7.288273504826282 ], [ 111.721816293517222, -7.288698873128035 ], [ 111.721662069382987, -7.28912424139785 ], [ 111.721507844992075, -7.289549609635712 ], [ 111.721353618897183, -7.289974073328683 ], [ 111.721199393993032, -7.290399441502601 ], [ 111.721045168832134, -7.290824809644542 ], [ 111.720890943414446, -7.291250177754494 ], [ 111.720736717739939, -7.291675545832447 ], [ 111.720582491808599, -7.292100913878392 ], [ 111.720428264174473, -7.292525377379286 ], [ 111.720274037729624, -7.292950745361173 ], [ 111.720119811027857, -7.293376113311021 ], [ 111.719965584069129, -7.293801481228818 ], [ 111.719811356853469, -7.294226849114564 ], [ 111.719657129380806, -7.29465221696824 ], [ 111.71950290165114, -7.295077584789839 ], [ 111.719348672220079, -7.295502048066239 ], [ 111.719194443976548, -7.29592741582364 ], [ 111.7190402154759, -7.296352783548937 ], [ 111.718885080826851, -7.296778152683602 ], [ 111.718730851811088, -7.297203520344429 ], [ 111.718576622538166, -7.297628887973125 ], [ 111.718422391565056, -7.298053351056478 ], [ 111.718268161777956, -7.298478718620861 ], [ 111.718113931733626, -7.298904086153075 ], [ 111.717959701432022, -7.299329453653117 ], [ 111.717805470873145, -7.299754821120974 ], [ 111.717651240056952, -7.30018018855664 ], [ 111.717497008983443, -7.300605555960098 ], [ 111.717342776211112, -7.301030018818053 ], [ 111.71718854462307, -7.301455386157062 ], [ 111.717034312777599, -7.301880753463837 ], [ 111.716880080674713, -7.30230612073837 ], [ 111.716725848314354, -7.302731487980652 ], [ 111.716571615696509, -7.30315685519067 ], [ 111.716417381381078, -7.303581317855042 ], [ 111.716263148248416, -7.304006685000494 ], [ 111.716108914858196, -7.304432052113652 ], [ 111.715954681210377, -7.304857419194511 ], [ 111.715800447304957, -7.305282786243057 ], [ 111.715646213141909, -7.305708153259285 ], [ 111.71549197872119, -7.306133520243178 ], [ 111.715337742604291, -7.306557982681247 ], [ 111.715183507668399, -7.30698334960044 ], [ 111.71502927247478, -7.307408716487268 ], [ 111.714875037023404, -7.307834083341734 ], [ 111.714720801314229, -7.308259450163813 ], [ 111.714566565347241, -7.308684816953505 ], [ 111.714412327685281, -7.30910927919725 ], [ 111.714258091202836, -7.30953464592212 ], [ 111.714103854462508, -7.309960012614572 ], [ 111.713949617464266, -7.310385379274596 ], [ 111.713795380208097, -7.310810745902183 ], [ 111.713641142693945, -7.311236112497322 ], [ 111.713486904921822, -7.311661479060001 ], [ 111.713332665456122, -7.312085941076569 ], [ 111.713178427168188, -7.312511307574293 ], [ 111.713024188622185, -7.312936674039528 ], [ 111.712869949818085, -7.313362040472266 ], [ 111.712715710755887, -7.313787406872497 ], [ 111.712561471435563, -7.314212773240212 ], [ 111.712407230422855, -7.314637235061679 ], [ 111.712252990586393, -7.315062601364318 ], [ 111.712098750491748, -7.315487967634412 ], [ 111.711944510138849, -7.315913333871953 ], [ 111.711790269527683, -7.316338700076925 ], [ 111.711636028658248, -7.316764066249327 ], [ 111.711481787530502, -7.31718943238914 ], [ 111.711327544711793, -7.317613893982543 ], [ 111.711173303067568, -7.318039260057144 ], [ 111.711019061164976, -7.318464626099133 ], [ 111.710864819003959, -7.3188899921085 ], [ 111.710710576584503, -7.319315358085234 ], [ 111.710556333906609, -7.31974072402932 ], [ 111.710402089538945, -7.320165185426839 ], [ 111.710247846344274, -7.320590551305599 ], [ 111.710093602891064, -7.321015917151685 ], [ 111.709939359179302, -7.321441282965091 ], [ 111.709785115208959, -7.3218666487458 ], [ 111.709630870979993, -7.322292014493811 ], [ 111.709476626492389, -7.322717380209109 ], [ 111.709322380316451, -7.323141841377699 ], [ 111.709168135311756, -7.323567207027529 ], [ 111.709013890048325, -7.32399257264462 ], [ 111.708859644526171, -7.324417938228962 ], [ 111.708705398745252, -7.324843303780546 ], [ 111.708551152705567, -7.325268669299355 ], [ 111.708396904978741, -7.325693130271313 ], [ 111.708242658421611, -7.32611849572454 ], [ 111.708088411605658, -7.326543861144971 ], [ 111.707934164530784, -7.326969226532588 ], [ 111.70777991719703, -7.327394591887389 ], [ 111.707625669604326, -7.32781995720936 ], [ 111.707471421752672, -7.328245322498491 ], [ 111.707317172215298, -7.328669783240612 ], [ 111.707162923845871, -7.329095148464023 ], [ 111.707008675217423, -7.329520513654568 ], [ 111.706854426329897, -7.329945878812237 ], [ 111.706700177183293, -7.330371243937014 ], [ 111.706545927777583, -7.330796609028897 ], [ 111.706391676687389, -7.331221069573631 ], [ 111.706237426763607, -7.331646434599675 ], [ 111.706083176580648, -7.332071799592793 ], [ 111.705928926138483, -7.332497164552976 ], [ 111.705774675437084, -7.332922529480214 ], [ 111.705620424476422, -7.333347894374494 ], [ 111.705466173256482, -7.333773259235809 ], [ 111.705311920353466, -7.334197719549796 ], [ 111.705157668615101, -7.334623084345137 ], [ 111.705003416617402, -7.335048449107484 ], [ 111.704849164360283, -7.335473813836826 ], [ 111.704694911843788, -7.335899178533154 ], [ 111.704540659067845, -7.336324543196456 ], [ 111.704386404610048, -7.336749003312313 ], [ 111.704232151315395, -7.337174367909525 ], [ 111.704077897761238, -7.337599732473683 ], [ 111.703923643947533, -7.338025097004779 ], [ 111.703769389874282, -7.3384504615028 ], [ 111.703614229562191, -7.338875827386696 ], [ 111.703459974968865, -7.339301191818315 ], [ 111.703305718695091, -7.339725651702324 ], [ 111.703151463582685, -7.340151016067716 ], [ 111.702997208210604, -7.340576380399982 ], [ 111.70284295257882, -7.341001744699121 ], [ 111.702688696687289, -7.341427108965115 ], [ 111.702534440535999, -7.341852473197958 ], [ 111.702380182705525, -7.34227693288306 ], [ 111.70222592603487, -7.342702297049557 ], [ 111.702071669104384, -7.343127661182876 ], [ 111.701917411914053, -7.343553025283007 ] ] ] } },
{ "type": "Feature", "properties": { "Line": 307, "begin": 3071180.5, "end": 3072424.5 }, "geometry": { "type": "MultiLineString", "coordinates": [ [ [ 111.681779721889797, -7.285522807340032 ], [ 111.682205717462665, -7.285676838641294 ], [ 111.682631713294043, -7.285830869513376 ], [ 111.683057709383888, -7.285984899956265 ], [ 111.683482799855341, -7.286138931338457 ], [ 111.683908796461864, -7.286292960923758 ], [ 111.684334793326812, -7.286446990079778 ], [ 111.68476079045017, -7.2866010188065 ], [ 111.685186787831938, -7.286755047103895 ], [ 111.685612785472088, -7.286909074971956 ], [ 111.686038783370606, -7.287063102410622 ], [ 111.686463875649054, -7.287217130794569 ], [ 111.68688987406405, -7.287371157375286 ], [ 111.687315872737372, -7.28752518352655 ], [ 111.68774187166899, -7.287679209248349 ], [ 111.688167870858933, -7.287833234540625 ], [ 111.68859387030713, -7.287987259403371 ], [ 111.689018964133808, -7.288141285216533 ], [ 111.689444964098328, -7.288295309221022 ], [ 111.689870964321074, -7.288449332795917 ], [ 111.690296964802044, -7.288603355941165 ], [ 111.690722965541227, -7.288757378656749 ], [ 111.691148966538606, -7.288911400942654 ], [ 111.691574967794168, -7.289065422798844 ], [ 111.692000063426491, -7.289219445611461 ], [ 111.692426065198134, -7.289373466609036 ], [ 111.692852067227918, -7.289527487176821 ], [ 111.693278069515827, -7.289681507314794 ], [ 111.693704072061848, -7.28983552702293 ], [ 111.694130074865953, -7.289989546301215 ], [ 111.694555172045369, -7.290143566541038 ], [ 111.694981175365385, -7.290297584960385 ], [ 111.695407178943469, -7.290451602949786 ], [ 111.695833182779566, -7.290605620509225 ], [ 111.696259186873689, -7.290759637638687 ], [ 111.696685191225811, -7.290913654338115 ], [ 111.69711119583593, -7.291067670607497 ], [ 111.69753629481967, -7.291221687844423 ], [ 111.697962299945502, -7.291375703254525 ], [ 111.69838830532926, -7.29152971823452 ], [ 111.69881431097096, -7.291683732784351 ], [ 111.699240316870586, -7.291837746904013 ], [ 111.699666323028111, -7.291991760593475 ], [ 111.700091423557808, -7.292145775255624 ], [ 111.70051743023086, -7.292299788085514 ], [ 111.700943437161769, -7.292453800485111 ], [ 111.701369444350533, -7.292607812454404 ], [ 111.701795451797096, -7.292761823993378 ], [ 111.702221459501501, -7.292915835101994 ], [ 111.702647467463692, -7.293069845780253 ], [ 111.703072569796376, -7.293223857437183 ], [ 111.703498578273908, -7.293377867255478 ], [ 111.703924587009183, -7.293531876643313 ], [ 111.7043505960022, -7.293685885600675 ], [ 111.704776605252945, -7.293839894127541 ], [ 111.705202614761404, -7.293993902223862 ], [ 111.705627718638894, -7.294147911304017 ], [ 111.706053728662511, -7.294301918540082 ], [ 111.706479738943784, -7.294455925345541 ], [ 111.706905749482715, -7.294609931720377 ], [ 111.707331760279274, -7.294763937664544 ], [ 111.707757771333462, -7.294917943178021 ], [ 111.708183782645264, -7.295071948260786 ], [ 111.708608889747154, -7.295226858848663 ], [ 111.709034901574768, -7.295380863070723 ], [ 111.709460913659967, -7.295534866862002 ], [ 111.70988692600271, -7.29568887022246 ], [ 111.710312938602982, -7.295842873152081 ], [ 111.710738951460783, -7.295996875650856 ], [ 111.711164058684489, -7.296150879144603 ], [ 111.711590072057049, -7.296304880782437 ], [ 111.712016085687097, -7.296458881989331 ], [ 111.712442099574602, -7.296612882765257 ], [ 111.712868113719566, -7.296766883110209 ], [ 111.713294128121944, -7.296920883024124 ], [ 111.713720142781739, -7.297074882506994 ], [ 111.714145251805775, -7.297228882990861 ], [ 111.714571266980144, -7.297382881612451 ], [ 111.7149972824119, -7.297536879802937 ], [ 111.715423298100987, -7.29769087756226 ], [ 111.715849314047432, -7.297844874890408 ], [ 111.716275330251207, -7.297998871787359 ], [ 111.716700440817775, -7.29815286969046 ], [ 111.71712645753594, -7.29830686572584 ], [ 111.717552474511379, -7.29846086132993 ], [ 111.717978491744105, -7.298614856502716 ], [ 111.718404509234077, -7.298768851244177 ], [ 111.718830526981279, -7.298922845554285 ], [ 111.71925654498574, -7.299076839433035 ], [ 111.719681657351302, -7.299230834323926 ], [ 111.720107675869912, -7.29938482734071 ], [ 111.720533694645724, -7.299538819926042 ], [ 111.72095971367871, -7.299692812079893 ], [ 111.721385732968841, -7.299846803802253 ], [ 111.721811752516103, -7.300000795093071 ], [ 111.72223686642306, -7.300154787401196 ], [ 111.722662886484343, -7.300308777829756 ], [ 111.723088906802715, -7.300462767826707 ], [ 111.723514927378162, -7.30061675739204 ], [ 111.723940948210682, -7.300770746525697 ], [ 111.724366969300249, -7.30092473522767 ], [ 111.724792990646847, -7.301078723497935 ], [ 111.725218106351463, -7.30123271279152 ], [ 111.725644128211854, -7.301386700199187 ], [ 111.726070150329264, -7.301540687175046 ], [ 111.726496172703634, -7.301694673719096 ], [ 111.726922195334978, -7.301848659831302 ], [ 111.727348218223256, -7.302002645511651 ], [ 111.727773335468129, -7.30215663222049 ], [ 111.728199358870043, -7.302310617037916 ], [ 111.728625382528847, -7.3024646014234 ], [ 111.729051406444555, -7.302618585376914 ], [ 111.729477430617138, -7.302772568898437 ], [ 111.729903455046568, -7.302926551987958 ], [ 111.730329479732845, -7.303080534645421 ], [ 111.730754598774041, -7.303234518337377 ], [ 111.731180623973742, -7.303388500131559 ], [ 111.731606649430262, -7.303542481493619 ], [ 111.732032675143543, -7.303696462423552 ], [ 111.7324587011136, -7.303850442921289 ], [ 111.732884727340434, -7.304004422986837 ], [ 111.733309847920722, -7.304158404092037 ], [ 111.733735874660795, -7.304312383293995 ], [ 111.734161901657572, -7.304466362063691 ], [ 111.734587928911054, -7.304620340401074 ], [ 111.735013956421199, -7.304774318306132 ], [ 111.735439984188034, -7.304928295778836 ], [ 111.735866012211503, -7.305082272819162 ], [ 111.736291134586807, -7.305236250905189 ], [ 111.736717163123345, -7.305390227081566 ], [ 111.737143191916473, -7.305544202825495 ], [ 111.737569220966193, -7.305698178136945 ], [ 111.737995250272505, -7.305852153015887 ], [ 111.738421279835379, -7.306006127462315 ], [ 111.738846403748639, -7.30616010295957 ], [ 111.739272433824382, -7.306314076541727 ], [ 111.739698464156632, -7.306468049691277 ], [ 111.740124494745402, -7.306622022408194 ], [ 111.740550525590663, -7.306775994692469 ], [ 111.740976556692402, -7.306929966544044 ], [ 111.741402588050605, -7.307083937962905 ], [ 111.74182771375753, -7.307237910438633 ], [ 111.742253745628389, -7.307391880992884 ], [ 111.742679777755654, -7.307545851114368 ], [ 111.74310581013934, -7.307699820803019 ], [ 111.743531842779404, -7.30785379005883 ], [ 111.743957875675861, -7.308007758881776 ], [ 111.744383002919619, -7.308161728766757 ], [ 111.744809036328547, -7.308315696724804 ], [ 111.745235069993797, -7.308469664249893 ], [ 111.745661103915381, -7.308623631342017 ], [ 111.746087138093259, -7.308777598001143 ], [ 111.746513172527415, -7.308931564227254 ], [ 111.746939207217849, -7.309085530020337 ], [ 111.747364336253952, -7.309239496881465 ], [ 111.747790371456659, -7.309393461809253 ], [ 111.748216406915603, -7.309547426303924 ], [ 111.748642442630754, -7.309701390365448 ], [ 111.749068478602112, -7.309855353993816 ], [ 111.749494514829635, -7.310009317188968 ], [ 111.74991964540142, -7.310163281457353 ], [ 111.750345682141059, -7.31031724378692 ], [ 111.750771720647393, -7.310472110189337 ], [ 111.751197757900187, -7.31062607165224 ], [ 111.751623795409088, -7.310780032681812 ], [ 111.752049833174084, -7.310933993278035 ], [ 111.752475871195173, -7.311087953440881 ], [ 111.752901003558833, -7.311241914683003 ], [ 111.753327042091797, -7.311395873979904 ], [ 111.753753080880813, -7.311549832843355 ], [ 111.754179119925851, -7.311703791273324 ], [ 111.754605159226898, -7.311857749269787 ], [ 111.755031198783939, -7.312011706832737 ], [ 111.755457238596932, -7.312165663962116 ], [ 111.755882372750889, -7.312319622176786 ], [ 111.756308413075601, -7.31247357843986 ], [ 111.756734453656236, -7.312627534269303 ], [ 111.75716049449278, -7.312781489665102 ], [ 111.757586535585247, -7.312935444627201 ], [ 111.758012576933595, -7.31308939915559 ], [ 111.758437712621472, -7.313243354774443 ], [ 111.758863754481339, -7.313397308436222 ], [ 111.759289796597045, -7.313551261664232 ], [ 111.759715838968603, -7.313705214458409 ], [ 111.760141881595942, -7.313859166818752 ], [ 111.760567924479119, -7.31401311874523 ], [ 111.760993967618063, -7.31416707023782 ], [ 111.761419105094888, -7.314321022826923 ], [ 111.761845148745138, -7.314474973452542 ], [ 111.762271192651156, -7.314628923644196 ], [ 111.762697236812883, -7.314782873401858 ], [ 111.763123281230321, -7.314936822725502 ], [ 111.763549325903455, -7.315090771615119 ], [ 111.763974464913076, -7.315244721606397 ], [ 111.764400510097346, -7.315398669628722 ], [ 111.764826555537283, -7.315552617216925 ], [ 111.765252601232845, -7.315706564370986 ], [ 111.765678647184046, -7.31586051109089 ], [ 111.766104693390844, -7.316014457376583 ], [ 111.766530739853252, -7.316168403228051 ], [ 111.766955880650471, -7.316322350187233 ], [ 111.767381927623802, -7.316476295171069 ], [ 111.767807974852687, -7.316630239720621 ], [ 111.768234022337111, -7.316784183835832 ], [ 111.768660070077047, -7.316938127516692 ], [ 111.769086118072494, -7.317092070763174 ], [ 111.769511260401359, -7.317246015122548 ], [ 111.769937308907558, -7.317399957501108 ], [ 111.770363357669225, -7.317553899445196 ], [ 111.770789406686347, -7.317707840954805 ], [ 111.771215455958895, -7.317861782029912 ], [ 111.771641505486855, -7.318015722670486 ], [ 111.772067555270226, -7.318169662876523 ], [ 111.772492699385381, -7.318323604201476 ], [ 111.772918749679306, -7.318477543539194 ], [ 111.773344800228571, -7.318631482442279 ], [ 111.773770851033206, -7.318785420910712 ], [ 111.774196902093166, -7.318939358944474 ], [ 111.774622953408439, -7.319093296543509 ], [ 111.775048099054075, -7.319247235266658 ], [ 111.775474150879731, -7.319401171997084 ], [ 111.775900202960656, -7.319555108292729 ], [ 111.776326255296823, -7.319709044153574 ], [ 111.776752307888245, -7.319862979579566 ], [ 111.777178360734894, -7.320016914570697 ], [ 111.777604413836755, -7.320170849126934 ], [ 111.778029561267346, -7.320324784813335 ], [ 111.778455614879377, -7.320478718500625 ], [ 111.778881668746564, -7.320632651752934 ], [ 111.779307722868907, -7.320786584570254 ], [ 111.779733777246406, -7.320940516952552 ], [ 111.780159831879018, -7.321094448899811 ], [ 111.780584980838981, -7.321248381982429 ], [ 111.781011035981592, -7.321402313060414 ], [ 111.781437091379274, -7.321556243703281 ], [ 111.781863147032027, -7.321710173911002 ], [ 111.782289202939836, -7.321864103683549 ], [ 111.782715259102673, -7.322018033020921 ], [ 111.783141315520538, -7.32217196192305 ], [ 111.783566466264105, -7.322325891966575 ], [ 111.783992523191756, -7.322479819999074 ], [ 111.784418580374378, -7.322633747596274 ], [ 111.784844637811972, -7.322787674758167 ], [ 111.785270695504508, -7.322941601484696 ], [ 111.785696753451973, -7.323095527775846 ], [ 111.786121905723775, -7.323249455213574 ], [ 111.786547964180855, -7.323403380634788 ], [ 111.786974022892821, -7.323557305620565 ], [ 111.787400081859673, -7.323711230170846 ], [ 111.787826141081382, -7.323865154285621 ], [ 111.788252200557935, -7.324019077964869 ], [ 111.788678260289316, -7.324173001208563 ], [ 111.789103414343387, -7.324326925604904 ], [ 111.789529474584171, -7.324480847978298 ], [ 111.789955535079741, -7.324634769916063 ], [ 111.790381595830084, -7.32478869141817 ], [ 111.790807656835199, -7.32494261248459 ], [ 111.791233718095029, -7.325096533115322 ], [ 111.791658873676198, -7.325250454903856 ], [ 111.79208493544526, -7.325404374663968 ], [ 111.792510997469023, -7.325558293988291 ], [ 111.792937059747487, -7.325712212876804 ], [ 111.793363123880255, -7.325867035825866 ], [ 111.793789186668945, -7.326020953842581 ], [ 111.794215249712252, -7.326174871423407 ], [ 111.794640407075249, -7.32632879016811 ], [ 111.79506647062756, -7.326482706877989 ], [ 111.795492534434501, -7.326636623151886 ], [ 111.795918598496016, -7.32679053898979 ], [ 111.796344662812089, -7.326944454391681 ], [ 111.796770727382722, -7.327098369357529 ], [ 111.797195886271638, -7.327252285492462 ], [ 111.797621951351104, -7.327406199587038 ], [ 111.798048016685087, -7.327560113245498 ], [ 111.798474082273557, -7.327714026467813 ], [ 111.798900148116516, -7.327867939253959 ], [ 111.799326214213934, -7.328021851603926 ], [ 111.799752280565784, -7.328175763517654 ], [ 111.800177441234339, -7.32832967660651 ], [ 111.800603508094824, -7.328483587648609 ], [ 111.801029575209739, -7.328637498254409 ], [ 111.801455642579029, -7.328791408423903 ], [ 111.801881710202707, -7.328945318157033 ], [ 111.802307778080745, -7.329099227453785 ], [ 111.802732940274069, -7.32925313793086 ], [ 111.803159008660558, -7.329407046355676 ], [ 111.803585077301378, -7.32956095434406 ], [ 111.804011146196487, -7.329714861895947 ], [ 111.804437215345885, -7.329868769011335 ], [ 111.804863284749558, -7.33002267569019 ], [ 111.805289354407492, -7.33017658193249 ], [ 111.805714518379105, -7.330330489361192 ], [ 111.80614058854529, -7.3304843947312 ], [ 111.806566658965693, -7.33063829966458 ], [ 111.806992729640299, -7.330792204161297 ], [ 111.807418800569067, -7.330946108221335 ], [ 111.807844871752025, -7.331100011844678 ], [ 111.808270037247283, -7.331253916659594 ], [ 111.808696108938307, -7.331407819410319 ], [ 111.809122180883463, -7.331561721724261 ], [ 111.809548253082738, -7.331715623601394 ], [ 111.809974325536118, -7.331869525041707 ], [ 111.810400398243559, -7.332023426045142 ], [ 111.810826471205061, -7.33217732661169 ], [ 111.811251638477273, -7.332331228375881 ], [ 111.811677711946658, -7.332485128069471 ], [ 111.812103785670075, -7.332639027326107 ], [ 111.812529859647483, -7.332792926145744 ], [ 111.812955933878897, -7.33294682452836 ], [ 111.813382008364286, -7.333100722473937 ], [ 111.813807177158978, -7.333254621622363 ], [ 111.814233252152079, -7.333408518694687 ] ] ] } },
{ "type": "Feature", "properties": { "Line": 304, "begin": 3041180.5, "end": 3041992.5 }, "geometry": { "type": "MultiLineString", "coordinates": [ [ [ 111.724712245256882, -7.254151706417698 ], [ 111.724557126713094, -7.254577076327529 ], [ 111.724402913718862, -7.255002444761089 ], [ 111.72424870046946, -7.255427813163094 ], [ 111.724094485518989, -7.255852277019796 ], [ 111.723940271759417, -7.256277645358654 ], [ 111.723786057744618, -7.256703013665925 ], [ 111.72363184347455, -7.257128381941605 ], [ 111.723477628949212, -7.257553750185684 ], [ 111.723323414168561, -7.257979118398149 ], [ 111.723169197688023, -7.258403582065164 ], [ 111.723014982396904, -7.258828950214363 ], [ 111.722860766850388, -7.259254318331918 ], [ 111.722706551048475, -7.259679686417821 ], [ 111.722552334991136, -7.260105054472064 ], [ 111.722398118678328, -7.260530422494636 ], [ 111.722243902110037, -7.260955790485524 ], [ 111.722089683843237, -7.261380253930786 ], [ 111.721935466764137, -7.26180562185827 ], [ 111.721781249429469, -7.262230989754048 ], [ 111.721627031839219, -7.262656357618105 ], [ 111.721472813993373, -7.26308172545043 ], [ 111.721318595891873, -7.263507093251019 ], [ 111.721164376093071, -7.263931556505848 ], [ 111.721010157480464, -7.264356924242915 ], [ 111.720855938612146, -7.264782291948211 ], [ 111.720701719488105, -7.265207659621728 ], [ 111.72054750010831, -7.26563302726346 ], [ 111.720393280472706, -7.266058394873393 ], [ 111.720239060581321, -7.266483762451515 ], [ 111.720084838993984, -7.266908225483719 ], [ 111.719930618591135, -7.267333592998185 ], [ 111.719776397932378, -7.267758960480815 ], [ 111.719622177017726, -7.268184327931597 ], [ 111.719467955847151, -7.268609695350523 ], [ 111.719313734420609, -7.269035062737582 ], [ 111.719159511299324, -7.26945952557858 ], [ 111.719005289361021, -7.269884892901864 ], [ 111.718851067166682, -7.270310260193251 ], [ 111.718696844716291, -7.270735627452735 ], [ 111.718542622009807, -7.2711609946803 ], [ 111.718388399047228, -7.271586361875945 ], [ 111.718234175828499, -7.272011729039653 ], [ 111.718079950916433, -7.272436191657135 ], [ 111.717925727185602, -7.27286155875693 ], [ 111.717771503198563, -7.273286925824761 ], [ 111.717617278955302, -7.273712292860622 ], [ 111.717463054455763, -7.274137659864495 ], [ 111.717308829699959, -7.274563026836377 ], [ 111.717154603251998, -7.274987489261872 ], [ 111.717000377983766, -7.275412856169723 ], [ 111.716846152459183, -7.275838223045554 ], [ 111.716691926678223, -7.276263589889352 ], [ 111.716537700640856, -7.276688956701105 ], [ 111.716383474347055, -7.277114323480812 ], [ 111.71622924779679, -7.277539690228451 ], [ 111.716075019555774, -7.27796415242956 ], [ 111.715920792492767, -7.278389519113036 ], [ 111.715766565173197, -7.278814885764421 ], [ 111.715612337597108, -7.279240252383706 ], [ 111.715458109764413, -7.279665618970879 ], [ 111.715303881675126, -7.280090985525931 ], [ 111.715149651896255, -7.280515447534309 ], [ 111.7149954232939, -7.280940814025079 ], [ 111.714841194434854, -7.281366180483703 ], [ 111.714686965319117, -7.281791546910163 ], [ 111.714532735946648, -7.282216913304455 ], [ 111.714378506317416, -7.282642279666571 ], [ 111.714224276431409, -7.283067645996494 ], [ 111.714070044857223, -7.283492107779582 ], [ 111.713915814457792, -7.283917474045087 ], [ 111.713761583801514, -7.284342840278373 ], [ 111.71360735288836, -7.284768206479435 ], [ 111.713453121718288, -7.285193572648256 ], [ 111.713298890291284, -7.28561893878483 ], [ 111.71314465717731, -7.286043400374427 ], [ 111.712990425236612, -7.286468766446466 ], [ 111.712836193038896, -7.286894132486223 ], [ 111.712681960584149, -7.287319498493701 ], [ 111.712527727872342, -7.28774486446888 ], [ 111.712373494903474, -7.288170230411753 ], [ 111.71221926167749, -7.288595596322312 ], [ 111.712065026765927, -7.289020057685711 ], [ 111.711910793025879, -7.289445423531597 ], [ 111.711756559028657, -7.289870789345134 ], [ 111.711602324774219, -7.290296155126319 ], [ 111.711448090262564, -7.290721520875139 ], [ 111.711293855493651, -7.291146886591584 ], [ 111.711139619040367, -7.29157134776075 ], [ 111.710985383757091, -7.291996713412408 ], [ 111.710831148216485, -7.29242207903166 ], [ 111.710676912418521, -7.292847444618498 ], [ 111.710522676363169, -7.293272810172915 ], [ 111.710368440050431, -7.293698175694896 ], [ 111.710214203480248, -7.294123541184437 ], [ 111.710059965227103, -7.294548002126532 ], [ 111.709905728142218, -7.294973367551147 ], [ 111.709751490799832, -7.295398732943286 ], [ 111.709597253199917, -7.295824098302947 ], [ 111.709443015342444, -7.296249463630114 ], [ 111.709287871334368, -7.296674830347 ], [ 111.709133631536673, -7.297099291093858 ], [ 111.708979392905718, -7.29752465632325 ], [ 111.70882515401712, -7.297950021520116 ], [ 111.708670914870837, -7.29837538668444 ], [ 111.708516675466853, -7.298800751816215 ], [ 111.708362435805128, -7.299226116915431 ], [ 111.708208195885661, -7.299651481982078 ], [ 111.70805395428583, -7.300075942500977 ], [ 111.707899713851006, -7.300501307502442 ], [ 111.707745473158354, -7.300926672471308 ], [ 111.707591232207847, -7.301352037407563 ], [ 111.707436990999454, -7.301777402311202 ], [ 111.70728274953315, -7.30220276718221 ], [ 111.707128506387718, -7.302627227505321 ], [ 111.706974264405758, -7.303052592311032 ], [ 111.706820022165829, -7.303477957084086 ], [ 111.706665779667901, -7.303903321824473 ], [ 111.706511536911918, -7.304328686532183 ], [ 111.706357293897909, -7.304754051207205 ], [ 111.706203050625817, -7.305179415849532 ], [ 111.706048805675977, -7.305603875943813 ], [ 111.705894561887874, -7.306029240520704 ], [ 111.705740317841617, -7.306454605064869 ], [ 111.705586073537177, -7.306879969576297 ], [ 111.70543182897454, -7.307305334054982 ], [ 111.705277584153663, -7.307730698500913 ], [ 111.705123337656275, -7.30815515839866 ], [ 111.704969092319089, -7.308580522779037 ], [ 111.704814846723622, -7.309005887126628 ], [ 111.704660600869801, -7.309431251441426 ], [ 111.704506354757655, -7.309856615723421 ], [ 111.704352108387098, -7.310281979972598 ], [ 111.704197861758161, -7.310707344188958 ], [ 111.704043613454104, -7.31113180385697 ], [ 111.703889366308516, -7.311557168007641 ], [ 111.703735118904433, -7.311982532125453 ], [ 111.70358087124184, -7.312407896210407 ], [ 111.703426623320738, -7.312833260262487 ], [ 111.703272375141083, -7.313258624281683 ], [ 111.703118125287517, -7.313683083752402 ], [ 111.702963876590886, -7.314108447705792 ], [ 111.702809627635645, -7.314533811626273 ], [ 111.702655378421753, -7.314959175513831 ], [ 111.70250112894918, -7.315384539368459 ], [ 111.702346879217899, -7.315809903190146 ], [ 111.702192629227881, -7.316235266978881 ], [ 111.702038377565387, -7.316659726218964 ], [ 111.701884127058094, -7.317085089941756 ], [ 111.701729876291964, -7.317510453631571 ], [ 111.701575625267026, -7.317935817288393 ], [ 111.701421373983223, -7.318361180912219 ], [ 111.701267122440569, -7.318786544503034 ], [ 111.70111287063898, -7.319211908060829 ], [ 111.700958617166336, -7.31963636706983 ], [ 111.700804364847116, -7.320061730561549 ], [ 111.700650112268903, -7.320487094020216 ], [ 111.700495859431683, -7.320912457445827 ], [ 111.700341606335442, -7.321337820838368 ], [ 111.700187352980166, -7.321763184197835 ], [ 111.700033097955014, -7.322187643008367 ], [ 111.699878844081766, -7.322613006301633 ], [ 111.699724589949398, -7.323038369561798 ], [ 111.69957033555788, -7.32346373278884 ], [ 111.69941608090717, -7.323889095982759 ], [ 111.699261825997269, -7.324314459143543 ], [ 111.699107570828133, -7.324739822271177 ], [ 111.698953313990586, -7.325164280849725 ], [ 111.698799058303152, -7.325589643911026 ], [ 111.698644802356412, -7.326015006939155 ], [ 111.698490546150339, -7.326440369934099 ], [ 111.698336289684931, -7.326865732895844 ], [ 111.698182032960133, -7.327291095824392 ], [ 111.698027774568132, -7.32771555420371 ], [ 111.697873517324737, -7.3281409170658 ], [ 111.697719259821895, -7.328566279894658 ], [ 111.697565002059562, -7.328991642690272 ], [ 111.69741074403774, -7.329417005452636 ], [ 111.697256485756384, -7.329842368181732 ], [ 111.697102227215467, -7.330267730877559 ], [ 111.696947967008782, -7.330692189023982 ], [ 111.696793707948927, -7.331117551653221 ], [ 111.69663944862944, -7.331542914249159 ], [ 111.696485189050307, -7.331968276811785 ], [ 111.696330929211484, -7.332393639341084 ], [ 111.696176669112972, -7.332819001837059 ], [ 111.696022407349901, -7.333243459783508 ], [ 111.695868146732124, -7.333668822212774 ], [ 111.695713885854587, -7.334094184608679 ], [ 111.695559624717248, -7.334519546971213 ], [ 111.695405363320063, -7.334944909300368 ], [ 111.695251101663047, -7.335370271596132 ], [ 111.695096839746142, -7.335795633858497 ], [ 111.694942576166099, -7.336220091571185 ], [ 111.694788313729603, -7.33664545376671 ], [ 111.694634051033148, -7.3370708159288 ], [ 111.69447978807672, -7.337496178057458 ], [ 111.69432552486029, -7.337921540152665 ], [ 111.694171261383829, -7.338346902214411 ], [ 111.69401699624548, -7.338771359726349 ], [ 111.693861826267323, -7.339196723120485 ], [ 111.693707562009962, -7.339622085081555 ], [ 111.693553297492485, -7.340047447009129 ], [ 111.693399032714865, -7.340472808903194 ] ] ] } },
{ "type": "Feature", "properties": { "Line": 305, "begin": 3051180.5, "end": 3052424.5 }, "geometry": { "type": "MultiLineString", "coordinates": [ [ [ 111.678694420515427, -7.294027250951733 ], [ 111.679120423610271, -7.294181284456181 ], [ 111.679546426964109, -7.294335317531125 ], [ 111.679971524682628, -7.294489351539534 ], [ 111.680397528554181, -7.294643383756219 ], [ 111.680823532684656, -7.294797415543303 ], [ 111.681249537074052, -7.294951446900765 ], [ 111.681675541722385, -7.29510547782859 ], [ 111.68210154662961, -7.295259508326722 ], [ 111.682527551795715, -7.295413538395151 ], [ 111.682952651324811, -7.295567569403062 ], [ 111.683378657008419, -7.295721598612896 ], [ 111.683804662950863, -7.295875627392965 ], [ 111.684230669152143, -7.296029655743209 ], [ 111.684656675612231, -7.296183683663625 ], [ 111.685082682331114, -7.296337711154186 ], [ 111.685507783411524, -7.29649173958937 ], [ 111.685933790647738, -7.296645766221037 ], [ 111.686359798142689, -7.296799792422759 ], [ 111.686785805896392, -7.29695381819452 ], [ 111.687211813908817, -7.297107843536298 ], [ 111.687637822179951, -7.297261868448066 ], [ 111.68806383070978, -7.297415892929815 ], [ 111.68848893359943, -7.297569918362169 ], [ 111.688914942646377, -7.297723941984636 ], [ 111.689340951951976, -7.29787796517699 ], [ 111.689766961516199, -7.298031987939203 ], [ 111.690192971339059, -7.298186010271272 ], [ 111.690618981420513, -7.298340032173133 ], [ 111.691044085860341, -7.298494055030766 ], [ 111.691470096458744, -7.298648076073052 ], [ 111.691896107315713, -7.298802096685074 ], [ 111.692322118431221, -7.298956116866822 ], [ 111.692748129805253, -7.299110136618236 ], [ 111.693174141437822, -7.299264155939301 ], [ 111.693600153328887, -7.299418174830004 ], [ 111.694025259576634, -7.299572194682474 ], [ 111.69445127198442, -7.299726212713262 ], [ 111.694877284650701, -7.299880230313582 ], [ 111.695303297575393, -7.300034247483431 ], [ 111.695729310758537, -7.300188264222788 ], [ 111.696155324200092, -7.300342280531616 ], [ 111.696580431996864, -7.300496297807384 ], [ 111.697006445954983, -7.300650313255974 ], [ 111.69743246017147, -7.300804328273965 ], [ 111.697858474646296, -7.30095834286133 ], [ 111.698284489379489, -7.301112357018048 ], [ 111.698710504370993, -7.3012663707441 ], [ 111.699136519620822, -7.301420384039437 ], [ 111.699561629224178, -7.301574398307697 ], [ 111.699987644990358, -7.301728410742435 ], [ 111.700413661014807, -7.301882422746393 ], [ 111.700839677297509, -7.302036434319565 ], [ 111.701265693838465, -7.302190445461886 ], [ 111.701691710637618, -7.302344456173352 ], [ 111.702116821788863, -7.302498467862896 ], [ 111.702542839104211, -7.302652477713455 ], [ 111.702968856677757, -7.302806487133103 ], [ 111.703394874509442, -7.302960496121769 ], [ 111.703820892599296, -7.303114504679458 ], [ 111.704246910947276, -7.30326851280613 ], [ 111.704672929553382, -7.303422520501768 ], [ 111.705098042509874, -7.30357652918151 ], [ 111.705524061631948, -7.303730536015884 ], [ 111.705950081012119, -7.303884542419145 ], [ 111.706376100650331, -7.304038548391269 ], [ 111.706802120546598, -7.304192553932228 ], [ 111.707228140700906, -7.304346559042014 ], [ 111.70765325520415, -7.304500565141024 ], [ 111.708079275874255, -7.304654569389222 ], [ 111.708505298226754, -7.304809477721041 ], [ 111.708931319413708, -7.304963481106608 ], [ 111.709357340858631, -7.305117484060839 ], [ 111.709783362561495, -7.305271486583726 ], [ 111.710209384522287, -7.305425488675246 ], [ 111.710634500830324, -7.305579491762018 ], [ 111.711060523306713, -7.305733492991624 ], [ 111.711486546041002, -7.305887493789765 ], [ 111.711912569033146, -7.306041494156438 ], [ 111.712338592283146, -7.306195494091609 ], [ 111.712764615790988, -7.306349493595261 ], [ 111.71318973364464, -7.306503494099337 ], [ 111.71361575766791, -7.306657492740749 ], [ 111.714041781948964, -7.306811490950563 ], [ 111.714467806487818, -7.306965488728749 ], [ 111.714893831284442, -7.307119486075285 ], [ 111.715319856338809, -7.30727348299016 ], [ 111.715745881650932, -7.307427479473317 ], [ 111.71617100130716, -7.307581476962898 ], [ 111.716597027134497, -7.30773547258346 ], [ 111.717023053219521, -7.30788946777224 ], [ 111.717449079562229, -7.308043462529234 ], [ 111.717875106162595, -7.308197456854377 ], [ 111.718301133020617, -7.308351450747666 ], [ 111.718726254221323, -7.308505445652538 ], [ 111.719152281594376, -7.308659438682923 ], [ 111.719578309225057, -7.308813431281391 ], [ 111.720004337113309, -7.308967423447886 ], [ 111.720430365259148, -7.309121415182393 ], [ 111.720856393662572, -7.309275406484891 ], [ 111.721282422323512, -7.309429397355355 ], [ 111.721707545325486, -7.309583389243436 ], [ 111.722133574501257, -7.309737379250636 ], [ 111.722559603934556, -7.309891368825723 ], [ 111.722985633625342, -7.310045357968672 ], [ 111.7234116635736, -7.310199346679453 ], [ 111.723837693779316, -7.310353334958069 ], [ 111.724262818324604, -7.310507324259428 ], [ 111.724688849044981, -7.310661311674454 ], [ 111.725114880022772, -7.310815298657213 ], [ 111.725540911257966, -7.310969285207676 ], [ 111.72596694275056, -7.311123271325841 ], [ 111.726392974500513, -7.311277257011647 ], [ 111.726819006507824, -7.311431242265083 ], [ 111.727244132853031, -7.311585228547309 ], [ 111.727670165374789, -7.311739212936814 ], [ 111.728096198153878, -7.311893196893894 ], [ 111.728522231190254, -7.312047180418483 ], [ 111.728948264483918, -7.312201163510574 ], [ 111.729374298034855, -7.312355146170145 ], [ 111.729799425922252, -7.312509129863669 ], [ 111.730225459987466, -7.312663111659019 ], [ 111.730651494309882, -7.31281709302175 ], [ 111.731077528889529, -7.312971073951861 ], [ 111.731503563726378, -7.313125054449313 ], [ 111.731929598820415, -7.313279034514096 ], [ 111.732355634171611, -7.313433014146189 ], [ 111.732780763857591, -7.313586994818251 ], [ 111.733206799722851, -7.313740973585733 ], [ 111.733632835845242, -7.313894951920437 ], [ 111.734058872224736, -7.314048929822335 ], [ 111.734484908861319, -7.314202907291421 ], [ 111.73491094575499, -7.314356884327633 ], [ 111.735336076982023, -7.314510862408994 ], [ 111.735762114389573, -7.314664838580303 ], [ 111.736188152054183, -7.31481881431868 ], [ 111.736614189975796, -7.314972789624115 ], [ 111.737040228154413, -7.31512676449655 ], [ 111.737466266590019, -7.315280738935974 ], [ 111.737892305282628, -7.315434712942362 ], [ 111.738317438306908, -7.315588687999928 ], [ 111.738743477513182, -7.315742661141075 ], [ 111.739169516976389, -7.315896633849087 ], [ 111.739595556696528, -7.316050606123965 ], [ 111.740021596673543, -7.316204577965681 ], [ 111.740447636907476, -7.316358549374202 ], [ 111.740872771471658, -7.316512521839092 ], [ 111.7412988122191, -7.316666492382046 ], [ 111.741724853223374, -7.316820462491736 ], [ 111.742150894484482, -7.316974432168132 ], [ 111.742576936002393, -7.317128401411215 ], [ 111.743002977777124, -7.317282370220968 ], [ 111.74342901980863, -7.317436338597336 ], [ 111.743854156168737, -7.317590308036086 ], [ 111.744280198713568, -7.317744275546524 ], [ 111.744706241515104, -7.317898242623521 ], [ 111.745132284573401, -7.318052209267062 ], [ 111.745558327888389, -7.318206175477089 ], [ 111.745984371460082, -7.318360141253592 ], [ 111.746409509358955, -7.318514108097652 ], [ 111.746835553443773, -7.318668073007919 ], [ 111.74726159778524, -7.318822037484608 ], [ 111.747687642383355, -7.318976001527653 ], [ 111.748113687238103, -7.319129965137049 ], [ 111.748539732349442, -7.319283928312765 ], [ 111.748965777717387, -7.319437891054783 ], [ 111.74939091741085, -7.319591854870407 ], [ 111.749816963291721, -7.319745816745828 ], [ 111.750243009429127, -7.319899778187476 ], [ 111.750669055823082, -7.320053739195314 ], [ 111.751095103986813, -7.320208604274993 ], [ 111.751521150894675, -7.32036256441505 ], [ 111.751946292126647, -7.320516525633876 ], [ 111.752372339547279, -7.320670484907035 ], [ 111.75279838722436, -7.32082444374626 ], [ 111.753224435157875, -7.320978402151543 ], [ 111.75365048334784, -7.321132360122829 ], [ 111.754076531794212, -7.321286317660098 ], [ 111.754502580497004, -7.321440274763338 ], [ 111.754927723522243, -7.321594232951388 ], [ 111.755353772737564, -7.321748189187382 ], [ 111.755779822209263, -7.321902144989251 ], [ 111.756205871937283, -7.322056100356978 ], [ 111.756631921921638, -7.322210055290544 ], [ 111.757057972162329, -7.322364009789919 ], [ 111.757483116724032, -7.322517965379302 ], [ 111.757909167477081, -7.322671919011113 ], [ 111.75833521848638, -7.322825872208657 ], [ 111.758761269751957, -7.322979824971907 ], [ 111.759187321273785, -7.323133777300845 ], [ 111.75961337305182, -7.323287729195455 ], [ 111.760039425086063, -7.32344168065568 ], [ 111.760464571439712, -7.323595633211933 ], [ 111.760890623986128, -7.323749583804231 ], [ 111.761316676788709, -7.323903533962086 ], [ 111.761742729847441, -7.324057483685486 ], [ 111.762168783162323, -7.324211432974373 ], [ 111.762594836733314, -7.324365381828738 ], [ 111.763019984622289, -7.324519331784312 ], [ 111.763446038705268, -7.324673279770445 ], [ 111.763872093044341, -7.324827227321998 ], [ 111.764298147639465, -7.324981174438903 ], [ 111.764724202490655, -7.325135121121161 ], [ 111.765150257597867, -7.325289067368742 ], [ 111.765576312961116, -7.325443013181625 ], [ 111.766001462640688, -7.325596960101778 ], [ 111.766427518515698, -7.325750905046068 ], [ 111.766853574646703, -7.325904849555579 ], [ 111.767279631033659, -7.326058793630285 ], [ 111.767705687676553, -7.326212737270162 ], [ 111.768131744575399, -7.326366680475201 ], [ 111.76855689578916, -7.326520624792665 ], [ 111.768982953199611, -7.326674567128787 ], [ 111.769409010865942, -7.326828509029976 ], [ 111.769835068788154, -7.326982450496212 ], [ 111.770261126966219, -7.327136391527479 ], [ 111.770687185400135, -7.327290332123718 ], [ 111.771113244089875, -7.327444272284927 ], [ 111.771538397092897, -7.327598213564623 ], [ 111.771964456294043, -7.32775215285657 ], [ 111.772390515750971, -7.327906091713427 ], [ 111.772816575463665, -7.328060030135125 ], [ 111.773242635432126, -7.328213968121663 ], [ 111.773668695656326, -7.328367905673014 ], [ 111.774093850192401, -7.328521844348037 ], [ 111.774519910927822, -7.328675781029842 ], [ 111.774945971918925, -7.32882971727636 ], [ 111.775372033165738, -7.328983653087588 ], [ 111.775798094668218, -7.3291375884635 ], [ 111.776224156426338, -7.329291523404072 ], [ 111.776650218440096, -7.329445457909288 ], [ 111.777075374764095, -7.329599393544221 ], [ 111.777501437288876, -7.329753327179499 ], [ 111.777927500069254, -7.329907260379333 ], [ 111.778353563105199, -7.330061193143699 ], [ 111.778779626396727, -7.330215125472583 ], [ 111.779205689943808, -7.330369057365929 ], [ 111.779630847799709, -7.330522990394194 ], [ 111.780056911857613, -7.330676921417311 ], [ 111.780482976171044, -7.330830852004826 ], [ 111.780909040739942, -7.33098478215674 ], [ 111.781335105564338, -7.331138711872983 ], [ 111.781761170644188, -7.331292641153553 ], [ 111.782187235979492, -7.331446569998419 ], [ 111.782612395621982, -7.331600499984262 ], [ 111.783038461467925, -7.331754427958558 ], [ 111.783464527569251, -7.331908355497059 ], [ 111.783890593925989, -7.332062282599757 ], [ 111.784316660538096, -7.332216209266626 ], [ 111.784742727405558, -7.332370135497639 ], [ 111.785167888578812, -7.332524062874838 ], [ 111.785593955956742, -7.332677988234959 ], [ 111.78602002358997, -7.332831913159143 ], [ 111.78644609147851, -7.332985837647374 ], [ 111.786872159622334, -7.333139761699619 ], [ 111.787298228021427, -7.333293685315873 ], [ 111.787724296675776, -7.333447608496075 ], [ 111.788149459634312, -7.33360153282851 ], [ 111.788575528798916, -7.333755455137457 ], [ 111.789001598218732, -7.333909377010297 ], [ 111.789427667893747, -7.334063298447015 ], [ 111.789853737823947, -7.334217219447551 ], [ 111.790279808009316, -7.334371140011905 ], [ 111.790704972497451, -7.334525061733681 ], [ 111.791131043192905, -7.33467898142647 ], [ 111.791557114143473, -7.334832900683013 ], [ 111.791983185349153, -7.33498681950325 ], [ 111.792409256809933, -7.335140737887169 ], [ 111.792835328525783, -7.335294655834747 ], [ 111.793261402098267, -7.33544947784198 ], [ 111.793686568371228, -7.335603396516579 ], [ 111.794112640852916, -7.33575731315577 ], [ 111.794538713589631, -7.335911229358515 ], [ 111.794964786581346, -7.33606514512479 ], [ 111.795390859828046, -7.336219060454592 ], [ 111.795816933329732, -7.336372975347847 ], [ 111.79624210113117, -7.336526891409796 ], [ 111.796668175142557, -7.336680805430828 ], [ 111.797094249408858, -7.336834719015262 ], [ 111.797520323930101, -7.336988632163091 ], [ 111.79794639870623, -7.337142544874254 ], [ 111.798372473737246, -7.337296457148741 ], [ 111.798798549023147, -7.33745036898653 ], [ 111.79922371860718, -7.337604281999067 ], [ 111.799649794402583, -7.337758192964285 ], [ 111.800075870452787, -7.337912103492711 ], [ 111.800501946757819, -7.338066013584331 ], [ 111.800928023317667, -7.338219923239125 ], [ 111.801354100132286, -7.338373832457062 ], [ 111.801779271243646, -7.338527742854972 ], [ 111.802205348567583, -7.338681651200016 ], [ 111.802631426146263, -7.338835559108132 ], [ 111.803057503979673, -7.338989466579292 ], [ 111.80348358206777, -7.339143373613467 ], [ 111.803909660410596, -7.339297280210652 ], [ 111.804335739008096, -7.339451186370786 ], [ 111.804760911900729, -7.339605093716945 ], [ 111.805186991007332, -7.339758999003828 ], [ 111.80561307036858, -7.339912903853603 ], [ 111.806039149984443, -7.340066808266256 ], [ 111.806465229854922, -7.340220712241733 ], [ 111.806891309979989, -7.340374615780022 ], [ 111.807316484398811, -7.340528520509538 ], [ 111.807742565032811, -7.340682423174266 ], [ 111.80816864592137, -7.340836325401752 ], [ 111.80859472706446, -7.340990227191927 ], [ 111.80902080846208, -7.341144128544788 ], [ 111.809446890114202, -7.341298029460308 ], [ 111.809872972020798, -7.341451929938462 ], [ 111.810298148219545, -7.341605831613934 ], [ 111.810724230634889, -7.34175973121817 ], [ 111.811150313304665, -7.341913630384962 ] ] ] } },
{ "type": "Feature", "properties": { "Line": 310, "begin": 3101180.5, "end": 3102012.5 }, "geometry": { "type": "MultiLineString", "coordinates": [ [ [ 111.751033130012502, -7.261264546984811 ], [ 111.750878941158021, -7.26168992200786 ], [ 111.750724752049408, -7.262115297000361 ], [ 111.750570562686647, -7.262540671962308 ], [ 111.750416373069712, -7.262966046893692 ], [ 111.750262183198572, -7.263391421794503 ], [ 111.750107991573714, -7.263815892156621 ], [ 111.749953801194309, -7.264241266996239 ], [ 111.749799610560629, -7.264666641805254 ], [ 111.749645419672646, -7.265092016583658 ], [ 111.749491228530331, -7.265517391331435 ], [ 111.749337037133657, -7.265942766048581 ], [ 111.749182845482622, -7.266368140735088 ], [ 111.749028652079204, -7.266792610882728 ], [ 111.748874459919563, -7.267217985507902 ], [ 111.748720267505462, -7.267643360102406 ], [ 111.748566074836873, -7.26806873466623 ], [ 111.748411881913796, -7.268494109199363 ], [ 111.748257688736174, -7.268919483701794 ], [ 111.748103493807378, -7.26934395366521 ], [ 111.747949300120851, -7.269769328106191 ], [ 111.747795106179723, -7.27019470251645 ], [ 111.747640911983964, -7.270620076895963 ], [ 111.747486717533562, -7.271045451244727 ], [ 111.747332522828472, -7.271470825562733 ], [ 111.747178327868696, -7.271896199849972 ], [ 111.74702413115908, -7.272320669598004 ], [ 111.746869935690043, -7.272746043823661 ], [ 111.74671573996622, -7.273171418018513 ], [ 111.74656154398761, -7.273596792182563 ], [ 111.746407347754158, -7.274022166315792 ], [ 111.746253151265861, -7.274447540418196 ], [ 111.746098953028891, -7.274872009981263 ], [ 111.745944756031037, -7.275297384021963 ], [ 111.745790558778253, -7.275722758031808 ], [ 111.745636361270527, -7.276148132010789 ], [ 111.745482163507802, -7.276573505958888 ], [ 111.745327965490091, -7.276998879876106 ], [ 111.745173767217352, -7.277424253762428 ], [ 111.745019567197318, -7.277848723109234 ], [ 111.744865368414679, -7.278274096933722 ], [ 111.744711169376927, -7.278699470727278 ], [ 111.744556970084048, -7.279124844489903 ], [ 111.744402770536027, -7.279550218221579 ], [ 111.744248570732822, -7.279975591922301 ], [ 111.7440943691835, -7.280400061083366 ], [ 111.743940168870097, -7.280825434722141 ], [ 111.743785968301424, -7.281250808329924 ], [ 111.743631767477495, -7.281676181906716 ], [ 111.743477566398255, -7.282101555452507 ], [ 111.743323365063688, -7.282526928967282 ], [ 111.74316916347378, -7.282952302451036 ], [ 111.743014960139121, -7.283376771394957 ], [ 111.742860758038645, -7.283802144816621 ], [ 111.742706555682759, -7.284227518207234 ], [ 111.742552353071417, -7.284652891566781 ], [ 111.742398150204593, -7.285078264895255 ], [ 111.742243947082258, -7.285503638192654 ], [ 111.742089742216393, -7.285928106950053 ], [ 111.741935538583206, -7.286353480185242 ], [ 111.741781334694451, -7.286778853389316 ], [ 111.741627130550114, -7.287204226562276 ], [ 111.741472926150124, -7.287629599704101 ], [ 111.741318721494494, -7.288054972814786 ], [ 111.741164516583197, -7.288480345894322 ], [ 111.741010309929706, -7.288904814433709 ], [ 111.740856104507202, -7.2893301874509 ], [ 111.740701898828931, -7.289755560436914 ], [ 111.740547692894907, -7.290180933391738 ], [ 111.740393486705059, -7.290606306315361 ], [ 111.740239280259416, -7.29103167920778 ], [ 111.740085072072745, -7.2914561475599 ], [ 111.739930865115582, -7.291881520389857 ], [ 111.739776657902524, -7.292306893188576 ], [ 111.739622450433544, -7.292732265956047 ], [ 111.739468242708597, -7.293157638692259 ], [ 111.739314034727698, -7.293583011397204 ], [ 111.739159826490777, -7.294008384070872 ], [ 111.739005616514248, -7.294432852204077 ], [ 111.738851407765495, -7.294858224815147 ], [ 111.738697198760647, -7.295283597394913 ], [ 111.738542989499706, -7.295708969943361 ], [ 111.738388779982643, -7.296134342460486 ], [ 111.738233664322479, -7.296559716426507 ], [ 111.738079452809927, -7.296984184371459 ], [ 111.737925242523687, -7.297409556794308 ], [ 111.737771031981211, -7.297834929185794 ], [ 111.737616821182485, -7.298260301545904 ], [ 111.737462610127494, -7.298685673874632 ], [ 111.737308398816182, -7.299111046171963 ], [ 111.737154187248564, -7.299536418437892 ], [ 111.736999973943895, -7.299960886163021 ], [ 111.736845761863776, -7.300386258366099 ], [ 111.736691549527251, -7.300811630537744 ], [ 111.736537336934305, -7.301237002677943 ], [ 111.736383124084909, -7.301662374786691 ], [ 111.736228910979037, -7.302087746863979 ], [ 111.736074696137308, -7.302512214400338 ], [ 111.735920482518637, -7.302937586414655 ], [ 111.735766268643417, -7.303362958397477 ], [ 111.735612054511634, -7.303788330348803 ], [ 111.735457840123232, -7.304213702268616 ], [ 111.735303625478224, -7.304639074156909 ], [ 111.735149410576554, -7.30506444601367 ], [ 111.734995193940421, -7.305488913329332 ], [ 111.734840978525597, -7.305914285122989 ], [ 111.734686762854068, -7.306339656885084 ], [ 111.734532546925777, -7.306765028615611 ], [ 111.734378330740739, -7.307190400314555 ], [ 111.734224114298868, -7.307615771981915 ], [ 111.734069896123714, -7.308040239108028 ], [ 111.733915679168419, -7.308465610712164 ], [ 111.733761461956234, -7.308890982284677 ], [ 111.73360724448716, -7.309316353825568 ], [ 111.733453026761154, -7.309741725334816 ], [ 111.733298808778216, -7.310167096812417 ], [ 111.733144590538288, -7.310592468258363 ], [ 111.732990370566469, -7.311016935162898 ], [ 111.732836151812748, -7.31144230654548 ], [ 111.732681932801981, -7.311867677896377 ], [ 111.732527713534154, -7.312293049215578 ], [ 111.732373494009195, -7.312718420503072 ], [ 111.732219274227148, -7.313143791758849 ], [ 111.732065052714361, -7.313568258473055 ], [ 111.731910832418208, -7.313993629665358 ], [ 111.731756611864867, -7.314419000825916 ], [ 111.731602391054281, -7.314844371954714 ], [ 111.73144816998645, -7.315269743051753 ], [ 111.73129394866136, -7.315695114117009 ], [ 111.731139727078954, -7.316120485150483 ], [ 111.730985503767243, -7.316544951642238 ], [ 111.73083128167039, -7.316970322612101 ], [ 111.730677059316179, -7.31739569355015 ], [ 111.730522836704566, -7.317821064456378 ], [ 111.730368613835523, -7.318246435330767 ], [ 111.730214390709037, -7.318671806173318 ], [ 111.730060165854425, -7.319096272473996 ], [ 111.729905942213207, -7.319521643252817 ], [ 111.729751718314446, -7.319947013999765 ], [ 111.729597494158142, -7.320372384714825 ], [ 111.72944326974428, -7.320797755398 ], [ 111.729289045072804, -7.32122312604927 ], [ 111.729134820143713, -7.321648496668629 ], [ 111.728980593487904, -7.322072962745948 ], [ 111.728826368043713, -7.322498333301439 ], [ 111.728672142341821, -7.322923703824991 ], [ 111.728517916382216, -7.323349074316591 ], [ 111.728363690164869, -7.32377444477623 ], [ 111.728209463689737, -7.324199815203899 ], [ 111.72805523548908, -7.32462428108939 ], [ 111.727901008498563, -7.325049651453077 ], [ 111.72774678125019, -7.325475021784763 ], [ 111.727592553743946, -7.325900392084439 ], [ 111.727438325979819, -7.326325762352098 ], [ 111.727284097957764, -7.326751132587727 ], [ 111.727129869677768, -7.327176502791315 ], [ 111.726975639673626, -7.327600968452543 ], [ 111.726821410877861, -7.328026338592013 ], [ 111.726667181824098, -7.328451708699411 ], [ 111.72651295251228, -7.32887707877474 ], [ 111.726358722942393, -7.329302448817975 ], [ 111.726204493114409, -7.329727818829114 ], [ 111.726050261563486, -7.330152284297766 ], [ 111.725896031219463, -7.330577654244668 ], [ 111.725741800617271, -7.331003024159446 ], [ 111.725587569756868, -7.331428394042081 ], [ 111.72543333863824, -7.331853763892576 ], [ 111.725279107261386, -7.332279133710912 ], [ 111.72512487562625, -7.332704503497081 ], [ 111.724970642269582, -7.333128968740601 ], [ 111.724816410118052, -7.333554338462396 ], [ 111.724662177708169, -7.333979708152 ], [ 111.724507945039917, -7.334405077809399 ], [ 111.724353712113285, -7.334830447434581 ], [ 111.724199478928213, -7.335255817027541 ], [ 111.724045244022832, -7.335680282077703 ], [ 111.723891010321083, -7.336105651606172 ], [ 111.723736776360823, -7.336531021102386 ], [ 111.72358254214204, -7.336956390566335 ], [ 111.723428307664719, -7.337381759998014 ], [ 111.723274072928831, -7.337807129397411 ], [ 111.723119837934348, -7.338232498764512 ], [ 111.722965601220949, -7.338656963588654 ], [ 111.722810459733552, -7.339082334348833 ], [ 111.72265622396246, -7.33950770361876 ], [ 111.722501987932674, -7.339933072856354 ], [ 111.722347751644151, -7.340358442061604 ], [ 111.722193515096905, -7.340783811234509 ], [ 111.72203927683195, -7.341208275864291 ], [ 111.721885039767344, -7.341633644972443 ], [ 111.721730802443929, -7.342059014048223 ], [ 111.721576564861678, -7.342484383091606 ], [ 111.721422327020534, -7.342909752102591 ], [ 111.72126808892051, -7.343335121081167 ], [ 111.721113850561565, -7.343760490027323 ], [ 111.720959610486318, -7.344184954430212 ], [ 111.720805371609671, -7.344610323311485 ], [ 111.720651132474032, -7.34503569216031 ], [ 111.720496893079371, -7.345461060976678 ], [ 111.720342653425675, -7.345886429760575 ], [ 111.720188413512901, -7.346311798511996 ], [ 111.720034171885047, -7.346736262720007 ], [ 111.719879931454287, -7.347161631406427 ], [ 111.719725690764363, -7.347587000060341 ], [ 111.719571449815277, -7.348012368681736 ], [ 111.719417208607013, -7.348437737270603 ], [ 111.719262967139528, -7.348863105826935 ], [ 111.719108725412781, -7.349288474350721 ], [ 111.718954481972361, -7.349712938330934 ] ] ] } },
{ "type": "Feature", "properties": { "Line": 311, "begin": 3111180.5, "end": 3112888.5 }, "geometry": { "type": "MultiLineString", "coordinates": [ [ [ 111.687950014716293, -7.268513879960927 ], [ 111.688375995262845, -7.268667906874825 ], [ 111.688801976066884, -7.268821933360251 ], [ 111.689227957128381, -7.2689759594172 ], [ 111.68965393844735, -7.269129985045605 ], [ 111.690079920023777, -7.269284010245469 ], [ 111.69050590185762, -7.269438035016751 ], [ 111.690930978106664, -7.269592060739739 ], [ 111.69135696045511, -7.269746084654696 ], [ 111.691782943060929, -7.269900108140987 ], [ 111.692208925924135, -7.2700541311986 ], [ 111.692634909044699, -7.270208153827515 ], [ 111.693060892422594, -7.270362176027701 ], [ 111.693485970214255, -7.270516199184726 ], [ 111.693911954106568, -7.270670220528261 ], [ 111.694337938256183, -7.270824241442988 ], [ 111.694763922663086, -7.27097826192889 ], [ 111.695189907327261, -7.271132281985932 ], [ 111.695615892248696, -7.27128630161411 ], [ 111.696041877427362, -7.271440320813362 ], [ 111.696466957018089, -7.271594340975426 ], [ 111.69689294271096, -7.27174835931767 ], [ 111.697318928661048, -7.27190237723093 ], [ 111.697744914868309, -7.272056394715196 ], [ 111.69817090133273, -7.272210411770414 ], [ 111.698596888054311, -7.272364428396567 ], [ 111.699021969186504, -7.272518445990655 ], [ 111.699447956422119, -7.272672461759492 ], [ 111.699873943914852, -7.272826477099207 ], [ 111.700299931664659, -7.272980492009741 ], [ 111.700725919671555, -7.273134506491088 ], [ 111.701151907935525, -7.27328852054322 ], [ 111.701577896456541, -7.27344253416611 ], [ 111.702002979386478, -7.273596548762936 ], [ 111.70242896842133, -7.273750561528151 ], [ 111.702854957713171, -7.273904573864049 ], [ 111.703280947262016, -7.274058585770601 ], [ 111.703706937067821, -7.274212597247787 ], [ 111.704132927130615, -7.274366608295594 ], [ 111.704558011600881, -7.274520620322435 ], [ 111.704984002177298, -7.274674630512241 ], [ 111.705409993010662, -7.274828640272579 ], [ 111.705835984100915, -7.274982649603417 ], [ 111.706261975448072, -7.27513665850475 ], [ 111.706687967052076, -7.27529066697652 ], [ 111.707113958912956, -7.275444675018713 ], [ 111.707539045179644, -7.275598684045947 ], [ 111.707965037553976, -7.275752691229801 ], [ 111.708391031603597, -7.27590760250008 ], [ 111.708817024492419, -7.276061608824515 ], [ 111.709243017638045, -7.276215614719251 ], [ 111.709669011040418, -7.276369620184255 ], [ 111.710095004699568, -7.276523625219524 ], [ 111.710520092762835, -7.276677631245804 ], [ 111.710946086935223, -7.276831635422357 ], [ 111.711372081364317, -7.276985639169077 ], [ 111.711798076050115, -7.277139642485943 ], [ 111.71222407099259, -7.277293645372945 ], [ 111.712650066191728, -7.277447647830019 ], [ 111.713075155793575, -7.277601651283263 ], [ 111.713501151505781, -7.277755652881329 ], [ 111.713927147474621, -7.277909654049415 ], [ 111.71435314370008, -7.278063654787504 ], [ 111.714779140182117, -7.278217655095543 ], [ 111.715205136920744, -7.27837165497352 ], [ 111.715631133915934, -7.278525654421411 ], [ 111.716056225312144, -7.27867965487146 ], [ 111.716482222820204, -7.278833653460001 ], [ 111.71690822058477, -7.278987651618361 ], [ 111.717334218605856, -7.279141649346532 ], [ 111.717760216883434, -7.279295646644488 ], [ 111.718186215417475, -7.279449643512207 ], [ 111.718611308351129, -7.279603641387236 ], [ 111.719037307397869, -7.279757637395276 ], [ 111.719463306701044, -7.279911632973001 ], [ 111.719889306260626, -7.280065628120381 ], [ 111.720315306076628, -7.280219622837397 ], [ 111.720741306149009, -7.280373617124031 ], [ 111.721167306477767, -7.280527610980231 ], [ 111.721592401204461, -7.280681605849718 ], [ 111.722018402045691, -7.280835598845885 ], [ 111.722444403143271, -7.280989591411552 ], [ 111.722870404497172, -7.281143583546717 ], [ 111.723296406107352, -7.281297575251314 ], [ 111.723722407973838, -7.281451566525341 ], [ 111.724147504236811, -7.281605558817796 ], [ 111.724573506615599, -7.281759549231482 ], [ 111.724999509250623, -7.281913539214531 ], [ 111.725425512141882, -7.282067528766888 ], [ 111.725851515289349, -7.282221517888544 ], [ 111.726277518693024, -7.28237550657947 ], [ 111.726703522352878, -7.282529494839648 ], [ 111.727128620407555, -7.282683484124268 ], [ 111.727554624579511, -7.282837471523743 ], [ 111.727980629007604, -7.282991458492391 ], [ 111.728406633691819, -7.283145445030181 ], [ 111.728832638632156, -7.283299431137088 ], [ 111.729258643828572, -7.283453416813107 ], [ 111.729683743418406, -7.283607403518683 ], [ 111.730109749126768, -7.283761388333677 ], [ 111.730535755091168, -7.283915372717688 ], [ 111.730961761311605, -7.284069356670693 ], [ 111.731387767788064, -7.284223340192671 ], [ 111.731813774520532, -7.284377323283581 ], [ 111.732239781509008, -7.284531305943399 ], [ 111.732664882889196, -7.284685289638797 ], [ 111.733090890389391, -7.284839271437251 ], [ 111.733516898145524, -7.284993252804558 ], [ 111.733942906157594, -7.285147233740663 ], [ 111.734368914425588, -7.28530121424555 ], [ 111.734794922949476, -7.285455194319196 ], [ 111.735220025863683, -7.285609175433566 ], [ 111.735646034899119, -7.285763154645561 ], [ 111.736072044190422, -7.285917133426215 ], [ 111.736498053737563, -7.286071111775533 ], [ 111.736924063540542, -7.286225089693478 ], [ 111.73735007359933, -7.286379067180033 ], [ 111.737776083913928, -7.286533044235181 ], [ 111.738201188617182, -7.286687022337047 ], [ 111.738627199443116, -7.286840998530147 ], [ 111.739053210524816, -7.286994974291754 ], [ 111.739479221862254, -7.287148949621838 ], [ 111.739905233455417, -7.28730292452039 ], [ 111.74033124530429, -7.28745689898735 ], [ 111.740756351540412, -7.287610874506194 ], [ 111.74118236390045, -7.28776484811082 ], [ 111.741608376516169, -7.287918821283789 ], [ 111.742034389387541, -7.288072794025106 ], [ 111.742460402514538, -7.288226766334702 ], [ 111.742886415897175, -7.28838073821257 ], [ 111.743312429535422, -7.288534709658687 ], [ 111.743737537559255, -7.288688682162695 ], [ 111.744163551708468, -7.288842652746129 ], [ 111.74458956611322, -7.288996622897717 ], [ 111.745015580773554, -7.289150592617453 ], [ 111.745441595689414, -7.289304561905306 ], [ 111.745867610860813, -7.289458530761251 ], [ 111.746292720416349, -7.289612500680256 ], [ 111.746718736098529, -7.289766468673199 ], [ 111.747144752036164, -7.289920436234157 ], [ 111.747570768229281, -7.290074403363106 ], [ 111.747996784677838, -7.290228370060019 ], [ 111.748422801381835, -7.290382336324892 ], [ 111.748848818341244, -7.290536302157659 ], [ 111.749273929683184, -7.290690269059485 ], [ 111.749699947153175, -7.290844234028889 ], [ 111.750125964878549, -7.290998198566131 ], [ 111.750551982859278, -7.291152162671201 ], [ 111.750978002602338, -7.291307030850871 ], [ 111.751404021094615, -7.29146099409138 ], [ 111.75182913396803, -7.291614958406095 ], [ 111.752255152970733, -7.291768920782944 ], [ 111.752681172228719, -7.291922882727462 ], [ 111.753107191741975, -7.292076844239639 ], [ 111.753533211510486, -7.292230805319444 ], [ 111.753959231534253, -7.29238476596686 ], [ 111.754385251813233, -7.292538726181872 ], [ 111.754810366471702, -7.292692687477094 ], [ 111.755236387260879, -7.292846646828057 ], [ 111.755662408305255, -7.293000605746528 ], [ 111.756088429604802, -7.293154564232475 ], [ 111.756514451159489, -7.293308522285894 ], [ 111.756940472969333, -7.293462479906723 ], [ 111.757365589157232, -7.293616438612937 ], [ 111.757791611477089, -7.293770395369424 ], [ 111.758217634052045, -7.293924351693266 ], [ 111.758643656882086, -7.294078307584449 ], [ 111.759069679967183, -7.294232263042915 ], [ 111.759495703307337, -7.294386218068652 ], [ 111.759921726902547, -7.294540172661639 ], [ 111.760346844874149, -7.29469412834603 ], [ 111.76077286897916, -7.294848082074338 ], [ 111.76119889333917, -7.295002035369797 ], [ 111.761624917954151, -7.295155988232404 ], [ 111.762050942824104, -7.295309940662132 ], [ 111.762476967949013, -7.29546389265895 ], [ 111.762902087448907, -7.295617845752354 ], [ 111.763328113083446, -7.295771796884171 ], [ 111.763754138972885, -7.295925747583008 ], [ 111.764180165117239, -7.296079697848835 ], [ 111.764606191516435, -7.296233647681627 ], [ 111.765032218170518, -7.296387597081376 ], [ 111.765458245079444, -7.296541546048022 ], [ 111.765883366361734, -7.296695496117254 ], [ 111.766309393780091, -7.29684944421854 ], [ 111.766735421453248, -7.297003391886664 ], [ 111.767161449381192, -7.297157339121617 ], [ 111.767587477563922, -7.297311285923343 ], [ 111.768013506001409, -7.297465232291823 ], [ 111.768438628810856, -7.297619179768057 ], [ 111.768864657757575, -7.297773125270871 ], [ 111.769290686959039, -7.297927070340386 ], [ 111.769716716415189, -7.298081014976542 ], [ 111.770142746126027, -7.298234959179337 ], [ 111.770568776091537, -7.298388902948729 ], [ 111.770994806311691, -7.298542846284708 ], [ 111.771419930902212, -7.298696790734482 ], [ 111.771845961631414, -7.29885073320443 ], [ 111.772271992615245, -7.299004675240887 ], [ 111.772698023853678, -7.299158616843822 ], [ 111.773124055346685, -7.299312558013211 ], [ 111.773550087094264, -7.299466498749044 ], [ 111.773975213210775, -7.299620440603801 ], [ 111.774401245467232, -7.299774380473283 ], [ 111.774827277978204, -7.299928319909116 ], [ 111.775253310743693, -7.300082258911275 ], [ 111.77567934376367, -7.30023619747975 ], [ 111.776105377038135, -7.300390135614479 ], [ 111.77653141056706, -7.300544073315461 ], [ 111.776956538463295, -7.300698012141411 ], [ 111.777382572500883, -7.300851948975701 ], [ 111.777808606792902, -7.301005885376176 ], [ 111.778234641339324, -7.301159821342779 ], [ 111.778660676140134, -7.301313756875503 ], [ 111.779086711195333, -7.301467691974321 ], [ 111.779511840616436, -7.301621628203285 ], [ 111.779937876180114, -7.30177556243512 ], [ 111.780363911998137, -7.301929496232957 ], [ 111.780789948070478, -7.302083429596785 ], [ 111.781215984397122, -7.302237362526581 ], [ 111.78164202097804, -7.302391295022318 ], [ 111.782068057813248, -7.302545227083986 ], [ 111.782493189012754, -7.302699160281812 ], [ 111.782919226356228, -7.30285309147611 ], [ 111.783345263953947, -7.303007022236239 ], [ 111.783771301805899, -7.303160952562184 ], [ 111.784197339912026, -7.303314882453934 ], [ 111.784623378272357, -7.303468811911426 ], [ 111.78504851099558, -7.303622742510267 ], [ 111.785474549864006, -7.303776671100093 ], [ 111.785900588986578, -7.303930599255605 ], [ 111.786326628363284, -7.304084526976793 ], [ 111.786752667994108, -7.304238454263598 ], [ 111.787178707879008, -7.304392381116013 ], [ 111.787604748018012, -7.304546307534008 ], [ 111.788029882518288, -7.304700235099384 ], [ 111.788455923165202, -7.304854160649371 ], [ 111.78888196406615, -7.305008085764849 ], [ 111.789308005221102, -7.305162010445803 ], [ 111.789734046630088, -7.305315934692213 ], [ 111.79016008829305, -7.305469858504054 ], [ 111.790585224315919, -7.305623783468463 ], [ 111.791011266486606, -7.305777706411972 ], [ 111.79143730891127, -7.305931628920828 ], [ 111.791863351589853, -7.306085550995014 ], [ 111.792289394522356, -7.3062394726345 ], [ 111.792715437708779, -7.306393393839276 ], [ 111.793141482744034, -7.306548219106477 ], [ 111.793566620543501, -7.306702141034983 ], [ 111.793992664492237, -7.306856060936201 ], [ 111.794418708694806, -7.307009980402611 ], [ 111.794844753151196, -7.307163899434148 ], [ 111.795270797861434, -7.307317818030809 ], [ 111.795696842825464, -7.307471736192563 ], [ 111.796121982146374, -7.307625655518089 ], [ 111.796548027617746, -7.307779572810865 ], [ 111.796974073342881, -7.307933489668639 ], [ 111.79740011932175, -7.308087406091408 ], [ 111.797826165554369, -7.308241322079144 ], [ 111.798252212040694, -7.308395237631824 ], [ 111.798678258780726, -7.308549152749431 ], [ 111.799103399876017, -7.308703069036842 ], [ 111.799529447123192, -7.30885698328508 ], [ 111.799955494624015, -7.309010897098158 ], [ 111.800381542378489, -7.309164810476047 ], [ 111.800807590386583, -7.309318723418744 ], [ 111.801233638648284, -7.309472635926183 ], [ 111.801658781263896, -7.309626549608623 ], [ 111.802084830032555, -7.3097804612464 ], [ 111.802510879054807, -7.309934372448864 ], [ 111.80293692833061, -7.310088283216006 ], [ 111.803362977859933, -7.310242193547763 ], [ 111.803789027642793, -7.310396103444131 ], [ 111.804215077679174, -7.310550012905081 ], [ 111.804640222067832, -7.310703923547073 ], [ 111.805066272610958, -7.310857832138018 ], [ 111.805492323407563, -7.311011740293452 ], [ 111.805918374457605, -7.311165648013366 ], [ 111.806344425761083, -7.311319555297736 ], [ 111.806770477317997, -7.311473462146534 ], [ 111.807195623225809, -7.311627370181577 ], [ 111.807621675289298, -7.311781276160048 ], [ 111.808047727606166, -7.311935181702871 ], [ 111.808473780176399, -7.312089086810023 ], [ 111.80889983299997, -7.312242991481474 ], [ 111.809325886076877, -7.312396895717218 ], [ 111.809751939407121, -7.312550799517195 ], [ 111.810177087086643, -7.312704704509447 ], [ 111.810603140923249, -7.312858607438737 ], [ 111.811029195013134, -7.313012509932203 ], [ 111.811455249356285, -7.313166411989829 ], [ 111.81188130395266, -7.313320313611562 ], [ 111.812307358802286, -7.313474214797391 ], [ 111.812732507999826, -7.313628117180679 ], [ 111.813158563355657, -7.313782017495517 ], [ 111.813584618964654, -7.313935917374391 ], [ 111.814010674826832, -7.314089816817239 ], [ 111.814436730942163, -7.314243715824055 ], [ 111.814862787310645, -7.314397614394811 ], [ 111.815288843932251, -7.314551512529491 ], [ 111.815713994900193, -7.314705411867697 ], [ 111.816140052027791, -7.314859309131021 ], [ 111.81656610940847, -7.315013205958188 ], [ 111.816992167042216, -7.315167102349164 ], [ 111.817418224929028, -7.315320998303934 ], [ 111.817844283068879, -7.315474893822481 ], [ 111.818269435553674, -7.315628790549714 ], [ 111.818695494199346, -7.315782685196588 ], [ 111.819121553098, -7.315936579407146 ], [ 111.81954761224965, -7.316090473181363 ], [ 111.819973671654253, -7.316244366519236 ], [ 111.820399731311809, -7.316398259420697 ], [ 111.820825791222305, -7.316552151885745 ], [ 111.821250945476166, -7.316706045565555 ], [ 111.821677005892283, -7.316859937158583 ], [ 111.822103066561269, -7.317013828315137 ], [ 111.822529127483151, -7.317167719035156 ], [ 111.822955188657886, -7.31732160931863 ], [ 111.823381250085475, -7.317475499165536 ], [ 111.823806405855066, -7.317629390232392 ], [ 111.824232467788093, -7.317783279206988 ], [ 111.824658529973917, -7.317937167744924 ], [ 111.825084592412537, -7.318091055846184 ], [ 111.82551065510394, -7.318244943510748 ], [ 111.825936718048084, -7.318398830738588 ], [ 111.826362781244981, -7.318552717529696 ], [ 111.826787938782289, -7.318706605546799 ], [ 111.827214002484411, -7.318860491465208 ], [ 111.827640066439258, -7.319014376946788 ], [ 111.828066130646775, -7.31916826199152 ], [ 111.828492195106946, -7.319322146599389 ], [ 111.828918259819801, -7.319476030770341 ], [ 111.829343418871687, -7.319629916172497 ], [ 111.829769484089582, -7.319783799470459 ], [ 111.830195549560102, -7.319937682331439 ], [ 111.830621615283221, -7.320091564755433 ], [ 111.831047681258909, -7.320245446742377 ], [ 111.831473747487166, -7.320399328292269 ], [ 111.831899813967993, -7.320553209405077 ], [ 111.83232497478626, -7.32070709175515 ], [ 111.832751041771928, -7.320860971994627 ], [ 111.833177109010094, -7.321014851796925 ], [ 111.833603176500773, -7.321168731162041 ], [ 111.834029244243922, -7.321322610089948 ], [ 111.834455312239541, -7.321476488580617 ], [ 111.83488047457125, -7.321630368313769 ], [ 111.835306544754815, -7.321785150417844 ], [ 111.835732613508426, -7.321939027597442 ], [ 111.836158682514437, -7.322092904339701 ], [ 111.836584751772847, -7.322246780644614 ], [ 111.837010821283627, -7.322400656512122 ], [ 111.837436891046778, -7.322554531942212 ], [ 111.837862055144413, -7.322708408620832 ], [ 111.838288125412035, -7.32286228317691 ], [ 111.838714195931971, -7.323016157295511 ], [ 111.839140266704206, -7.323170030976581 ], [ 111.839566337728726, -7.323323904220104 ], [ 111.839992409005518, -7.323477777026062 ], [ 111.840417574615472, -7.323631651085748 ], [ 111.840843646396564, -7.323785523017399 ], [ 111.841269718429885, -7.323939394511388 ], [ 111.841695790715406, -7.324093265567709 ], [ 111.842121863253141, -7.324247136186329 ], [ 111.842547936043061, -7.324401006367232 ], [ 111.842974009085154, -7.324554876110399 ], [ 111.843399176458817, -7.32470874711335 ], [ 111.843825250004997, -7.324862615981823 ], [ 111.844251323803306, -7.325016484412473 ], [ 111.844677397853729, -7.325170352405268 ], [ 111.845103472156239, -7.325324219960209 ], [ 111.845529546710836, -7.325478087077228 ], [ 111.845954715595653, -7.325631955459248 ], [ 111.846380790654152, -7.325785821701285 ], [ 111.846806865964709, -7.32593968750534 ], [ 111.847232941527267, -7.32609355287141 ], [ 111.847659017341854, -7.32624741779943 ], [ 111.848085093408429, -7.326401282289399 ], [ 111.848511169726976, -7.326555146341284 ], [ 111.848936340374166, -7.326709011664245 ], [ 111.849362417196417, -7.326862874840803 ], [ 111.849788494270612, -7.327016737579187 ], [ 111.850214571596723, -7.327170599879387 ], [ 111.85064064917475, -7.327324461741379 ], [ 111.85106672700465, -7.327478323165137 ], [ 111.851491899161857, -7.327632185865188 ], [ 111.851917977495305, -7.327786046413296 ], [ 111.852344056080597, -7.327939906523091 ], [ 111.852770134917705, -7.328093766194549 ], [ 111.853196214006644, -7.328247625427643 ], [ 111.853622293347371, -7.328401484222368 ], [ 111.8540483729399, -7.328555342578658 ], [ 111.854473546858145, -7.328709202217312 ], [ 111.854899626954008, -7.328863059697594 ], [ 111.855325707301589, -7.329016916739386 ], [ 111.855751787900914, -7.329170773342682 ], [ 111.856177868751942, -7.329324629507417 ], [ 111.856603949854687, -7.329478485233584 ], [ 111.857029125281798, -7.329632342247316 ], [ 111.857455206887678, -7.329786197097166 ], [ 111.857881288745219, -7.329940051508393 ], [ 111.858307370854391, -7.33009390548093 ], [ 111.858733453215208, -7.330247759014767 ], [ 111.859159535827629, -7.330401612109891 ], [ 111.859585618691625, -7.330555464766263 ], [ 111.860010795878452, -7.3307093187163 ], [ 111.860436879245412, -7.330863170495997 ], [ 111.860862962863905, -7.331017021836874 ], [ 111.861289046733958, -7.3311708727389 ], [ 111.861715130855529, -7.331324723202054 ], [ 111.862141215228604, -7.331478573226319 ], [ 111.862566393923146, -7.331632424549428 ], [ 111.862992478798972, -7.331786273696697 ], [ 111.863418563926274, -7.33194012240499 ], [ 111.863844649305037, -7.332093970674279 ], [ 111.864270734935232, -7.332247818504558 ], [ 111.864696820816818, -7.332401665895764 ], [ 111.865122906949836, -7.332555512847896 ], [ 111.865548087402757, -7.33270936110496 ], [ 111.865974174038314, -7.33286320717975 ], [ 111.866400260925246, -7.333017052815396 ], [ 111.86682634806354, -7.333170898011848 ], [ 111.867252435453153, -7.333324742769092 ], [ 111.867678523094071, -7.3334785870871 ], [ 111.868103705053556, -7.333632432715261 ], [ 111.868529793196871, -7.33378627615564 ], [ 111.868955881591461, -7.333940119156691 ], [ 111.869381970237285, -7.33409396171841 ], [ 111.869808059134371, -7.334247803840768 ] ] ] } },
{ "type": "Feature", "properties": { "Line": 308, "begin": 3081180.5, "end": 3082060.5 }, "geometry": { "type": "MultiLineString", "coordinates": [ [ [ 111.744367364239324, -7.25308245673638 ], [ 111.744213170889907, -7.253507830002814 ], [ 111.744058977286372, -7.253933203238502 ], [ 111.743903877627517, -7.254358577926462 ], [ 111.743749682029858, -7.254783046590614 ], [ 111.743595487663143, -7.255208419733772 ], [ 111.743441293042196, -7.255633792846154 ], [ 111.743287098167016, -7.256059165927738 ], [ 111.743132903037548, -7.256484538978524 ], [ 111.742978707653805, -7.256909911998492 ], [ 111.742824510532117, -7.257334380477765 ], [ 111.742670314639909, -7.257759753436067 ], [ 111.742516118493342, -7.258185126363525 ], [ 111.742361922092371, -7.258610499260128 ], [ 111.74220772543697, -7.259035872125875 ], [ 111.742053528527137, -7.259461244960752 ], [ 111.741899331362816, -7.259886617764744 ], [ 111.741745132461944, -7.260311086027873 ], [ 111.741590934788832, -7.260736458770058 ], [ 111.741436736861175, -7.261161831481337 ], [ 111.741282538678945, -7.261587204161691 ], [ 111.741128340242113, -7.262012576811117 ], [ 111.740974141550666, -7.262437949429606 ], [ 111.740819941123846, -7.26286241750708 ], [ 111.740665741923294, -7.263287790063647 ], [ 111.740511542468042, -7.263713162589241 ], [ 111.740357342758088, -7.264138535083855 ], [ 111.740203142793376, -7.264563907547485 ], [ 111.740048942573907, -7.264989279980112 ], [ 111.739894742099622, -7.265414652381737 ], [ 111.739740539891329, -7.265839120242175 ], [ 111.7395863389076, -7.266264492581736 ], [ 111.739432137669013, -7.266689864890261 ], [ 111.739277936175526, -7.267115237167741 ], [ 111.73912373442711, -7.267540609414162 ], [ 111.738969532423752, -7.267965981629517 ], [ 111.738815328687565, -7.268390449303523 ], [ 111.738661126174449, -7.268815821456698 ], [ 111.73850692340632, -7.269241193578782 ], [ 111.738352720383162, -7.269666565669761 ], [ 111.738198517104919, -7.270091937729622 ], [ 111.738044313571578, -7.270517309758358 ], [ 111.737890109783123, -7.270942681755962 ], [ 111.737735904263204, -7.271367149212059 ], [ 111.73758169996465, -7.271792521147345 ], [ 111.737427495410913, -7.272217893051472 ], [ 111.737273290601934, -7.272643264924421 ], [ 111.737119085537728, -7.273068636766186 ], [ 111.736964880218238, -7.273494008576762 ], [ 111.736810674643479, -7.273919380356132 ], [ 111.736656467338605, -7.274343847593825 ], [ 111.736502261253378, -7.274769219310745 ], [ 111.736348054912796, -7.275194590996431 ], [ 111.736193848316802, -7.275619962650877 ], [ 111.736039641465396, -7.276045334274071 ], [ 111.735885434358536, -7.276470705866002 ], [ 111.735731225522784, -7.276895172916116 ], [ 111.735577017905186, -7.277320544445477 ], [ 111.735422810032077, -7.277745915943549 ], [ 111.735268601903428, -7.278171287410323 ], [ 111.735114393519197, -7.278596658845784 ], [ 111.734960184879355, -7.279022030249926 ], [ 111.734805975983917, -7.279447401622734 ], [ 111.734651765360951, -7.279871868453556 ], [ 111.734497555954405, -7.280297239763663 ], [ 111.734343346292178, -7.280722611042411 ], [ 111.734189136374241, -7.281147982289787 ], [ 111.73403492620055, -7.281573353505788 ], [ 111.733880715771079, -7.281998724690399 ], [ 111.733726503615273, -7.282423191332858 ], [ 111.733572292674424, -7.282848562454647 ], [ 111.733418081477723, -7.283273933545019 ], [ 111.733263870025155, -7.283699304603963 ], [ 111.733109658316693, -7.284124675631467 ], [ 111.732955446352321, -7.284550046627528 ], [ 111.732801234131983, -7.284975417592129 ], [ 111.73264702018669, -7.285399884014424 ], [ 111.732492807454634, -7.28582525491607 ], [ 111.732338594466555, -7.286250625786228 ], [ 111.732184381222424, -7.286675996624888 ], [ 111.732030167722215, -7.287101367432048 ], [ 111.73187595396594, -7.287526738207686 ], [ 111.731721738485859, -7.287951204440876 ], [ 111.731567524217525, -7.288376575153442 ], [ 111.731413309693039, -7.288801945834463 ], [ 111.731259094912346, -7.289227316483927 ], [ 111.731104879875431, -7.289652687101828 ], [ 111.730950664582281, -7.290078057688155 ], [ 111.730796449032852, -7.290503428242899 ], [ 111.730642231761038, -7.290927894255024 ], [ 111.730488015699223, -7.291353264746554 ], [ 111.730333799381071, -7.291778635206472 ], [ 111.730179582806542, -7.292204005634767 ], [ 111.730025365975635, -7.292629376031429 ], [ 111.729871148888293, -7.293054746396447 ], [ 111.729716930079746, -7.293479212218705 ], [ 111.729562712479733, -7.293904582520399 ], [ 111.729408494623215, -7.294329952790416 ], [ 111.72925427651019, -7.294755323028754 ], [ 111.729100058140602, -7.295180693235399 ], [ 111.728945839514452, -7.295606063410342 ], [ 111.728791620631725, -7.296031433553577 ], [ 111.728637400029172, -7.296455899153863 ], [ 111.728482274743797, -7.296881270694378 ], [ 111.728328055090472, -7.297306640742182 ], [ 111.728173835180442, -7.297732010758235 ], [ 111.728019615013693, -7.298157380742528 ], [ 111.727865394590211, -7.298582750695049 ], [ 111.72771117244811, -7.299007216104503 ], [ 111.727556951511289, -7.299432585993445 ], [ 111.72740273031765, -7.299857955850586 ], [ 111.727248508867163, -7.300283325675921 ], [ 111.727094287159815, -7.300708695469437 ], [ 111.726940065195578, -7.30113406523112 ], [ 111.726785842974422, -7.30155943496097 ], [ 111.726631619036041, -7.301983900147579 ], [ 111.726477396301178, -7.30240926981371 ], [ 111.726323173309353, -7.302834639447974 ], [ 111.726168950060497, -7.303260009050358 ], [ 111.726014726554595, -7.303685378620861 ], [ 111.725860502791633, -7.304110748159461 ], [ 111.725706277312639, -7.304535213154677 ], [ 111.725552053035685, -7.304960582629446 ], [ 111.725397828501599, -7.305385952072285 ], [ 111.725243603710339, -7.305811321483191 ], [ 111.725089378661878, -7.306236690862153 ], [ 111.724935153356213, -7.306662060209154 ], [ 111.724780927793319, -7.307087429524195 ], [ 111.724626700515756, -7.307511894295681 ], [ 111.724472474438514, -7.307937263546748 ], [ 111.724318248103955, -7.30836263276582 ], [ 111.724164021512053, -7.308788001952887 ], [ 111.724009794662777, -7.309213371107943 ], [ 111.723855567556114, -7.309638740230974 ], [ 111.723701338736021, -7.310063204810294 ], [ 111.723547111114712, -7.310488573869234 ], [ 111.72339288323596, -7.310913942896123 ], [ 111.723238655099706, -7.31133931189095 ], [ 111.723084426705924, -7.311764680853702 ], [ 111.722930198054627, -7.312190049784372 ], [ 111.722775969145744, -7.312615418682952 ], [ 111.722621738524822, -7.313039883037672 ], [ 111.722467509100966, -7.313465251872024 ], [ 111.722313279419453, -7.313890620674254 ], [ 111.722159049480283, -7.314315989444353 ], [ 111.722004819283427, -7.314741358182315 ], [ 111.721850588828843, -7.315166726888122 ], [ 111.721696356663429, -7.315591191049931 ], [ 111.72154212569356, -7.316016559691396 ], [ 111.72138789446592, -7.31644192830068 ], [ 111.721233662980453, -7.316867296877775 ], [ 111.721079431237143, -7.317292665422672 ], [ 111.720925199235964, -7.317718033935356 ], [ 111.720770966976886, -7.318143402415827 ], [ 111.720616733008399, -7.318567866352128 ], [ 111.720462500233694, -7.318993234768116 ], [ 111.72030826720102, -7.319418603151857 ], [ 111.720154033910376, -7.319843971503337 ], [ 111.719999800361705, -7.320269339822552 ], [ 111.71984556655498, -7.320694708109489 ], [ 111.719691331040039, -7.32111917185212 ], [ 111.719537096717403, -7.321544540074456 ], [ 111.719382862136641, -7.321969908264487 ], [ 111.719228627297738, -7.322395276422205 ], [ 111.719074392200667, -7.322820644547591 ], [ 111.718920156845414, -7.323246012640646 ], [ 111.718765921231949, -7.323671380701352 ], [ 111.718611683911647, -7.32409584421757 ], [ 111.718457447781887, -7.324521212213544 ], [ 111.718303211393859, -7.324946580177143 ], [ 111.718148974747493, -7.325371948108354 ], [ 111.717994737842787, -7.325797316007172 ], [ 111.717840500679728, -7.326222683873587 ], [ 111.717686261811039, -7.32664714719539 ], [ 111.717532024131387, -7.32707251499695 ], [ 111.71737778619331, -7.327497882766075 ], [ 111.717223547996753, -7.327923250502761 ], [ 111.717069309541714, -7.328348618206994 ], [ 111.716915070828151, -7.32877398587876 ], [ 111.716760831856064, -7.329199353518056 ], [ 111.716606591179755, -7.32962381661258 ], [ 111.71645235169072, -7.330049184186884 ], [ 111.71629811194309, -7.330474551728689 ], [ 111.716143871936808, -7.330899919237981 ], [ 111.715989631671846, -7.331325286714754 ], [ 111.715835391148218, -7.331750654158996 ], [ 111.715681148921576, -7.332175117058318 ], [ 111.715526907880715, -7.332600484437456 ], [ 111.715372666581075, -7.33302585178403 ], [ 111.715218425022655, -7.333451219098031 ], [ 111.715064183205413, -7.333876586379453 ], [ 111.714909941129349, -7.334301953628288 ], [ 111.714755698794406, -7.334727320844519 ], [ 111.714601454757869, -7.335151783515678 ], [ 111.714447211905352, -7.335577150666666 ], [ 111.714292968793899, -7.336002517785031 ], [ 111.714138725423467, -7.336427884870753 ], [ 111.713984481794057, -7.336853251923827 ], [ 111.713830237905626, -7.337278618944242 ], [ 111.713675992316809, -7.337703081419426 ], [ 111.713521747910519, -7.338128448374481 ], [ 111.713367503245109, -7.338553815296851 ], [ 111.713212352343035, -7.33897918362485 ], [ 111.713058107158503, -7.339404550481589 ], [ 111.712903861714793, -7.339829917305609 ], [ 111.712749616011891, -7.340255284096901 ], [ 111.712595368610039, -7.340679746342816 ], [ 111.71244112238891, -7.341105113068609 ], [ 111.712286875908532, -7.341530479761651 ], [ 111.712132629168849, -7.341955846421926 ], [ 111.71197838216986, -7.342381213049423 ], [ 111.711824134911524, -7.342806579644139 ], [ 111.711669885955445, -7.343231041693329 ], [ 111.711515638178582, -7.343656408222428 ], [ 111.711361390142315, -7.344081774718717 ], [ 111.7112071418466, -7.344507141182176 ], [ 111.711052893291438, -7.344932507612802 ], [ 111.710898644476771, -7.345357874010587 ], [ 111.710744395402585, -7.345783240375513 ], [ 111.710590144632079, -7.346207702194764 ], [ 111.710435895039026, -7.346633068493942 ] ] ] } },
{ "type": "Feature", "properties": { "Line": 309, "begin": 3091180.5, "end": 3092424.5 }, "geometry": { "type": "MultiLineString", "coordinates": [ [ [ 111.684864919890217, -7.277018350317041 ], [ 111.685290907946992, -7.277172379421463 ], [ 111.685716896261752, -7.277326408097052 ], [ 111.686142884834496, -7.27748043634379 ], [ 111.686568873665195, -7.277634464161659 ], [ 111.686994862753849, -7.277788491550625 ], [ 111.687419946240794, -7.277942519885543 ], [ 111.687845935845061, -7.278096546417514 ], [ 111.688271925707227, -7.278250572520514 ], [ 111.688697915827291, -7.278404598194512 ], [ 111.689123906205211, -7.278558623439483 ], [ 111.689549896841001, -7.278712648255418 ], [ 111.689974981873632, -7.278866674022399 ], [ 111.690400973024865, -7.279020697981016 ], [ 111.690826964433896, -7.279174721510505 ], [ 111.691252956100726, -7.279328744610838 ], [ 111.691678948025356, -7.279482767282006 ], [ 111.692104940207756, -7.279636789523953 ], [ 111.692530932647912, -7.279790811336667 ], [ 111.692956019483205, -7.279944834106429 ], [ 111.69338201243859, -7.280098855061483 ], [ 111.69380800565169, -7.280252875587248 ], [ 111.694233999122488, -7.280406895683659 ], [ 111.694659992850958, -7.280560915350711 ], [ 111.6950859868371, -7.280714934588373 ], [ 111.695511075216942, -7.280868954788221 ], [ 111.695937069718155, -7.281022973167936 ], [ 111.696363064476969, -7.281176991118168 ], [ 111.696789059493412, -7.281331008638915 ], [ 111.69721505476744, -7.28148502573015 ], [ 111.69764105029904, -7.281639042391844 ], [ 111.698067046088227, -7.281793058623988 ], [ 111.698492136269408, -7.281947075824289 ], [ 111.698918132573425, -7.28210109119809 ], [ 111.699344129134985, -7.282255106142247 ], [ 111.699770125954032, -7.282409120656742 ], [ 111.70019612303058, -7.282563134741557 ], [ 111.700622120364599, -7.282717148396635 ], [ 111.701047212089179, -7.282871163025023 ], [ 111.701473209937888, -7.283025175821468 ], [ 111.701899208044026, -7.283179188188117 ], [ 111.702325206407579, -7.28333320012496 ], [ 111.702751205028534, -7.283487211631944 ], [ 111.703177203906861, -7.28364122270905 ], [ 111.70360320304259, -7.283795233356262 ], [ 111.704028296567174, -7.28394924498277 ], [ 111.704454296217378, -7.284103254771004 ], [ 111.704880296124884, -7.284257264129246 ], [ 111.70530629628972, -7.284411273057487 ], [ 111.705732296711858, -7.2845652815557 ], [ 111.706158297391269, -7.284719289623861 ], [ 111.706583392458143, -7.284873298676477 ], [ 111.707009393651859, -7.285027305885341 ], [ 111.70743539510282, -7.285181312664075 ], [ 111.707861396811012, -7.285335319012651 ], [ 111.708287398776406, -7.285489324931047 ], [ 111.708713402420059, -7.285644234934864 ], [ 111.709139404900725, -7.285798239992731 ], [ 111.709564501767147, -7.285952246041037 ], [ 111.709990504761905, -7.286106250239247 ], [ 111.710416508013807, -7.286260254007168 ], [ 111.710842511522827, -7.286414257344732 ], [ 111.71126851528895, -7.286568260251938 ], [ 111.711694519312175, -7.286722262728756 ], [ 111.712119617719722, -7.28687626620116 ], [ 111.712545622256869, -7.287030267818031 ], [ 111.712971627051061, -7.287184269004421 ], [ 111.713397632102286, -7.287338269760324 ], [ 111.713823637410542, -7.287492270085714 ], [ 111.714249642975801, -7.287646269980566 ], [ 111.71467564879805, -7.287800269444865 ], [ 111.715100749002943, -7.287954269910728 ], [ 111.7155267553389, -7.28810826851469 ], [ 111.715952761931817, -7.288262266688006 ], [ 111.716378768781652, -7.288416264430657 ], [ 111.71680477588842, -7.288570261742632 ], [ 111.717230783252077, -7.28872425862387 ], [ 111.717655884996958, -7.288878256511831 ], [ 111.718081892874153, -7.289032252532435 ], [ 111.718507901008223, -7.289186248122246 ], [ 111.718933909399126, -7.28934024328125 ], [ 111.719359918046877, -7.28949423800939 ], [ 111.719785926951431, -7.289648232306657 ], [ 111.720211936112776, -7.28980222617303 ], [ 111.720637039653667, -7.289956221052122 ], [ 111.72106304932835, -7.29011021405752 ], [ 111.721489059259795, -7.290264206631924 ], [ 111.721915069447988, -7.290418198775325 ], [ 111.7223410798929, -7.290572190487701 ], [ 111.72276709059453, -7.290726181769024 ], [ 111.723192195674258, -7.290880174068237 ], [ 111.723618206889043, -7.291034164488265 ], [ 111.72404421836049, -7.29118815447716 ], [ 111.724470230088599, -7.291342144034901 ], [ 111.724896242073342, -7.291496133161462 ], [ 111.725322254314719, -7.291650121856831 ], [ 111.725748266812701, -7.291804110120956 ], [ 111.726173373687118, -7.291958099408956 ], [ 111.726599386698041, -7.292112086811422 ], [ 111.727025399965541, -7.292266073782579 ], [ 111.72745141348959, -7.292420060322421 ], [ 111.727877427270187, -7.292574046430881 ], [ 111.72830344130729, -7.29272803210796 ], [ 111.728728549719392, -7.292882018814066 ], [ 111.72915456426928, -7.293036003629178 ], [ 111.729580579075645, -7.293189988012847 ], [ 111.730006594138459, -7.293343971965009 ], [ 111.730432609457736, -7.293497955485656 ], [ 111.730858625033434, -7.293651938574765 ], [ 111.731284640865567, -7.293805921232308 ], [ 111.731709751071023, -7.293959904924913 ], [ 111.732135767415727, -7.294113886720133 ], [ 111.732561784016795, -7.294267868083711 ], [ 111.732987800874227, -7.294421849015624 ], [ 111.733413817988009, -7.294575829515842 ], [ 111.733839835358125, -7.294729809584358 ], [ 111.734264947100144, -7.294883790693053 ], [ 111.734690964982647, -7.295037769898922 ], [ 111.735116983121429, -7.295191748672994 ], [ 111.73554300151649, -7.295345727015246 ], [ 111.735969020167815, -7.295499704925668 ], [ 111.736395039075376, -7.295653682404203 ], [ 111.736821058239173, -7.295807659450834 ], [ 111.737246171773208, -7.295961637543678 ], [ 111.737672191449192, -7.296115613727324 ], [ 111.738098211381356, -7.296269589479013 ], [ 111.738524231569684, -7.29642356479868 ], [ 111.738950252014178, -7.296577539686323 ], [ 111.739376272714807, -7.296731514141913 ], [ 111.739801387784269, -7.29688548964887 ], [ 111.740227408996901, -7.297039463241182 ], [ 111.740653430465642, -7.297193436401346 ], [ 111.741079452190462, -7.297347409129359 ], [ 111.741505474171348, -7.297501381425188 ], [ 111.741931496408284, -7.297655353288815 ], [ 111.742357518901258, -7.297809324720223 ], [ 111.742782635761401, -7.297963297208997 ], [ 111.743208658766193, -7.298117267776737 ], [ 111.743634682026965, -7.298271237912171 ], [ 111.744060705543717, -7.298425207615264 ], [ 111.744486729316435, -7.298579176886016 ], [ 111.744912753345105, -7.298733145724368 ], [ 111.745337871739522, -7.298887115625258 ], [ 111.745763896279826, -7.299041083599649 ], [ 111.746189921076024, -7.299195051141578 ], [ 111.746615946128117, -7.299349018251034 ], [ 111.74704197143609, -7.299502984927958 ], [ 111.747467996999916, -7.299656951172345 ], [ 111.747894022819594, -7.299810916984167 ], [ 111.748319143003371, -7.29996488386455 ], [ 111.748745169334484, -7.300118848812066 ], [ 111.749171195921377, -7.300272813326928 ], [ 111.749597222764081, -7.300426777409119 ], [ 111.750023249862537, -7.30058074105862 ], [ 111.750449277216774, -7.3007347042754 ], [ 111.750874400442441, -7.300889573072388 ], [ 111.751300428308824, -7.301043535424449 ], [ 111.751726456430902, -7.301197497343713 ], [ 111.752152484808676, -7.301351458830154 ], [ 111.752578513442131, -7.301505419883766 ], [ 111.753004542331254, -7.301659380504488 ], [ 111.753430571476045, -7.301813340692314 ], [ 111.753855694981866, -7.301967301959883 ], [ 111.754281724637693, -7.302121261282721 ], [ 111.754707754549145, -7.302275220172604 ], [ 111.755133784716179, -7.302429178629465 ], [ 111.75555981513881, -7.302583136653301 ], [ 111.755985845816994, -7.302737094244085 ], [ 111.756410970854802, -7.30289105291978 ], [ 111.756837002043852, -7.303045009645289 ], [ 111.757263033488442, -7.303198965937652 ], [ 111.757689065188529, -7.303352921796859 ], [ 111.758115097144113, -7.303506877222888 ], [ 111.758541129355166, -7.303660832215712 ], [ 111.758967161821687, -7.303814786775319 ], [ 111.759392288646211, -7.30396874242585 ], [ 111.759818321623385, -7.304122696119788 ], [ 111.760244354855999, -7.30427664938042 ], [ 111.760670388344025, -7.304430602207717 ], [ 111.761096422087419, -7.304584554601671 ], [ 111.761522456086212, -7.304738506562224 ], [ 111.761947584441558, -7.304892459618882 ], [ 111.762373618950832, -7.305046410713476 ], [ 111.762799653715433, -7.305200361374608 ], [ 111.763225688735346, -7.30535431160227 ], [ 111.763651724010572, -7.305508261396401 ], [ 111.764077759541081, -7.305662210756993 ], [ 111.764503795326874, -7.305816159684021 ], [ 111.764928925467572, -7.305970109713183 ], [ 111.765354961763649, -7.306124057773911 ], [ 111.765780998314952, -7.306278005400983 ], [ 111.766207035121454, -7.306431952594382 ], [ 111.766633072183154, -7.306585899354093 ], [ 111.767059109500053, -7.306739845680084 ], [ 111.767484241170479, -7.306893793113398 ], [ 111.767910278997462, -7.307047738572763 ], [ 111.768336317079616, -7.307201683598334 ], [ 111.768762355416882, -7.307355628190085 ], [ 111.769188394009262, -7.30750957234799 ], [ 111.769614432856727, -7.307663516072037 ], [ 111.770040471959291, -7.307817459362175 ], [ 111.770465605413733, -7.307971403765644 ], [ 111.770891645026197, -7.308125346188798 ], [ 111.771317684893702, -7.308279288177975 ], [ 111.771743725016222, -7.308433229733168 ], [ 111.772169765393755, -7.308587170854318 ], [ 111.772595806026274, -7.308741111541419 ], [ 111.773020941009278, -7.308895053347028 ], [ 111.773446982151526, -7.309048993166837 ], [ 111.773873023548731, -7.309202932552535 ], [ 111.774299065200864, -7.309356871504063 ], [ 111.774725107107912, -7.309510810021412 ], [ 111.775151149269874, -7.309664748104554 ], [ 111.775577191686722, -7.309818685753465 ], [ 111.776002328452435, -7.309972624526941 ], [ 111.776428371378799, -7.310126561308205 ], [ 111.776854414560006, -7.310280497655159 ], [ 111.777280457996056, -7.310434433567781 ], [ 111.777706501686922, -7.310588369046042 ], [ 111.778132545632602, -7.310742304089942 ], [ 111.778557683925726, -7.310896240263538 ], [ 111.778983728380737, -7.31105017443946 ], [ 111.779409773090507, -7.311204108180921 ], [ 111.779835818055034, -7.311358041487897 ], [ 111.780261863274262, -7.311511974360374 ], [ 111.78068790874822, -7.311665906798298 ], [ 111.781113954476879, -7.311819838801657 ], [ 111.781539094551377, -7.311973771940777 ], [ 111.781965140789183, -7.312127703075824 ], [ 111.782391187281632, -7.312281633776243 ], [ 111.782817234028727, -7.312435564041984 ], [ 111.783243281030437, -7.312589493873026 ], [ 111.783669328286777, -7.312743423269354 ], [ 111.784094469887535, -7.312897353806624 ], [ 111.784520517652837, -7.313051282334343 ], [ 111.784946565672684, -7.313205210427256 ], [ 111.785372613947104, -7.313359138085348 ], [ 111.785798662476054, -7.313513065308594 ], [ 111.786224711259536, -7.313666992096967 ], [ 111.786650760297519, -7.313820918450459 ], [ 111.787075903678314, -7.313974845950921 ], [ 111.78750195322506, -7.314128771435421 ], [ 111.787928003026266, -7.314282696484944 ], [ 111.788354053081918, -7.314436621099465 ], [ 111.788780103392014, -7.314590545278978 ], [ 111.789206153956513, -7.314744469023429 ], [ 111.789631298862446, -7.314898393920042 ], [ 111.790057349935537, -7.315052316795202 ], [ 111.790483401263003, -7.315206239235232 ], [ 111.790909452844843, -7.315360161240132 ], [ 111.791335504681015, -7.315514082809831 ], [ 111.791761556771519, -7.315668003944326 ], [ 111.792187609116354, -7.315821924643594 ], [ 111.792612755800974, -7.315975846501069 ], [ 111.793038810251034, -7.31613067082754 ], [ 111.793464863359404, -7.316284590221753 ], [ 111.793890916722034, -7.316438509180633 ], [ 111.794316970338897, -7.316592427704157 ], [ 111.794743024209993, -7.316746345792313 ], [ 111.795168172419508, -7.316900265043848 ], [ 111.795594226798798, -7.317054182262031 ], [ 111.796020281432291, -7.317208099044755 ], [ 111.796446336319946, -7.317362015391994 ], [ 111.796872391461747, -7.317515931303737 ], [ 111.797298446857695, -7.317669846779925 ], [ 111.797724502507762, -7.317823761820553 ], [ 111.798149652494644, -7.317977678030623 ], [ 111.79857570865272, -7.318131592200936 ], [ 111.799001765064872, -7.318285505935627 ], [ 111.799427821731086, -7.318439419234633 ], [ 111.799853878651362, -7.318593332097952 ], [ 111.800279935825671, -7.318747244525553 ], [ 111.800705087335388, -7.318901158127782 ], [ 111.801131145017521, -7.319055069684783 ], [ 111.801557202953646, -7.319208980805971 ], [ 111.801983261143732, -7.319362891491338 ], [ 111.802409319587809, -7.31951680174086 ], [ 111.80283537828582, -7.319670711554511 ], [ 111.803261437237765, -7.319824620932285 ], [ 111.803686590523526, -7.319978531490726 ], [ 111.804112649983082, -7.320132439997505 ], [ 111.804538709696544, -7.32028634806831 ], [ 111.804964769663869, -7.320440255703118 ], [ 111.805390829885056, -7.320594162901918 ], [ 111.805816890360106, -7.32074806966465 ], [ 111.806242045167565, -7.320901977613258 ], [ 111.806668106150028, -7.321055883504704 ], [ 111.807094167386296, -7.321209788960028 ], [ 111.807520228876356, -7.321363693979213 ], [ 111.807946290620208, -7.321517598562205 ], [ 111.808372352617795, -7.321671502708992 ], [ 111.808798414869145, -7.32182540641955 ], [ 111.809223571451284, -7.32197931132204 ], [ 111.809649634209862, -7.322133214160971 ], [ 111.810075697222132, -7.322287116563579 ], [ 111.81050176048808, -7.322441018529859 ], [ 111.810927824007706, -7.322594920059777 ], [ 111.811353887780982, -7.322748821153315 ], [ 111.811779045883696, -7.322902723443992 ], [ 111.812205110164044, -7.323056623665578 ], [ 111.812631174697984, -7.323210523450704 ], [ 111.813057239485531, -7.323364422799346 ], [ 111.813483304526656, -7.323518321711479 ], [ 111.813909369821346, -7.323672220187088 ], [ 111.814335435369586, -7.323826118226121 ], [ 111.814760595245659, -7.323980017468332 ], [ 111.815186661300757, -7.324133914635058 ], [ 111.815612727609363, -7.324287811365141 ], [ 111.816038794171448, -7.324441707658579 ], [ 111.816464860987026, -7.324595603515308 ], [ 111.816890928056068, -7.32474949893532 ], [ 111.817316089451566, -7.324903395563713 ] ] ] } },
{ "type": "Feature", "properties": { "Line": 314, "begin": 3141180.5, "end": 3142012.5 }, "geometry": { "type": "MultiLineString", "coordinates": [ [ [ 111.768067459314636, -7.267423776163653 ], [ 111.76791328558285, -7.267849155418557 ], [ 111.767759110061817, -7.26827363013934 ], [ 111.767604935823158, -7.268699009334398 ], [ 111.767450761330892, -7.269124388499528 ], [ 111.767296586585019, -7.269549767634716 ], [ 111.76714241158551, -7.269975146739953 ], [ 111.766988236332324, -7.270400525815234 ], [ 111.766834060825474, -7.270825904860541 ], [ 111.766679883530685, -7.271250379371544 ], [ 111.766525707516564, -7.271675758356871 ], [ 111.766371531248694, -7.272101137312197 ], [ 111.766217354727033, -7.272526516237513 ], [ 111.766063177951565, -7.272951895132814 ], [ 111.76590900092225, -7.273377273998085 ], [ 111.76575482210616, -7.273801748328897 ], [ 111.765600644569304, -7.274227127134067 ], [ 111.765446466778542, -7.274652505909182 ], [ 111.765292288733832, -7.275077884654227 ], [ 111.76513811043516, -7.275503263369194 ], [ 111.764983931882497, -7.275928642054078 ], [ 111.764829753075816, -7.276354020708864 ], [ 111.764675572483725, -7.276778494829014 ], [ 111.764521393169161, -7.277203873423561 ], [ 111.764367213600508, -7.277629251987984 ], [ 111.76421303377775, -7.278054630522272 ], [ 111.764058853700831, -7.278480009026414 ], [ 111.763904673369765, -7.278905387500402 ], [ 111.763750491254427, -7.279329861439582 ], [ 111.763596310415181, -7.279755239853214 ], [ 111.763442129321675, -7.280180618236662 ], [ 111.763287947973922, -7.280605996589919 ], [ 111.763133766371865, -7.281031374912969 ], [ 111.762979584515506, -7.281456753205807 ], [ 111.762825402404786, -7.281882131468418 ], [ 111.762671218511187, -7.282306605196065 ], [ 111.76251703589196, -7.282731983398187 ], [ 111.762362853018303, -7.283157361570058 ], [ 111.762208669890214, -7.283582739711664 ], [ 111.762054486507651, -7.284008117823 ], [ 111.761900302870615, -7.284433495904052 ], [ 111.761746117451835, -7.284857969449987 ], [ 111.761591933305965, -7.285283347470432 ], [ 111.761437748905522, -7.285708725460564 ], [ 111.761283564250476, -7.286134103420379 ], [ 111.761129379340844, -7.286559481349861 ], [ 111.760975194176567, -7.286984859249003 ], [ 111.760821008757617, -7.287410237117794 ], [ 111.760666821558303, -7.287834710451288 ], [ 111.760512635630164, -7.288260088259336 ], [ 111.760358449447295, -7.288685466037003 ], [ 111.760204263009669, -7.289110843784282 ], [ 111.760050076317242, -7.289536221501162 ], [ 111.759895889370014, -7.28996159918763 ], [ 111.759741700643573, -7.29038607233865 ], [ 111.759587513186858, -7.290811449964258 ], [ 111.759433325475257, -7.291236827559429 ], [ 111.759279137508756, -7.291662205124155 ], [ 111.759124949287298, -7.292087582658416 ], [ 111.758970760810882, -7.292512960162215 ], [ 111.758816572079482, -7.292938337635537 ], [ 111.758662381570232, -7.293362810573212 ], [ 111.758508192328989, -7.293788187985535 ], [ 111.758354002832704, -7.294213565367349 ], [ 111.758199813081305, -7.294638942718646 ], [ 111.758045623074821, -7.295064320039423 ], [ 111.757891432813182, -7.295489697329659 ], [ 111.757737240774873, -7.295914170084118 ], [ 111.757583050003106, -7.296339547313242 ], [ 111.75742795309273, -7.296764926030557 ], [ 111.757273761809643, -7.297190303198318 ], [ 111.757119570271271, -7.297615680335492 ], [ 111.756965378477616, -7.298041057442076 ], [ 111.756811186428649, -7.298466434518054 ], [ 111.756656992604377, -7.298890907058078 ], [ 111.756502800044942, -7.299316284072806 ], [ 111.756348607230095, -7.299741661056897 ], [ 111.75619441415985, -7.300167038010344 ], [ 111.75604022083418, -7.30059241493314 ], [ 111.755886027253027, -7.301017791825274 ], [ 111.755731831897748, -7.301442264181303 ], [ 111.755577637805828, -7.301867641012067 ], [ 111.755423443458369, -7.302293017812139 ], [ 111.755269248855356, -7.302718394581508 ], [ 111.755115053996732, -7.303143771320167 ], [ 111.754960858882527, -7.303569148028108 ], [ 111.754806663512667, -7.303994524705313 ], [ 111.754652466370047, -7.304418996846241 ], [ 111.754498270489066, -7.30484437346194 ], [ 111.75434407435236, -7.30526975004688 ], [ 111.754189877959931, -7.305695126601051 ], [ 111.754035681311748, -7.306120503124443 ], [ 111.753881484407756, -7.306545879617041 ], [ 111.753727285732182, -7.306970351573196 ], [ 111.753573088316784, -7.307395728004173 ], [ 111.753418890645506, -7.307821104404332 ], [ 111.753264692718346, -7.308246480773662 ], [ 111.753110494535278, -7.308671857112153 ], [ 111.752956296096272, -7.309097233419796 ], [ 111.752802097401315, -7.309522609696582 ], [ 111.752647896936125, -7.309947081436761 ], [ 111.752493697729392, -7.310372457651788 ], [ 111.752339498266622, -7.310797833835927 ], [ 111.752185298547772, -7.311223209989168 ], [ 111.752031098572857, -7.311648586111503 ], [ 111.75187689834182, -7.312073962202919 ], [ 111.751722697854646, -7.312499338263414 ], [ 111.751568495598633, -7.312923809787128 ], [ 111.751414294599343, -7.313349185785722 ], [ 111.751260093343831, -7.313774561753362 ], [ 111.751105891832083, -7.314199937690038 ], [ 111.750951690064085, -7.314625313595735 ], [ 111.750797488039794, -7.315050689470449 ], [ 111.750643284247829, -7.315475160808237 ], [ 111.750489081711123, -7.315900536620938 ], [ 111.750334878918054, -7.316325912402625 ], [ 111.750180675868592, -7.316751288153285 ], [ 111.750026472562709, -7.317176663872916 ], [ 111.749872269000406, -7.3176020395615 ], [ 111.749718065181639, -7.318027415219035 ], [ 111.749563859596591, -7.318451886339464 ], [ 111.749409655265055, -7.318877261934846 ], [ 111.749255450676969, -7.319302637499145 ], [ 111.749101245832335, -7.319728013032355 ], [ 111.74894704073111, -7.320153388534459 ], [ 111.748792835373294, -7.320578764005455 ], [ 111.748638628250333, -7.321003234939177 ], [ 111.748484422379434, -7.321428610347906 ], [ 111.748330216251844, -7.32185398572549 ], [ 111.748176009867549, -7.322279361071926 ], [ 111.748021803226507, -7.3227047363872 ], [ 111.747867596328717, -7.323130111671304 ], [ 111.747713389174137, -7.323555486924226 ], [ 111.74755918025582, -7.323979957639727 ], [ 111.74740497258783, -7.324405332830244 ], [ 111.747250764662965, -7.324830707989555 ], [ 111.747096556481225, -7.325256083117647 ], [ 111.746942348042552, -7.325681458214508 ], [ 111.746788139346961, -7.32610683328013 ], [ 111.746633928888841, -7.32653130380818 ], [ 111.746479719679513, -7.326956678811282 ], [ 111.746325510213197, -7.327382053783116 ], [ 111.746171300489848, -7.327807428723671 ], [ 111.746017090509426, -7.32823280363294 ], [ 111.745862880271929, -7.328658178510914 ], [ 111.745708669777301, -7.329083553357575 ], [ 111.745554457521536, -7.329508023666498 ], [ 111.745400246512858, -7.329933398450501 ], [ 111.745246035246979, -7.330358773203171 ], [ 111.745091823723911, -7.330784147924496 ], [ 111.744937611943612, -7.331209522614463 ], [ 111.744783399906026, -7.331634897273067 ], [ 111.744629186108497, -7.332059367393778 ], [ 111.744474973556549, -7.332484741989603 ], [ 111.744320760747271, -7.332910116554035 ], [ 111.744166547680649, -7.333335491087061 ], [ 111.744012334356626, -7.333760865588673 ], [ 111.743858120775201, -7.334186240058866 ], [ 111.743703906936332, -7.33461161449762 ], [ 111.743549691338885, -7.335036084398297 ], [ 111.743395476985313, -7.335461458774139 ], [ 111.743241262374227, -7.335886833118517 ], [ 111.743087047505597, -7.336312207431423 ], [ 111.74293283237941, -7.336737581712847 ], [ 111.742778616995636, -7.337162955962779 ], [ 111.742624399854492, -7.337587425674503 ], [ 111.742470183955703, -7.338012799861405 ], [ 111.742315967799257, -7.338438174016784 ], [ 111.742160845413636, -7.338863549637314 ], [ 111.74200662874091, -7.339288923729399 ], [ 111.741852411810456, -7.339714297789932 ], [ 111.741698194622231, -7.340139671818903 ], [ 111.741543975677999, -7.340564141309493 ], [ 111.741389757974417, -7.340989515275299 ], [ 111.741235540012994, -7.341414889209509 ], [ 111.741081321793715, -7.341840263112127 ], [ 111.740927103316537, -7.34226563698313 ], [ 111.74077288458146, -7.342691010822516 ], [ 111.740618664091585, -7.343115480123375 ], [ 111.740464444840839, -7.343540853899475 ], [ 111.740310225332109, -7.343966227643929 ], [ 111.740156005565382, -7.344391601356725 ], [ 111.740001785540613, -7.34481697503785 ], [ 111.73984756525779, -7.3452423486873 ], [ 111.739693344716883, -7.345667722305061 ], [ 111.739539122422556, -7.346092191384124 ], [ 111.739384901365625, -7.346517564938466 ], [ 111.739230680050539, -7.346942938461087 ], [ 111.739076458477271, -7.347368311951986 ], [ 111.738922236645791, -7.347793685411147 ], [ 111.738768014556086, -7.34821905883856 ], [ 111.738613790714155, -7.348643527727114 ], [ 111.738459568108127, -7.349068901090989 ], [ 111.738305345243802, -7.34949427442309 ], [ 111.738151122121124, -7.349919647723407 ], [ 111.737996898740107, -7.350345020991925 ], [ 111.737842675100694, -7.350770394228642 ], [ 111.737688451202871, -7.351195767433542 ], [ 111.737534225554242, -7.351620236099432 ], [ 111.737380001139769, -7.352045609240658 ], [ 111.737225776466801, -7.35247098235004 ], [ 111.737071551535323, -7.352896355427568 ], [ 111.736917326345306, -7.353321728473234 ], [ 111.736763100896738, -7.353747101487023 ], [ 111.736608873698572, -7.35417156996166 ], [ 111.736454647733041, -7.354596942911662 ], [ 111.736300421508886, -7.355022315829761 ], [ 111.736146195026052, -7.355447688715945 ], [ 111.735991968284551, -7.355873061570207 ] ] ] } },
{ "type": "Feature", "properties": { "Line": 312, "begin": 3121180.5, "end": 3122016.5 }, "geometry": { "type": "MultiLineString", "coordinates": [ [ [ 111.759704425709572, -7.263919322818499 ], [ 111.759550244665149, -7.264344699991208 ], [ 111.759396061848662, -7.264769172627574 ], [ 111.759241880296827, -7.265194549739823 ], [ 111.759087698491115, -7.26561992682183 ], [ 111.75893351643154, -7.266045303873595 ], [ 111.758779334118032, -7.266470680895099 ], [ 111.758625151550604, -7.266896057886338 ], [ 111.758470968729227, -7.267321434847301 ], [ 111.758316784137108, -7.267745907271743 ], [ 111.75816260080795, -7.268171284172105 ], [ 111.758008417224744, -7.268596661042164 ], [ 111.757854233387491, -7.269022037881907 ], [ 111.757700049296147, -7.269447414691323 ], [ 111.757545864950714, -7.269872791470409 ], [ 111.757391678835702, -7.270297263712816 ], [ 111.757237493982174, -7.270722640431186 ], [ 111.757083308874485, -7.271148017119191 ], [ 111.756929123512549, -7.271573393776817 ], [ 111.756774937896409, -7.271998770404061 ], [ 111.756620752025995, -7.272424147000917 ], [ 111.75646656590132, -7.272849523567361 ], [ 111.756312378008417, -7.273273995596963 ], [ 111.756158191375306, -7.273699372102558 ], [ 111.756004004487835, -7.27412474857772 ], [ 111.755849817345975, -7.274550125022444 ], [ 111.755695629949713, -7.274975501436711 ], [ 111.755541442299005, -7.275400877820518 ], [ 111.755387252881278, -7.275825349667308 ], [ 111.755233064721864, -7.276250725990145 ], [ 111.75507887630792, -7.276676102282492 ], [ 111.754924687639473, -7.27710147854434 ], [ 111.754770498716439, -7.277526854775673 ], [ 111.754616309538847, -7.277952230976489 ], [ 111.754462120106624, -7.278377607146771 ], [ 111.754307928908759, -7.278802078779882 ], [ 111.754153738967474, -7.279227454889059 ], [ 111.753999548771517, -7.279652830967677 ], [ 111.753845358320831, -7.280078207015729 ], [ 111.753691167615429, -7.280503583033195 ], [ 111.753536976655255, -7.28092895902008 ], [ 111.75338278393059, -7.281353430469636 ], [ 111.75322859246107, -7.281778806395293 ], [ 111.753074400736693, -7.282204182290337 ], [ 111.752920208757473, -7.282629558154747 ], [ 111.752766016523367, -7.283054933988521 ], [ 111.752611824034361, -7.283480309791649 ], [ 111.752457631290412, -7.283905685564121 ], [ 111.752303436783322, -7.284330156799091 ], [ 111.752149243529658, -7.284755532510201 ], [ 111.75199505002098, -7.285180908190625 ], [ 111.751840856257289, -7.285606283840352 ], [ 111.751686662238527, -7.286031659459373 ], [ 111.75153246796468, -7.286457035047682 ], [ 111.751378271928871, -7.286881506098337 ], [ 111.751224077144997, -7.287306881625168 ], [ 111.75106988210598, -7.287732257121253 ], [ 111.750915686811794, -7.288157632586583 ], [ 111.750761491262367, -7.288583008021148 ], [ 111.750607295457726, -7.289008383424942 ], [ 111.750453099397831, -7.289433758797947 ], [ 111.750298901577352, -7.289858229633112 ], [ 111.750144705007088, -7.290283604944504 ], [ 111.749990508181483, -7.290708980225086 ], [ 111.749836311100538, -7.291134355474846 ], [ 111.749682113764209, -7.291559730693767 ], [ 111.749527916172454, -7.29198510588185 ], [ 111.749373716821296, -7.29240957653196 ], [ 111.749219518718888, -7.29283495165831 ], [ 111.749065320360984, -7.293260326753789 ], [ 111.748911121747597, -7.293685701818385 ], [ 111.748756922878684, -7.294111076852093 ], [ 111.748602723754189, -7.294536451854897 ], [ 111.748448524374126, -7.294961826826791 ], [ 111.74829432323601, -7.295386297260536 ], [ 111.748140123344939, -7.295811672170562 ], [ 111.747985923198186, -7.296237047049652 ], [ 111.747830816910593, -7.296662423397284 ], [ 111.747676616251567, -7.297087798214236 ], [ 111.747522415336832, -7.297513173000221 ], [ 111.747368212665208, -7.297937643247914 ], [ 111.747214011239166, -7.298363017971912 ], [ 111.7470598095573, -7.298788392664913 ], [ 111.746905607619595, -7.299213767326908 ], [ 111.746751405426053, -7.299639141957881 ], [ 111.746597202976631, -7.300064516557828 ], [ 111.746443000271285, -7.300489891126735 ], [ 111.746288795810457, -7.300914361157175 ], [ 111.746134592593449, -7.301339735663962 ], [ 111.745980389120476, -7.301765110139679 ], [ 111.745826185391479, -7.302190484584325 ], [ 111.745671981406474, -7.302615858997879 ], [ 111.745517777165404, -7.303041233380339 ], [ 111.745363571170003, -7.30346570322417 ], [ 111.745209366416972, -7.303891077544388 ], [ 111.745055161407805, -7.304316451833484 ], [ 111.744900956142473, -7.304741826091444 ], [ 111.744746750620976, -7.305167200318255 ], [ 111.744592544843258, -7.305592574513916 ], [ 111.744438338809331, -7.306017948678413 ], [ 111.744284131022454, -7.306442418304118 ], [ 111.744129924476212, -7.306867792406239 ], [ 111.743975717673635, -7.307293166477163 ], [ 111.743821510614765, -7.307718540516887 ], [ 111.743667303299517, -7.308143914525395 ], [ 111.743513095727891, -7.30856928850268 ], [ 111.743358886404522, -7.308993757941029 ], [ 111.743204678320282, -7.309419131855821 ], [ 111.743050469979607, -7.309844505739361 ], [ 111.742896261382427, -7.310269879591639 ], [ 111.742742052528754, -7.310695253412644 ], [ 111.742587843418562, -7.311120627202368 ], [ 111.742433634051807, -7.311546000960798 ], [ 111.742279422934672, -7.311970470180118 ], [ 111.742125213054948, -7.312395843875925 ], [ 111.741971002918604, -7.312821217540405 ], [ 111.741816792525597, -7.313246591173557 ], [ 111.741662581875914, -7.313671964775368 ], [ 111.741508370969541, -7.314097338345827 ], [ 111.741354158313953, -7.314521807377033 ], [ 111.741199946894312, -7.314947180884746 ], [ 111.741045735217895, -7.315372554361081 ], [ 111.74089152328466, -7.315797927806028 ], [ 111.740737311094591, -7.316223301219572 ], [ 111.740583098647676, -7.316648674601708 ], [ 111.740428885943885, -7.317074047952427 ], [ 111.740274671492287, -7.317498516763702 ], [ 111.740120458274887, -7.317923890051537 ], [ 111.739966244800527, -7.318349263307924 ], [ 111.739812031069192, -7.318774636532857 ], [ 111.739657817080854, -7.319200009726319 ], [ 111.739503602835484, -7.319625382888303 ], [ 111.7393493868435, -7.320049851510716 ], [ 111.739195172084223, -7.320475224609699 ], [ 111.739040957067843, -7.32090059767718 ], [ 111.738886741794317, -7.321325970713142 ], [ 111.738732526263661, -7.321751343717579 ], [ 111.738578310475816, -7.322176716690478 ], [ 111.738424094430769, -7.322602089631832 ], [ 111.738269876640501, -7.323026558033443 ], [ 111.738115660081178, -7.323451930911665 ], [ 111.737961443264609, -7.323877303758306 ], [ 111.737807226190725, -7.324302676573367 ], [ 111.737653008859496, -7.324728049356829 ], [ 111.737498791270923, -7.325153422108687 ], [ 111.737344571938323, -7.325577890320661 ], [ 111.737190353835203, -7.326003263009269 ], [ 111.737036135474639, -7.326428635666242 ], [ 111.736881916856632, -7.326854008291575 ], [ 111.736727697981138, -7.327279380885248 ], [ 111.736573478848143, -7.327704753447259 ], [ 111.73641925945762, -7.328130125977601 ], [ 111.736265038324461, -7.328554593967882 ], [ 111.736110818419036, -7.328979966434834 ], [ 111.73595659825601, -7.329405338870085 ], [ 111.735802377835341, -7.329830711273623 ], [ 111.73564815715703, -7.330256083645438 ], [ 111.735493936221033, -7.330681455985523 ], [ 111.735339713543596, -7.331105923785389 ], [ 111.735185492092413, -7.331531296061966 ], [ 111.735031270383459, -7.331956668306784 ], [ 111.734877048416735, -7.332382040519827 ], [ 111.734722826192197, -7.332807412701097 ], [ 111.734568603709846, -7.333232784850574 ], [ 111.734414380969639, -7.333658156968249 ], [ 111.73426015648937, -7.334082624545558 ], [ 111.734105933233607, -7.334507996599589 ], [ 111.733951709719904, -7.334933368621794 ], [ 111.733797485948259, -7.33535874061216 ], [ 111.73364326191863, -7.335784112570679 ], [ 111.733489037631003, -7.336209484497336 ], [ 111.733334811604522, -7.33663395188348 ], [ 111.733180586801041, -7.337059323746378 ], [ 111.733026361739476, -7.337484695577388 ], [ 111.732872136419815, -7.337910067376502 ], [ 111.732717910842027, -7.33833543914371 ], [ 111.732562779032818, -7.338760812356307 ], [ 111.732408552937812, -7.339186184059446 ], [ 111.732254325105345, -7.339610651221896 ], [ 111.732100098494143, -7.340036022861136 ], [ 111.73194587162466, -7.340461394468422 ], [ 111.731791644496923, -7.340886766043738 ], [ 111.731637417110861, -7.341312137587081 ], [ 111.731483189466488, -7.341737509098441 ], [ 111.731328960085861, -7.34216197606897 ], [ 111.73117473192498, -7.342587347516312 ], [ 111.731020503505675, -7.343012718931639 ], [ 111.730866274827974, -7.343438090314943 ], [ 111.730712045891821, -7.343863461666212 ], [ 111.730557816697171, -7.344288832985437 ], [ 111.730403587244027, -7.344714204272611 ], [ 111.730249356056035, -7.345138671018772 ], [ 111.730095126086027, -7.345564042241793 ], [ 111.729940895857467, -7.345989413432731 ], [ 111.729786665370284, -7.346414784591573 ], [ 111.729632434624477, -7.346840155718318 ], [ 111.729478203620033, -7.347265526812948 ], [ 111.729323970881921, -7.34768999336644 ], [ 111.729169739360316, -7.348115364396803 ], [ 111.729015507579987, -7.348540735395022 ], [ 111.728861275540908, -7.348966106361094 ], [ 111.728707043243034, -7.349391477295002 ], [ 111.728552810686381, -7.349816848196739 ], [ 111.728398577870877, -7.350242219066297 ], [ 111.728244343323141, -7.350666685394548 ], [ 111.728090109990148, -7.3510920561997 ], [ 111.727935876398249, -7.351517426972643 ], [ 111.727781642547427, -7.351942797713368 ], [ 111.727627408437655, -7.352368168421859 ], [ 111.727473174068905, -7.352793539098112 ] ] ] } },
{ "type": "Feature", "properties": { "Line": 313, "begin": 3131180.5, "end": 3132424.5 }, "geometry": { "type": "MultiLineString", "coordinates": [ [ [ 111.691035912390703, -7.260009394971117 ], [ 111.6914618854331, -7.260163419699961 ], [ 111.69188695290903, -7.260317445381143 ], [ 111.692312926465164, -7.260471469254604 ], [ 111.692738900278272, -7.260625492699893 ], [ 111.693164874348312, -7.260779515716997 ], [ 111.693590848675299, -7.260933538305866 ], [ 111.694016823259204, -7.261087560466487 ], [ 111.694441892275179, -7.261241583584555 ], [ 111.69486786737265, -7.261395604889478 ], [ 111.695293842726983, -7.261549625766094 ], [ 111.695719818338191, -7.26170364621434 ], [ 111.696145794206231, -7.261857666234207 ], [ 111.69657177033109, -7.262011685825675 ], [ 111.696997746712782, -7.262165704988711 ], [ 111.697422817524867, -7.262319725115195 ], [ 111.697848794419912, -7.262473743422176 ], [ 111.698274771571732, -7.26262776130066 ], [ 111.698700748980315, -7.262781778750604 ], [ 111.699126726645616, -7.262935795771997 ], [ 111.699552704567665, -7.263089812364822 ], [ 111.699977776918658, -7.263243829926182 ], [ 111.700403755353889, -7.263397845662628 ], [ 111.700829734045797, -7.263551860970418 ], [ 111.701255712994381, -7.263705875849522 ], [ 111.701681692199614, -7.263859890299932 ], [ 111.70210767166148, -7.264013904321591 ], [ 111.70253365137998, -7.264167917914484 ], [ 111.702958725525747, -7.264321932481908 ], [ 111.703384705757216, -7.264475945218085 ], [ 111.703810686245262, -7.26462995752544 ], [ 111.704236666989885, -7.264783969403913 ], [ 111.704662647991071, -7.264937980853494 ], [ 111.705088629248777, -7.265091991874161 ], [ 111.705513704932315, -7.265246003874484 ], [ 111.705939686702834, -7.265400014038139 ], [ 111.706365668729831, -7.265554023772788 ], [ 111.706791651013319, -7.265708033078417 ], [ 111.707217633553256, -7.265862041955002 ], [ 111.707643616349642, -7.266016050402519 ], [ 111.708069599402478, -7.266170058420959 ], [ 111.708494678296276, -7.266324971941441 ], [ 111.708920661862564, -7.266478979102385 ], [ 111.709346645685272, -7.266632985834161 ], [ 111.709772629764345, -7.266786992136753 ], [ 111.710198614099767, -7.266940998010107 ], [ 111.710624598691538, -7.267095003454211 ], [ 111.711049677706043, -7.267249009889077 ], [ 111.711475662810244, -7.267403014475486 ], [ 111.711901648170738, -7.267557018632589 ], [ 111.712327633787524, -7.267711022360321 ], [ 111.712753619660589, -7.26786502565868 ], [ 111.713179605789904, -7.268019028527636 ], [ 111.713605592175455, -7.268173030967164 ], [ 111.714030672982062, -7.268327034403449 ], [ 111.714456659879858, -7.268481035984921 ], [ 111.714882647033832, -7.268635037136891 ], [ 111.715308634443986, -7.268789037859328 ], [ 111.715734622110318, -7.268943038152212 ], [ 111.716160610032802, -7.269097038015526 ], [ 111.716585692374906, -7.269251038880703 ], [ 111.717011680809421, -7.26940503788564 ], [ 111.717437669500057, -7.269559036460921 ], [ 111.717863658446802, -7.269713034606515 ], [ 111.718289647649613, -7.269867032322419 ], [ 111.718715637108488, -7.270021029608566 ], [ 111.719141626823415, -7.270175026464957 ], [ 111.7195667109563, -7.270329024329207 ], [ 111.71999270118306, -7.270483020326878 ], [ 111.720418691665841, -7.270637015894727 ], [ 111.720844682404604, -7.270791011032693 ], [ 111.72127067339936, -7.270945005740772 ], [ 111.721696664650082, -7.271099000018935 ], [ 111.722121750317299, -7.271252995310093 ], [ 111.722547742079684, -7.271406988729247 ], [ 111.722973734097977, -7.271560981718391 ], [ 111.723399726372165, -7.271714974277515 ], [ 111.723825718902262, -7.271868966406601 ], [ 111.724251711688211, -7.272022958105614 ], [ 111.724677704730041, -7.272176949374552 ], [ 111.725102792186732, -7.272330941662456 ], [ 111.725528785740011, -7.272484932071989 ], [ 111.725954779549113, -7.272638922051352 ], [ 111.726380773614011, -7.272792911600519 ], [ 111.726806767934704, -7.272946900719479 ], [ 111.727232762511164, -7.273100889408174 ], [ 111.727657851501064, -7.27325487912099 ], [ 111.728083846588802, -7.273408866949991 ], [ 111.728509841932265, -7.27356285434867 ], [ 111.728935837531438, -7.273716841317012 ], [ 111.729361833386335, -7.273870827854961 ], [ 111.7297878294969, -7.274024813962506 ], [ 111.730213825863132, -7.274178799639628 ], [ 111.730638916641155, -7.274332786346861 ], [ 111.731064913518466, -7.274486771163946 ], [ 111.731490910651402, -7.27464075555051 ], [ 111.731916908039949, -7.274794739506544 ], [ 111.732342905684092, -7.274948723032021 ], [ 111.732768903583832, -7.275102706126916 ], [ 111.733193995893913, -7.275256690257082 ], [ 111.733619994304547, -7.275410672491621 ], [ 111.734045992970707, -7.275564654295498 ], [ 111.734471991892391, -7.275718635668694 ], [ 111.734897991069602, -7.275872616611179 ], [ 111.73532399050228, -7.276026597122944 ], [ 111.735749990190456, -7.276180577203935 ], [ 111.736175084287325, -7.27633455832617 ], [ 111.736601084486196, -7.276488537546444 ], [ 111.737027084940493, -7.276642516335876 ], [ 111.737453085650216, -7.276796494694465 ], [ 111.737879086615337, -7.276950472622143 ], [ 111.738305087835869, -7.277104450118908 ], [ 111.738730183463659, -7.277258428662065 ], [ 111.739156185194702, -7.277412405297809 ], [ 111.739582187181085, -7.277566381502573 ], [ 111.740008189422795, -7.277720357276309 ], [ 111.740434191919832, -7.277874332618994 ], [ 111.740860194672166, -7.278028307530615 ], [ 111.741286197679784, -7.278182282011143 ], [ 111.74171129509304, -7.278336257544074 ], [ 111.742137298610984, -7.278490231163222 ], [ 111.74256330238417, -7.278644204351195 ], [ 111.742989306412568, -7.27879817710797 ], [ 111.743415310696193, -7.27895214943352 ], [ 111.743841315235031, -7.279106121327846 ], [ 111.744266414178071, -7.279260094279683 ], [ 111.744692419227022, -7.2794140653123 ], [ 111.745118424531157, -7.279568035913591 ], [ 111.745544430090419, -7.279722006083531 ], [ 111.745970435904809, -7.279875975822109 ], [ 111.746396441974298, -7.280029945129271 ], [ 111.7468224482989, -7.280183914005003 ], [ 111.747247549026071, -7.28033788394428 ], [ 111.747673555860601, -7.280491851957963 ], [ 111.748099562950173, -7.280645819540163 ], [ 111.748525570294788, -7.280799786690811 ], [ 111.748951577894445, -7.280953753409905 ], [ 111.749377585749102, -7.281107719697422 ], [ 111.749802688004905, -7.281261687053621 ], [ 111.750228696369305, -7.2814156524788 ], [ 111.750654706492995, -7.281570521979583 ], [ 111.751080715368204, -7.281724486541303 ], [ 111.751506724498356, -7.281878450671313 ], [ 111.751932733883422, -7.28203241436961 ], [ 111.752358743523402, -7.282186377636124 ], [ 111.752783847562881, -7.282340341977333 ], [ 111.753209857712406, -7.282494304381133 ], [ 111.753635868116788, -7.2826482663531 ], [ 111.754061878776028, -7.282802227893216 ], [ 111.754487889690097, -7.282956189001429 ], [ 111.754913900858995, -7.283110149677727 ], [ 111.755339006425984, -7.283264111433867 ], [ 111.755765018104242, -7.283418071247143 ], [ 111.756191030037272, -7.283572030628443 ], [ 111.756617042225074, -7.283725989577711 ], [ 111.757043054667605, -7.283879948094934 ], [ 111.75746906736488, -7.284033906180092 ], [ 111.757895080316871, -7.284187863833152 ], [ 111.758320187665319, -7.284341822572087 ], [ 111.758746201126471, -7.284495779361767 ], [ 111.759172214842295, -7.284649735719278 ], [ 111.759598228812791, -7.284803691644595 ], [ 111.760024243037918, -7.284957647137688 ], [ 111.760450257517661, -7.285111602198548 ], [ 111.760875366392483, -7.285265558350402 ], [ 111.76130138138123, -7.285419512547558 ], [ 111.761727396624551, -7.285573466312392 ], [ 111.762153412122444, -7.285727419644876 ], [ 111.762579427874897, -7.285881372544997 ], [ 111.763005443881895, -7.286035325012705 ], [ 111.763431460143408, -7.286189277047982 ], [ 111.763856570798353, -7.286343230180282 ], [ 111.764282587568658, -7.286497181351513 ], [ 111.764708604593437, -7.28665113209026 ], [ 111.76513462187269, -7.28680508239646 ], [ 111.765560639406388, -7.286959032270103 ], [ 111.765986657194532, -7.287112981711168 ], [ 111.766411769374685, -7.287266932254406 ], [ 111.766837787671435, -7.287420880831134 ], [ 111.767263806222573, -7.287574828975186 ], [ 111.767689825028086, -7.287728776686556 ], [ 111.768115844087973, -7.287882723965215 ], [ 111.768541863402206, -7.288036670811137 ], [ 111.76896788297077, -7.288190617224322 ], [ 111.769392996929739, -7.288344564745683 ], [ 111.769819017006697, -7.288498510294134 ], [ 111.770245037337958, -7.28865245540975 ], [ 111.770671057923494, -7.288806400092503 ], [ 111.77109707876329, -7.288960344342387 ], [ 111.771523099857333, -7.289114288159337 ], [ 111.771948215340359, -7.289268233089639 ], [ 111.772374236942625, -7.289422176041573 ], [ 111.772800258799094, -7.289576118560515 ], [ 111.773226280909753, -7.289730060646458 ], [ 111.773652303274588, -7.289884002299341 ], [ 111.774078325893569, -7.290037943519155 ], [ 111.774504348766712, -7.290191884305878 ], [ 111.774929466027203, -7.290345826211974 ], [ 111.775355489408355, -7.290499766133334 ], [ 111.775781513043611, -7.290653705621508 ], [ 111.776207536932944, -7.290807644676488 ], [ 111.776633561076352, -7.290961583298243 ], [ 111.777059585473808, -7.291115521486755 ], [ 111.777484704257247, -7.29126946079982 ], [ 111.777910729162556, -7.291423398122642 ], [ 111.77833675432187, -7.291577335012147 ], [ 111.778762779735175, -7.291731271468298 ], [ 111.77918880540247, -7.291885207491076 ], [ 111.779614831323727, -7.292039143080467 ], [ 111.780040857498946, -7.292193078236416 ], [ 111.780465978058515, -7.292347014522924 ], [ 111.780892004741361, -7.292500948812831 ], [ 111.78131803167814, -7.292654882669234 ], [ 111.781744058868796, -7.292808816092127 ], [ 111.782170086313315, -7.292962749081445 ], [ 111.782596114011724, -7.293116681637188 ], [ 111.783021236093077, -7.293270615328647 ], [ 111.783447264298943, -7.293424547018039 ], [ 111.783873292758628, -7.293578478273787 ], [ 111.784299321472119, -7.293732409095838 ], [ 111.784725350439388, -7.293886339484182 ], [ 111.785151379660434, -7.294040269438784 ], [ 111.785577409135257, -7.294194198959639 ], [ 111.786002532991404, -7.294348129622252 ], [ 111.786428562973484, -7.29450205827639 ], [ 111.786854593209284, -7.294655986496693 ], [ 111.787280623698777, -7.294809914283134 ], [ 111.787706654441948, -7.29496384163569 ], [ 111.788132685438811, -7.295117768554347 ], [ 111.788557810815618, -7.295271696619904 ], [ 111.788983842319539, -7.29542562267153 ], [ 111.789409874077108, -7.295579548289163 ], [ 111.789835906088285, -7.295733473472781 ], [ 111.790261938353069, -7.295887398222376 ], [ 111.790687970871431, -7.296041322537889 ], [ 111.791114003643358, -7.296195246419305 ], [ 111.791539130793623, -7.296349171453671 ], [ 111.791965164072437, -7.296503094467713 ], [ 111.792391197604772, -7.296657017047604 ], [ 111.792817231390615, -7.296810939193286 ], [ 111.793243267023001, -7.296965765402297 ], [ 111.793669301316712, -7.297119686679411 ], [ 111.794095335863886, -7.297273607522268 ], [ 111.794520464787794, -7.297427529524086 ], [ 111.794946499841643, -7.297581449499191 ], [ 111.795372535148928, -7.29773536903995 ], [ 111.795798570709607, -7.297889288146338 ], [ 111.79622460652368, -7.298043206818339 ], [ 111.796650642591146, -7.2981971250559 ], [ 111.797075773033939, -7.298351044457607 ], [ 111.797501809607894, -7.298504961827127 ], [ 111.797927846435172, -7.298658878762141 ], [ 111.798353883515787, -7.298812795262648 ], [ 111.798779920849697, -7.298966711328581 ], [ 111.7992059584369, -7.299120626959936 ], [ 111.799631996277384, -7.299274542156687 ], [ 111.800057128491588, -7.299428458523622 ], [ 111.800483166838362, -7.299582372851988 ], [ 111.800909205438359, -7.29973628674566 ], [ 111.801335244291579, -7.299890200204621 ], [ 111.801761283397994, -7.300044113228852 ], [ 111.802187322757604, -7.300198025818324 ], [ 111.802612456489555, -7.300351939583167 ], [ 111.803038496355285, -7.300505851303932 ], [ 111.803464536474138, -7.300659762589865 ], [ 111.803890576846143, -7.300813673440931 ], [ 111.804316617471244, -7.300967583857115 ], [ 111.804742658349454, -7.301121493838402 ], [ 111.805168699480745, -7.30127540338473 ], [ 111.805593834982787, -7.30142931411246 ], [ 111.806019876619985, -7.301583222789726 ], [ 111.806445918510235, -7.301737131031982 ], [ 111.806871960653481, -7.301891038839209 ], [ 111.807298003049766, -7.302044946211355 ], [ 111.807724045699047, -7.302198853148409 ], [ 111.808149182717685, -7.302352761272037 ], [ 111.808575225872701, -7.302506667339719 ], [ 111.809001269280657, -7.30266057297225 ], [ 111.809427312941565, -7.302814478169572 ], [ 111.809853356855385, -7.302968382931674 ], [ 111.810279401022115, -7.303122287258527 ], [ 111.810705445441727, -7.303276191150113 ], [ 111.811130584229119, -7.30343009623433 ], [ 111.811556629154268, -7.303583999256185 ], [ 111.81198267433227, -7.303737901842691 ], [ 111.812408719763098, -7.303891803993825 ], [ 111.812834765446738, -7.304045705709559 ], [ 111.813260811383202, -7.304199606989884 ], [ 111.813685951686068, -7.304353509467991 ], [ 111.814111998127885, -7.304507409878262 ], [ 111.814538044822442, -7.304661309853033 ], [ 111.814964091769752, -7.304815209392277 ], [ 111.815390138969804, -7.304969108495988 ], [ 111.815816186422566, -7.3051230071641 ], [ 111.81624223412804, -7.30527690539661 ], [ 111.816667376198296, -7.305430804832959 ], [ 111.81709342440891, -7.305584702195075 ], [ 111.817519472872192, -7.305738599121523 ], [ 111.817945521588101, -7.305892495612252 ], [ 111.818371570556636, -7.306046391667245 ], [ 111.818797619777797, -7.306200287286485 ], [ 111.81922276336239, -7.306354184114742 ], [ 111.81964881308852, -7.306508078863295 ], [ 111.820074863067219, -7.306661973175997 ], [ 111.82050091329846, -7.306815867052836 ], [ 111.820926963782256, -7.306969760493791 ], [ 111.821353014518564, -7.307123653498836 ], [ 111.8217790655074, -7.307277546067957 ], [ 111.822204210858075, -7.307431439852135 ], [ 111.822630262351652, -7.307585331550181 ], [ 111.823056314097713, -7.307739222812213 ], [ 111.823482366096229, -7.307893113638205 ] ] ] } },
{ "type": "Feature", "properties": { "Line": 318, "begin": 3181180.5, "end": 3182136.5 }, "geometry": { "type": "MultiLineString", "coordinates": [ [ [ 111.789880990836949, -7.260399031522085 ], [ 111.789726840096108, -7.260824415883618 ], [ 111.789572689103082, -7.261249800216175 ], [ 111.789418536280238, -7.26167428001995 ], [ 111.789264384782996, -7.262099664294512 ], [ 111.789110233033483, -7.262525048540071 ], [ 111.788956081031699, -7.262950432756615 ], [ 111.788801928777616, -7.263375816944136 ], [ 111.788647776271205, -7.263801201102625 ], [ 111.788493623512423, -7.26422658523207 ], [ 111.788339468925173, -7.264651064832544 ], [ 111.788185315661821, -7.26507644890386 ], [ 111.788031162146055, -7.265501832946101 ], [ 111.787877008377833, -7.265927216959258 ], [ 111.787722854357128, -7.266352600943327 ], [ 111.787568700083924, -7.266777984898291 ], [ 111.787414543983374, -7.267202464324129 ], [ 111.787260389205301, -7.267627848220846 ], [ 111.78710623417463, -7.268053232088427 ], [ 111.786952078891389, -7.268478615926876 ], [ 111.786797923355493, -7.268903999736169 ], [ 111.786643767566957, -7.269329383516303 ], [ 111.786489611525738, -7.269754767267267 ], [ 111.786335453658509, -7.27017924648892 ], [ 111.786181297112066, -7.270604630181499 ], [ 111.786027140312882, -7.271030013844876 ], [ 111.785872983260901, -7.271455397479049 ], [ 111.785718825956138, -7.271880781084003 ], [ 111.785564668398536, -7.272306164659727 ], [ 111.785410510588079, -7.272731548206212 ], [ 111.785256350952949, -7.273156027223183 ], [ 111.785102192636941, -7.273581410711146 ], [ 111.78494803406798, -7.27400679416984 ], [ 111.784793875246081, -7.274432177599262 ], [ 111.784639716171199, -7.274857560999391 ], [ 111.784485556843322, -7.275282944370225 ], [ 111.784331395691908, -7.275707423211406 ], [ 111.784177235858166, -7.276132806523601 ], [ 111.78402307577133, -7.276558189806471 ], [ 111.783868915431398, -7.276983573060005 ], [ 111.783714754838357, -7.277408956284193 ], [ 111.783560593992149, -7.277834339479027 ], [ 111.783406432892761, -7.278259722644495 ], [ 111.783252269971186, -7.278684201280122 ], [ 111.783098108365579, -7.279109584386815 ], [ 111.782943946506734, -7.279534967464111 ], [ 111.782789784394595, -7.279960350512006 ], [ 111.782635622029161, -7.280385733530486 ], [ 111.782481459410405, -7.280811116519542 ], [ 111.782327294970599, -7.281235594978599 ], [ 111.782173131845326, -7.281660977908762 ], [ 111.782018968466659, -7.282086360809474 ], [ 111.781864804834555, -7.282511743680724 ], [ 111.781710640949001, -7.282937126522498 ], [ 111.781556476809968, -7.283362509334794 ], [ 111.781402312417427, -7.283787892117594 ], [ 111.781248146205186, -7.284212370370211 ], [ 111.781093981305801, -7.284637753093982 ], [ 111.780939816152824, -7.285063135788235 ], [ 111.780785650746253, -7.285488518452953 ], [ 111.780631485086062, -7.285913901088131 ], [ 111.780477319172206, -7.286339283693761 ], [ 111.780323151439802, -7.286763761769034 ], [ 111.78016898501879, -7.287189144315515 ], [ 111.780014818344043, -7.287614526832416 ], [ 111.779860651415561, -7.288039909319729 ], [ 111.779706484233287, -7.288465291777443 ], [ 111.779552316797236, -7.288890674205549 ], [ 111.779398149107337, -7.289316056604035 ], [ 111.779243979600224, -7.289740534471995 ], [ 111.779089811402827, -7.2901659168112 ], [ 111.77893564295151, -7.290591299120752 ], [ 111.778781474246287, -7.29101668140065 ], [ 111.778627305287102, -7.291442063650881 ], [ 111.778473136073941, -7.291867445871429 ], [ 111.778318965044718, -7.292291923561301 ], [ 111.778164795323761, -7.292717305722452 ], [ 111.778010625348742, -7.293142687853898 ], [ 111.777856455119647, -7.293568069955627 ], [ 111.777702284636462, -7.293993452027627 ], [ 111.77754811389913, -7.294418834069893 ], [ 111.777393942907665, -7.294844216082416 ], [ 111.777239770101474, -7.29526869356407 ], [ 111.777085598601843, -7.295694075517055 ], [ 111.776931426847995, -7.296119457440263 ], [ 111.776776348961064, -7.296544840891192 ], [ 111.776622176697799, -7.296970222754606 ], [ 111.776468004180231, -7.297395604588209 ], [ 111.776313829849101, -7.297820081890798 ], [ 111.776159656823069, -7.298245463664749 ], [ 111.776005483542662, -7.29867084540887 ], [ 111.775851310007866, -7.299096227123142 ], [ 111.775697136218639, -7.299521608807566 ], [ 111.775542962174967, -7.299946990462125 ], [ 111.775388787876807, -7.300372372086813 ], [ 111.77523461176645, -7.300796849180281 ], [ 111.775080436959499, -7.301222230745179 ], [ 111.774926261897988, -7.301647612280169 ], [ 111.774772086581891, -7.302072993785255 ], [ 111.774617911011205, -7.302498375260415 ], [ 111.77446373518589, -7.302923756705643 ], [ 111.774309557549557, -7.303348233619519 ], [ 111.774155381215138, -7.30377361500484 ], [ 111.774001204626018, -7.3041989963602 ], [ 111.773847027782182, -7.304624377685593 ], [ 111.773692850683602, -7.305049758981004 ], [ 111.773538673330222, -7.305475140246424 ], [ 111.77338449572207, -7.305900521481848 ], [ 111.773230316304208, -7.306324998185731 ], [ 111.773076138186596, -7.306750379361111 ], [ 111.772921959814113, -7.307175760506459 ], [ 111.772767781186715, -7.307601141621769 ], [ 111.772613602304389, -7.308026522707033 ], [ 111.77245942316712, -7.308451903762233 ], [ 111.772305242221336, -7.308876380285748 ], [ 111.772151062574324, -7.309301761280791 ], [ 111.771996882672283, -7.309727142245746 ], [ 111.771842702515187, -7.310152523180603 ], [ 111.77168852210302, -7.310577904085356 ], [ 111.771534341435753, -7.311003284959987 ], [ 111.77138016051336, -7.311428665804495 ], [ 111.771225977783814, -7.311853142117131 ], [ 111.771071796351322, -7.312278522901343 ], [ 111.770917614663617, -7.312703903655398 ], [ 111.770763432720713, -7.313129284379286 ], [ 111.77060925052254, -7.313554665073 ], [ 111.770455068069111, -7.313980045736527 ], [ 111.770300883809668, -7.314404521868012 ], [ 111.770146700845828, -7.314829902471127 ], [ 111.769992517626633, -7.315255283044025 ], [ 111.769838334152084, -7.315680663586702 ], [ 111.769684150422108, -7.316106044099143 ], [ 111.769529966436735, -7.31653142458134 ], [ 111.769375782195908, -7.316956805033282 ], [ 111.76922159615043, -7.317381280953024 ], [ 111.769067411398836, -7.317806661344417 ], [ 111.768913226391732, -7.318232041705525 ], [ 111.768759041129087, -7.318657422036343 ], [ 111.76860485561086, -7.319082802336857 ], [ 111.768450669837023, -7.319508182607063 ], [ 111.768296482259728, -7.319932658344905 ], [ 111.768142295974855, -7.32035803855444 ], [ 111.767988109434299, -7.320783418733634 ], [ 111.767833922638047, -7.321208798882476 ], [ 111.767679735586086, -7.321634179000958 ], [ 111.767525548278357, -7.322059559089069 ], [ 111.767371360714861, -7.322484939146801 ], [ 111.767217171349273, -7.322909414671993 ], [ 111.767062983274371, -7.32333479466892 ], [ 111.766908794943646, -7.323760174635435 ], [ 111.76675460635704, -7.324185554571534 ], [ 111.76660041751451, -7.324610934477203 ], [ 111.766446228416086, -7.325036314352433 ], [ 111.76629203751672, -7.325460789694969 ], [ 111.766137847906592, -7.325886169509275 ], [ 111.765983658040454, -7.326311549293114 ], [ 111.765829467918309, -7.326736929046472 ], [ 111.765675277540097, -7.327162308769347 ], [ 111.765521086905835, -7.327587688461719 ], [ 111.765366896015465, -7.328013068123588 ], [ 111.765212703325531, -7.328437543252572 ], [ 111.765058511923101, -7.328862922853382 ], [ 111.76490432026452, -7.329288302423654 ], [ 111.764750128349732, -7.329713681963378 ], [ 111.764595936178722, -7.330139061472552 ], [ 111.764441743751462, -7.330564440951155 ], [ 111.764287549525818, -7.330988915896736 ], [ 111.764133356586214, -7.331414295314167 ], [ 111.763979163390289, -7.331839674701 ], [ 111.763824969938014, -7.332265054057229 ], [ 111.763670776229375, -7.332690433382841 ], [ 111.76351658226433, -7.333115812677833 ], [ 111.763362388042864, -7.333541191942189 ], [ 111.763208192024379, -7.333965666673345 ], [ 111.763053997290214, -7.334391045876389 ], [ 111.762899802299557, -7.334816425048769 ], [ 111.762745607052381, -7.335241804190474 ], [ 111.762591411548655, -7.335667183301496 ], [ 111.762437215788353, -7.336092562381829 ], [ 111.76228301823221, -7.336517036928805 ], [ 111.762128821958925, -7.336942415947707 ], [ 111.761974625428977, -7.33736779493589 ], [ 111.76182042864238, -7.337793173893334 ], [ 111.761666231599065, -7.338218552820038 ], [ 111.761511128332032, -7.33864393325165 ], [ 111.761356930774369, -7.339069312116624 ], [ 111.76120273142223, -7.339493786448068 ], [ 111.761048533351214, -7.339919165251471 ], [ 111.76089433502338, -7.340344544024085 ], [ 111.760740136438685, -7.340769922765898 ], [ 111.760585937597142, -7.341195301476904 ], [ 111.760431738498681, -7.341620680157088 ], [ 111.760277537606953, -7.342045154303574 ], [ 111.760123337994841, -7.342470532922075 ], [ 111.759969138125783, -7.342895911509729 ], [ 111.759814937999735, -7.343321290066519 ], [ 111.759660737616642, -7.343746668592446 ], [ 111.759506536976502, -7.344172047087492 ], [ 111.759352336079317, -7.344597425551649 ], [ 111.7591981333902, -7.345021899481952 ], [ 111.759043931979008, -7.34544727788429 ], [ 111.758889730310656, -7.34587265625571 ], [ 111.758735528385145, -7.346298034596205 ], [ 111.75858132620246, -7.346723412905759 ], [ 111.758427123762516, -7.34714879118437 ], [ 111.758272919531862, -7.347573264928973 ], [ 111.758118716577641, -7.347998643145647 ], [ 111.757964513366119, -7.348424021331344 ], [ 111.75781030989728, -7.348849399486054 ], [ 111.757656106171098, -7.349274777609771 ], [ 111.757501902187556, -7.349700155702482 ], [ 111.757347697946599, -7.350125533764176 ], [ 111.757193491916297, -7.350550007291694 ], [ 111.757039287160708, -7.350975385291313 ], [ 111.756885082147633, -7.351400763259891 ], [ 111.756730876877086, -7.351826141197416 ], [ 111.756576671349009, -7.352251519103874 ], [ 111.756422465563375, -7.35267689697926 ], [ 111.756268257989589, -7.353101370320313 ], [ 111.756114051689025, -7.353526748133509 ], [ 111.755959845130846, -7.353952125915598 ], [ 111.75580563831501, -7.354377503666581 ], [ 111.755651431241503, -7.354802881386438 ], [ 111.755497223910297, -7.355228259075165 ], [ 111.75534301632139, -7.355653636732746 ], [ 111.755188806945696, -7.356078109855806 ], [ 111.755034598841476, -7.35650348745106 ], [ 111.754880390479471, -7.356928865015145 ], [ 111.754726181859638, -7.357354242548049 ], [ 111.754571972981978, -7.357779620049762 ], [ 111.754417763846448, -7.358204997520272 ], [ 111.754263552925309, -7.358629470456131 ], [ 111.754109343274166, -7.359054847864196 ], [ 111.753955133365096, -7.359480225241035 ], [ 111.753800923198057, -7.359905602586632 ], [ 111.753646712773019, -7.360330979900981 ], [ 111.753492502089955, -7.360756357184072 ], [ 111.753338291148836, -7.361181734435893 ], [ 111.753184078423544, -7.361606207152883 ], [ 111.753029866966486, -7.362031584342121 ] ] ] } },
{ "type": "Feature", "properties": { "Line": 316, "begin": 3161180.5, "end": 3162096.5 }, "geometry": { "type": "MultiLineString", "coordinates": [ [ [ 111.779822210826069, -7.26157237792555 ], [ 111.77966804998249, -7.261997759905126 ], [ 111.7795138888862, -7.262423141855312 ], [ 111.779359727537155, -7.262848523776103 ], [ 111.779205565935342, -7.263273905667484 ], [ 111.779051402523393, -7.263698383027473 ], [ 111.778897240416171, -7.264123764859989 ], [ 111.778743078056095, -7.264549146663069 ], [ 111.778588915443166, -7.264974528436702 ], [ 111.778434752577311, -7.265399910180879 ], [ 111.778280589458547, -7.265825291895587 ], [ 111.778126426086843, -7.266250673580817 ], [ 111.777972260906338, -7.266675150734472 ], [ 111.77781809702887, -7.267100532360707 ], [ 111.777663932898378, -7.267525913957432 ], [ 111.777509768514847, -7.267951295524639 ], [ 111.777355603878235, -7.268376677062323 ], [ 111.777201438988541, -7.268802058570473 ], [ 111.777047272291185, -7.269226535546871 ], [ 111.776893106895429, -7.269651916995903 ], [ 111.776738941246506, -7.270077298415369 ], [ 111.776584775344375, -7.270502679805262 ], [ 111.776430609189021, -7.270928061165572 ], [ 111.776276442780429, -7.271353442496284 ], [ 111.776122276118556, -7.271778823797393 ], [ 111.775968107650399, -7.27220330056659 ], [ 111.775813940482124, -7.272628681808446 ], [ 111.775659773060497, -7.273054063020671 ], [ 111.775505605385518, -7.273479444203252 ], [ 111.775351437457118, -7.27390482535618 ], [ 111.775197269275324, -7.27433020647945 ], [ 111.775043099288368, -7.274754683070644 ], [ 111.774888930599857, -7.27518006413454 ], [ 111.774734761657854, -7.275605445168743 ], [ 111.774580592462328, -7.276030826173245 ], [ 111.774426423013253, -7.276456207148041 ], [ 111.774272253310613, -7.276881588093109 ], [ 111.774118083354367, -7.277306969008449 ], [ 111.773963911594322, -7.277731445391536 ], [ 111.773809741131032, -7.278156826247371 ], [ 111.773655570414078, -7.278582207073446 ], [ 111.773501399443418, -7.279007587869749 ], [ 111.773347228219038, -7.279432968636272 ], [ 111.773193056740922, -7.279858349373009 ], [ 111.773038883460146, -7.280282825577336 ], [ 111.772884711474674, -7.280708206254448 ], [ 111.772730539235368, -7.281133586901738 ], [ 111.772576366742243, -7.281558967519205 ], [ 111.772422193995226, -7.28198434810683 ], [ 111.772268020994332, -7.282409728664608 ], [ 111.772113847739504, -7.282835109192531 ], [ 111.77195967268338, -7.283259585187844 ], [ 111.771805498920841, -7.283684965656006 ], [ 111.771651324904326, -7.284110346094276 ], [ 111.771497150633792, -7.284535726502654 ], [ 111.771342976109196, -7.284961106881126 ], [ 111.771188801330553, -7.285386487229681 ], [ 111.771034624751749, -7.285810963045494 ], [ 111.770880449465082, -7.286236343334171 ], [ 111.770726273924296, -7.286661723592899 ], [ 111.770572098129321, -7.287087103821676 ], [ 111.770417922080156, -7.287512484020488 ], [ 111.770263745776774, -7.287937864189323 ], [ 111.770109569219144, -7.288363244328178 ], [ 111.769955390862719, -7.288787719934104 ], [ 111.769801213796754, -7.289213100012941 ], [ 111.769647036476456, -7.289638480061766 ], [ 111.769492858901813, -7.290063860080566 ], [ 111.76933868107281, -7.290489240069336 ], [ 111.769184502989404, -7.290914620028058 ], [ 111.769030323108367, -7.291339095453705 ], [ 111.768876144516312, -7.291764475352299 ], [ 111.768721965669798, -7.29218985522082 ], [ 111.768567786568781, -7.292615235059257 ], [ 111.768413607213262, -7.293040614867605 ], [ 111.768259427603184, -7.293465994645849 ], [ 111.768105247738532, -7.293891374393984 ], [ 111.767951066077615, -7.29431584960886 ], [ 111.767796885703973, -7.294741229296727 ], [ 111.767642705075687, -7.295166608954453 ], [ 111.767488524192743, -7.295591988582024 ], [ 111.767334343055083, -7.296017368179438 ], [ 111.76717925578204, -7.29644274928493 ], [ 111.767025072593668, -7.296867224318527 ], [ 111.766870890691123, -7.297292603825165 ], [ 111.766716708533778, -7.297717983301609 ], [ 111.766562526121618, -7.298143362747836 ], [ 111.7664083434546, -7.298568742163849 ], [ 111.766254160532739, -7.298994121549633 ], [ 111.766099977355964, -7.299419500905178 ], [ 111.765945792385452, -7.299843975727135 ], [ 111.765791608699018, -7.30026935502216 ], [ 111.765637424757657, -7.300694734286917 ], [ 111.765483240561281, -7.301120113521397 ], [ 111.765329056109877, -7.301545492725587 ], [ 111.765174871403445, -7.301970871899482 ], [ 111.765020684904414, -7.302395346539634 ], [ 111.764866499688054, -7.302820725652892 ], [ 111.764712314216553, -7.303246104735823 ], [ 111.764558128489909, -7.303671483788414 ], [ 111.76440394250811, -7.304096862810664 ], [ 111.764249756271099, -7.304522241802558 ], [ 111.764095569778888, -7.304947620764087 ], [ 111.763941381495442, -7.305372095191691 ], [ 111.76378719449292, -7.305797474092442 ], [ 111.763633007235129, -7.306222852962803 ], [ 111.763478819721996, -7.306648231802757 ], [ 111.763324631953537, -7.307073610612295 ], [ 111.76317044392971, -7.307498989391412 ], [ 111.763016254115826, -7.307923463636456 ], [ 111.762862065581402, -7.308348842354678 ], [ 111.762707876791524, -7.30877422104245 ], [ 111.762553687746205, -7.309199599699758 ], [ 111.762399498445362, -7.30962497832659 ], [ 111.762245308889021, -7.310050356922944 ], [ 111.762091119077141, -7.310475735488803 ], [ 111.761936927476555, -7.310900209520398 ], [ 111.761782737153723, -7.311325588025227 ], [ 111.761628546575295, -7.311750966499536 ], [ 111.761474355741214, -7.312176344943315 ], [ 111.761320164651451, -7.312601723356552 ], [ 111.761165973305992, -7.313027101739242 ], [ 111.761011780173035, -7.313451575587526 ], [ 111.760857588316341, -7.313876953909068 ], [ 111.760703396203894, -7.314302332200028 ], [ 111.760549203835652, -7.314727710460397 ], [ 111.760395011211585, -7.315153088690169 ], [ 111.760240818331681, -7.31557846688933 ], [ 111.76008662519591, -7.316003845057875 ], [ 111.759932430273992, -7.316428318691839 ], [ 111.75977823662663, -7.316853696799098 ], [ 111.759624042723331, -7.317279074875712 ], [ 111.759469848564066, -7.317704452921667 ], [ 111.759315654148807, -7.31812983093695 ], [ 111.759161459477525, -7.31855520892156 ], [ 111.759007263021275, -7.318979682371438 ], [ 111.758853067838118, -7.319405060294647 ], [ 111.758698872398853, -7.319830438187148 ], [ 111.758544676703494, -7.320255816048934 ], [ 111.75839048075197, -7.320681193879992 ], [ 111.758236284544296, -7.321106571680315 ], [ 111.758082088080414, -7.321531949449889 ], [ 111.757927889832942, -7.321956422684557 ], [ 111.75777369285683, -7.322381800392599 ], [ 111.757619495624454, -7.322807178069863 ], [ 111.757465298135784, -7.323232555716341 ], [ 111.757311100390808, -7.323657933332028 ], [ 111.757156902389482, -7.324083310916906 ], [ 111.757002702605732, -7.324507783966714 ], [ 111.756848504091877, -7.324933161489938 ], [ 111.756694305321602, -7.325358538982329 ], [ 111.756540106294878, -7.325783916443881 ], [ 111.756385907011691, -7.326209293874577 ], [ 111.756231707472011, -7.326634671274408 ], [ 111.756077507675826, -7.327060048643369 ], [ 111.75592330609858, -7.327484521477095 ], [ 111.755769105789511, -7.327909898784265 ], [ 111.755614905223837, -7.32833527606053 ], [ 111.755460704401557, -7.328760653305885 ], [ 111.755306503322629, -7.32918603052032 ], [ 111.755152301987039, -7.329611407703822 ], [ 111.754998098871582, -7.330035880351942 ], [ 111.754843897022795, -7.330461257473535 ], [ 111.754689694917289, -7.330886634564171 ], [ 111.754535492555007, -7.33131201162383 ], [ 111.754381289935935, -7.331737388652513 ], [ 111.754227087060059, -7.332162765650208 ], [ 111.754072883927321, -7.332588142616901 ], [ 111.753918679016095, -7.333012615048036 ], [ 111.753764475369849, -7.333437991952687 ], [ 111.753610271466655, -7.333863368826305 ], [ 111.753456067306544, -7.334288745668884 ], [ 111.753301862889472, -7.334714122480418 ], [ 111.753147658215397, -7.33513949926089 ], [ 111.752993451763999, -7.335563971505658 ], [ 111.752839246576102, -7.335989348223971 ], [ 111.75268504113113, -7.336414724911194 ], [ 111.752530835429056, -7.336840101567324 ], [ 111.752376629469893, -7.33726547819234 ], [ 111.752222423253571, -7.337690854786248 ], [ 111.752068216780089, -7.338116231349023 ], [ 111.751914008530676, -7.338540703375902 ], [ 111.751758895573303, -7.33896608139244 ], [ 111.751604688327504, -7.339391457861539 ], [ 111.751450480824445, -7.339816834299471 ], [ 111.751296273064085, -7.34024221070623 ], [ 111.751142065046423, -7.340667587081803 ], [ 111.75098785525401, -7.341092058921343 ], [ 111.750833646721858, -7.341517435234497 ], [ 111.75067943793232, -7.341942811516441 ], [ 111.750525228885365, -7.342368187767159 ], [ 111.750371019580967, -7.342793563986642 ], [ 111.750216810019111, -7.343218940174882 ], [ 111.750062600199769, -7.343644316331869 ], [ 111.749908388607054, -7.344068787952653 ], [ 111.74975417827288, -7.344494164047084 ], [ 111.749599967681135, -7.344919540110237 ], [ 111.749445756831804, -7.345344916142095 ], [ 111.749291545724859, -7.345770292142653 ], [ 111.749137334360256, -7.346195668111893 ], [ 111.748983121223503, -7.346620139544786 ], [ 111.748828909343786, -7.347045515451363 ], [ 111.74867469720634, -7.347470891326595 ], [ 111.748520484811181, -7.347896267170476 ], [ 111.748366272158236, -7.348321642982993 ], [ 111.748212059247507, -7.348747018764145 ], [ 111.748057846078964, -7.349172394513914 ], [ 111.74790363113965, -7.349596865727158 ], [ 111.747749417455623, -7.350022241414123 ], [ 111.747595203513725, -7.350447617069673 ], [ 111.747440989313887, -7.35087299269381 ], [ 111.747286774856121, -7.351298368286515 ], [ 111.7471325601404, -7.351723743847779 ], [ 111.746978343655087, -7.352148214872356 ], [ 111.746824128423583, -7.352573590370697 ], [ 111.746669912934024, -7.35299896583757 ], [ 111.74651569718641, -7.353424341272967 ], [ 111.746361481180713, -7.353849716676873 ], [ 111.74620726491689, -7.354275092049281 ], [ 111.746053048394955, -7.354700467390185 ], [ 111.745898830104792, -7.355124938194242 ], [ 111.745744613066705, -7.355550313472087 ], [ 111.745590395770407, -7.355975688718392 ], [ 111.745436178215883, -7.356401063933149 ], [ 111.745281960403091, -7.356826439116352 ], [ 111.745127742332002, -7.357251814267988 ], [ 111.744973522493908, -7.357676284882634 ], [ 111.744819303906397, -7.358101659971096 ], [ 111.744665085060504, -7.358527035027959 ], [ 111.744510865956244, -7.358952410053215 ] ] ] } },
{ "type": "Feature", "properties": { "Line": 322, "begin": 3221180.5, "end": 3222016.5 }, "geometry": { "type": "MultiLineString", "coordinates": [ [ [ 111.802908045195323, -7.277612319391014 ], [ 111.802753903090348, -7.278037707168528 ], [ 111.802599760733131, -7.278463094917452 ], [ 111.802445618123642, -7.278888482637768 ], [ 111.802291475261853, -7.279313870329471 ], [ 111.80213733214778, -7.279739257992551 ], [ 111.8019831871745, -7.280163741130688 ], [ 111.801829043555912, -7.280589128736474 ], [ 111.80167489968494, -7.281014516313607 ], [ 111.801520755561555, -7.281439903862075 ], [ 111.801366611185713, -7.281865291381868 ], [ 111.801212466557431, -7.282290678872982 ], [ 111.801058321676649, -7.2827160663354 ], [ 111.800904174938012, -7.283140549272708 ], [ 111.800750029552376, -7.283565936677696 ], [ 111.800595883914184, -7.283991324053963 ], [ 111.800441738023409, -7.284416711401501 ], [ 111.800287591880007, -7.284842098720295 ], [ 111.800133445483979, -7.28526748601034 ], [ 111.799979297231232, -7.285691968775107 ], [ 111.799825150330051, -7.286117356007603 ], [ 111.799671003176172, -7.286542743211321 ], [ 111.799516855769539, -7.286968130386245 ], [ 111.799362708110152, -7.287393517532371 ], [ 111.799208560197968, -7.287818904649687 ], [ 111.799054412032973, -7.288244291738184 ], [ 111.79890026201258, -7.288668774301216 ], [ 111.798746113342105, -7.289094161332027 ], [ 111.798591964418733, -7.289519548333993 ], [ 111.798437815242437, -7.2899449353071 ], [ 111.798283665813216, -7.290370322251337 ], [ 111.798129516131041, -7.290795709166696 ], [ 111.797975364594592, -7.291220191556429 ], [ 111.797821214406611, -7.291645578413989 ], [ 111.797667063965605, -7.292070965242641 ], [ 111.797512913271518, -7.292496352042375 ], [ 111.79735876232435, -7.292921738813184 ], [ 111.797204611124073, -7.293347125555051 ], [ 111.797050459670658, -7.293772512267978 ], [ 111.796896306364317, -7.294196994455072 ], [ 111.796742154404754, -7.294622381110061 ], [ 111.796588002191982, -7.295047767736073 ], [ 111.796433849725986, -7.295473154333098 ], [ 111.79627969700671, -7.295898540901129 ], [ 111.796124638159995, -7.296323929036408 ], [ 111.79597048333477, -7.296748411049243 ], [ 111.795816329854887, -7.297173797529998 ], [ 111.795662176121638, -7.297599183981719 ], [ 111.795508022134996, -7.298024570404397 ], [ 111.79535386789496, -7.298449956798019 ], [ 111.795199713401473, -7.298875343162578 ], [ 111.795045558654522, -7.299300729498066 ], [ 111.794891402057132, -7.299725211307392 ], [ 111.794737246803393, -7.300150597584689 ], [ 111.794583091296118, -7.300575983832882 ], [ 111.794428935535279, -7.301001370051961 ], [ 111.794274779520862, -7.301426756241921 ], [ 111.794120623252837, -7.301852142402751 ], [ 111.793966465135483, -7.302276624037254 ], [ 111.793812308360373, -7.302702010139773 ], [ 111.79365815133157, -7.303127396213132 ], [ 111.793503994049047, -7.303552782257319 ], [ 111.793349836512789, -7.303978168272324 ], [ 111.793195678722782, -7.304403554258141 ], [ 111.793041520678969, -7.304828940214757 ], [ 111.792887360787205, -7.305253421644865 ], [ 111.792733202235965, -7.305678807543035 ], [ 111.792579043430862, -7.306104193411978 ], [ 111.792424884371883, -7.306529579251682 ], [ 111.79227072505897, -7.306954965062138 ], [ 111.792116565492137, -7.307380350843332 ], [ 111.79196240407849, -7.307804832097842 ], [ 111.791808244003931, -7.308230217820474 ], [ 111.791654083675354, -7.308655603513819 ], [ 111.791499923092729, -7.30908098917787 ], [ 111.791345762256057, -7.309506374812607 ], [ 111.791191601165281, -7.309931760418033 ], [ 111.7910374398204, -7.310357145994134 ], [ 111.790883276630055, -7.310781627043371 ], [ 111.790729114777093, -7.311207012560771 ], [ 111.790574952669957, -7.311632398048811 ], [ 111.790420790308588, -7.312057783507489 ], [ 111.790266627693001, -7.312483168936788 ], [ 111.790112464823153, -7.312908554336702 ], [ 111.789958300108978, -7.313333035209606 ], [ 111.789804136730737, -7.313758420550702 ], [ 111.789649973098165, -7.314183805862388 ], [ 111.789495809211232, -7.314609191144646 ], [ 111.789341645069925, -7.315034576397472 ], [ 111.789187480674201, -7.315459961620852 ], [ 111.789033316024032, -7.315885346814782 ], [ 111.788879149530885, -7.316309827481509 ], [ 111.788724984371996, -7.316735212616486 ], [ 111.788570818958576, -7.317160597721977 ], [ 111.788416653290639, -7.317585982797977 ], [ 111.788262487368144, -7.318011367844476 ], [ 111.788108321191061, -7.318436752861459 ], [ 111.787954153172137, -7.318861233351085 ], [ 111.787799986486021, -7.319286618309 ], [ 111.787645819545247, -7.319712003237375 ], [ 111.787491652349786, -7.320137388136197 ], [ 111.787337484899609, -7.320562773005456 ], [ 111.787183317194703, -7.320988157845148 ], [ 111.787029149235039, -7.321413542655257 ], [ 111.786874979434899, -7.321838022937807 ], [ 111.786720810965846, -7.322263407688711 ], [ 111.786566642241965, -7.322688792410005 ], [ 111.786412473263226, -7.32311417710168 ], [ 111.786258304029602, -7.323539561763725 ], [ 111.786104134541063, -7.323964946396128 ], [ 111.785949963213199, -7.324389426500831 ], [ 111.785795793214987, -7.324814811073913 ], [ 111.785641622961776, -7.325240195617325 ], [ 111.78548745245358, -7.325665580131063 ], [ 111.785333281690328, -7.326090964615108 ], [ 111.785179110672033, -7.32651634906946 ], [ 111.785024939398639, -7.326941733494103 ], [ 111.78487076628727, -7.327366213390857 ], [ 111.784716594503863, -7.327791597756041 ], [ 111.784562422465285, -7.328216982091485 ], [ 111.784408250171538, -7.328642366397184 ], [ 111.784254077622563, -7.32906775067313 ], [ 111.784099904818362, -7.329493134919304 ], [ 111.783945730177336, -7.329917614637441 ], [ 111.783791556862809, -7.330342998824036 ], [ 111.78363738329297, -7.330768382980842 ], [ 111.783483209467789, -7.331193767107842 ], [ 111.783329035387254, -7.331619151205026 ], [ 111.78317486105135, -7.332044535272386 ], [ 111.78302068646002, -7.332469919309909 ], [ 111.782866510033244, -7.332894398819208 ], [ 111.782712334931247, -7.333319782797021 ], [ 111.782558159573753, -7.333745166744967 ], [ 111.782403983960762, -7.334170550663043 ], [ 111.782249808092232, -7.334595934551234 ], [ 111.782095631968147, -7.335021318409533 ], [ 111.781941454009768, -7.335445797739432 ], [ 111.78178727737469, -7.335871181537899 ], [ 111.781633100484001, -7.336296565306445 ], [ 111.781478923337644, -7.336721949045058 ], [ 111.781324745935606, -7.337147332753728 ], [ 111.781170568277858, -7.337572716432449 ], [ 111.781016390364371, -7.337998100081211 ], [ 111.780862210617968, -7.338422579201403 ], [ 111.780707126229856, -7.338847964364607 ], [ 111.780552947548344, -7.339273347923187 ], [ 111.780398768611008, -7.339698731451768 ], [ 111.780244589417805, -7.340124114950337 ], [ 111.780090409968722, -7.340549498418888 ], [ 111.779936228687873, -7.340973977358714 ], [ 111.779782048727157, -7.341399360767182 ], [ 111.779627868510502, -7.341824744145596 ], [ 111.779473688037854, -7.342250127493955 ], [ 111.779319507309197, -7.342675510812247 ], [ 111.779165326324502, -7.343100894100455 ], [ 111.779011145083757, -7.343526277358577 ], [ 111.778856962012597, -7.343950756087795 ], [ 111.778702780259877, -7.344376139285696 ], [ 111.778548598251035, -7.344801522453481 ], [ 111.778394415986028, -7.345226905591137 ], [ 111.778240233464828, -7.345652288698657 ], [ 111.778086050687421, -7.346077671776031 ], [ 111.777931866080777, -7.346502150324342 ], [ 111.777777682791111, -7.346927533341378 ], [ 111.777623499245152, -7.347352916328234 ], [ 111.777469315442886, -7.347778299284908 ], [ 111.777315131384285, -7.348203682211387 ], [ 111.777160947069319, -7.348629065107655 ], [ 111.777006762498004, -7.349054447973714 ], [ 111.776852576098776, -7.349478926310513 ], [ 111.776698391014818, -7.349904309116094 ], [ 111.776544205674398, -7.350329691891431 ], [ 111.7763900200775, -7.350755074636513 ], [ 111.776235834224096, -7.351180457351333 ], [ 111.776081648114157, -7.35160584003588 ], [ 111.775927460177499, -7.352030318191026 ], [ 111.775773273554648, -7.35245570081498 ], [ 111.775619086675178, -7.352881083408634 ], [ 111.775464899539088, -7.353306465971972 ], [ 111.775310712146336, -7.353731848504986 ], [ 111.775156524496893, -7.354157231007667 ], [ 111.775002336590731, -7.35458261348001 ], [ 111.774848146859256, -7.355007091422773 ], [ 111.77469395843984, -7.355432473834385 ], [ 111.774539769763635, -7.355857856215628 ], [ 111.774385580830639, -7.356283238566488 ], [ 111.774231391640797, -7.356708620886957 ], [ 111.774077202194107, -7.357134003177028 ], [ 111.773923010923241, -7.357558480937363 ], [ 111.773768820962971, -7.357983863166584 ], [ 111.773614630745783, -7.358409245365375 ], [ 111.77346044027162, -7.35883462753373 ], [ 111.773306249540497, -7.359260009671636 ], [ 111.773152058552341, -7.359685391779081 ], [ 111.772997867307168, -7.360110773856056 ], [ 111.772843674239212, -7.360535251403121 ], [ 111.772689482480104, -7.360960633419112 ], [ 111.772535290463921, -7.361386015404611 ], [ 111.772381098190593, -7.361811397359596 ], [ 111.772226905660105, -7.362236779284068 ], [ 111.772072712872429, -7.362662161178012 ], [ 111.771918518263135, -7.363086638541867 ], [ 111.771764324961254, -7.36351202037471 ], [ 111.771610131402113, -7.363937402176997 ], [ 111.771455937585685, -7.364362783948716 ], [ 111.771301743511955, -7.36478816568986 ], [ 111.771147549180895, -7.365213547400416 ], [ 111.770993354592477, -7.365638929080378 ], [ 111.770839158183804, -7.366063406230094 ], [ 111.770684963080825, -7.366488787848818 ] ] ] } },
{ "type": "Feature", "properties": { "Line": 320, "begin": 3201180.5, "end": 3202132.5 }, "geometry": { "type": "MultiLineString", "coordinates": [ [ [ 111.798244130867928, -7.263902911245032 ], [ 111.798089987462447, -7.264328297659459 ], [ 111.797935843805078, -7.26475368404522 ], [ 111.797781699895765, -7.265179070402304 ], [ 111.797627554139609, -7.265603552232863 ], [ 111.797473409726564, -7.266028938532546 ], [ 111.797319265061518, -7.266454324803524 ], [ 111.797165120144413, -7.266879711045783 ], [ 111.797010974975279, -7.267305097259314 ], [ 111.796856829554031, -7.267730483444113 ], [ 111.796702682287091, -7.268154965102223 ], [ 111.796548536361811, -7.268580351229502 ], [ 111.796394390184389, -7.269005737328017 ], [ 111.796240243754767, -7.269431123397754 ], [ 111.796086097072944, -7.269856509438711 ], [ 111.795931950138893, -7.270281895450869 ], [ 111.795777802952571, -7.270707281434225 ], [ 111.795623653921865, -7.271131762890708 ], [ 111.795469506231157, -7.271557148816409 ], [ 111.795315358288121, -7.271982534713273 ], [ 111.795161210092729, -7.272407920581299 ], [ 111.795007061644952, -7.272833306420471 ], [ 111.794852912944748, -7.273258692230778 ], [ 111.79469876240131, -7.27368317351405 ], [ 111.79454461319645, -7.274108559266586 ], [ 111.794390463739092, -7.27453394499023 ], [ 111.794236314029234, -7.274959330684971 ], [ 111.794082164066822, -7.2753847163508 ], [ 111.793928013851882, -7.275810101987713 ], [ 111.793773863384331, -7.276235487595692 ], [ 111.793619711074868, -7.276659968676429 ], [ 111.793465560102305, -7.2770853542265 ], [ 111.793311408877059, -7.277510739747609 ], [ 111.793157257399159, -7.277936125239748 ], [ 111.793003105668532, -7.278361510702909 ], [ 111.792848953685166, -7.278786896137078 ], [ 111.792694799861039, -7.279211377043865 ], [ 111.792540647372348, -7.279636762420009 ], [ 111.792386494630861, -7.280062147767135 ], [ 111.79223234163652, -7.280487533085231 ], [ 111.79207818838934, -7.280912918374288 ], [ 111.791924034889263, -7.281338303634299 ], [ 111.79176988113629, -7.281763688865253 ], [ 111.791615725543863, -7.282188169568635 ], [ 111.791461571285211, -7.282613554741422 ], [ 111.791307416773577, -7.283038939885126 ], [ 111.791153262008919, -7.283464324999732 ], [ 111.790999106991237, -7.283889710085229 ], [ 111.790844951720501, -7.284315095141611 ], [ 111.790690794611464, -7.284739575670267 ], [ 111.790536638834737, -7.285164960668371 ], [ 111.790382482804901, -7.285590345637328 ], [ 111.790228326521884, -7.286015730577128 ], [ 111.790074169985687, -7.286441115487764 ], [ 111.789920013196294, -7.286866500369226 ], [ 111.789765856153679, -7.287291885221504 ], [ 111.789611697274069, -7.287716365545864 ], [ 111.789457539725106, -7.288141750339726 ], [ 111.789303381922849, -7.288567135104373 ], [ 111.789149223867256, -7.288992519839796 ], [ 111.788995065558296, -7.289417904545988 ], [ 111.788840906995972, -7.289843289222931 ], [ 111.78868674659779, -7.290267769371785 ], [ 111.788532587528849, -7.290693153990199 ], [ 111.788378428206428, -7.291118538579339 ], [ 111.788224268630515, -7.291543923139197 ], [ 111.788070108801122, -7.291969307669763 ], [ 111.787915948718179, -7.292394692171026 ], [ 111.787761788381673, -7.29282007664298 ], [ 111.787607626210686, -7.293244556586671 ], [ 111.787453465367236, -7.293669940999952 ], [ 111.787299304270135, -7.294095325383896 ], [ 111.787145142919371, -7.294520709738486 ], [ 111.786990981314929, -7.294946094063715 ], [ 111.786836819456767, -7.295371478359576 ], [ 111.78668265576529, -7.29579595812702 ], [ 111.786528493399871, -7.296221342364094 ], [ 111.786373424903729, -7.296646728148538 ], [ 111.786219262029817, -7.297072112326584 ], [ 111.7860650989021, -7.297497496475216 ], [ 111.785910935520505, -7.297922880594413 ], [ 111.785756771885048, -7.298348264684175 ], [ 111.785602606417584, -7.298772744245331 ], [ 111.7854484422745, -7.29919812827617 ], [ 111.785294277877441, -7.299623512277538 ], [ 111.785140113226404, -7.300048896249427 ], [ 111.784985948321378, -7.300474280191835 ], [ 111.784831783162318, -7.30089966410474 ], [ 111.784677616172402, -7.301324143488887 ], [ 111.784523450505418, -7.301749527342755 ], [ 111.784369284584329, -7.302174911167094 ], [ 111.784215118409108, -7.302600294961899 ], [ 111.784060951979725, -7.30302567872716 ], [ 111.783906785296168, -7.303451062462861 ], [ 111.783752618358406, -7.303876446169 ], [ 111.783598449591139, -7.304300925346173 ], [ 111.783444282145112, -7.304726308993133 ], [ 111.783290114444796, -7.305151692610498 ], [ 111.783135946490177, -7.30557707619826 ], [ 111.782981778281211, -7.306002459756407 ], [ 111.7828276098179, -7.306427843284929 ], [ 111.782673439526249, -7.30685232228435 ], [ 111.782519270554374, -7.307277705753581 ], [ 111.782365101328068, -7.307703089193155 ], [ 111.782210931847303, -7.308128472603068 ], [ 111.782056762112063, -7.308553855983305 ], [ 111.781902592122307, -7.308979239333862 ], [ 111.781748421878035, -7.309404622654728 ], [ 111.781594249806759, -7.309829101446305 ], [ 111.781440079053553, -7.31025448470774 ], [ 111.781285908045746, -7.310679867939452 ], [ 111.781131736783323, -7.311105251141433 ], [ 111.780977565266227, -7.311530634313674 ], [ 111.780823393494458, -7.311956017456163 ], [ 111.780669219896851, -7.31238049606921 ], [ 111.780515047615879, -7.312805879152148 ], [ 111.780360875080135, -7.313231262205311 ], [ 111.780206702289604, -7.313656645228682 ], [ 111.780052529244287, -7.314082028222254 ], [ 111.779898355944127, -7.314507411186015 ], [ 111.779744182389123, -7.314932794119959 ], [ 111.779590007009631, -7.315357272524275 ], [ 111.77943583294504, -7.315782655398531 ], [ 111.779281658625536, -7.316208038242943 ], [ 111.779127484051088, -7.316633421057491 ], [ 111.778973309221641, -7.317058803842177 ], [ 111.778819134137208, -7.317484186596981 ], [ 111.778664957229424, -7.317908664821989 ], [ 111.778510781635106, -7.318334047516993 ], [ 111.778356605785731, -7.318759430182089 ], [ 111.77820242968123, -7.319184812817271 ], [ 111.778048253321614, -7.319610195422525 ], [ 111.777894076706829, -7.32003557799784 ], [ 111.777739899836874, -7.320460960543212 ], [ 111.777585721144945, -7.320885438558618 ], [ 111.777431543764777, -7.321310821044051 ], [ 111.777277366129354, -7.321736203499511 ], [ 111.777123188238633, -7.322161585924985 ], [ 111.776969010092628, -7.322586968320461 ], [ 111.776814831691297, -7.323012350685932 ], [ 111.776660651469157, -7.323436828521287 ], [ 111.776506472557301, -7.323862210826704 ], [ 111.776352293390048, -7.324287593102087 ], [ 111.776198113967368, -7.324712975347428 ], [ 111.77604393428922, -7.325138357562716 ], [ 111.775889754355617, -7.325563739747937 ], [ 111.77573557416649, -7.325989121903086 ], [ 111.775581392157918, -7.326413599527935 ], [ 111.775427211457938, -7.326838981622896 ], [ 111.775273030502376, -7.327264363687752 ], [ 111.775118849291204, -7.327689745722495 ], [ 111.77496466782442, -7.328115127727117 ], [ 111.77481048610197, -7.328540509701608 ], [ 111.774656302561226, -7.328964987145642 ], [ 111.774502120327625, -7.329390369059824 ], [ 111.774347937838286, -7.329815750943844 ], [ 111.774193755093194, -7.330241132797696 ], [ 111.77403957209232, -7.330666514621363 ], [ 111.773885388835652, -7.331091896414846 ], [ 111.773731205323145, -7.331517278178122 ], [ 111.773577019993724, -7.33194175541075 ], [ 111.773422835969711, -7.332367137113584 ], [ 111.77326865168979, -7.332792518786187 ], [ 111.77311446715396, -7.333217900428555 ], [ 111.772960282362163, -7.333643282040672 ], [ 111.772806097314387, -7.334068663622532 ], [ 111.772651910450861, -7.334493140673598 ], [ 111.772497724891267, -7.334918522194895 ], [ 111.772343539075635, -7.335343903685903 ], [ 111.77218935300391, -7.335769285146614 ], [ 111.772035166676091, -7.336194666577017 ], [ 111.771880980092149, -7.336620047977102 ], [ 111.771726793252057, -7.337045429346864 ], [ 111.771572604597552, -7.337469906185652 ], [ 111.7714184172453, -7.337895287494709 ], [ 111.771264229636813, -7.338320668773417 ], [ 111.77110913580691, -7.338746051576789 ], [ 111.770954947685013, -7.339171432794531 ], [ 111.77080075930678, -7.339596813981887 ], [ 111.770646569115357, -7.340021290638117 ], [ 111.770492380224681, -7.340446671764658 ], [ 111.770338191077627, -7.340872052860785 ], [ 111.770184001674195, -7.341297433926481 ], [ 111.7700298120143, -7.34172281496175 ], [ 111.76987562209797, -7.342148195966572 ], [ 111.769721431925163, -7.342573576940934 ], [ 111.769567239940514, -7.342998053384003 ], [ 111.769413049254879, -7.343423434297415 ], [ 111.76925885831271, -7.343848815180351 ], [ 111.769104667113979, -7.344274196032789 ], [ 111.768950475658627, -7.344699576854725 ], [ 111.768796283946642, -7.345124957646151 ], [ 111.768642090424009, -7.345549433906099 ], [ 111.768487898198913, -7.345974814636453 ], [ 111.768333705717126, -7.346400195336265 ], [ 111.76817951297862, -7.346825576005527 ], [ 111.768025319983352, -7.347250956644229 ], [ 111.767871126731308, -7.347676337252357 ], [ 111.767716933222459, -7.348101717829904 ], [ 111.767562737904314, -7.348526193875818 ], [ 111.767408543882013, -7.348951574392158 ], [ 111.767254349602851, -7.349376954877892 ], [ 111.767100155066757, -7.349802335333004 ], [ 111.766945960273759, -7.350227715757483 ], [ 111.7667917652238, -7.350653096151328 ], [ 111.766637568365709, -7.351077572013383 ], [ 111.766483372802, -7.3515029523459 ], [ 111.766329176981259, -7.35192833264775 ], [ 111.766174980903457, -7.352353712918921 ], [ 111.766020784568596, -7.352779093159407 ], [ 111.765866587976632, -7.353204473369192 ], [ 111.765712391127536, -7.353629853548272 ], [ 111.765558192471687, -7.354054329195383 ], [ 111.765403995108485, -7.354479709313003 ], [ 111.765249797488082, -7.354905089399884 ], [ 111.765095599610447, -7.355330469456018 ], [ 111.764941401475568, -7.355755849481397 ], [ 111.764787203083415, -7.356181229476007 ], [ 111.764633004433961, -7.356606609439842 ], [ 111.764478803979117, -7.357031084871536 ], [ 111.764324604815215, -7.357456464773776 ], [ 111.764170405393912, -7.357881844645209 ], [ 111.764016205715237, -7.358307224485825 ], [ 111.763862005779103, -7.35873260429562 ], [ 111.76370780558554, -7.359157984074579 ], [ 111.763553603587781, -7.359582459321226 ], [ 111.763399402879458, -7.360007839038469 ], [ 111.763245201913605, -7.360433218724851 ], [ 111.76309100069021, -7.360858598380359 ], [ 111.762936799209228, -7.361283978004983 ], [ 111.762782597470661, -7.361709357598712 ], [ 111.762628395474465, -7.362134737161542 ], [ 111.762474191675452, -7.362559212191896 ], [ 111.762319989164141, -7.362984591692873 ], [ 111.76216578639513, -7.36340997116292 ], [ 111.762011583368405, -7.363835350602019 ], [ 111.76185738008391, -7.364260730010172 ], [ 111.761703176541658, -7.364686109387362 ], [ 111.761548971197769, -7.365110584231926 ] ] ] } },
{ "type": "Feature", "properties": { "Line": 324, "begin": 3241180.5, "end": 3241948.5 }, "geometry": { "type": "MultiLineString", "coordinates": [ [ [ 111.809576095373373, -7.285794292352986 ], [ 111.809421957858461, -7.286219681866264 ], [ 111.809267818468399, -7.286644166856743 ], [ 111.809113680449187, -7.287069556313203 ], [ 111.808959542177675, -7.28749494574125 ], [ 111.808805403653849, -7.28792033514087 ], [ 111.808651264877668, -7.288345724512062 ], [ 111.808497125849115, -7.288771113854804 ], [ 111.808342984946563, -7.289195598674587 ], [ 111.808188845413412, -7.289620987960395 ], [ 111.808034705627819, -7.290046377217733 ], [ 111.807880565589755, -7.290471766446586 ], [ 111.807726425299194, -7.290897155646944 ], [ 111.807572284756105, -7.291322544818805 ], [ 111.807418143960476, -7.291747933962155 ], [ 111.807264001292154, -7.292172418582345 ], [ 111.807109859991584, -7.292597807668623 ], [ 111.806955718438388, -7.293023196726354 ], [ 111.806801576632537, -7.293448585755537 ], [ 111.806647434574032, -7.29387397475616 ], [ 111.806493292262829, -7.294299363728211 ], [ 111.80633914808007, -7.294723848176943 ], [ 111.806185005263615, -7.295149237091806 ], [ 111.806030862194376, -7.29557462597807 ], [ 111.805876718872355, -7.296000014835726 ], [ 111.805721669425296, -7.296425405280274 ], [ 111.805567525596715, -7.296850794080464 ], [ 111.805413381515265, -7.297276182852015 ], [ 111.805259235563597, -7.297700667100037 ], [ 111.805105090976554, -7.298126055814264 ], [ 111.804950946136572, -7.29855144449982 ], [ 111.804796801043608, -7.298976833156698 ], [ 111.804642655697663, -7.299402221784894 ], [ 111.804488510098679, -7.299827610384385 ], [ 111.804334362630627, -7.30025209446021 ], [ 111.804180216525751, -7.30067748300226 ], [ 111.804026070167794, -7.301102871515587 ], [ 111.803871923556699, -7.301528260000178 ], [ 111.80371777669248, -7.301953648456018 ], [ 111.803563629575081, -7.302379036883105 ], [ 111.803409482204486, -7.302804425281427 ], [ 111.803255332966145, -7.303228909155882 ], [ 111.803101185089318, -7.303654297496626 ], [ 111.80294703695921, -7.304079685808571 ], [ 111.802792888575809, -7.304505074091714 ], [ 111.802638739939084, -7.304930462346044 ], [ 111.802484591049037, -7.305355850571544 ], [ 111.802330440292351, -7.305780334273024 ], [ 111.802176290895744, -7.306205722440831 ], [ 111.802022141245715, -7.306631110579787 ], [ 111.801867991342249, -7.307056498689876 ], [ 111.801713841185318, -7.307481886771091 ], [ 111.80155969077488, -7.307907274823429 ], [ 111.801405540110935, -7.308332662846868 ], [ 111.801251387581701, -7.308757146346097 ], [ 111.801097236410854, -7.309182534311706 ], [ 111.800943084986415, -7.309607922248393 ], [ 111.800788933308354, -7.310033310156148 ], [ 111.800634781376658, -7.310458698034962 ], [ 111.800480629191298, -7.310884085884827 ], [ 111.800326476752247, -7.311309473705729 ], [ 111.800172322449228, -7.311733957002209 ], [ 111.800018169502934, -7.312159344765145 ], [ 111.799864016302848, -7.312584732499086 ], [ 111.799709862848985, -7.313010120204031 ], [ 111.799555709141302, -7.313435507879962 ], [ 111.799401555179784, -7.313860895526877 ], [ 111.799247399355451, -7.314285378649226 ], [ 111.799093244886393, -7.314710766238051 ], [ 111.798939090163401, -7.315136153797832 ], [ 111.798784935186475, -7.315561541328552 ], [ 111.798630779955587, -7.315986928830205 ], [ 111.798476624470695, -7.316412316302777 ], [ 111.798322468731797, -7.316837703746264 ], [ 111.79816831113142, -7.317262186664999 ], [ 111.798014154884626, -7.317687574050261 ], [ 111.797859998383728, -7.318112961406408 ], [ 111.797705841628741, -7.318538348733428 ], [ 111.797551684619592, -7.31896373603131 ], [ 111.797397527356281, -7.319389123300048 ], [ 111.797243368232628, -7.319813606043867 ], [ 111.797089210461124, -7.320238993254266 ], [ 111.796935052435387, -7.320664380435487 ], [ 111.796780894155376, -7.321089767587523 ], [ 111.796626735621061, -7.321515154710363 ], [ 111.796472576832443, -7.321940541804 ], [ 111.796318417789479, -7.32236592886842 ], [ 111.796164256887522, -7.32279041140774 ], [ 111.796010097336023, -7.323215798413685 ], [ 111.795855937530106, -7.323641185390388 ], [ 111.795701777469745, -7.324066572337833 ], [ 111.795547617154909, -7.324491959256017 ], [ 111.795393456585586, -7.324917346144928 ], [ 111.795239294158449, -7.325341828508558 ], [ 111.795085133080278, -7.325767215338876 ], [ 111.794930971747547, -7.32619260213989 ], [ 111.794776810160243, -7.32661798891159 ], [ 111.794622648318295, -7.32704337565397 ], [ 111.794468486221731, -7.327468762367022 ], [ 111.794314323870495, -7.327894149050727 ], [ 111.794160159662752, -7.328318631208986 ], [ 111.794005996802326, -7.32874401783396 ], [ 111.793851833687157, -7.329169404429567 ], [ 111.793697670317229, -7.329594790995791 ], [ 111.793543506692501, -7.330020177532627 ], [ 111.793389342812958, -7.330445564040061 ], [ 111.793235177078074, -7.330870046021886 ], [ 111.793081012689029, -7.331295432470476 ], [ 111.792926848045113, -7.331720818889636 ], [ 111.792772683146282, -7.332146205279352 ], [ 111.792618517992494, -7.332571591639625 ], [ 111.79246435258375, -7.332996977970437 ], [ 111.79231018692002, -7.333422364271779 ], [ 111.792156019402299, -7.333846846047329 ], [ 111.792001853228726, -7.334272232289686 ], [ 111.791847686800082, -7.334697618502547 ], [ 111.791693520116354, -7.335123004685904 ], [ 111.791539353177512, -7.335548390839739 ], [ 111.791385185983529, -7.335973776964051 ], [ 111.791231016936706, -7.336398258562406 ], [ 111.791076849232581, -7.336823644627615 ], [ 111.790922681273244, -7.337249030663269 ], [ 111.79076851305868, -7.337674416669356 ], [ 111.790614344588846, -7.338099802645866 ], [ 111.790459269903195, -7.338525190186799 ], [ 111.790305100921856, -7.338950576103909 ], [ 111.790150930089027, -7.339375057494864 ], [ 111.789996760597205, -7.339800443352737 ], [ 111.789842590849986, -7.340225829180987 ], [ 111.789688420847355, -7.340651214979602 ], [ 111.789534250589284, -7.341076600748572 ], [ 111.789380080075759, -7.34150198648789 ], [ 111.789225907711895, -7.341926467700907 ], [ 111.789071736687561, -7.342351853380871 ], [ 111.788917565407715, -7.342777239031151 ], [ 111.788763393872287, -7.343202624651737 ], [ 111.788609222081277, -7.343628010242619 ], [ 111.788455050034642, -7.34405339580379 ], [ 111.788300877732382, -7.34447878133524 ], [ 111.788146703581134, -7.344903262340206 ], [ 111.787992530767738, -7.345328647812161 ], [ 111.787838357698618, -7.345754033254369 ], [ 111.787684184373759, -7.346179418666813 ], [ 111.787530010793148, -7.346604804049487 ], [ 111.787375836956741, -7.347030189402379 ], [ 111.787221661272511, -7.347454670228629 ], [ 111.78706748692467, -7.347880055521915 ], [ 111.786913312320962, -7.348305440785391 ], [ 111.78675913746136, -7.348730826019043 ], [ 111.786604962345862, -7.349156211222871 ], [ 111.786450786974399, -7.349581596396855 ], [ 111.786296611346998, -7.350006981540992 ], [ 111.786142433873124, -7.350431462158305 ], [ 111.785988257733933, -7.350856847242695 ], [ 111.785834081338692, -7.351282232297208 ], [ 111.785679904687385, -7.351707617321835 ], [ 111.785525727779998, -7.35213300231656 ], [ 111.785371550616503, -7.352558387281382 ], [ 111.785217371607715, -7.3529828677192 ], [ 111.785063193932118, -7.353408252624157 ], [ 111.784909016000356, -7.353833637499181 ], [ 111.784754837812358, -7.354259022344253 ], [ 111.784600659368152, -7.354684407159368 ], [ 111.784446480667654, -7.355109791944521 ], [ 111.784292301710877, -7.355535176699694 ], [ 111.784138120910171, -7.355959656927705 ], [ 111.783983941440965, -7.356385041622881 ], [ 111.783829761715381, -7.356810426288051 ], [ 111.783675581733419, -7.357235810923209 ], [ 111.783521401495051, -7.357661195528342 ], [ 111.783367221000248, -7.358086580103435 ], [ 111.783213038662652, -7.358511060151211 ], [ 111.783058857655121, -7.35893644466619 ], [ 111.782904676391055, -7.359361829151108 ], [ 111.78275049487047, -7.359787213605955 ], [ 111.782596313093308, -7.360212598030712 ], [ 111.782442131059554, -7.36063798242538 ], [ 111.782287948769209, -7.361063366789944 ], [ 111.782133764637436, -7.361487846627001 ], [ 111.781979581834008, -7.361913230931313 ], [ 111.781825398773876, -7.362338615205491 ], [ 111.781671215457038, -7.362763999449531 ], [ 111.781517031883453, -7.363189383663416 ], [ 111.781362848053121, -7.36361476784714 ], [ 111.781208662382539, -7.364039247503201 ], [ 111.781054478038826, -7.364464631626556 ], [ 111.780900293438251, -7.364890015719722 ], [ 111.780746108580843, -7.365315399782685 ], [ 111.780591923466531, -7.365740783815436 ], [ 111.780437738095316, -7.36616616781797 ], [ 111.780283552467154, -7.366591551790276 ], [ 111.780129365000136, -7.367016031234714 ], [ 111.779975178858237, -7.367441415146515 ] ] ] } }
]
}
